day,date_2026,learn_id,learn_topic,learn_headline,learn_truth,learn_icon,grow_id,grow_topic,grow_headline,grow_truth,grow_icon
1,2026-01-01,9f8af9c5-66d6-40a0-a10c-b95a7940d25c,"Starting Fresh","Every January 1st, millions of people try to change—here is why fresh starts actually work","Fresh starts provide psychological permission to change—the calendar creates natural reset points.",🌅,942d7456-e44d-41f9-a439-b37008a2d036,"I'm an AI","Understanding Your Digital Learning Partner","AI learns from patterns, not experience",🏗️
2,2026-01-02,2eefc852-8bdb-4af5-b014-46ba920c6251,"The Three Lives of Water","The water in your glass was once a cloud, and before that, an ocean","Water never disappears—it just changes form and travels the world.",💧,33ec4d85-d392-4711-8aa7-ddd817f725ed,"What Makes You Human","The Gifts No AI Has","Humans have consciousness, feelings, embodiment",🏗️
3,2026-01-03,e06cc658-5da5-4ee1-8b45-0ef4a7c6fd27,"Where Clouds Come From","Clouds are just fog that found a way to fly","Clouds form when water vapor rises, cools, and clings to tiny particles in the sky.",☁️,9a46bad1-bbe2-42e6-aca2-4ebf90c0635e,"Types of Intelligence","Many Ways to Be Smart","There are many ways to be smart",🏗️
4,2026-01-04,6c31586c-6758-4518-9d84-ac94ab1867fe,"How Light Travels","Light travels so fast it could circle Earth seven times in one second","Light is the fastest thing in the universe—nothing else even comes close.",💡,7c697b53-cd30-4692-8177-bd37ad0b3682,"How AI Learns","Patterns in the Data","AI finds patterns in vast amounts of data",🏗️
5,2026-01-05,256d57d9-3224-420b-8871-009ddd941c4f,"How Sound Moves","Sound cannot travel through space because there is nothing to vibrate","Sound is vibration—it needs matter to push through, which is why space is silent.",🔊,68ee813e-736b-4500-8fd5-45b433cd5b9a,"How Humans Learn","Experience and Connection","Humans learn through experience and connection",🏗️
6,2026-01-06,17a45e26-64e5-43ba-b774-bf3d71a5f219,"What's Inside a Seed","A seed smaller than your fingernail contains instructions for a 300-foot tree","Every seed carries a complete blueprint for life, just waiting for the right moment.",🌱,edc6c02c-bd40-4a9e-b580-5b190f5fc579,"The AI Around You","Already Part of Daily Life","AI is already part of daily life",🏗️
7,2026-01-07,15789f32-2160-479a-b454-826b6813ff8b,"What Stars Are Made Of","Stars are giant nuclear explosions that have been burning for billions of years","Stars are balls of gas so hot they fuse atoms together, releasing light and heat.",✨,b1d80ef0-3793-44e5-b3a8-dbba3c72252a,"Human + AI","The Power of Collaboration","The best results come from collaboration",🏗️
8,2026-01-08,97fc40c0-3d13-42e8-8177-c57f5a1f3d57,"What Makes a Real Friend","The difference between 1,000 followers and one real friend","True friendship is someone who knows your flaws and chooses to stay anyway.",🤝,ba01598b-9071-4eb3-b57f-b9e2879e007b,"What AI Can Do","Speed, Scale, and Pattern Recognition","AI excels at pattern recognition and speed",🏗️
9,2026-01-09,76ad066b-4ad0-4172-8792-b61ef68345a3,"How Kindness Spreads","One act of kindness triggers an average of three more—it spreads like a virus","Kindness is contagious—when you help someone, they become more likely to help others.",💖,f2a8e863-9e4b-44c3-96e6-6eb3a066f180,"What AI Can't Do","The Limits of Artificial Intelligence","AI lacks consciousness, creativity, and common sense",🏗️
10,2026-01-10,5f2ee3db-b265-4d70-a29a-554429676e3e,"The Art of Really Listening","Most people listen to respond, not to understand—that is the difference","Real listening means focusing entirely on the speaker, not planning what you will say next.",👂,aab7440e-ef5d-4747-8c6b-ebd28f83a41d,"Your Unique Gifts","Capabilities No AI Has","Every human has capabilities no AI has",🏗️
11,2026-01-11,ddbc662b-87f6-47e8-8ffd-2f2daf09ad30,"Why Patience Pays Off","The marshmallow test showed that kids who wait end up more successful decades later","Patience is the ability to delay gratification for a better outcome.",⏳,dc1115e1-6743-493c-853b-c25bf7714666,"Mistakes AI Makes","Confidently Wrong","AI can be confidently wrong",🏗️
12,2026-01-12,b3493d83-75b5-4175-9ab3-3734a20557b2,"How Gratitude Changes You","Grateful people sleep better, get sick less, and report higher life satisfaction","Gratitude physically changes your brain, making you happier over time.",🙏,6ae50ee1-cf41-4c78-9e04-9a6ba24693d5,"Mistakes Humans Make","Our Biases Too","Humans have biases too",🏗️
13,2026-01-13,24b0ff79-fef9-4781-bd65-342c1793a800,"What Courage Really Means","Courage is not fearlessness—it is being afraid and doing it anyway","Courage is action in the presence of fear, not the absence of it.",🦁,349b2444-ccaa-4ee9-ad44-e72b1638bbaf,"The Training Process","How AI Learns From Data","AI learns from the data it's given",🏗️
14,2026-01-14,ea0fb303-1ced-4415-af4c-ad9defeadd2f,"Why Curious People Learn More","Curious people remember 30% more than people who are just told to memorize","Curiosity turns your brain into a sponge—questions open doors that commands cannot.",🔍,3095719b-2e02-4f2f-9e4f-b0eef8e31d1a,"Your Training Process","Learning From Chosen Experiences","You learn from experiences you choose",🏗️
15,2026-01-15,a6dffeea-0310-4502-a30e-e0afe4da3830,"How Your Body Stays Balanced","Your body maintains a temperature of 98.6°F whether it is freezing or boiling outside","Homeostasis is your body constantly adjusting to keep everything in balance.",🧘,538d9295-966a-45a8-b090-095d873450db,"AI Memory vs Human Memory","Different Systems, Different Purposes","Different storage, different purposes",🏗️
16,2026-01-16,a4cea69d-1740-420f-8cbb-886321c2dc7c,"Why Breathing Matters","You will breathe 20,000 times today without thinking about it once","Breathing is the only body function you can control consciously or let happen automatically.",🌬️,5b7897d0-439d-45b9-81c2-9d8c8197c19c,"Why AI Sounds Smart","Language Patterns vs True Understanding","Language patterns vs true understanding",🏗️
17,2026-01-17,f1702ef6-c322-4fd9-b49f-1991bace4b99,"Why Bodies Need to Move","Your body was built to move 10 miles a day—most of us barely move one","Human bodies are designed for constant motion, not sitting in chairs.",🏃‍♀️,2dfdd02e-cc65-4379-b315-f6135d4f1e08,"What Understanding Means","Beyond Pattern Matching","The difference between knowing and understanding",🏗️
18,2026-01-18,8d11f561-f46f-49ce-9465-ae5084f50186,"What Happens When You Rest","While you sleep, your brain is busier than when you are awake","Rest is when your body repairs itself and your brain sorts through the day.",😴,72951941-2998-469c-b932-3f0a59b693ff,"The Limits of Text","What Words Cannot Capture","What can't be captured in words",🏗️
19,2026-01-19,15eb09e1-61c9-42f7-a252-d63825b52996,"How Energy Changes Form","Energy cannot be created or destroyed—it just changes costumes","Energy transforms from one form to another but the total amount never changes.",💡,227fd83f-abd2-4883-b05c-d09ddc84418c,"Experience vs Information","Why Doing Beats Reading","Why doing beats reading",🏗️
20,2026-01-20,a6f552af-7711-4532-9b90-4995d86ef7b3,"Your Five Senses (And More)","You have at least nine senses, not five—balance and body position count too","Senses are how your brain gathers information about the world around you.",👃,83eb3bfa-33e2-4349-8bf3-b78f0b5b08f5,"Building Your Foundation","The Knowledge That Supports All Learning","The knowledge that supports all learning",🏗️
21,2026-01-21,776cdf22-ae39-4516-b7b4-8fe90f7c695c,"What Makes Things Grow","Everything that grows has one thing in common—it is a little uncomfortable","Growth only happens at the edge of what you already know how to do.",🌱,1b6f7538-3fb7-41cd-9936-498e19242e15,"Learning to Learn","Meta-Cognition as Superpower","Meta-cognition as a superpower",🏗️
22,2026-01-22,5645a958-29bd-4da2-b6da-6600768ee93a,"Why We See Colors","Colors do not exist in the world—only in your brain interpreting light waves","Color is perception—what you see depends on how your brain processes light.",🌈,1f9dc7cb-30d1-4088-8b83-1d3e3c914c0b,"Your Learning Style","Myth vs Reality","How you learn best (myth vs reality)",🏗️
23,2026-01-23,1e3226e6-0b41-423b-a539-ccdd4d493a58,"Patterns Are Everywhere","Your brain is a pattern-recognition machine—it finds them even when they are not there","Patterns are repeated elements that help us predict and understand the world.",🌀,ef6d3ac2-c8f8-4218-abfa-c4d3e48cc026,"The Growth Mindset","Intelligence Can Be Developed","Intelligence can be developed",🏗️
24,2026-01-24,35869b3e-8fe6-4415-ad6c-0bfc05517df8,"Why Humans Tell Stories","Humans have been telling stories for 100,000 years—your brain is wired to listen","Stories are how humans pass wisdom from one generation to the next.",📖,f8f9cd39-d845-414a-a5c4-be0f7af6a2e8,"Curiosity as Fuel","The Drive That Powers All Learning","The drive that powers all learning",🏗️
25,2026-01-25,5a803e15-306b-4133-96bc-6c1132dc4002,"Why Music Moves Us","Music activates more parts of your brain simultaneously than any other activity","Music triggers emotion, memory, and movement all at once.",🎵,83a95dd6-ad9c-4bf6-9952-44752d69625f,"Questions Over Answers","The Value of Inquiry","Good questions are more valuable than quick answers",🏗️
26,2026-01-26,7c2ea877-b06a-4625-8498-78b13cfa9c0f,"The Power of Good Questions","The quality of your life depends on the quality of your questions","Good questions open doors that statements cannot.",❓,cf9eab13-38fd-46bc-9b0c-7553e812ed66,"The Humble Learner","Knowing What You Don't Know","Knowing what you don't know",🏗️
27,2026-01-27,42d0790e-5f6e-4ff5-85a7-8b999176029f,"How Imagination Works","Einstein said imagination is more important than knowledge—he meant it","Imagination lets you explore possibilities that do not exist yet.",💡,0cedcf0f-b37d-4557-8a71-e2820d66faac,"Learning Communities","We Learn Better Together","We learn better together",🏗️
28,2026-01-28,148b7141-e19b-4501-b036-77391dc33033,"How Memories Are Made","You do not remember events—you remember the last time you remembered them","Memories are reconstructed each time you recall them, not played back like videos.",🧠,1df438e0-e162-4fee-b6f4-eb70491a1625,"Teachers in Your Life","Who Guides Your Learning?","Who are your teachers?",🏗️
29,2026-01-29,1e7b0594-a7fa-4561-a16c-de87a9841785,"Why Time Feels Different","Time moves faster when you are having fun because your brain stops paying attention to it","Time perception is subjective—the same hour can feel like minutes or days.",⏳,f005e989-c09e-4f82-8866-fea9b231a9c6,"You as Teacher","Teaching Deepens Understanding","Teaching others deepens your own learning",🏗️
30,2026-01-30,2c5f46b3-22b1-4748-8ced-785839ac0f8e,"Why Everything Changes","The only constant in the universe is change—everything else is temporary","Change is inevitable—resisting it causes suffering, accepting it enables growth.",🔄,cb2d86de-e56b-4d3b-bf03-e6b3182b8c8a,"Month in Review","Foundations Established","What we learned about foundations",🏗️
31,2026-01-31,1859af7f-c599-464f-96e8-b1a9f1eaef84,"How the Sun Powers Earth","The sun converts 4 million tons of itself into energy every second","The sun powers almost all life on Earth through nuclear fusion.",☀️,9ec0389a-4e4e-4c8c-9869-09933b82e6e3,"Setting Intentions","What Will You Learn This Year?","What do you want to learn this year?",🏗️
32,2026-02-01,375650fb-61e6-4d4f-9ce8-ce784d8a0579,"The Moon and the Tides","The moon pulls Earth's oceans toward it, creating tides twice daily","Tides are caused by the moon's gravity tugging on Earth's water.",🌕,5bfa346b-1c83-4536-b470-1a1b4cea46d3,"The Power of Questions","Unlocking Understanding","Questions unlock understanding",❓
33,2026-02-02,dd2d6790-0a70-48bc-b3a2-4c6cb8743fa2,"What Gravity Actually Does","Gravity is why you stay on the ground and why planets stay in orbit","Gravity is the attraction between all objects with mass.",🍎,819060cb-d604-403c-9809-3818582ea4bf,"Types of Questions","Open vs Closed, Deep vs Shallow","Open vs closed, deep vs shallow",❓
34,2026-02-03,a80f32a0-3715-4467-8286-e5b6b7ad5a87,"How Magnets Work","Magnets are made of atoms that all spin the same direction","Work trades time and effort for resources—the foundation of economic participation.",🧲,4da3a095-d433-4c8f-96de-de151ad37937,"Asking AI","How to Get Useful Answers","How to get useful answers from AI",❓
35,2026-02-04,dc9894be-361e-4321-ba15-42d0ffe2268c,"How Electricity Flows","Electricity is just electrons being pushed through wires like water through pipes","Electric current is the flow of charged particles through a conductor, like water through a pipe.",💡,78f66cc2-85f2-4596-bc3a-575f17a6981e,"Asking Experts","Learning from People Who Know More","How to learn from people who know more",❓
36,2026-02-05,c4c3e4a8-8c8e-4853-bc20-a70137d58a6e,"What Fire Really Is","Fire is not a thing—it is a process of rapid oxidation releasing heat and light","Fire is a chemical reaction that needs fuel, heat, and oxygen to exist.",🔥,aaa1ba9a-525c-490e-a3f9-13c5d8463115,"Asking Yourself","The Art of Self-Reflection","Self-reflection questions",❓
37,2026-02-06,c36ba4fa-193e-4114-9e41-db77ce91c7c8,"Why Ice Floats","Ice floats because water expands when it freezes—almost nothing else does this","Water is one of the only substances that becomes less dense when it solidifies—that is why ice floats.",🧊,d4d06917-4b81-429d-88a9-8ca3ef18867e,"The Socratic Method","Questions That Lead to Discovery","Questions that lead to discovery",❓
38,2026-02-07,9484fe33-9901-4749-81e2-7d4e499bfd2f,"What Makes Wind Blow","Wind is just air moving from high pressure to low pressure areas","Wind is caused by uneven heating of Earth's surface creating pressure differences.",🌬️,4d9dca27-c45b-4c94-97ba-e08ba276770f,"Why Questions","Understanding Purpose and Motivation","Understanding purpose and motivation",❓
39,2026-02-08,f39e2888-37b6-4720-bb96-3171fdb85364,"Where Rain Comes From","Every drop of rain was once part of an ocean, a cloud, or inside a living thing","Rain is water that evaporated, rose, cooled, and fell back to Earth.",🌧️,8a0df7bd-1ce2-4aa0-8694-4d3463862340,"How Questions","Understanding Process and Method","Understanding process and method",❓
40,2026-02-09,b8aa09da-e910-43c1-b975-1fd53b4885a2,"What Causes Thunder","Thunder is the sound of air exploding after lightning superheats it to 30,000°F","Thunder is caused by the rapid expansion of air heated by lightning.",⚡,31b7d504-74eb-4fce-9b07-50e57b0005af,"What If Questions","Imagination and Possibility","Imagination and possibility",❓
41,2026-02-10,ebc2a540-c1e1-4f11-8594-93db886ace73,"How Rainbows Form","Rainbows only exist from your perspective—someone else sees a different one","Rainbows form when sunlight refracts through water droplets at a specific angle.",🌈,84dd98d9-df5d-44a5-8960-b3bdb013a19f,"Follow-Up Questions","Going Deeper","Going deeper",❓
42,2026-02-11,093f26f9-48de-4eb2-b5bd-5aaf978d1e27,"Why Seasons Change","Seasons exist because Earth is tilted 23.5 degrees on its axis","Seasons change because different parts of Earth receive more direct sunlight as it orbits.",🌎,27db1123-c472-4502-ab8b-63bbe3b04c2b,"Clarifying Questions","Making Sure You Understand","Making sure you understand",❓
43,2026-02-12,a011ff16-c3d9-45e1-b922-cf55b7e9fe7a,"Why We Have Day and Night","Day and night happen because Earth spins once every 24 hours","Earth's rotation creates the cycle of day and night we experience.",🌎,ead993e7-b20f-48f2-8bbf-d3ef94dbb1ca,"Challenging Questions","Questioning Assumptions","Questioning assumptions",❓
44,2026-02-13,031a7d9d-155e-400a-8f3f-5c4003b55337,"How Shadows Work","Shadows prove light travels in straight lines—it cannot bend around objects","Shadows form when objects block light, creating dark areas behind them.",🔦,1610ac85-2b30-49ef-8f80-e5e41885cdd7,"Context Matters","Same Question, Different Answers","Same question, different answers",❓
45,2026-02-14,ea51fed5-2b81-41e4-af79-01c8ce5a17db,"Why Mirrors Reflect","Mirrors do not flip your image left to right—they flip it front to back","Mirrors reflect light at the same angle it arrives, creating a reversed image.",🪞,f52251cc-ff3e-41d1-b15d-0e8535faefce,"Specificity Helps","Vague Questions, Vague Answers","Vague questions, vague answers",❓
46,2026-02-15,af330915-c4dc-479a-ad90-513819d1dc76,"How Sound Bounces Back","You hear echoes because sound bounces off surfaces like a ball off a wall","Echoes are sound waves that reflect back to your ears after hitting a surface.",🗣️,15c53901-47db-4d8b-abf2-c0226727260f,"Breaking Down Big Questions","Complex Problems into Simple Parts","Complex problems into simple parts",❓
47,2026-02-16,2f505fc7-965f-46c2-a316-430f43e1ff5b,"How Waves Carry Energy","Waves carry energy without carrying matter—the water stays put, the energy moves","Waves transfer energy through a medium without moving the medium itself.",🌊,a05df962-20b2-4618-9ebd-26cb8c3f7093,"Building Up from Answers","Answers That Lead to More Questions","Answers that lead to more questions",❓
48,2026-02-17,55185bba-a669-4bf4-a3cf-b10d6ccd7375,"The Science of Bubbles","Bubbles are spheres because that shape uses the least energy to contain air","Bubbles form spheres because surface tension pulls the soap film into the smallest possible shape.",🫧,dad2cc23-6c75-409e-8de9-8efd097d0ac2,"Questions That Connect","Finding Relationships","Finding relationships",❓
49,2026-02-18,b26f6966-ddcb-4b8e-bbdf-704e9eaf04d2,"How Crystals Form","Crystals form when atoms stack themselves into perfect repeating patterns","Crystals grow when molecules arrange themselves in orderly geometric structures.",💎,d96dc79a-9065-474c-b905-c5b89f3b108d,"Questions That Divide","Distinguishing Differences","Distinguishing differences",❓
50,2026-02-19,c56049ed-4408-451f-b99c-db767d12e84f,"Stories Trapped in Stone","Fossils are time capsules—dead things preserved for millions of years","Fossils form when organisms are buried and slowly replaced by minerals.",🦖,7ef485fc-f687-4e13-86ee-171f8a495e38,"Honest Questions","When You Genuinely Don't Know","Asking when you genuinely don't know",❓
51,2026-02-20,e22d1b07-95db-4204-a950-3289e53d4c68,"When Dinosaurs Ruled","Dinosaurs ruled Earth for 165 million years—humans have existed for less than 1","Dinosaurs dominated the planet longer than any other land animals in history.",🦖,908d2c6b-e3c6-42c8-8df4-96dcdc1d24e0,"Pretend Questions","Showing Off vs Learning","Asking to show off vs to learn",❓
52,2026-02-21,1c4daa27-4e61-4eeb-b1c9-b9cbdd991e69,"What's Inside a Volcano","Volcanoes are vents where molten rock from deep inside Earth escapes to the surface","Volcanoes release pressure from Earth's hot interior through eruptions.",🌋,7dab02b3-50ac-4cd1-b868-3df28da02e0e,"Brave Questions","When You're Afraid to Ask","Asking when you're afraid to",❓
53,2026-02-22,2aa7d2b6-dada-4088-b1e6-d2cc61564993,"Why the Ground Shakes","Earthquakes happen when tectonic plates slip past each other after building up pressure","Earthquakes release energy stored in Earth's crust when rocks suddenly shift.",🌍,8b0e284a-33bc-4ee7-a142-4c5ed7223878,"Silly Questions","There Are No Dumb Questions","There are no dumb questions",❓
54,2026-02-23,dd5ae72d-396a-4502-b3fa-7a7143bef508,"How Mountains Are Made","Mountains are made when tectonic plates collide and crumple upward over millions of years","Mountain ranges form from the slow collision of Earth's crustal plates over millions of years.",⛰️,42c51d4d-fcd2-4a5f-8e35-dfe262b4786e,"Big Questions","Questions That Change Everything","The questions that change everything",❓
55,2026-02-24,c74661bd-af5b-4c02-92d5-557d9a3a3a7d,"The Deep Ocean Mystery","More people have walked on the moon than have reached the deepest point in the ocean","The deep ocean is Earth's final frontier—darker, colder, and more mysterious than outer space.",🌊,e9320fc6-5f24-42c4-8301-96e0e2b486f7,"Little Questions","The Details That Matter","The details that matter",❓
56,2026-02-25,66634dbc-9bb5-4337-9c31-1d3a342f4cda,"How Rivers Shape the Land","Rivers carve canyons by carrying tiny particles that scrape rock away over millennia","Rivers shape landscapes by eroding and depositing sediment over time.",🏞️,28512927-7f01-467b-a59c-793b87188495,"Unanswerable Questions","Sitting with Uncertainty","Learning to sit with uncertainty",❓
57,2026-02-26,c827784d-a541-4a61-ae87-a36259be4dd5,"Where Lakes Come From","Every lake you have ever swam in started as rain that had nowhere else to go","Lakes form when water collects in low places faster than it can drain away.",🌵,0895edb4-9f9a-4e07-9570-45ee300f0218,"Questions for AI","Best Practices for AI Prompting","Best practices for AI prompting",❓
58,2026-02-27,eed5c6e3-d921-424b-8679-1fb5c2690762,"Life in the Desert","The desert is not empty—it is just very selective about who survives","Desert creatures have evolved incredible tricks to find water where none seems to exist.",🌲,f84263c3-859b-46f4-978f-d26b420f8131,"Questions AI Can't Answer","Knowing AI's Limits","Knowing AI's limits",❓
59,2026-02-28,fb8ddb57-d85c-4e45-9d26-5f3178f6254c,"The Secret Life of Forests","Trees in a forest share food with each other through an underground internet of fungi","Forests are not collections of separate trees—they are connected communities that help each other.",🐠,fb40a434-9795-4cd0-afe3-cd4483678eeb,"Month in Review","The Art of Questioning","The art of questioning",❓
60,2026-03-01,836e44f4-c33e-4dec-aaf4-cbf3742ac6b2,"Why Jungles Are So Alive","One acre of jungle contains more species than all of Europe combined","Jungles pack more life into less space than anywhere else on Earth.",⛏️,9785bda8-dea6-4987-869c-cf3501886447,"Why Verify?","Trust But Verify","Trust but verify",✅
61,2026-03-02,68ecb375-0938-497e-b492-e2ee6bc8c122,"The Power of Grass","Grass covers more of Earth than any other plant and feeds most of the animals you know","Grass is the foundation of most ecosystems—without it, there would be no cows, horses, or wheat.",🦋,57c97762-d8c7-4634-b05e-488ed60b1f9f,"Sources and Evidence","Where Information Comes From","Where information comes from",✅
62,2026-03-03,32bfde81-1494-4f79-bdcd-8b98b5806eb4,"Why Wetlands Matter","Wetlands filter water better than any machine humans have ever invented","Wetlands are nature's kidneys—they clean water and protect coastlines from storms.",🐦,03ad984a-8ef0-4cf8-8c05-27ddd8eb6a00,"Primary vs Secondary","Getting Closer to the Truth","Getting closer to the truth",✅
63,2026-03-04,969472b0-6228-40b1-990b-2f868ce894dc,"Cities Under the Sea","Coral reefs cover less than 1% of the ocean but support 25% of all marine life","Coral reefs are underwater cities built by tiny animals over thousands of years.",🐠,1299d199-37f4-4dc2-b629-79cef124328b,"The Two-Source Rule","Cross-Referencing Everything","Cross-referencing everything",✅
64,2026-03-05,8d47d3da-5569-44e9-acb9-d9096a74c0d0,"Worlds Without Light","Miles below the ocean surface, creatures make their own light to survive","The deep ocean is pitch black, yet life thrives there in ways we are still discovering.",🦁,c60b67ca-0293-4271-8677-a2c21624fd85,"When AI Is Wrong","AI Can Hallucinate Confidently","AI can hallucinate confidently",✅
65,2026-03-06,fd82df99-7ed9-457b-84ea-cd4770887aca,"How Islands Are Born","Hawaii did not exist 5 million years ago—it was built by volcanoes from the ocean floor","Islands are born when underwater volcanoes grow tall enough to break the surface.",🦎,de5f1216-3dd7-46e9-be2c-d38ea397186f,"When Experts Are Wrong","Everyone Makes Mistakes","Everyone makes mistakes",✅
66,2026-03-07,debbd66c-3c06-48b9-8e89-5c33d0ab7228,"What's Living in the Dirt","One handful of soil contains more living organisms than there are people on Earth","Soil is not just dirt—it is a living ecosystem full of creatures too small to see.",🐸,a4a37634-6c70-4654-94e6-f4a1b3dd1d08,"When You're Wrong","Catching Your Own Errors","Catching your own errors",✅
67,2026-03-08,0210e779-f1ae-4ae4-bc63-e6e6ae19c632,"The Stories Rocks Tell","Every rock is a diary entry from Earth—if you know how to read it","Rocks record history—if you know how to read them, they tell you what the world used to look like.",🌿,c0f63c64-c104-43a6-9792-a855d0e1d4b7,"Confirmation Bias","Finding What You Want to Find","Finding what you want to find",✅
68,2026-03-09,6388cd0c-35bf-4822-8876-d69550d487c4,"Earth's Hidden Treasures","The phone in your pocket contains materials from dozens of different mines worldwide","Earth hides valuable minerals underground that make modern technology possible.",🌳,44da5d92-f4e5-424c-af82-7ca4de94871b,"Checking Your Bias","Awareness of Your Own Filters","Awareness of your own filters",✅
69,2026-03-10,670417ba-fcf0-4337-9143-3c30c5166c52,"How Gems Are Made","A diamond is just carbon that spent millions of years under extreme pressure","Gems are ordinary elements transformed by heat, pressure, and time into something rare.",🌸,47d833be-1254-403d-9be3-f61d5ecf1307,"The Chain of Evidence","Tracing Claims to Origins","Tracing claims to origins",✅
70,2026-03-11,29fe3017-ee2b-4373-bb9b-c5e1fc7fc423,"Where Metals Come From","The iron in your blood was forged inside a star that exploded billions of years ago","Most metals on Earth were created in dying stars and arrived here on asteroids.",🍄,b12c2786-4c5a-4b31-ba35-c91d6b85725b,"Red Flags","Warning Signs of Bad Information","Warning signs of bad information",✅
71,2026-03-12,c3a6ed92-6e7c-4a97-bb41-f49a28ad6a88,"What's In the Air You Breathe","The air you breathe is mostly nitrogen—only 21% is the oxygen keeping you alive","Air is a mixture of gases, and we only use a small fraction of what we breathe in.",🦠,07a841b6-6191-41f6-a23b-450e2292ac73,"Reliable Sources","Characteristics of Trustworthy Information","Characteristics of trustworthy information",✅
72,2026-03-13,eef5273a-297f-47bb-b2b5-82347dd51110,"Why We Need Oxygen","Your brain uses 20% of all the oxygen you breathe, even though it is only 2% of your body","Every cell in your body needs oxygen to turn food into energy.",🧬,acb6a93d-c7d4-4892-9b81-433c3bdde2fc,"Evaluating Websites","Is This Source Credible?","Is this source credible?",✅
73,2026-03-14,8e36a1a3-6447-4700-9c36-53fd495df65f,"Carbon Is Everywhere","You are 18% carbon—the same element in diamonds, pencils, and coal","Carbon is the backbone of every living thing because it can form more compounds than any other element.",🧠,75a64e61-c02d-4882-9464-519cdff2d2af,"Evaluating People","Is This Person Credible?","Is this person credible?",✅
74,2026-03-15,3ed88135-a457-4071-8ba8-e1e23279d932,"The Gas You Don't Notice","Nitrogen makes up 78% of every breath you take—but your body completely ignores it","Nitrogen is everywhere but rarely reacts—plants need bacteria to convert it into usable form.",🫀,518f5e24-0cd8-4ad4-8c14-b26503a0a30a,"Evaluating AI","Is This AI Output Accurate?","Is this AI output accurate?",✅
75,2026-03-16,9fb632f4-5431-4ceb-a1bf-64fb9e2af886,"The Simplest Element","Hydrogen is the simplest atom—one proton, one electron—and it powers the sun","Hydrogen is the most abundant element in the universe and the fuel that makes stars shine.",🦴,e7d6d7c0-0cbb-4bf1-bf7c-ffb4bb889a97,"Fact vs Opinion","Distinguishing Objective and Subjective","Distinguishing objective and subjective",✅
76,2026-03-17,da97f2b7-dc05-4164-bb1d-74787318793c,"Building Blocks of Everything","Everything you can touch is made of atoms so small that billions fit on a pinhead","Atoms are the building blocks of all matter—you, your house, and the stars are all made of them.",💪,3fcf2345-04e2-4d7e-adee-9ee02911676e,"Data vs Anecdote","Numbers vs Stories","Numbers vs stories",✅
77,2026-03-18,121facb1-70c3-4c51-a9c7-a700c61442b8,"When Atoms Connect","Water exists because hydrogen and oxygen atoms decided to share electrons","Atoms bond together by sharing or transferring electrons, creating all the molecules we know.",🩸,358425bb-3333-496f-bb1e-b7c744a63526,"Correlation vs Causation","Connected Doesn't Mean Caused","Connected doesn't mean caused",✅
78,2026-03-19,b6a48945-4e91-444d-af36-df29b4974fbd,"The Tiny Units of Life","You are made of 37 trillion cells, each one performing millions of chemical reactions right now","Cells are the smallest units of life—everything alive is made of one or more of them.",🧤,bcfc8cfa-4eae-497c-bee1-7d2e7523d271,"Sample Size","Why Small Samples Mislead","Why small samples mislead",✅
79,2026-03-20,6f401adb-3def-414a-84b1-e794b3f6c48b,"Your Body's Instruction Manual","Your DNA contains 3 billion letters of instructions written in a 4-letter alphabet","DNA is the instruction manual that tells your cells how to build and maintain you.",👁️,c8d6de71-3c15-4c4f-8e52-f28391b81d6c,"Recency Bias","New Isn't Always Right","New isn't always right",✅
80,2026-03-21,92d36bfb-ff47-427c-9918-17ec66fb9594,"What Blood Does All Day","Your blood travels 12,000 miles a day delivering oxygen and picking up waste","Blood is a delivery system that brings nutrients to cells and carries away what they do not need.",👂,26476c5b-61b4-48f6-892c-d244261b64d5,"Historical Accuracy","Checking Old Claims","Checking old claims",✅
81,2026-03-22,9c3ba3dc-7c1c-4e9e-a8c6-e699e18ee9bb,"How Taste Works","Your tongue has about 10,000 taste buds that only recognize five basic flavors","Taste evolved to help us find nutrition and avoid poison—sweet means energy, bitter means danger.",👅,b7fffe48-6b1d-40a6-8515-941aea9e7e84,"Scientific Consensus","When Experts Agree","When experts agree",✅
82,2026-03-23,cfccf5f4-69dd-4446-8989-7c8a9c4c73c3,"Why Smell Triggers Memory","A smell can bring back a memory more vividly than a photograph ever could","Smell connects directly to the brain's memory center, which is why scents trigger instant flashbacks.",👃,fa2de755-af1d-4165-b947-d235c6b24b7a,"Updating Beliefs","Changing Your Mind with New Evidence","Changing your mind with new evidence",✅
83,2026-03-24,91f7f2de-00d5-422f-93d6-fd2bbaaf51cf,"How Skin Feels Things","Your fingertips can detect a bump one-thousandth of an inch high","Skin is packed with sensors that tell your brain about pressure, temperature, and pain.",🖐️,9cdab299-9c72-4206-aedb-fdc54298ad0c,"Intellectual Humility","Being Wrong Well","Being wrong well",✅
84,2026-03-25,11881e57-9755-4bf1-9f63-529f2f05b8dd,"How Your Eyes See","Your eyes send 10 million bits of information to your brain every second","Eyes do not see—they collect light and send signals that your brain turns into images.",😊,9904676f-7a0e-49e2-b0e6-e630a46f624c,"Healthy Skepticism","Questioning Without Cynicism","Questioning without cynicism",✅
85,2026-03-26,cf7e5ebd-4f8d-43bd-9fc2-70d7b9dea2f9,"How Your Ears Work","The tiniest bones in your body are in your ear, and they vibrate to let you hear","Ears convert invisible waves in the air into electrical signals your brain understands as sound.",😊,20e8f457-a812-465f-a8b0-913a4fbc4857,"Verification Tools","How to Check Facts","How to check facts",✅
86,2026-03-27,6022b0d2-43b9-48ef-bb79-82967b8c90e0,"Your Heart Never Stops","Your heart will beat about 2.5 billion times in your lifetime without ever taking a break","The heart is a muscle that pumps blood nonstop from before you are born until you die.",😢,95cd4614-5c3a-480c-b27d-b357fad4cf70,"When to Verify","What Matters Enough to Check","What matters enough to check",✅
87,2026-03-28,4cb9bf94-fa11-4704-be7c-64d6e4606846,"What Your Brain Does","Your brain generates enough electricity to power a small light bulb","The brain controls everything you do, think, and feel using 86 billion nerve cells.",😨,5353e3dd-6f92-42ad-b95a-ba2a78d1b48e,"Teaching Verification","Helping Others Think Critically","Helping others think critically",✅
88,2026-03-29,e94e7464-4932-4587-b167-7bebbf0590aa,"How Lungs Breathe for You","You breathe automatically but can also hold your breath—lungs are under dual control","Lungs pull oxygen into your blood and push carbon dioxide out, 20,000 times a day.",😡,ebb4ee7a-f712-463a-88b1-ff4439f96fa5,"Verification in Daily Life","Applying Skills Everywhere","Applying skills everywhere",✅
89,2026-03-30,1915e717-c551-45ac-91a2-beed23859f0c,"Your Body's Framework","Your skeleton is not dead—it is living tissue that rebuilds itself every 10 years","Work trades time and effort for resources—the foundation of economic participation.",🎁,4467ef6f-0119-4aec-91f3-d895a8f44aeb,"Month in Review","The Practice of Verification","The practice of verification",✅
90,2026-03-31,1efccb4e-22a0-406b-b25a-76dd0770cdc5,"What Love Does to Us","Love is not just a feeling—it changes your brain chemistry and your immune system","Love triggers real physical changes: hormones flood your body and rewire your brain.",❤️,ec8d1f8f-c675-4f6f-8601-65b7716127fc,"Verification Challenge","Test Your Skills","Test your skills",✅
91,2026-04-01,a58a2577-ae49-41bf-b397-279bf151487e,"What Makes a Family","Every family looks different—what matters is who shows up for you","Family is defined by commitment and care, not just by blood.",🫂,a0c601f0-f878-49ea-ac0e-3b98d70fe629,"How Memory Works","Encoding, Storage, Retrieval","Encoding, storage, retrieval",🧠
92,2026-04-02,dd7a8d54-2636-4670-8f75-571dcc4960a5,"How We Understand Each Other","Words carry only 7% of communication—your face and tone carry the rest","Understanding others requires reading more than just words.",🗣️,36c3ef6b-33ac-4418-95be-a9d6cf532e4d,"Why We Forget","Forgetting Is Natural and Useful","Forgetting is natural and useful",🧠
93,2026-04-03,f9e4fdf0-e971-4cdb-8820-7b933e37959d,"Why Humans Have Language","You learned more words between ages 2 and 5 than you will in any other period of life","Language is humanity's greatest invention—it lets us share thoughts across time and space.",🗣️,5385f3c6-cbef-4514-a97b-bea7ad3ccac5,"Spaced Repetition","The Timing of Review","The timing of review",🧠
94,2026-04-04,223e281a-4f6d-4c74-a794-5c65634b301e,"When Humans Started Writing","Writing was invented 5,000 years ago and it changed everything about how humans remember","Writing lets ideas outlive the people who had them.",✍️,c225ed47-5346-48f2-afe2-8cf7b09f363b,"Active Recall","Testing Yourself to Learn","Testing yourself to learn",🧠
95,2026-04-05,7925522b-d862-49da-9fcc-f6cada907c52,"What Reading Does to Your Brain","Reading rewires your brain—it is exercise for your imagination","Reading physically changes your brain, creating new neural pathways with every page.",📖,dcc1ddad-6140-425d-84ca-e11d9137f0e4,"Connecting Ideas","Networks of Knowledge","Networks of knowledge",🧠
96,2026-04-06,f94832ef-bbc0-4c76-9580-c5e8b02eac9a,"Why Numbers Were Invented","Humans invented numbers to count sheep—and then used them to reach the moon","Numbers are a language invented to describe patterns in the universe.",🔢,42dfc395-06fd-4d0e-8ab8-f57747680eb9,"Prior Knowledge","Building on What You Know","Building on what you know",🧠
97,2026-04-07,f4be9d07-c9a5-4dc6-870a-a3562cb9247f,"How Adding Works","Addition is putting things together—the foundation of all mathematics","Addition combines quantities—the foundation upon which all other arithmetic is built.",➕,155cc9d9-7e0c-4345-973d-d8cb0dd9c92b,"Chunking","Organizing Information","Organizing information",🧠
98,2026-04-08,413c40a1-73af-4109-9b35-7c86888ba073,"Taking Things Away","Subtraction answers the oldest human question: how much is left?","Subtraction finds differences and what remains—the reverse of addition.",➖,a562d898-6039-466b-8fd2-5ecff761a88d,"Mnemonics","Memory Tricks and Tools","Memory tricks and tools",🧠
99,2026-04-09,efc65739-066d-47e4-a8ac-d9f616a01e05,"The Shortcut for Repeated Adding","Multiplication is just addition on repeat—3 times 4 is adding 4 three times","Multiplication is a shortcut for when you need to add the same number many times.",✖️,32fdef7b-f6d9-41ec-a68d-17aa9bd0f7b5,"Visual Memory","Learning Through Images","Learning through images",🧠
100,2026-04-10,6d74ef00-9718-4fea-b6a0-c13804c415d5,"Splitting Things Fairly","Division answers life's fairest question: how do we split things equally?","Splitting things fairly requires understanding parts, wholes, and what equal really means.",➗,01330592-c84c-4a2e-bce4-ad2ef3521ffc,"Narrative Memory","Learning Through Stories","Learning through stories",🧠
101,2026-04-11,a3d3add2-445b-459b-a98d-6ec136beccff,"Parts of a Whole","A pizza cut into 8 slices teaches more math than most textbooks","Fractions describe parts of wholes—the same pizza can be 1/2 or 4/8, but you still get the same amount.",🇪🇬,0b124556-9f27-4242-9dfc-73656e74fc0f,"Embodied Memory","Learning Through Doing","Learning through doing",🧠
102,2026-04-12,a39b93d7-974c-4598-9136-657a98957641,"Another Way to Write Fractions","Decimals are fractions wearing a different outfit—the same number, just easier to type","Fractions describe parts of wholes—the same pizza can be 1/2 or 4/8, but you still get the same amount.",🏛️,c62d86d9-3e26-4084-a490-780ea5c56d99,"Emotional Memory","Feelings Help Us Remember","Feelings help us remember",🧠
103,2026-04-13,bd9e2918-f210-4dfd-b735-44e0c1b42160,"Out of a Hundred","Your phone battery at 50% and a coin flip have something in common—half of something","Percentages are fractions with 100 as the bottom number, making comparisons easy.",🏛️,114dbbad-3beb-4b18-9028-ccdca97d13b2,"Sleep and Learning","Rest Consolidates Memory","Rest consolidates memory",🧠
104,2026-04-14,c40154ca-e1c0-4316-af73-08b11d78a588,"How We Measure Things","Without measurement, nothing could be built twice the same way","Measurement turns the qualitative into quantitative—without it, science and building are impossible.",🇨🇳,a3b2312c-3242-4435-8319-55db8799538b,"Exercise and Learning","Movement Helps the Brain","Movement helps the brain",🧠
105,2026-04-15,a12635ba-afa1-42c2-b57e-90771402a705,"The Math of Shapes","Every building, bridge, and smartphone was designed using the math of shapes","Geometry is the mathematics of space—how shapes relate, connect, and transform.",🌏,1bc230e9-3282-45a1-afb8-3d2e4b6eae02,"Attention and Learning","Focus Determines What Sticks","Focus determines what sticks",🧠
106,2026-04-16,cee47f32-309c-411a-ad6f-86a94f80dd08,"How Maps Bend Reality","Every map lies a little—flattening a sphere means something has to stretch","Every flat map distorts the spherical Earth—what it preserves in one way, it sacrifices in another.",⚔️,dbd66c4e-ee2f-4257-9cb4-59a6accbdf90,"Distraction and Learning","The Cost of Divided Attention","The cost of divided attention",🧠
107,2026-04-17,807f12d5-bd9e-4a48-9e80-051d3bd6335b,"How We Know Which Way","Before GPS, people followed stars, landmarks, and instinct to find their way","Direction is relative to your position—north only means something if you know where you are.",🏰,f748fb04-44f4-49ad-bf74-d75730d6658f,"Deep Work","Focused Learning Sessions","Focused learning sessions",🧠
108,2026-04-18,b3d35721-f811-4d26-8e5c-e5e9c83e7bd5,"Finding Your Way","Getting lost is how most great discoveries were made","Navigation combines knowledge of where you are, where you want to go, and how to get there.",🎨,91a0ca22-27bd-4754-8242-18aaa1eaebc3,"Shallow Work","Quick Learning Tasks","Quick learning tasks",🧠
109,2026-04-19,dafeb9b4-9a0c-4b19-a2b9-a1dfeb2c9c1b,"How We Track Time","Humans invented calendars to remember when to plant seeds and celebrate together","Calendars organize time into manageable chunks—days, weeks, months—so we can plan together.",🧭,e9c11484-0e04-4660-b301-950c2aca1383,"Learning Goals","What Do You Want to Remember?","What do you want to remember?",🧠
110,2026-04-20,7bd837a3-e829-4616-bf4b-3fbf4eff2666,"Why Clocks Exist","Clocks turned time from a feeling into a number—and changed everything","Clocks measure time precisely, enabling coordination between people who cannot see each other.",💡,d9e8f343-8fe8-431f-9eda-f24bc705b008,"Learning Plans","Structuring Your Learning","Structuring your learning",🧠
111,2026-04-21,50d1430f-33e8-4140-8d61-c4f84da7c22c,"How Tools Changed Us","Tools are force multipliers—they let small efforts produce big results","Tools extend human capability—they let us do what our bodies alone cannot.",⚙️,24d89822-59e2-4553-b983-0eee7cd799b3,"Learning Habits","Daily Practices That Compound","Daily practices that compound",🧠
112,2026-04-22,2617b8fd-e38a-4966-a733-672040650d49,"The Invention of the Wheel","The wheel did not just roll—it built civilizations","The wheel converts sliding friction into rolling friction, dramatically reducing the force needed to move things.",📚,4ad23f1d-023b-4531-b85e-c98e66ac7bd7,"Learning Environment","Setting Up for Success","Setting up for success",🧠
113,2026-04-23,9245c459-2876-45d8-9fa2-b23c175f72be,"How Levers Multiply Force","Give me a lever long enough and I could move the Earth—Archimedes was not joking","A lever trades distance for force—move the long end far, and the short end moves with great power.",🔭,043c6ccb-b02d-44c2-8ed2-f443d46127b4,"Learning Partners","Studying With Others","Studying with others",🧠
114,2026-04-24,03dfcfca-83c5-4934-8e0e-b360399d369f,"Lifting Heavy Things Easily","One rope and a wheel can lift ten times your weight—that is physics magic","Pulleys redirect force and, with multiple wheels, multiply it—turning hard lifts into easy pulls.",🔬,7b9d8fb2-b086-409a-856a-3534e193cfaf,"Teaching to Learn","The Best Way to Understand","The best way to understand",🧠
115,2026-04-25,fdee6f38-8e16-4805-ac08-57ad0e748b9e,"How Gears Transfer Motion","The steam engine turned heat into motion and launched the industrial age","Gears transfer rotation between shafts and can change the trade-off between speed and torque.",🚂,9d132703-a1dc-4c61-9900-6c72ef28cf74,"Applying Knowledge","Use It or Lose It","Use it or lose it",🧠
116,2026-04-26,ce958dac-8e39-4c41-83a0-8f937cc4c23e,"What Engines Actually Do","An engine is controlled fire—heat turned into motion","Engines convert stored energy into mechanical motion—they do work so we don't have to.",💡,8239c4b7-ea13-4695-ae6a-d909d8d580e0,"Transferring Skills","Using Learning in New Contexts","Using learning in new contexts",🧠
117,2026-04-27,06e1d883-2b4f-4b43-96b8-6f79112b6b97,"How Computers Think","Computers are just very fast calculators that follow very precise instructions","Computers execute instructions incredibly fast but cannot truly think—they follow rules perfectly without understanding.",📞,153b8715-dd17-477b-807a-4f9eead424b3,"Long-Term Learning","Building Lasting Knowledge","Building lasting knowledge",🧠
118,2026-04-28,588fa22e-ffee-48b1-b7c0-eb94b4bb0eee,"What Robots Can Do","Robots do the dangerous, boring, and precise work humans cannot or should not","Robots are machines that can sense their environment and take physical action in response.",✈️,7545df17-4fb1-4730-9154-ee8efabff8a0,"AI as Memory Partner","Using AI to Support Recall","Using AI to support recall",🧠
119,2026-04-29,f89f3c7d-e7fb-4304-9ffc-076f751d4eec,"How AI Learns","AI learns patterns from data the way you learn patterns from experience","AI learns patterns from data rather than following explicit rules—it finds relationships humans might miss.",💻,866f5a09-2202-4ada-b062-114fff48f890,"Month in Review","The Science of Learning","The science of learning",🧠
120,2026-04-30,f1df0039-a09f-4080-8923-0b5972d12bd1,"How the Internet Works","The internet connected 5 billion people—half the world—in 30 years","The internet made information instantly available to anyone with a connection.",🌐,6c1bfa2a-10ed-438e-b930-bbce3b460043,"Your Learning System","Design Your Personal Approach","Design your personal approach",🧠
121,2026-05-01,1393ed4c-0b40-4f69-9e1f-33ce7bedcd4a,"How Photos Capture Light","A photograph freezes one moment forever—light captured in time","Photography captures light at a moment in time, preserving what would otherwise be lost forever.",🗺️,22286d89-4507-4145-ad6f-bc4212530e4d,"What is Creativity?","Making Something New and Valuable","Making something new and valuable",🎨
122,2026-05-02,719177f3-d0e6-4c27-b493-261107bb77c6,"How Movies Create Motion","Movies are 24 lies per second that add up to truth your brain believes","Movies create the illusion of motion by showing still images faster than the eye can distinguish them.",🌍,f158d137-d4b5-4778-92fe-a7de0a25213a,"Where Ideas Come From","Connecting Existing Concepts","Connecting existing concepts",🎨
123,2026-05-03,954917ef-70ed-4bee-a4cd-d9ffbec6a9ac,"How TV Shows Pictures","TV sends pictures through the air—invisible paintings traveling at light speed","Television transmits images and sound through electromagnetic waves, bringing distant events into your home.",🌍,8ad4d8c9-8aad-48e8-a3f9-66df04897d9f,"Can AI Be Creative?","Pattern Recombination vs True Novelty","Pattern recombination vs true novelty",🎨
124,2026-05-04,8ede173d-f706-4cdc-b0ea-162058deb382,"Invisible Waves Carrying Sound","Radio waves are invisible messengers that carry sound without wires","Radio waves carry information through empty space at the speed of light without wires.",🏙️,845c6040-9cdb-448d-b5c9-890087ae173e,"Human Creativity","Imagination, Intuition, Intention","Imagination, intuition, intention",🎨
125,2026-05-05,918f267a-e291-4679-99ae-97b11c1a28da,"Talking Across Distances","From smoke signals to smartphones—humans never stopped finding ways to connect","Telecommunication conquers distance—letting people communicate instantly regardless of separation.",🏘️,79049676-b826-4520-92fc-6c4697193b63,"Creative Collaboration","Humans and AI Together","Humans and AI together",🎨
126,2026-05-06,67343fa2-a4eb-4dc9-999f-fb2b85fcca82,"How Medicine Heals","Medicine is the science of helping bodies fix themselves faster","Medicine supports the body's natural healing processes, fighting disease and managing symptoms.",🏠,4cd2e5dd-c7ed-4fa8-9b83-fcc1335fb86f,"AI as Creative Tool","Augmenting Human Creativity","Augmenting human creativity",🎨
127,2026-05-07,8d2c498a-77e8-476f-990b-8a105f7f23b1,"Training Your Immune System","Vaccines teach your immune system to recognize enemies before they attack","Vaccines teach your immune system to recognize threats before they can make you sick.",👨‍👩‍👧‍👦,c9d6ec9f-c3ed-4db0-99d3-8799a829996c,"AI as Creative Spark","Prompts and Starting Points","Prompts and starting points",🎨
128,2026-05-08,42c19348-549a-4746-be1d-b20e680bc04c,"Fixing the Body From Inside","Surgeons repair from inside what bodies cannot fix alone","Surgery repairs what the body cannot heal on its own, reaching inside to fix problems directly.",🏘️,214f3c58-5ee2-4275-a190-ec0eac8bceae,"AI as Creative Critic","Getting Feedback from AI","Getting feedback from AI",🎨
129,2026-05-09,586710b8-f41e-4cca-9fe7-a372b757262b,"Why Clean Matters","Handwashing stops more disease than most medicines ever invented","Cleanliness prevents disease by removing the microorganisms that cause infection.",🌍,c2230e98-ef30-41e6-93a6-86df368f311b,"When to Use AI","The Right Tool for the Right Task","The right tool for the right task",🎨
130,2026-05-10,34d2b1fc-649d-41f1-a582-cd2ce33ee152,"How Food Becomes You","Your body is a factory that turns lunch into energy, muscle, and bone","Digestion breaks food down into molecules small enough for your body to absorb and use.",🧑‍🤝‍🧑,d36ab758-2a93-42ba-876b-4755c03f3883,"When to Go Alone","Pure Human Creativity","Pure human creativity",🎨
131,2026-05-11,522cd0f9-0cf6-478f-a43e-238a01836a0c,"What Happens When You Sleep","Every culture has festivals—they mark what matters most to a group","Sleep is when your brain consolidates memories and your body repairs itself—it is not optional rest.",🎉,43e93b4f-6077-4868-bc0d-5f3cfe99d90d,"Brainstorming","Generating Many Ideas","Generating many ideas",🎨
132,2026-05-12,fd311ff2-3c7a-4808-8983-688a89911c98,"Why We Dream","Dreams are your brain organizing memories while you are not using them","Dreams occur during REM sleep when the brain processes experiences and emotions from waking life.",🎉,b65e55ae-194b-42c1-bd21-a8ff19828c83,"Filtering","Choosing the Best Ideas","Choosing the best ideas",🎨
133,2026-05-13,7359fb7b-ed35-4459-82f9-4adb81e93311,"Where Food Comes From","Everything you eat was alive once—plants or animals that grew from sun and soil","All food traces back to plants that captured sunlight, or animals that ate those plants.",🍎,aad51ea9-fde6-4bc3-a8f8-55fdf7ad1119,"Combining","Mixing Ideas Together","Mixing ideas together",🎨
134,2026-05-14,0e8358b5-dfad-4904-a550-1a3734bc52d8,"How Farming Changed Everything","Farming let humans stop chasing food and start building cities instead","Agriculture allowed humans to settle in one place, store surplus food, and build civilizations.",🍳,e687c429-56fc-4cd2-bcfe-162d84e160ba,"Iterating","Making Ideas Better","Making ideas better",🎨
135,2026-05-15,d38e8869-f6c5-4842-a35d-156cadb16775,"How Animals Are Related","Every animal is a cousin—some just changed addresses a few million years ago","All animals share common ancestors—the more similar two species, the more recently they diverged.",🧑‍🌾,656b7a78-cfc8-4989-bb4f-cba6408d2326,"Creative Process","Stages from Inspiration to Completion","Stages from inspiration to completion",🎨
136,2026-05-16,eee5cf24-dc65-47d5-8f9a-47a873ea6575,"Why We Keep Pets","Pets are the animals that chose to live with us—or we chose to keep","Pets provide companionship and emotional benefits—a relationship that evolved over thousands of years.",🛠️,23170aa5-f7c4-4e33-8698-db677a09bda5,"Creative Block","When Ideas Don't Come","When ideas don't come",🎨
137,2026-05-17,1893c5b5-8baf-47e8-8169-fe418fd97129,"The Most Successful Animals","Insects outnumber humans by 1.4 billion to one—and they were here first","Insects are the most numerous and diverse animals on Earth, filling almost every ecological niche.",👕,ef828372-860b-44c4-add6-1bea37e39355,"Creative Courage","Taking Risks with Ideas","Taking risks with ideas",🎨
138,2026-05-18,e10a5330-13e4-4f28-baa6-fbd857068d2e,"Birds Are Dinosaurs","Every bird you see is a living dinosaur—evolution just gave them feathers","Birds are living dinosaurs—the only lineage of dinosaurs that survived the mass extinction.",🏠,00ebb10e-8f8a-47c9-8f7a-7bb2aaece684,"Creative Community","Sharing and Feedback","Sharing and feedback",🎨
139,2026-05-19,eaf04967-c50d-4fb4-8ea0-f1a27d9a6254,"Life Under Water","Humans have invented ways to travel by land, water, air, and space","Aquatic life evolved first, and the ocean remains home to the majority of Earth's biomass.",🚀,d0b30c35-7146-4be0-9dab-048707a4304c,"Creative Expression","Art, Writing, Music, Design","Art, writing, music, design",🎨
140,2026-05-20,bd1b30d9-a11a-42d2-a955-013aad79f5ac,"Animals Like Us","Mammals are warm-blooded, milk-making survivors—and you are one of them","Mammals are warm-blooded, nurse their young with milk, and include the most intelligent species on Earth.",🚢,b5cfb7ff-2394-479b-a001-a7753278bb7b,"Creative Problem-Solving","Innovation in Any Field","Innovation in any field",🎨
141,2026-05-21,1c0faec9-8f34-456f-95c6-5b58534d54e9,"Cold-Blooded Survivors","Cold-blooded animals borrow heat from their environment instead of making their own","Cold-blooded animals rely on their environment for heat, conserving energy but limiting their activity.",🚲,b654a183-1d4d-4447-a6df-3f7002a29eaf,"Design Thinking","A Framework for Creativity","A framework for creativity",🎨
142,2026-05-22,c427e517-bd0d-4435-a619-45ca20acd715,"Living in Two Worlds","Amphibians live two lives—one in water as babies, one on land as adults","Amphibians live dual lives—born in water with gills, transforming to breathe air on land.",🚂,9a7fe434-b60b-4975-b757-3105e0f958ae,"Constraints and Creativity","Limits That Inspire","Limits that inspire",🎨
143,2026-05-23,35e71085-77a3-4055-ae8a-a6686c7dfbee,"How Plants Make Food","Plants eat sunlight—they turn light into sugar, and sugar into everything else","Photosynthesis converts sunlight, water, and carbon dioxide into sugar and oxygen—the basis of almost all life.",🚗,67002439-1720-42ca-82d5-0cc213bfe3a5,"Play and Creativity","The Power of Experimentation","The power of experimentation",🎨
144,2026-05-24,d3e42ae3-b854-4f22-b8b1-760471813cfa,"Giants That Live for Centuries","Some trees alive today were seedlings when Rome was building roads","Trees can live for millennia, grow hundreds of feet tall, and store carbon for centuries.",🌉,d9907071-1e70-45d8-8aa0-da7baacc10a1,"Failure and Creativity","Learning from What Doesn't Work","Learning from what doesn't work",🎨
145,2026-05-25,3ff4209d-c14d-4033-96ee-4bfc07a90870,"Why Flowers Exist","Flowers are bribes—colors and smells that convince animals to spread pollen","Flowers attract pollinators with colors and scents, ensuring plants can reproduce.",🛣️,7a1509df-317d-4da3-88e8-5af08620d392,"Originality","What Does It Mean to Be Original?","What does it mean to be original?",🎨
146,2026-05-26,62412eb2-b54e-4c6a-80e7-7ae8a181072e,"Why Plants Make Fruit","Fruit is how plants convince animals to carry their seeds somewhere new","Money is a tool that makes trading easier by being universally accepted.",💰,8bdab27e-83b8-4156-bbf5-38ad007f80ff,"Attribution","Giving Credit for Ideas","Giving credit for ideas",🎨
147,2026-05-27,1ee6495d-0664-4d5f-ba37-9ad520589f37,"What Counts as a Vegetable","Vegetables are just the parts of plants we decided were delicious","Vegetable is a culinary term, not a scientific one—it includes leaves, stems, roots, and even some fruits.",🤝,d2411cf8-e7b5-4921-9052-746f5b3f410a,"Remix Culture","Building on Others' Work","Building on others' work",🎨
148,2026-05-28,3cfe4cdd-143b-4c8d-bb70-25e48c1e8d49,"The Hidden Kingdom","Fungi are neither plant nor animal—they are a hidden kingdom that recycles the world","Fungi are neither plant nor animal—they absorb nutrients from dead or living matter and recycle the world.",💼,75ba62c6-df85-4031-9704-c69b6dbbeb05,"AI Art","Understanding AI-Generated Images","Understanding AI-generated images",🎨
149,2026-05-29,cc5ac46e-1fe2-42b5-88bb-3cab206425bb,"Tiny Life Everywhere","Your body has more bacterial cells than human cells—they help you survive","Bacteria are everywhere—most are harmless or helpful, and your body contains trillions of them.",🤝,949d0b73-45a5-4521-89b2-0701088835bc,"AI Writing","Understanding AI-Generated Text","Understanding AI-generated text",🎨
150,2026-05-30,219cf661-e1dc-4a44-8044-c9c481d79132,"Not Quite Alive","Viruses are almost alive—they need your cells to make more of themselves","Viruses straddle the line between living and non-living—they can only reproduce inside host cells.",🌟,55bea7ed-bc57-47b9-abb0-48d980059dad,"Your Creative Voice","What Only You Can Create","What only you can create",🎨
151,2026-05-31,aa68947b-b27e-4f05-9e93-db5e49834d3d,"How Nature Connects","In nature, nothing exists alone—everything is connected to everything else","Ecosystems are webs of interdependence—remove one species and others are affected.",🎨,5c3a628a-40c0-4920-917f-16e688473fc4,"Month in Review","Creativity in the AI Age","Creativity in the AI age",🎨
152,2026-06-01,0bbb6df6-cb76-419a-9cd2-23d3d756f089,"Where Species Belong","Every species has a home address—change the address and they may not survive","Every species is adapted to its habitat—change the habitat and the species must adapt, move, or die.",✏️,3d65bd9e-651c-4a1e-aa73-3006828040d4,"Clear Expression","Saying What You Mean","Saying what you mean",💬
153,2026-06-02,1998bd81-7423-4db4-84b0-33baa71cb117,"Why Animals Travel","Some animals travel farther in a year than most humans do in a lifetime","Migration follows resources—animals move seasonally to find food, warmth, or breeding grounds.",🎨,e52bc790-418e-452f-8ad1-77c31e0532a1,"Active Listening","Hearing What Others Mean","Hearing what others mean",💬
154,2026-06-03,2b172591-19d1-45ca-8cac-78b54c09ad0c,"Shaping Three Dimensions","Sculpture turns ideas into objects you can walk around and touch","Sculpture transforms material into form, giving physical presence to ideas.",🗿,4156af2f-1b0a-4fce-85f6-97f29bb6cbd4,"Reading for Understanding","Comprehension Strategies","Comprehension strategies",💬
155,2026-06-04,7b3af208-3d30-4dc7-a591-e7b2db1a5a37,"Putting Pictures on Surfaces","From cave paintings to billboards—humans have always put pictures on surfaces","Printmaking allows images to be reproduced—spreading visual ideas beyond unique originals.",📸,d57cc21d-2759-427d-9da3-021df0b1837d,"Writing to Be Understood","Clarity in Writing","Clarity in writing",💬
156,2026-06-05,f2abcc52-b5f7-44d1-97cf-eec94a34ed40,"Thinking With Lines","Drawing is thinking made visible—ideas flowing from brain to paper","Drawing externalizes thought—making the invisible visible through marks on a surface.",💃,48575e0e-6471-48d5-a8c7-60fc35907475,"Speaking with Impact","Verbal Communication","Verbal communication",💬
157,2026-06-06,316cae54-c316-4b5f-b5a5-9fd552a32640,"Why Every Culture Dances","Dancing is the only art where your body is both the instrument and the music","Dance uses the body as an instrument of expression, communicating emotion through movement.",🎭,fb4f8998-c0ed-4a2d-9ccd-f4806699d2f5,"Body Language","Non-Verbal Communication","Non-verbal communication",💬
158,2026-06-07,ae59ede7-e423-4a40-8b68-567242007034,"Pretending on Purpose","Theater is the oldest art—humans have been playing pretend for 40,000 years","Theater creates a shared imaginative experience—actors and audience agree to believe together.",✍️,a461df0f-d2f2-4646-9351-0b3849a2c203,"Emotional Tone","The Feeling Behind Words","The feeling behind words",💬
159,2026-06-08,0c8b91d2-c3bf-4d69-a16e-33ab87138630,"Words That Sound Like Music","Poetry is language squeezed until it says more with less","Poetry compresses meaning into carefully chosen words, using rhythm and sound to amplify impact.",📖,bb5d95a1-6d3b-4a78-aff8-f0c141ccba7a,"Context and Communication","Same Words, Different Meanings","Same words, different meanings",💬
160,2026-06-09,70acea6c-40f6-45ba-9de6-76d577716de6,"Buildings That Tell Stories","Buildings are books written in brick and steel—every style tells a story","Comics are a visual language that tells stories through sequential images.",🦸,f37ac08e-4559-4620-9700-a8bf5c7064a3,"Audience Awareness","Adapting to Who's Listening","Adapting to who's listening",💬
161,2026-06-10,7f2f3df8-a997-4c1a-bc41-f770d876d5dc,"What Clothes Communicate","Clothes are sentences—they tell others who you are before you speak","Clothing communicates identity, status, and belonging before a word is spoken.",🎬,e73f22e0-e13d-4af9-b22f-09425bb81709,"Feedback Loops","Checking Understanding","Checking understanding",💬
162,2026-06-11,fff8ab06-2e36-4316-a673-9a749f05ef2a,"Why Play Matters","Play is not the opposite of work—it is how your brain learns to work well","Film is photography plus time, capturing moments that can be replayed forever.",🎬,7924489e-8535-4312-8537-313b3e3547f1,"Communicating with AI","How to Prompt Effectively","How to prompt effectively",💬
163,2026-06-12,0e3ac00b-9a93-4876-8e2e-3461cf2fddb8,"Why We Compete","Competition makes us try harder—but only when the rules are fair","Competition motivates improvement, but cooperation often achieves what competition cannot.",🎵,8c76103c-03b1-47ac-aaf5-0493fa27bf55,"Interpreting AI Output","Reading AI Responses Critically","Reading AI responses critically",💬
164,2026-06-13,75f3f5a9-2b08-415c-b7af-0ecf4fa86c80,"The Beat in Everything","Rhythm exists in everything—your heartbeat, walking, and the rotation of planets","Rhythm organizes sound in time, creating patterns that our bodies naturally want to follow.",🥁,530788e8-493e-4650-8fd8-e802915bdb4e,"AI Translation","Communicating Across Languages","Communicating across languages",💬
165,2026-06-14,9338a42a-c130-4e37-9924-1500b8d74f6d,"Why Notes Make Tunes","A melody is a musical sentence—notes arranged so your brain remembers them","Melody is a sequence of notes that forms a memorable musical idea.",🎶,665d26b4-8929-4b93-acb6-d7024a457456,"AI Summarization","Condensing Information","Condensing information",💬
166,2026-06-15,79fcd15c-2793-410b-a47f-14fedbbb9394,"When Sounds Agree","Harmony happens when multiple notes sound good together at the same time","Harmony occurs when multiple pitches sound together in pleasing mathematical relationships.",🎼,87bebe9e-b618-45c7-abda-e4517f7d0e6e,"Information Overload","Dealing with Too Much Input","Dealing with too much input",💬
167,2026-06-16,4fbc2e79-c142-45cf-82b9-f9b7d0a6e088,"Machines That Make Music","Your voice is a musical instrument you carry with you everywhere","Singing is the most universal form of music—everyone has a voice.",🎤,95cb8732-c7b3-45b1-a146-22a368078b46,"Signal vs Noise","Finding What Matters","Finding what matters",💬
168,2026-06-17,7e5dca63-b08b-40ba-b036-4b444e029cb7,"Your Voice as an Instrument","Drums are the oldest instruments—rhythm is where music begins","The human voice is an instrument we carry everywhere—controlled by breath, shaped by anatomy.",🥁,c1f6f026-f411-4a53-b910-4d989e3a1000,"Persuasion","Ethical Influence","Ethical influence",💬
169,2026-06-18,bf427d36-1830-46e4-ba96-635858e25f0c,"Making What Doesn't Exist","Imagination is time travel—you can visit places that do not exist yet","Imagination lets us experience what doesn't exist—rehearsing possibilities before committing to them.",🎻,d5eba818-0d73-492e-9615-8894c373cd27,"Manipulation","Recognizing Unethical Influence","Recognizing unethical influence",💬
170,2026-06-19,a6766cc8-06b8-44d5-bca9-e8157aebce69,"Finding What Was Already There","Discovery is noticing what was always there but nobody was looking for","Discovery is noticing what was always there but unrecognized—seeing the familiar with new eyes.",🎺,634bbfda-7265-4cfe-84af-9b582f12cdce,"Argumentation","Making and Evaluating Arguments","Making and evaluating arguments",💬
171,2026-06-20,8d927460-233c-4aa2-a2ba-55ac33494c07,"Going Where No One Has Been","Exploration is curiosity with a compass—going somewhere to see what is there","Exploration pushes into the unknown, driven by curiosity about what lies beyond the familiar.",📐,2272604d-e624-446d-aa8b-3a5e35cccf28,"Debate","Structured Disagreement","Structured disagreement",💬
172,2026-06-21,c80d6dc2-6c99-47b9-9101-b88983a517b4,"The Shape With No Corners","Circles have no beginning and no end—they are the shape of infinity","Circles appear everywhere in nature because they are the most efficient shape.",⭕,00351cb1-a60f-4103-9552-cc5252f75c44,"Difficult Conversations","Navigating Conflict","Navigating conflict",💬
173,2026-06-22,a63e733d-dc6e-4e87-a92e-6181fdb2304b,"The Strongest Shape","Triangles are the strongest shape—they do not collapse under pressure","Triangles are structurally rigid because they cannot be deformed without changing their side lengths.",📐,87863d8c-e429-4928-95a7-eb5ce398a937,"Empathetic Communication","Understanding Others' Perspectives","Understanding others' perspectives",💬
174,2026-06-23,b3f65219-132a-4d06-b5b6-0384c27d1ae4,"Shapes That Tile Perfectly","Every building, bridge, and smartphone was designed using the math of shapes","Squares and rectangles fit together perfectly with no gaps or waste.",🟦,a5c61ff0-4311-4626-93d8-f374ce1220b7,"Cross-Cultural Communication","Different Contexts, Different Norms","Different contexts, different norms",💬
175,2026-06-24,bdeb83a6-96e3-4c6e-81cf-0f32c0d59e55,"When Two Sides Match","Symmetry is when one half mirrors the other—our brains love it","Symmetry creates visual balance—our brains find it pleasing because it often signals health and order.",🦋,613c7deb-078d-44b1-aede-e765d022950d,"Digital Communication","Text, Email, Social Media","Text, email, social media",💬
176,2026-06-25,5a69e394-16bd-42a2-96c3-37218f471c26,"Making Flat Things Look Deep","Perspective tricks your eye into seeing depth on a flat surface","Perspective uses converging lines and size reduction to create the illusion of depth on flat surfaces.",🌇,7a0d7afb-e084-4eae-82bf-97956b472b23,"Visual Communication","Charts, Graphs, Infographics","Charts, graphs, infographics",💬
177,2026-06-26,aa4003d4-3370-4ee2-aa78-84ae79420016,"How Things Feel to Touch","Texture is what your fingers would feel if they could touch what your eyes see","Texture provides tactile information—smooth, rough, soft, hard—that enriches our understanding of objects.",🖐️,701a1448-bc4e-49e8-b321-7071c843c28e,"Storytelling","Narrative as Communication","Narrative as communication",💬
178,2026-06-27,51d42f41-b0bc-415a-8ba6-1d675e744a5b,"What's Beyond Earth","Space begins just 62 miles above your head—closer than most cities","Space is the three-dimensional expanse in which all matter exists and all events occur.",🌌,01507010-30bf-48ea-90c9-22b1be6d5e56,"Teaching","Communicating to Help Others Learn","Communicating to help others learn",💬
179,2026-06-28,6af5b38b-d485-42b5-a4c1-37a818288224,"Big and Small Are Relative","Scale is everything—the same universe looks different at every size","Scale is relative—the same object can be huge or tiny depending on what you compare it to.",🖼️,bbf954ee-fb04-4b83-8e25-ff9ddde4de0c,"Asking for Help","Effective Requests","Effective requests",💬
180,2026-06-29,902c8807-72e8-412c-b75f-5da8f0dece82,"Why Difference Catches Your Eye","Colors do not exist—they are how your brain interprets different wavelengths of light","Contrast draws attention by placing different elements side by side—light against dark, large against small.",☯️,ee242307-657b-401c-92ab-f0a075f4af65,"Communication Mistakes","Learning from Errors","Learning from errors",💬
181,2026-06-30,b5bed08e-6cd0-4f02-af54-cb5cc8585a24,"How Hot and Cold Work","Hot and cold are not opposites—just more or less of the same thing: vibrating molecules","Temperature measures the average kinetic energy of molecules—how fast they vibrate and collide.",💡,93b56d90-cb03-4f9a-9937-531947425927,"Month in Review","The Art of Communication","The art of communication",💬
182,2026-07-01,704ad19f-4cb2-45d9-a0b2-3d823369d24a,"Where New Ideas Come From","New ideas are old ideas combined in ways nobody tried before","New ideas emerge from combining existing concepts in novel ways—creativity recombines the known.",💡,42554ac3-9b8f-4cf2-8095-b2b93c3a220b,"What is Ethics?","Thinking About Right and Wrong","Thinking about right and wrong",⚖️
183,2026-07-02,95c0467a-7d3a-4406-9679-5548c32cd83e,"How to Think About Thinking","Thinking about thinking is a superpower—it is how you learn to learn","Metacognition is thinking about your own thinking—a uniquely human ability that enables self-improvement.",🤔,0b22a812-292b-42e7-a114-9764816244da,"AI Ethics","Special Considerations for AI","Special considerations for AI",⚖️
184,2026-07-03,a3843b13-01a5-4193-ae2a-2f18181794f7,"How to Choose","Every choice closes some doors and opens others—choosing is shaping your future","Decisions are choices between alternatives—good decisions consider consequences and trade-offs.",🤔,c9e7ef6b-057c-42c7-b12c-2e34abab2167,"Responsibility","Owning Your Choices and Outcomes","Owning your choices and outcomes",⚖️
185,2026-07-04,1698c552-cf4f-411b-8e9c-a474e70854cb,"Thinking Ahead","Planning is imagining the future and then working backward to now","Planning imagines future states and works backward to determine the steps needed to reach them.",🗓️,42659323-3636-4f97-bf84-8c2af7556f47,"AI and Responsibility","Who's Responsible for AI Outputs?","Who's responsible for AI outputs?",⚖️
186,2026-07-05,b68a199c-4968-4503-9ac5-04dcba2efbfb,"Putting Things in Order","Organization is not about being neat—it is about finding things when you need them","Organization creates systems that reduce chaos and make information accessible when needed.",🗂️,01170c2d-f6d2-4177-95b8-51709bfe9b6a,"Honesty and AI","Truthfulness in an AI World","Truthfulness in an AI world",⚖️
187,2026-07-06,add38967-c065-479f-aad7-3826c6fece0a,"Paying Attention on Purpose","Attention is limited—focus is choosing what to spend it on","Attention is limited—focus is choosing what to spend it on.",🎯,647d174e-8e53-4efe-8ba7-2faeda3b58b6,"Fairness and AI","Bias in AI Systems","Bias in AI systems",⚖️
188,2026-07-07,6da9eadc-e49f-444b-bee7-90ba137adc89,"Keeping Going When It's Hard","The difference between trying and succeeding is usually just not quitting","Perseverance is continuing when it would be easier to quit.",💪,f69ae3fa-2c18-408b-bc7c-987fa7528089,"Privacy and AI","Data and Personal Information","Data and personal information",⚖️
189,2026-07-08,0ec99b08-1dee-4241-bd84-8016dd85b811,"Changing When Things Change","Adaptability is the skill that helps you survive when everything changes","Flexibility lets you adjust plans when circumstances shift.",🌱,3359f2e0-5b2f-486e-9d4e-e4b39f6ef179,"Transparency","Being Open About AI Use","Being open about AI use",⚖️
190,2026-07-09,95dde7fd-953a-4f32-8092-37d27c9ac1d1,"Bouncing Back","Resilience is not avoiding failure—it is getting back up afterward","Resilience is the capacity to recover from setbacks—not avoiding failure but rising after it.",🌱,e4d9ea97-ebcc-4ebc-894c-bcff06c7a52d,"Academic Integrity","Learning vs Shortcuts","Learning vs shortcuts",⚖️
191,2026-07-10,6155936d-dbdf-4d9f-8d30-62e1ef566adb,"Trusting Yourself","Confidence is not knowing you will win—it is knowing you can handle losing","Confidence is trust in yourself to handle whatever happens.",💪,4418e3cf-4ae2-45af-99c2-b6233a46a258,"AI and Cheating","Where's the Line?","Where's the line?",⚖️
192,2026-07-11,e6588d1d-701a-4f23-83b9-feb57581381c,"Knowing Who You Are","Identity is the story you tell yourself about who you are","Identity is your sense of who you are—shaped by experience, choices, and the stories you tell about yourself.",🕊️,970faec6-bacc-427b-9dd8-d0a3263e818b,"AI and Work","Ethical Professional Use","Ethical professional use",⚖️
193,2026-07-12,1bf36c24-120d-4780-9e17-a2544198a295,"Why Truth Matters","Honesty is simpler than lying—you only have to remember what actually happened","Honesty builds trust and simplifies life—lies require more lies to sustain them.",🤝,81a8d0b5-a3a3-4cfe-bb96-af25ea3c1f95,"AI and Art","Attribution and Ownership","Attribution and ownership",⚖️
194,2026-07-13,48fac928-e5c0-4cd9-a3c4-bb9be4a6db30,"Being the Same When No One's Looking","Integrity is being the same person in the dark as in the light","Integrity means your actions match your values even when it costs you.",⚖️,0706f27e-8978-4a65-a56c-e100ed50ed34,"AI and Truth","Deepfakes and Misinformation","Deepfakes and misinformation",⚖️
195,2026-07-14,43340bc3-09d6-4597-8980-35038eb4e02b,"Owning What You Do","Responsibility is the price of freedom—more choices mean more accountability","Responsibility means accepting ownership of your choices and their consequences.",🔑,63233adb-22ee-4a3a-a650-3156f8285e0e,"AI and Jobs","Automation and Human Work","Automation and human work",⚖️
196,2026-07-15,31e4d905-5d67-49e6-bf39-f06dbe6b299a,"What Fair Really Means","Fair does not always mean equal—sometimes it means giving people what they need","Fairness treats people equitably, considering their needs and circumstances.",🤝,63f841e5-4f79-4468-ac2f-122138c733bd,"AI and Power","Who Controls AI?","Who controls AI?",⚖️
197,2026-07-16,f75d5926-1464-457c-8bb8-ca763b10328e,"Making Things Right","Fair does not always mean equal—sometimes it means giving people what they need","Justice seeks to restore balance when wrongs have been committed.",⚖️,f08b12c4-dc2e-4b25-8e7a-42315ad2aaa7,"AI and Access","Who Gets to Use AI?","Who gets to use AI?",⚖️
198,2026-07-17,3b948cb8-f242-4b36-80ed-a62c3b539c2e,"Working Together","Cooperation lets groups solve problems no individual could solve alone","Working together multiplies what individuals can accomplish alone.",🤝,17f97d38-22ac-453b-b942-9188ebbfe187,"Environmental Impact","AI's Carbon Footprint","AI's carbon footprint",⚖️
199,2026-07-18,a3b7304d-a7cd-4651-a29b-5628fe59638b,"Why We Compete","Competition makes us try harder—but only when the rules are fair","Competition motivates improvement, but cooperation often achieves what competition cannot.",🤝,e61623d5-b3b7-4a80-a4db-9dc7984a879a,"Unintended Consequences","Thinking Ahead","Thinking ahead",⚖️
200,2026-07-19,8ceebf7d-7dc0-4d28-8796-74b1d5c762a6,"What Leaders Actually Do","Leadership is not a position—it is a choice to take responsibility for others","Leaders guide groups toward goals by making decisions and inspiring action.",🤝,108a32e8-3a1d-49e4-9204-fd26d1bd960c,"Ethical Frameworks","Tools for Moral Reasoning","Tools for moral reasoning",⚖️
201,2026-07-20,1417322a-d300-4755-aa71-ccd0533e273d,"Better Together","Two heads are better than one—but only if they are actually listening to each other","Collaboration achieves what individuals cannot—combining strengths while covering weaknesses.",🪐,1e68c368-a94f-4dc0-84f0-70106638be91,"Stakeholder Thinking","Who Is Affected?","Who is affected?",⚖️
202,2026-07-21,f17c5196-9c36-43a6-9a46-e72bb13c1bd8,"Finding Common Ground","Mercury orbits so close to the sun that a year there is only 88 Earth days","Common ground is where different perspectives overlap—finding it enables cooperation.",🪐,d61e309b-689a-4d74-aa11-78d23ed48e6b,"Long-Term Thinking","Future Generations","Future generations",⚖️
203,2026-07-22,fcdaa517-442b-4cbd-962b-affa9305177b,"When People Disagree","Conflict is natural—how you handle it is what matters","Conflict arises from competing interests or values—how we handle it determines the outcome.",🔥,34469356-7a34-4799-b237-0a9a0445b0c2,"Personal Values","What Do You Believe?","What do you believe?",⚖️
204,2026-07-23,6f922111-6c77-4c8b-b00f-b40b6f0eb4cc,"More Than No Fighting","Peace is not just the absence of fighting—it is the presence of justice","Peace is not merely the absence of violence but the presence of justice and mutual respect.",🌍,57cd1062-1cb2-474d-b22d-2f8c0b9b9403,"Conflicting Values","When Good Things Clash","When good things clash",⚖️
205,2026-07-24,52dc7c58-5b64-4b99-890b-fbb2c51ca4a8,"Why Humans Fight","Most fights start when people want the same thing and think there is not enough","Wars begin when groups see violence as the only way to resolve irreconcilable differences.",🚀,b196fa47-3331-44c7-9428-ead7d2272c99,"Moral Courage","Doing Right When It's Hard","Doing right when it's hard",⚖️
206,2026-07-25,fe957f9c-364f-4e65-b8ef-40225b38be0d,"Stories of What Happened","History is the story we agree to tell about the past—it changes as we do","History is the story we tell about the past—always incomplete, always influenced by the teller.",🪐,2879c01f-bba8-4e12-afb1-9d7e3866a35d,"Moral Mistakes","Learning from Ethical Errors","Learning from ethical errors",⚖️
207,2026-07-26,87b01b0b-1595-4029-b44a-b4b4d35e8ecb,"How Societies Form","Societies form when strangers agree to follow the same rules","Societies form when individuals agree to follow shared rules for mutual benefit.",🪐,282b4e3a-1428-4cf8-bc43-d3a69e3787c8,"Ethical Leadership","Influencing Others Positively","Influencing others positively",⚖️
208,2026-07-27,6367d48b-be93-42f6-84d5-83182bb34a4a,"What Makes Groups Different","Culture is everything a group passes on that is not in their genes","Culture is the shared knowledge, beliefs, and practices that bind a group together.",🧊,34c2016a-0ed0-4f9d-a2e7-1bed1056db0d,"Systems and Ethics","When Structures Create Problems","When structures create problems",⚖️
209,2026-07-28,87926f7d-7e94-4904-b304-f70dcc0dece3,"Why We Keep Doing Things","Traditions connect you to people you never met—your ancestors","Traditions connect us to the past and to each other through repeated meaningful actions.",💨,1448d113-9f21-489c-951e-a628b53ad9f5,"Individual Action","Your Choices Matter","Your choices matter",⚖️
210,2026-07-29,82b06126-d286-43ba-a602-8a3270d7175b,"Better Ways of Doing Things","Traditions connect you to people you never met—your ancestors","Innovation improves on what exists—solving problems in new ways or meeting needs not yet recognized.",☄️,321a4e53-6b35-4157-a2d0-33c385d2fd1d,"Collective Action","Changing Together","Changing together",⚖️
211,2026-07-30,10dbd640-1cfd-45a5-9cdf-3add27beba6b,"When Everything Changes Fast","Revolutions happen when enough people decide the old way no longer works","Revolutions occur when gradual change is blocked and pressure builds until it breaks through.",☄️,735420d5-edb6-47d8-9002-072067a0a579,"AI for Good","Positive Applications","Positive applications",⚖️
212,2026-07-31,cbaa193f-d3fe-498a-a771-b7d7d3428ced,"How Life Changes Over Time","Evolution is life's longest experiment—4 billion years and still running","Evolution is change over generations—variations that help survival get passed on more often.",☄️,2251a950-02c9-4d52-87e2-5ae32ff9d557,"Month in Review","Ethics in the AI Age","Ethics in the AI age",⚖️
213,2026-08-01,91ef034b-e3e0-47f9-9e34-9a48f856a1fc,"When Species Disappear","Extinction is forever—once a species is gone, it never comes back","Extinction is forever—once a species is gone, its unique genetic information is lost.",🌌,f8b46c51-2ea7-4771-93f1-275b5569d6fe,"What is a System?","Interconnected Parts Working Together","Interconnected parts working together",🔄
214,2026-08-02,c4eff4ce-92b3-4b33-bca3-9bbc6e100e32,"What It Takes to Last","Survival means being good enough at enough things—specialists are risky","Survival requires being good enough at enough things—extreme specialization is risky.",🌌,ea2b6dd7-c67a-4973-bffe-7a7be5fb25d9,"Parts and Wholes","How Pieces Make Patterns","How pieces make patterns",🔄
215,2026-08-03,5e4d6468-994d-44cf-809e-5473276400ed,"Fitting the Environment","Adaptation is how life shapes itself to fit wherever it lives","Adaptation is the process by which species become better suited to their environment over generations.",⚫️,720b68da-fd13-43a9-9809-a2b300297be3,"Connections and Relationships","How Parts Influence Each Other","How parts influence each other",🔄
216,2026-08-04,3b66eb74-1212-4ade-88bc-654578748043,"Knowledge You're Born With","Instincts are knowledge you are born with—no learning required","Instincts are behaviors encoded in genes—they require no learning and appear in all members of a species.",⚛️,b696b9ac-b66f-4920-af9f-75ad9a147d23,"Feedback Loops","Self-Reinforcing Patterns","Self-reinforcing patterns",🔄
217,2026-08-05,ef2f423f-ecf3-4419-8aef-71914edd61d1,"How Your Brain Changes","Your brain rewires itself every time you learn something new","Learning physically changes the brain, strengthening connections between neurons that fire together.",🧪,da4b3b91-9ea2-406d-ba13-89068db2ed18,"Unintended Consequences","Actions Have Ripple Effects","Actions have ripple effects",🔄
218,2026-08-06,2252eb5c-569c-4817-81a8-7d4e6dcdedc5,"Helping Others Understand","Teaching is the fastest way to learn—explaining forces you to understand","Teaching transfers knowledge and skills from those who have them to those who need them.",⚛️,6351e796-5c6e-4996-8e57-a6b2edf1a2db,"Emergence","The Whole Is More Than the Sum","The whole is more than the sum",🔄
219,2026-08-07,adc308c7-1ce3-497c-adcc-5904597e0d0c,"How Packed Things Are","Density explains why some things float and others sink","Density is how much mass is packed into a given space.",🧊,1f82eeca-7587-4a1d-a67c-6c08bd80b928,"Scale","Small, Medium, Large Systems","Small, medium, large systems",🔄
220,2026-08-08,7cef5a31-d723-43c0-9d60-864a67c9246e,"Force Spread Over Area","A steel ship floats because its shape traps air and spreads weight across water","Buoyancy is the upward force water exerts on objects.",🚢,5628a1a9-a004-4885-9733-62e89ff2d536,"Time and Systems","How Systems Evolve","How systems evolve",🔄
221,2026-08-09,57b783fa-8e5b-47bd-a18d-d1b94f0e1e13,"Pushes and Pulls","Every movement starts with a push or pull—nothing moves without a force","Forces are pushes or pulls that cause objects to accelerate, decelerate, or change direction.",🛑,e56857f6-9c31-40bb-9298-661fbb98d040,"AI as a System","Understanding AI Architecturally","Understanding AI architecturally",🔄
222,2026-08-10,c38b746a-8663-4c61-b75f-7791672b4822,"How Things Move","Objects in motion stay in motion until something stops them—thanks, Newton","Motion is change in position over time—all movement is relative to a frame of reference.",🏃‍♀️,3cd8f3f5-d31a-47cb-9a51-6b8c16d2d41e,"You as a System","Body, Mind, Environment","Body, mind, environment",🔄
223,2026-08-11,5d37fb33-a34a-4eb7-8001-bcda7a65a373,"How Fast Things Go","Speed is distance divided by time—how much ground you cover and how quickly","Speed measures how quickly distance is covered—it tells you how fast but not which direction.",💨,938436c9-8527-457a-9727-2f3de176e063,"Learning Systems","Education as a Complex System","Education as a complex system",🔄
224,2026-08-12,012ba3bf-44a4-438f-9867-ec0384bef644,"Speeding Up and Slowing Down","Speed is distance divided by time—how much ground you cover and how quickly","Speed measures how quickly distance is covered—it tells you how fast but not which direction.",🚀,7619a19e-e8f4-434c-a4b5-a9d6f63ad679,"Social Systems","Communities and Societies","Communities and societies",🔄
225,2026-08-13,d2b78482-6152-43cb-8432-36bcbab50323,"What Slows Things Down","Friction is the universe's way of saying nothing lasts forever without effort","Friction opposes motion between surfaces in contact—without it, nothing would stop moving.",💪,b22591e8-0f45-48ce-a05b-2c77cde1dfbb,"Economic Systems","Money, Trade, Value","Money, trade, value",🔄
226,2026-08-14,157eace3-87df-4ee7-bcdb-6db4faeb994e,"Why Things Float","Things float when they push aside more water weight than they weigh themselves","Momentum is mass times velocity—heavy and fast things are hard to stop.",🚀,ae25539a-b580-4396-b94e-f16120582b68,"Ecological Systems","Nature's Interconnections","Nature's interconnections",🔄
227,2026-08-15,6b69938b-eac3-4d41-935b-82dcd08d1d6e,"How Things Stay in the Air","An object at rest stays at rest unless something pushes it—Newton figured that out","Flight requires generating enough lift to overcome gravity—achieved by wings, rotors, or thrust.",⚽,2b7a1ad4-10f5-48cb-aa7c-e1c42457cd1a,"Information Systems","How Data Flows","How data flows",🔄
228,2026-08-16,823c140b-784c-4e8a-989a-7481044d6668,"Moving Through Water","Water is 800 times denser than air—moving through it takes serious energy","Moving through water requires overcoming drag—streamlined shapes move more efficiently.",⚙️,4e53aee0-8898-4902-80ed-93f2936372a4,"Technology Systems","How Tools Connect","How tools connect",🔄
229,2026-08-17,f4bb9b78-141f-40fb-9fc8-336959d48edf,"The Human Superpower","Imagination is the human superpower—we can visit places that do not exist yet","Humans excel at endurance—we can outlast almost any animal in a long-distance pursuit.",⚙️,497918df-0fbe-4e5a-b9de-d0c322b60bcd,"System Maps","Visualizing Connections","Visualizing connections",🔄
230,2026-08-18,36f972d1-8016-443c-a650-c273cebe265a,"Going Up","Stairs are just ramps broken into steps—both trade distance for ease","Rising against gravity requires energy—every step upward stores potential energy in your body.",⚙️,a3aa2388-4469-43a2-b43f-e4b434a7544d,"Leverage Points","Where Small Changes Have Big Effects","Where small changes have big effects",🔄
231,2026-08-19,e92cfef5-d90f-4856-b84c-ac4062c906cd,"Making Structures","Every building is an argument against gravity—structure is how we win","Inclined planes trade distance for force, making lifting easier.",⛰️,7f3ee2e7-3a4d-4a20-bb73-e5768d9f8a9b,"System Traps","Patterns That Cause Problems","Patterns that cause problems",🔄
232,2026-08-20,51cab45c-f944-4d47-89ee-d2f3b2dc76fe,"When Things Come Apart","A wedge is a moving inclined plane that splits things apart","Taking things apart reveals how they work—understanding structure enables repair and improvement.",🪓,4de10018-27b4-4189-9add-616079019ef3,"System Resilience","Bouncing Back from Disruption","Bouncing back from disruption",🔄
233,2026-08-21,6f0efaec-2515-4fc0-9822-e128b42a574f,"Using Things Again","Recycling gives materials a second life—your trash can become someone else's treasure","Screws convert rotational force into linear force that holds things together.",🔩,0749a7f7-fa18-416e-be9c-0fd96b1caad4,"System Adaptation","Changing with Circumstances","Changing with circumstances",🔄
234,2026-08-22,77d635d3-c2fe-477e-9596-fb2cdd86bfd6,"When Stuff Ends Up Wrong","Pollution is stuff in the wrong place—sometimes the fix is moving it back","Pollution is matter or energy in the wrong place—harmful because ecosystems cannot process it.",⚙️,0943a602-928e-4e65-82a8-73a5f87e5484,"Mental Models","How We Understand Systems","How we understand systems",🔄
235,2026-08-23,0e6f97a7-53e0-4e87-92ec-35951f2e9837,"Protecting What We Have","Conservation is choosing to leave something for tomorrow","Conservation preserves resources for the future—using wisely today so there's enough tomorrow.",🪃,5b10bbe6-302a-4229-bf44-5216135a6688,"Seeing Patterns","Recognizing Recurring Structures","Recognizing recurring structures",🔄
236,2026-08-24,bf06b090-8e18-4348-a4bc-ec80eaffa123,"Living Without Using Up","Sustainability means using resources without using them up","Sustainability meets present needs without compromising the ability of future generations to meet theirs.",⏱️,2f1a1805-435d-49ae-934b-eb53ac3ae2cf,"Thinking in Loops","Circular Causation","Circular causation",🔄
237,2026-08-25,94c85045-8a5b-4191-8a13-da61dd88f37b,"Weather Patterns Over Time","Patterns are predictions—when you see a pattern, you know what comes next","Climate is the average of weather over decades—it determines what life can thrive in a region.",💡,54ed0344-949b-4b8f-8bdd-4b74fd6081fb,"Long-Term Thinking","Systems Change Slowly","Systems change slowly",🔄
238,2026-08-26,25688a95-ba5f-41cd-bdb1-8c484424380e,"What's Happening in the Sky","Weather is what the atmosphere is doing right now—always changing","Weather is the current state of the atmosphere—constantly changing hour to hour.",🔋,ca25ef31-7568-4b68-9a46-37b9e62f24da,"Complexity and Simplicity","When to Simplify","When to simplify",🔄
239,2026-08-27,ebf407dc-8f84-4c51-b06c-063df01f4447,"The Air Around Earth","Earth's atmosphere is a thin blanket of air that protects us from space","Earth's atmosphere is a thin layer of gases that protects life and makes weather possible.",🌈,048bb8a1-f06f-4e57-b13d-afd4404103fa,"Uncertainty and Systems","Embracing Unknowns","Embracing unknowns",🔄
240,2026-08-28,1ea2fc77-f96d-4f91-9767-c048fb6f9fca,"Earth's Sunscreen","The ozone layer is Earth's sunscreen—blocking radiation that would fry us","The ozone layer absorbs harmful ultraviolet radiation that would otherwise damage living tissue.",🌈,4a1703a4-a553-41d3-b867-9fbfb301faee,"Systems Problems","Wicked Problems with No Easy Solutions","Wicked problems with no easy solutions",🔄
241,2026-08-29,d1b85bd6-2068-4c9f-94ea-263c24d0deb2,"How Plants Eat Sunlight","Plants eat sunlight—they turn light into sugar, and sugar into everything else","Plants convert sunlight into chemical energy stored in sugar—the foundation of almost all food chains.",👁️,cc2dac66-6347-4bb7-957e-973dc5cdee01,"Systems Solutions","Working with Complexity","Working with complexity",🔄
242,2026-08-30,d62a13b7-3794-4b41-a513-4a1d87b667d9,"How Bodies Make Energy","Your body is a power plant—turning food into the energy you need to move and think","Metabolism is the set of chemical reactions that convert food into the energy cells need to function.",🪞,0d40ec56-c810-45f7-b011-2fdd05acbdb6,"Systems Practice","Applying Systems Thinking Daily","Applying systems thinking daily",🔄
243,2026-08-31,08bcbcbf-135a-45de-bd7c-84c45dfa8be6,"Blood's Endless Journey","Your blood travels about 12,000 miles a day—three times across America","The circulatory system delivers oxygen and nutrients to every cell and carries away waste.",📸,688b6c5f-1f20-4086-8bfa-dd6fd4d96d34,"Month in Review","Thinking in Systems","Thinking in systems",🔄
244,2026-09-01,1229eaf9-c651-41a5-9e65-d372850c5491,"Turning Food Into Fuel","Your digestive system is a disassembly line—breaking food into building blocks","Digestion breaks food into molecules small enough to be absorbed and used by cells.",🔭,34e9335c-6d59-4561-9cbc-88c387c98fdb,"What Makes Us Human","The Unique Gifts of Humanity","The unique gifts of humanity",🌟
245,2026-09-02,0a780da0-eb06-4de7-a5a0-ab1c62cb8b36,"Getting Rid of Waste","Your body is constantly taking out the trash—waste removal never stops","Pollution is matter or energy in the wrong place—harmful because ecosystems cannot process it.",🔬,301ba0d9-3ac8-414c-b5cc-ce6e49391d43,"Consciousness","Awareness and Experience","Awareness and experience",🌟
246,2026-09-03,a8a02870-f3ea-4cb9-8420-24aa20b0f4ac,"From One Cell to Trillions","You started as one cell—now you are trillions working as one team","Development turns a single cell into a complex organism through precisely controlled division and specialization.",🌳,8a48cdad-76ee-4680-89c0-b1c38e9b3d74,"Emotions","Feeling as Knowing","Feeling as knowing",🌟
247,2026-09-04,0a093c7c-1977-4766-ae61-f03001fd8c51,"How Bodies Fix Themselves","Your body is repairing itself right now—healing never takes a day off","Healing is the body's ability to repair damage—rebuilding tissue and fighting infection.",🌿,9426b834-7780-4811-a963-ad6311703489,"Empathy","Understanding Others' Feelings","Understanding others' feelings",🌟
248,2026-09-05,ca904147-d8e1-487e-aecc-6c53e9342770,"Animals That Hunt","Predators are nature's quality control—they keep prey populations healthy","Predators hunt other animals for food and control population balance.",🦁,61e56e8d-6a4f-4bf9-9ef2-1ca3630cb6c1,"Intuition","Knowing Without Knowing How","Knowing without knowing how",🌟
249,2026-09-06,2a700d5a-e212-4319-a44f-6de78a5f4824,"Animals That Get Hunted","Prey animals evolved speed, camouflage, and armor to survive being hunted","Prey are animals that predators hunt—evolution made them hard to catch.",🐇,d8947d86-0932-455a-880c-f6e5e071e452,"Wisdom","Knowing What Matters","Knowing what matters",🌟
250,2026-09-07,c0940746-be04-43ec-a6eb-cbb72d47ceb2,"Hiding in Plain Sight","Some animals are invisible until they move—camouflage is nature's greatest magic trick","Camouflage uses color and pattern to blend with surroundings, hiding from predators or prey.",🌿,80f065c5-570d-43c2-a42c-a36bb32c8b64,"Purpose","Finding Meaning","Finding meaning",🌟
251,2026-09-08,a6a0600b-955c-4b00-a06a-7706ddbc8e68,"Looking Like Something Else","Some harmless animals survive by looking exactly like dangerous ones","Mimicry copies the appearance of another species to gain its protections or advantages.",🦁,237e7176-92fa-4a1b-9a4f-b7129cc5ea01,"Values","What You Believe In","What you believe in",🌟
252,2026-09-09,36ac3175-747c-493a-bba1-31a04a7cc6a3,"Species That Help Each Other","Some species cannot survive without each other—nature invented partnerships","Omnivores eat both plants and animals, which helps them survive anywhere.",🐻,6bef99b8-81da-4f4f-ab35-8f328fc825f7,"Embodiment","Having a Body","Having a body",🌟
253,2026-09-10,a8e7c161-301e-4f90-b529-592c15a29904,"Living Off Others","Parasites take without giving back—but even they have a place in the web","Parasites take from their hosts without giving back—surviving at another's expense.",🍄,2527dcc4-e827-41d1-85e8-6f55b36c7c42,"Senses","The Five (and More) Ways We Perceive","The five (and more) ways we perceive",🌟
254,2026-09-11,ed91245d-1a30-4584-837a-7fe442b31116,"Nature's Cleanup Crew","Handwashing stops more disease than most medicines ever invented","Decomposers break down dead matter, recycling nutrients back into the ecosystem.",🌿,0ead4c59-a034-48cf-ac5f-acce3d148559,"Movement","Physical Intelligence","Physical intelligence",🌟
255,2026-09-12,1d49d6d8-70a6-4d36-b495-cf0f72dab7de,"Who Eats Whom","Food chains trace energy from sun to plant to animal to you","Food chains trace the flow of energy from producers through consumers to decomposers.",🫁,691ef576-2d74-4a50-90c2-67f0d42da9dc,"Health","Caring for Your Body","Caring for your body",🌟
256,2026-09-13,d06f8490-d66c-4bc3-8c75-1d0fcc360c1d,"Nature's Connected Eating","Food webs show how everything eats and is eaten—nature has no waste","Food webs show how multiple food chains interconnect—nothing exists in isolation.",🌿,e8697b55-6b5c-4a3b-84fc-ffe81270e1cf,"Relationships","Human Connection","Human connection",🌟
257,2026-09-14,c765bdbf-db80-4054-9020-386efa2d089e,"Energy Moving Through Life","Energy flows through ecosystems from sun to producer to consumer to decomposer","Energy flows through ecosystems, diminishing at each level as some is lost as heat.",🌿,4d4f68cf-f044-47c6-aac0-f0cddde760e2,"Love","The Deepest Connection","The deepest connection",🌟
258,2026-09-15,642526d7-c574-4f20-8cfc-a7eac5d0024c,"Earth's Different Zones","Biomes are nature's neighborhoods—each one has its own residents and rules","Biomes are large regions with similar climate, plants, and animals—defined by temperature and rainfall.",🎭,8990c539-2c2c-40f8-9683-36f1f15d399d,"Belonging","Being Part of Something","Being part of something",🌟
259,2026-09-16,7eeb79a2-8336-47dd-9760-835a30a1dd16,"Why Variety Matters","Biodiversity is nature's insurance—more species means more resilience","Biodiversity provides resilience—ecosystems with more species are more stable and productive.",🦋,166e6bfb-01eb-4a71-8b57-6549934c9d92,"Identity","Who You Are","Who you are",🌟
260,2026-09-17,a514d2ae-9c83-402a-bc48-c3d4003d6097,"Outsiders Taking Over","Invasive species are ecological bullies—they take over because nothing stops them","Invasive species disrupt ecosystems because native species have no defenses against them.",🐻,5944fc36-ab3b-4013-bd89-3a83cdc50864,"Culture","Shared Meaning","Shared meaning",🌟
261,2026-09-18,c2baf89a-68fc-4a94-bf40-a38f1c77f61b,"Who Belongs Where","Native species evolved to fit their home—they belong there","Native species evolved in place over thousands of years, fitting into local food webs.",🦋,b631d1b0-1677-46b0-850a-9aeccf29cdc6,"History","Learning from the Past","Learning from the past",🌟
262,2026-09-19,7e0e022c-b99e-481b-bb7d-3d5860212ddf,"Animals That Hold It Together","Keystone species are ecological superstars—remove them and everything falls apart","Keystone species have outsized effects—remove them and the whole ecosystem changes.",🌱,ecc68796-0876-4823-9251-588f1e639dca,"Stories","Narrative Understanding","Narrative understanding",🌟
263,2026-09-20,28ffdfb9-e936-4b1e-a2d0-00d943d04343,"How Life Makes More Life","Every living thing came from another living thing—an unbroken chain","Reproduction passes genetic information to the next generation, ensuring life continues.",🌱,1f6b5c75-ea05-499f-ab56-f8e09ddecd95,"Art","Human Expression","Human expression",🌟
264,2026-09-21,023de807-a987-44aa-a1d3-db2e72e00628,"The Code of Life","DNA is a four-letter alphabet that writes the instructions for every living thing","Extinction happens when every member of a species dies.",🧬,042fa85d-9418-495e-bff9-ff36981c256d,"Play","Joy and Exploration","Joy and exploration",🌟
265,2026-09-22,b97c0aec-dc73-48fb-8de4-c5c18948b84f,"What You Get From Parents","DNA is a recipe—you got half from each parent, combined into you","Heredity passes traits from parents to offspring through DNA—the molecule of inheritance.",🧬,cf2489d1-7d3b-4180-b950-1a53257e3657,"Humor","Laughter and Perspective","Laughter and perspective",🌟
266,2026-09-23,8cc79900-efef-4991-aa2d-3eef7e2b0377,"Why Everyone's Different","Variation is why no two snowflakes or people are exactly the same","Variation within species provides raw material for evolution—no two individuals are identical.",🧬,3bd28dc2-f67b-47a7-b3d3-615619c952ca,"Spirituality","Transcendent Experience","Transcendent experience",🌟
267,2026-09-24,f8dbfb5e-9d08-42d5-92fe-46565aff484d,"How Nature Chooses","Every choice closes some doors and opens others—choosing is shaping your future","Natural selection favors traits that improve survival and reproduction in a given environment.",💀,0f92b311-5baa-431c-bd89-fd0610e4fc92,"Nature Connection","Relationship with the Living World","Relationship with the living world",🌟
268,2026-09-25,c9d18a96-501f-4a2f-bc95-30b1507068bf,"Animals Running Out of Time","Endangered species are warnings—they tell us something is wrong with their home","Endangered species face extinction unless humans intervene to protect them and their habitats.",🐼,ea25a32e-8234-435d-b1bb-eaf39e351c6e,"Time Perception","Experiencing Past, Present, Future","Experiencing past, present, future",🌟
269,2026-09-26,11b2b2a1-78ad-4914-a5c3-af2dbd695ae2,"Places Species Call Home","Conservation saves species today so they exist for tomorrow","Conservation protects species and habitats from destruction.",🌍,f4135264-0cec-4824-a00c-a657461ea39d,"Mortality","Knowing Life Is Finite","Knowing life is finite",🌟
270,2026-09-27,2952d59d-26b3-49c9-b0a0-e10696220b5b,"Stuff in the Wrong Place","Pollution is just stuff in the wrong place—every mess has a better location","Pollution is waste that harms the environment when it ends up in the wrong place.",🌎,ab596025-8e66-4048-b56b-96c57ec6f6b0,"Legacy","What You Leave Behind","What you leave behind",🌟
271,2026-09-28,14c869e1-c9ff-4b2c-a756-c3939d737985,"Things That Grow Back","Recycling closes the loop—turning waste back into resources","Renewable resources replenish themselves naturally—used wisely, they can last forever.",♻️,f6219e32-c975-4422-bc0f-56c4f40714ea,"Growth","Continuous Development","Continuous development",🌟
272,2026-09-29,3187d0a7-1a64-4067-8f9e-db853c6d6bc0,"Things That Run Out","Resources are limited—using them wisely is how civilizations survive","Renewable energy comes from sources that naturally replenish.",♻️,7cd4c24b-3578-4b43-86aa-ec2421e2b165,"Human Potential","What We're Capable Of","What we're capable of",🌟
273,2026-09-30,1984c294-edcf-43cf-9a0b-6693a630e336,"Power From the Sun","The sun sends Earth more energy in an hour than humanity uses in a year","Solar energy harvests the power of the sun that reaches Earth.",☀️,c1b8aab9-6eaa-4664-af16-5b019140367b,"Month in Review","Celebrating Humanity","Celebrating humanity",🌟
274,2026-10-01,2f3fcd97-89bc-4340-8bd6-c8b3441e972e,"How Leaves Feed the World","Every leaf is a solar panel—converting sunlight into food that feeds the world","Plants are the primary producers—they capture solar energy that powers nearly all life on Earth.",🌬️,74162376-e5b7-4af8-bded-32df49c756ac,"Digital Footprint","Everything Online Leaves Traces","Everything online leaves traces",🔒
275,2026-10-02,d15509c4-9597-44c9-94c9-71af8a73a0d7,"Energy From Falling Water","Water power has run mills and turbines for thousands of years","Hydropower uses flowing water to generate electricity.",💧,3287b85e-c1d9-4a95-9122-7514cb46c427,"Data as Currency","Your Information Has Value","Your information has value",🔒
276,2026-10-03,14771b81-4aa9-4097-8775-d17ced90a7fa,"Ancient Sunlight Stored","Fossil fuels are ancient sunlight—millions of years of solar energy stored underground","Fossil fuels are concentrated solar energy from millions of years ago, stored in ancient organisms.",🌍,8b81ee60-633f-4ad1-8d9d-dadfcd0d1eb5,"Who Has Your Data","Understanding Data Collection","Understanding data collection",🔒
277,2026-10-04,73b63b21-c1b8-4350-8dc7-c930f133fc0b,"Power From Splitting Atoms","Nuclear energy comes from splitting atoms—enormous power from tiny particles","Nuclear energy releases the binding force of atoms—enormous power from tiny amounts of matter.",🌦️,2136b528-0fda-43e2-b9c8-ab2e5a7aa06c,"How Data Is Used","From Personalization to Manipulation","From personalization to manipulation",🔒
278,2026-10-05,fb25b502-5002-45ea-aa05-db221d2cfd92,"Using Less Power","The cleanest energy is the energy you do not use","Energy efficiency gets more useful work from less energy—reducing waste and cost.",🌡️,f529be0e-a502-42e7-ab3b-e68776f811a9,"AI and Your Data","How AI Learns from You","How AI learns from you",🔒
279,2026-10-06,40cc4e3e-84ff-43cb-9bd9-39b9aadf0e16,"Making Less Trash","The best way to manage waste is to create less of it","The best way to handle waste is to create less of it—reduce before reuse before recycle.",💧,f1a1122a-bac2-4bd9-8e03-9d73a9997622,"Privacy Rights","What You're Entitled To","What you're entitled to",🔒
280,2026-10-07,93091284-27eb-4c69-b295-03a122fb6d19,"Using Things Again","Everything you throw away had to be made from something—reusing saves that effort","Reusing gives products multiple lives, saving the energy and materials of making new ones.",💨,1b95ba6e-0d7f-4c12-8455-238631deec80,"Privacy Settings","Taking Control","Taking control",🔒
281,2026-10-08,27e9ecc5-1b8a-47e6-b5f9-3fbcbeb6143b,"Turning Old Into New","Recycling turns yesterday's trash into tomorrow's resources","Goals turn vague wishes into specific targets you can work toward.",🎯,4e72a397-d39c-439b-abaf-d11ac0548437,"Strong Passwords","Basic Digital Security","Basic digital security",🔒
282,2026-10-09,350a652b-97a5-4353-acc0-56b335fbec63,"Food Becoming Soil","Composting turns food scraps back into soil—nature's recycling program","Composting returns organic matter to the soil, completing nature's nutrient cycle.",💭,c68551ef-21c7-40d0-84e7-e8aa49aaacb8,"Phishing and Scams","Recognizing Threats","Recognizing threats",🔒
283,2026-10-10,591736bd-c253-4fe2-a2e8-ad58487a6ee8,"Deciding What You Want","Goals turn vague wishes into specific targets","Goals give direction to effort—without a destination, any path seems as good as another.",☀️,c6048587-fd0d-4ee0-8e85-a4a0f2d7db2f,"Safe Sharing","What to Post, What to Keep Private","What to post, what to keep private",🔒
284,2026-10-11,94092882-e3a3-4a1f-85a2-79d9df4f3623,"Things You Do Without Thinking","Habits are decisions you made once and then stopped thinking about","Habits automate behavior, freeing mental energy for decisions that require conscious thought.",💪,028c928d-714a-4f45-9711-a20c74d6b947,"Reputation Online","Your Digital Identity","Your digital identity",🔒
285,2026-10-12,17f792d7-1064-4f79-94fe-9ebf06598539,"Getting Better on Purpose","Purpose is your reason for doing things—it turns routine into meaning","Deliberate practice improves performance by targeting weaknesses with focused repetition.",💪,b7b219ff-8707-43bf-ada4-d4279e3daa87,"Digital Wellness","Healthy Technology Use","Healthy technology use",🔒
286,2026-10-13,d52f7562-b6fe-42cc-b1bf-cfba3441ec19,"When Practice Becomes Skill","Learning changes your brain physically—new connections form when you practice","Learning is how we acquire new knowledge and skills.",🧠,8179eabe-2b51-463e-b202-119aea8c0f92,"Screen Time","Balance and Boundaries","Balance and boundaries",🔒
287,2026-10-14,ef10a9a4-b2ab-47a0-b04e-45a65897d1a5,"Learning From Getting It Wrong","Learning physically changes your brain—new connections form when you practice","Learning physically changes the brain, strengthening connections between neurons that fire together.",🌱,493474c5-93c8-4a09-b2cf-baff7a9a24fb,"Social Media","Benefits and Risks","Benefits and risks",🔒
288,2026-10-15,d399424d-32e1-4608-bedd-bb9727d36d88,"Information That Helps You Improve","Feedback is a mirror—it shows you what you cannot see yourself","Feedback is information about how your actions are being received.",🚀,7ded064f-30f4-439b-83b2-db0b5b52c2fb,"Online Communities","Finding Your People","Finding your people",🔒
289,2026-10-16,ff132649-2ac2-455e-9ca0-404f6d55c3d3,"Getting a Little Better Every Day","Getting 1% better daily adds up to 37 times better in a year","Improvement is the process of getting better over time.",🌟,4e0440dc-eb18-4419-8287-f5b65c7f0909,"Digital Citizenship","Being a Good Online Citizen","Being a good online citizen",🔒
290,2026-10-17,e9b7013e-64a1-4bfa-8cb2-1129a0477f7f,"Knowing a Lot About Something","Mastery takes 10,000 hours—or about 10 years of serious practice","Expertise develops through thousands of hours of practice, building deep knowledge in a domain.",🧑‍🏫,c798dbe9-4709-4f79-9b9c-f3f5d9d4bbeb,"Respect Online","Treating Others Well","Treating others well",🔒
291,2026-10-18,cbd52319-f663-4e2c-97bf-7cce0ac015d5,"Knowing What Not to Do","Observation is the first step of science—noticing what others overlook","Wisdom knows not just what to do, but when to act and when to refrain—judgment born of experience.",👁️,0d4fe5b6-730b-4459-9d15-d715a0445921,"Cyberbullying","Recognizing and Responding","Recognizing and responding",🔒
292,2026-10-19,f7dc5a9a-1c00-4c74-b1e7-3fa2a5a25828,"Different Ways of Being Smart","There are many ways to be smart—school only measures a few of them","Intelligence takes many forms—some people excel at words, others at numbers, patterns, or people.",🧪,68f311fb-e5b5-4f01-85e6-a51a6f5038f7,"Misinformation Online","Navigating False Information","Navigating false information",🔒
293,2026-10-20,1976588b-10fd-4739-bb74-43c7aecb8b27,"Natural Abilities and Practice","Practice is not about perfection—it is about getting better each time","Deliberate practice improves performance by targeting weaknesses with focused repetition.",🧪,b0f64efd-bd65-44d5-8028-93825f333470,"Echo Chambers","Avoiding Filter Bubbles","Avoiding filter bubbles",🔒
294,2026-10-21,02176ff8-8485-4216-ad2b-1119170ad339,"How We Know What's True","Data is raw information—it only becomes knowledge when you analyze it","Knowledge emerges when evidence is tested, questioned, and confirmed by multiple sources.",🔍,da4408f6-e160-41ae-940e-1538423c4554,"Digital Literacy","Essential Online Skills","Essential online skills",🔒
295,2026-10-22,09f207d2-d799-42a6-8a73-d017518cc928,"Guesses You Can Test","A hypothesis is an educated guess—science is just guessing and checking","A hypothesis is a testable prediction—science advances by trying to prove itself wrong.",🤔,522b3e79-474c-40d1-a501-2b2cca07421d,"Platform Awareness","How Social Platforms Work","How social platforms work",🔒
296,2026-10-23,daa4b9e7-e335-483f-b8fe-3f560ace3d0f,"Asking Nature Questions","Science is asking nature questions and actually listening to the answers","Experiments ask nature questions by changing one thing and observing what happens.",🔍,89e3eed8-ecc1-4d31-a021-c4d614dd211a,"Algorithm Awareness","How Recommendations Work","How recommendations work",🔒
297,2026-10-24,7b7657c9-7d37-45be-a287-b1bd8d311ee9,"Seeing on Purpose","Observation is seeing on purpose—noticing what you were looking for","Scientific observation is seeing with intention—noticing details that casual looking misses.",🔍,cdd9f4ab-a69a-4c2d-bcb1-314dcffc2ac5,"Advertising Awareness","Recognizing Paid Content","Recognizing paid content",🔒
298,2026-10-25,534ccb88-b793-42a6-8d56-277df29218c6,"What the Evidence Means","Evidence is what separates opinions from facts","Analysis extracts meaning from data—finding patterns and relationships in observations.",🗂️,1908ed4c-7878-4c89-8900-0bed96e44572,"Consent Online","Agreeing to Terms You Understand","Agreeing to terms you understand",🔒
299,2026-10-26,4d348cf2-58c2-471f-b396-1378e2764252,"Explanations That Keep Working","A scientific theory is not a guess—it is an explanation that keeps working","Scientific theories are explanations that have survived repeated testing—reliable but always revisable.",📏,efa601cd-3569-43fc-abfd-e80d955c6299,"Right to Be Forgotten","Removing Digital History","Removing digital history",🔒
300,2026-10-27,cc4b3a94-14bd-4a83-aa2e-b2b6983a52b8,"Rules Nature Always Follows","Nature follows patterns so consistent that we call them laws","Natural laws are patterns that never break—they describe how the universe consistently works.",🤔,8192260c-b231-4c10-a4ad-9e194a8a578b,"Data Ownership","Who Owns Your Information","Who owns your information",🔒
301,2026-10-28,6445d0c1-4f58-4c28-b4e3-888a6d58b23d,"How Likely Things Are","Probability is math for uncertainty—knowing how likely unlikely things are","Probability measures uncertainty—how likely something is to happen out of all possibilities.",🧼,6946d9ef-5c72-4923-aeda-62be203dbb74,"Privacy Advocacy","Protecting Collective Privacy","Protecting collective privacy",🔒
302,2026-10-29,bafbb2a9-e549-4d17-b3ca-eee20ec57b19,"Finding Patterns in Numbers","Patterns are predictions—when you see a pattern, you know what comes next","Statistics reveals patterns in data that would be invisible in individual observations.",🍎,9f786de6-ed0c-410e-821f-6c5a07a8e041,"The Future of Privacy","Where Things Are Heading","Where things are heading",🔒
303,2026-10-30,0e7dfe56-d993-4fe0-8c7a-1c19af109373,"Why Moving Matters","Your body was built to move—sitting still is what it was never designed for","Exercise maintains the body's systems—use it or lose it applies to muscles, bones, and brain.",💪,e3c00e64-4fdb-4a76-a015-a9cea7bb28f2,"Privacy Balance","Sharing vs Protecting","Sharing vs protecting",🔒
304,2026-10-31,6e360162-7d2e-4195-89eb-271096be40c5,"Building Stronger Muscles","Muscles grow when you damage them slightly—rest is when they rebuild stronger","Muscles grow stronger by being stressed and then recovering—progressive overload drives adaptation.",😴,d9ad166b-f778-47fd-9237-b88c6e53ca24,"Month in Review","Digital Citizenship in Practice","Digital citizenship in practice",🔒
305,2026-11-01,8485b303-5ec6-4e88-8dd5-73e9ae08d117,"Going Longer Without Stopping","Endurance is not about being fast—it is about not stopping","Endurance improves as the body becomes more efficient at delivering oxygen and using fuel.",🧘,dc93f655-731e-413b-8e0f-c4a1852ea714,"Learning Never Stops","Lifelong Learning as a Way of Life","Lifelong learning as a way of life",🚀
306,2026-11-02,47737b51-8af2-43e0-9745-7012f1ebf687,"Bending Without Breaking","Flexibility prevents breaks—in bodies and in plans","Flexibility allows joints to move through their full range—it decreases with disuse.",🧘,a1e9e380-c931-4c56-958e-9ab2de328f87,"Change as Constant","Adapting to New Realities","Adapting to new realities",🚀
307,2026-11-03,0c90d820-ce06-4c07-b75d-eb37eb4450fc,"Brain and Body Working Together","Your brain and body talk constantly—millions of signals every second","Coordination links sensation and movement—the nervous system orchestrating muscles in time.",🧘,dbc490e6-11bd-4604-9c9c-fd185ddacec0,"Skills That Last","Capabilities That Transcend Technology","Capabilities that transcend technology",🚀
308,2026-11-04,01617531-c264-45a9-9769-20704333945b,"How Fast You Can Respond","Reaction time is the gap between sensing danger and acting—milliseconds can save your life","Reaction time is how quickly your brain can process a stimulus and initiate a response.",🧘,a23ec822-4f54-4646-98b3-2af141ee195f,"Skills That Evolve","Staying Current","Staying current",🚀
309,2026-11-05,72383415-f95f-4392-9964-750dee297ee2,"Why Water Keeps You Working","Your brain is 75% water—dehydration makes thinking harder before you feel thirsty","Water is essential for every body function—dehydration impairs performance before you feel thirsty.",🧘,c050801c-ff09-4276-9337-536f65dc7234,"Future of Work","How Jobs Are Changing","How jobs are changing",🚀
310,2026-11-06,806197fa-c68c-4ff5-9697-573a054e9651,"Preparing Your Body","Warming up tells your body: get ready, we are about to work hard","Warming up prepares the body for exertion—increasing blood flow and loosening muscles.",🤸,a60a0c8f-b169-4017-b245-007f394549a3,"Future of School","How Education Is Changing","How education is changing",🚀
311,2026-11-07,b1c6c942-1834-4bf1-9ad1-e694bfecc270,"How You Hold Your Body","How you hold your body affects how your body feels","Mental health is the state of your emotional and psychological wellbeing.",🧍,02aaf2c1-0190-4d5e-bd42-8faf0a342e77,"Self-Directed Learning","Taking Charge of Your Education","Taking charge of your education",🚀
312,2026-11-08,1cd9538d-1fa7-4bb6-8589-e81552295648,"Help Until Help Arrives","First aid is help until real help arrives—knowing what to do saves lives","First aid stabilizes injuries and prevents them from worsening until professional help arrives.",⛑️,e28f321e-3409-4b9b-b45c-7991db87d110,"Learning Resources","Where to Find Knowledge","Where to find knowledge",🚀
313,2026-11-09,728a154f-918e-4c22-b43e-0f371f8c6385,"Avoiding Things Going Wrong","Most accidents are preventable—safety is awareness before it is needed","Prevention costs less than treatment—avoiding problems is easier than fixing them.",🩹,5d536078-17c5-4e0e-a1e0-a3dc4b5e8608,"Learning Pathways","Different Routes to Mastery","Different routes to mastery",🚀
314,2026-11-10,49e397f4-303d-4458-8a8f-7f22207ece1c,"Ready Before It Happens","Emergency preparedness means thinking ahead when you have time","Being prepared reduces panic and improves outcomes during emergencies.",⛑️,d27d5bd1-6035-4eb3-a64c-a561fb6405f7,"Credentials and Learning","Degrees vs Skills","Degrees vs skills",🚀
315,2026-11-11,d79bd667-5a3c-4ebd-a8af-ad39e2021abb,"Weighing What Could Go Wrong","Risk is math with consequences—weighing what could happen against what you gain","Risk assessment weighs potential harm against potential benefit to guide decisions.",🔥,fae46a7e-6922-440a-851a-8161e2d6328d,"Portfolio Learning","Demonstrating Capabilities","Demonstrating capabilities",🚀
316,2026-11-12,d24b11f3-6b65-4ee0-b37a-6aa9a694615c,"Recognizing Real Threats","Water is more dangerous than most people realize—respect it","Recognizing real dangers while ignoring false alarms is essential to survival without constant fear.",🏊,4239c626-ace0-43fe-94f2-bd695c84166b,"Just-in-Time Learning","Learning When You Need It","Learning when you need it",🚀
317,2026-11-13,52de91d4-9ea8-417c-845e-0737072a298a,"Your Body's Alarm System","Fear is your brain's alarm system—it is trying to protect you","Fear is the body's alarm system—it evolved to protect us from genuine threats.",🛡️,8143dabd-a82b-4d93-b1b1-9fbfbc744375,"Deep Learning","Mastering a Subject","Mastering a subject",🚀
318,2026-11-14,b36fa5d0-7dbd-4a9f-b4ae-a54458f96e93,"Worry About What Hasn't Happened","Anxiety is fear of things that have not happened yet—and might never happen","Anxiety is fear about things that haven't happened yet—sometimes useful, often excessive.",🛡️,923d5562-554a-459b-afd4-6ae4d8e9a36d,"Broad Learning","Knowing a Little About a Lot","Knowing a little about a lot",🚀
319,2026-11-15,056b2552-6d34-4c17-88b7-a2540f179726,"Stopping Hurt Before It Starts","Bullying is about power, not conflict—stopping it requires changing power dynamics","Bullying uses power to intimidate—it harms both victims and bystanders who witness it.",🛡️,48b329c3-0899-4b6c-8bf0-b4cf06f39b1f,"T-Shaped Learning","Deep and Broad Together","Deep and broad together",🚀
320,2026-11-16,12319da0-45b2-46fe-adc0-6d547035eccc,"Asking and Respecting the Answer","Consent is asking—and accepting whatever answer you get","Consent must be freely given, clearly communicated, and can be withdrawn at any time.",🤝,097b147a-362d-47db-b8a9-bd7d83fc7492,"Learning Agility","Getting Better at Learning","Getting better at learning",🚀
321,2026-11-17,3c4f8007-98d7-4e14-ab3f-9d3b6ee8c491,"Where You End and Others Begin","Boundaries are invisible lines that protect your wellbeing","Boundaries define what you will and will not accept from others.",🛡️,1bec54d2-eb50-4a2d-b087-9b82b8688fed,"Unlearning","Letting Go of Outdated Knowledge","Letting go of outdated knowledge",🚀
322,2026-11-18,6f82632c-25ce-44ba-ba29-c20c71a6cc53,"What's Yours to Share","Privacy is deciding what parts of yourself you share and with whom","Online privacy requires intentional choices about what you share.",🔒,4e13f007-791b-4744-88a7-59428196de24,"Relearning","Updating Your Understanding","Updating your understanding",🚀
323,2026-11-19,5fd1dee8-7c6f-4d07-939d-64f1ea5493c7,"Who You Are","Identity is who you are when nobody is watching","Identity is who you understand yourself to be—shaped by experience, relationships, and choices.",👤,77a18d74-9da7-4125-b6d6-4c4f45f4481d,"Human-AI Learning","Learning with AI Partners","Learning with AI partners",🚀
324,2026-11-20,979abc98-d7ee-409c-b65c-c6a873e9e6eb,"Showing Who You Are","Identity is who you are when nobody is watching","Identity is who you understand yourself to be—shaped by experience, relationships, and choices.",🗣️,6b1a611f-6684-43c8-a4e4-69ec63267c87,"Personalized Learning","Tailored to You","Tailored to you",🚀
325,2026-11-21,d07a619f-6e2e-4890-bc25-8d9610d9b18a,"What Makes You You","Nobody in history has ever been exactly like you—that is your gift","Individuality is what makes you unique among all humans.",🌟,bf54a82a-1bbf-4897-84ec-654d4b594171,"Collaborative Learning","Learning with Others","Learning with others",🚀
326,2026-11-22,61540521-a290-4bc4-a834-77e53e782add,"Why Difference Matters","Diversity is not a problem to solve—it is a resource to use","Diversity means differences exist and those differences have value.",🌍,cc6909df-ac8e-41b4-9b5a-3128a7c408ee,"Experiential Learning","Learning by Doing","Learning by doing",🚀
327,2026-11-23,f4229be2-c510-451c-bba5-a9c1f0375f74,"Making Room for Everyone","Inclusion means everyone belongs—not just tolerates being there","Inclusion means everyone has a place and everyone's voice matters.",🤝,4a968ae1-a070-46f5-8396-b463809e136f,"Project-Based Learning","Learning Through Creation","Learning through creation",🚀
328,2026-11-24,764bf3ec-df8f-42fe-9e27-005bc3a1d073,"Feeling What Others Feel","Empathy is feeling what others feel—your heart has an imagination too","Equality gives everyone the same thing; equity gives everyone what they need.",⚖️,13bf97d3-2b32-4e4d-a95d-fc6d639a75bc,"Problem-Based Learning","Learning Through Challenges","Learning through challenges",🚀
329,2026-11-25,13f0162f-bb86-47bf-87e7-5939a7ad9628,"Caring That Becomes Action","Compassion is empathy with action—feeling plus doing something about it","Compassion combines feeling others' suffering with motivation to help relieve it.",⚖️,35eb9d5f-5ff7-44f8-b0e4-9945d8354a1f,"Learning from Failure","When Things Go Wrong","When things go wrong",🚀
330,2026-11-26,3ff9d7fc-fd3b-42b4-a043-5db38eb96d88,"What Everyone Deserves","Rights are not gifts—they are protections you have just for being human","Rights are protections all people deserve simply by being human—they are not earned.",⚖️,3ab35ee9-61fa-45ed-a979-9e299e3fcc10,"Learning from Success","When Things Go Right","When things go right",🚀
331,2026-11-27,d6d744e2-cddb-40c0-8884-8f8914198c18,"What You Owe Others","Duties are what you owe—rights come with responsibilities","Responsibilities are obligations we have to others and ourselves.",🔑,6e875756-605b-4e32-b619-d4866bdb50a4,"Learning Mindset","Approaching All of Life as Learning","Approaching all of life as learning",🚀
332,2026-11-28,8c441eea-c29c-4fa1-a861-b29e80d0b7e7,"Being Part of a Place","Citizenship is belonging to a place and taking responsibility for it","Citizenship is belonging to a nation and participating in its governance.",🗳️,0142ffae-8ab4-4846-9ce3-9209183936ed,"Teaching the Future","Preparing the Next Generation","Preparing the next generation",🚀
333,2026-11-29,3f13d1ed-2923-4d33-9dd7-b52be9a9f32a,"People Deciding Together","Democracy means the people decide—but only if they participate","Democracy is government by the people through voting and civic engagement.",🗳️,faac0452-1101-4d70-8c3d-0af307783c20,"Learning Goals","What Do You Want to Learn?","What do you want to learn?",🚀
334,2026-11-30,0a3b717e-2dfc-49f1-beeb-18c229c4f139,"Your Voice in Decisions","Every choice closes some doors and opens others—choosing is shaping your future","Voting is choosing representatives who make decisions on your behalf.",🗳️,935d1d70-29ff-4b0a-8a62-fddf2c29c5a6,"Month in Review","Learning for Life","Learning for life",🚀
335,2026-12-01,8dd06a43-800d-4fb4-a8af-594e0b49fc83,"How Groups Make Rules","Laws are agreements about how we will treat each other—written down so we remember","Laws are rules enforced by governments to maintain order and justice.",⚖️,3e893b5d-e258-458e-a063-c10a483c0063,"Year in Review Part 1","What You Learned About AI","What you learned about AI",🔮
336,2026-12-02,f108643d-00d4-4d88-9574-0b980d0ec363,"Rules Everyone Agrees On","A constitution is the rules about how rules are made","Constitutions are fundamental rules that govern how other rules are made and enforced.",🕊️,545dcaa0-c591-476d-9e9a-761a40f08e03,"Year in Review Part 2","What You Learned About Yourself","What you learned about yourself",🔮
337,2026-12-03,58ed683b-8848-4f30-bca0-1b53a1503381,"How People Trade","Trade made strangers into partners—you help me, I help you","Trade creates value by moving goods from where they are abundant to where they are needed.",🕊️,28e78262-07dc-4a6a-aedf-f0d785b2acce,"Year in Review Part 3","What You Learned About Learning","What you learned about learning",🔮
338,2026-12-04,75b0402e-e3d2-4dca-9f01-a4b09976cbf8,"How Money Works","Money is just a promise—a promise that someone else will accept it too","Money is a medium of exchange—it represents value that can be stored and transferred.",🤝,a9cadd8d-6647-4e36-b755-f5325936514f,"Connecting the Dots","How Everything Relates","How everything relates",🔮
339,2026-12-05,17b3651e-a545-4580-a196-277afa114d02,"Exchanging What You Have","Negotiation is the art of finding what both sides want enough","Exchange benefits both parties—each gives up something they value less for something they value more.",🤝,377a0f50-5f58-42b2-bac1-cf0d6fd23e73,"Your Knowledge Map","Visualizing What You Know","Visualizing what you know",🔮
340,2026-12-06,4be53daa-926d-4467-9c59-661202d76b3b,"Trading Time for Value","Work is trading time for value—time you cannot get back","Work trades time and effort for resources—the foundation of economic participation.",🤝,dab9ee74-82cf-4701-ae9d-0ae8c0a4720c,"Gaps and Growth","Where You Want to Go Next","Where you want to go next",🔮
341,2026-12-07,dbe10c86-d84d-4a85-9e50-ec37fb15be88,"Keeping for Later","Saving is paying your future self—money you do not spend now","Saving defers consumption to the future—building resources for later needs or opportunities.",🕊️,3f2ef992-61e9-4a4a-b016-201a0a8af49c,"Celebrating Progress","Acknowledging How Far You've Come","Acknowledging how far you've come",🔮
342,2026-12-08,22806063-475d-4667-9f20-85362d930d74,"Choosing What to Buy","Every purchase is a choice—no one can spend the same dollar twice","Spending decisions reveal what people truly value—money is concentrated choice.",❤️‍🩹,73ed20b8-6c44-4b27-8cd1-a99094ce8bc0,"Sharing What You Learned","Teaching Others","Teaching others",🔮
343,2026-12-09,23b17d13-87df-4546-8aac-7ea5c9740cea,"Sharing What We Have","Giving creates connections—it says I have enough to share","Generosity strengthens social bonds and often returns more than it costs.",🤝,a44ccd46-2ace-44dd-9fd0-3e8ba6364f87,"Gratitude for Teachers","Thanking Those Who Helped","Thanking those who helped",🔮
344,2026-12-10,68b9a838-13aa-42d6-ae93-af646c5898c9,"Accepting What's Given","Receiving gracefully is a skill—it lets others feel the joy of giving","Receiving gracefully honors the giver and completes the circuit of generosity.",🤝,9ffd50cc-07cd-460f-a9dc-302be886c17c,"You as a Teacher","How You've Helped Others","How you've helped others",🔮
345,2026-12-11,6822c246-7bb1-4b07-8008-6ff9b3e51561,"Noticing What's Good","Gratitude rewires the brain to notice what is good instead of what is missing","Attention to the positive increases both perception and experience of good things.",💔,b5320184-39dc-4d7d-a9cd-69ca68d4380f,"The Learning Community","We Learn Together","We learn together",🔮
346,2026-12-12,aa4e80d0-5658-4757-ba7e-bdc5968ccfb3,"Believing Better Is Possible","Hope is not wishful thinking—it is believing effort can change things","Hope expects improvement and motivates action—despair paralyzes, hope mobilizes.",🛠️,6549b73f-3656-4826-b5b5-f9888c4722c6,"AI as Learning Partner","Reflecting on the Relationship","Reflecting on the relationship",🔮
347,2026-12-13,f2bbf8aa-634e-40fd-a956-ff94d7646ac4,"Believing We Can Improve","Believing improvement is possible is the first step to actually improving","Growth mindset sees abilities as developable—effort and strategy lead to improvement.",🌱,8e79f746-55f1-4ef2-8abb-f8965625214e,"Human as Learner","What Makes You Unique","What makes you unique",🔮
348,2026-12-14,08dc0edd-b9bb-445d-b4cb-7954f142cd34,"When Change Feels Impossible","The belief that change is impossible becomes the biggest obstacle to changing","Fixed mindset sees abilities as static—avoiding challenges that might reveal limitations.",🧠,96120780-b442-4f9e-b307-d79bfbfe0c24,"Setting Next Year Goals","What Will You Learn?","What will you learn?",🔮
349,2026-12-15,d20fd28c-8ace-4004-8099-06cde9bde37a,"The Voice in Your Head","The voice in your head is not always right—you can argue with it","Self-talk is your internal dialogue, and you can make it more helpful.",🗣️,d2003ceb-746e-4ed8-8fd0-1895525440da,"Creating Your Learning Plan","Structuring the Year Ahead","Structuring the year ahead",🔮
350,2026-12-16,46047d48-440e-4a31-a7fb-ce468b276d7d,"Words That Shape Beliefs","Some words convince, others confuse—learning the difference changes everything","Affirmations are positive statements that shape how you see yourself.",🌟,7e46e896-131d-4b97-9933-5e3890dd8ab1,"Building Learning Habits","Daily Practices","Daily practices",🔮
351,2026-12-17,c4783d5e-8c27-4b38-9601-577c4951c493,"Practicing in Your Mind","Self-esteem is your opinion of yourself—you can update it","Visualization is mentally rehearsing success before it happens—the brain activates similar patterns whether imagining or doing.",🔮,835e5876-bed4-46ac-a590-8879b701d470,"Learning Accountability","Staying on Track","Staying on track",🔮
352,2026-12-18,ccc8d1c6-c275-4245-b5c1-87aaffe8348e,"Quieting Your Thoughts","Self-compassion is treating yourself as kindly as you would treat a friend","Meditation trains attention and awareness, creating calm focus amid chaos.",🚀,04f6c507-04b5-4933-bc3d-fe9b957aa3ca,"Learning Joy","Rediscovering the Love of Learning","Rediscovering the love of learning",🔮
353,2026-12-19,a52dadf9-819b-4a80-aa33-3f0be5119e66,"Being Where You Are","Mindfulness is noticing now instead of worrying about later","Presence is full attention to the current moment—not lost in past regret or future worry.",💡,0da3802f-204d-4030-91c2-011e5460f62f,"The Compound Effect","Small Daily Learning Adds Up","Small daily learning adds up",🔮
354,2026-12-20,7446c092-d2f2-41b6-ae8e-fccc79f0ea8a,"What Makes You Come Alive","Nobody in history has ever been exactly like you—that is your gift","Passion is sustained intense interest—it develops through engagement, not discovery.",🔥,bf035e10-cfd9-418d-9c0c-2c4b8a19d3dc,"Your Learning Identity","Who Are You as a Learner?","Who are you as a learner?",🔮
355,2026-12-21,c8c0df6c-9148-4f69-9ff8-ef3f31a65be5,"Why You Get Up","Purpose is your reason for doing things—it turns routine into meaning","Purpose gives meaning to effort—it answers the question of why your actions matter.",🧭,3741bac1-6964-41ca-9438-88f8d37bf358,"Staying Curious","Keeping the Spark Alive","Keeping the spark alive",🔮
356,2026-12-22,16d8009b-dd98-45d1-a7a3-778bb367b1d5,"What Makes Life Matter","Meaning is not found—it is created by how you live","Meaning emerges from connection, contribution, and pursuit of something beyond yourself.",🧭,bb16c064-105a-461e-972a-cecc5c54f954,"Embracing Uncertainty","Learning to Not Know","Learning to not know",🔮
357,2026-12-23,b1e2ac14-7247-45b4-b904-da26c2049f54,"Deciding Right From Wrong","Ethics is thinking about right and wrong before you act","Ethics examines how we should act—principles for navigating moral choices.",⚖️,081a22f0-a285-4de9-9e78-db4b25fd8a24,"Taking Risks","Trying New Things","Trying new things",🔮
358,2026-12-24,0c38c269-8e31-4d8c-b1d7-f814b9673ba7,"What You Care About Most","Values are invisible until choices make them visible","Values are principles that guide decisions—revealed by choices, especially difficult ones.",⚖️,3ea94b15-6885-4117-ad4e-6ffa8c14e07c,"Rest and Learning","The Importance of Breaks","The importance of breaks",🔮
359,2026-12-25,5d1263f7-9344-40b8-ab75-21b55c2dff1c,"Who You Are When No One's Looking","Identity is who you are when nobody is watching","Character is who you are when no one is watching—the sum of your habitual choices.",🌟,0793421e-e835-4ad1-be3d-b1ecf8695faa,"Celebrating Others","Learning from Peers' Journeys","Learning from peers' journeys",🔮
360,2026-12-26,8b7a0842-3fd7-4c91-9c95-5d07555e0585,"What You Leave Behind","Legacy is what remains when you are gone—make it worth remembering","Legacy is the impact that outlasts you—what remains when you are gone.",🦉,c214f438-cabd-402d-acbb-2dd67efc590d,"Looking Forward","What Excites You?","What excites you?",🔮
361,2026-12-27,d06f0a8c-9c79-44dd-a1be-b9349673fbd5,"Looking Back to Learn","Reflection turns experience into wisdom—without it, years teach nothing","Reflection extracts lessons from experience—without it, we repeat mistakes instead of learning.",🌱,8b668f8f-97c9-44d0-9a00-260a95a3f6b0,"Looking Inward","Who Are You Becoming?","Who are you becoming?",🔮
362,2026-12-28,0dfbad76-a5ea-4289-be4c-c993fd102371,"Marking What Matters","Celebration marks moments worth remembering—do not skip them","Celebration marks milestones, reinforcing their importance and creating shared memories.",🌱,20b30070-8926-4a4b-b440-bad6956f77fb,"Looking Outward","How Can You Contribute?","How can you contribute?",🔮
363,2026-12-29,8ec347dc-3902-4a77-9488-6ff61842aaa7,"Appreciating What You Have","Gratitude rewires your brain to notice what is good instead of what is missing","Gratitude shifts focus from what's missing to what's present—improving wellbeing measurably.",🤝,d82684c7-fc3f-4759-b513-055d4e36527a,"The Learning Life","Making Learning Your Lifestyle","Making learning your lifestyle",🔮
364,2026-12-30,0d67adf0-e37a-4383-9427-eeeab62af286,"Starting Fresh","Every ending is also a beginning—today is always day one if you decide it is","Fresh starts provide psychological permission to change—the calendar creates natural reset points.",😊,1123ca88-a853-46b8-aeb0-267518f15d9a,"Final Wisdom","What You'll Carry Forward","What you'll carry forward",🔮
365,2026-12-31,fdaaa4d4-60da-426b-bf1b-2001464e45f9,"365 Days of Growing","Growth is invisible daily but undeniable yearly—keep going","Growth happens gradually—small daily improvements compound into transformative change.",🧠,ed53e782-1543-4fd5-a8e1-9f9421d32ee6,"The Next Chapter","Your Journey Continues","Your journey continues",🔮