file_path,file_name,folder,status,confidence,min_distance,closest_reference,dimensions,file_size_kb,phash
"C:\Users\user\UI-TARS-desktop\kelly-lora-test.png","kelly-lora-test.png","C:\Users\user\UI-TARS-desktop",GOOD,64.75,85,"facing to the left.png",1344x768,762.88,f39993398e73cce66643933399e64c9b8cce8c9b4cc999cc998ccccccc9898cc
"C:\Users\user\UI-TARS-desktop\public\kelly\mid\mid-left.jpeg","mid-left.jpeg","C:\Users\user\UI-TARS-desktop\public\kelly\mid",SUSPICIOUS,40.0,110,"head and shoulders without chair.png",1920x1071,359.35,e659cc659f66d99639999873ca30399ed831399b9b312c9bc73864cccc616664
"C:\Users\user\UI-TARS-desktop\public\kelly\out\out-left.jpeg","out-left.jpeg","C:\Users\user\UI-TARS-desktop\public\kelly\out",IMPOSTER,29.25,120,"close up of kellys eyes.png",1920x1071,298.89,e66629ced99992316d99c19c2666e6648ca663d833319ce74e33f1990d9cf866
"C:\Users\user\UI-TARS-desktop\public\kelly\out\out-right.jpeg","out-right.jpeg","C:\Users\user\UI-TARS-desktop\public\kelly\out",IMPOSTER,29.0,121,"profile of kelly.png",1920x1071,307.75,e666099bd99992646dd9c6993766f32199b6664932299c866302f08d8dddf933
"C:\Users\user\UI-TARS-desktop\public\kelly\mid\mid-right.jpeg","mid-right.jpeg","C:\Users\user\UI-TARS-desktop\public\kelly\mid",SUSPICIOUS,52.75,97,"facing to the left.png",1920x1071,355.83,f359cf309f33ccc364cc5cf4cc661ccf99383cc9cf1c38c18b2c32c9cb303993
"C:\Users\user\UI-TARS-desktop\public\kelly\choices\choice_left.png","choice_left.png","C:\Users\user\UI-TARS-desktop\public\kelly\choices",GOOD,69.25,80,"Curious Kelly in final pose in Chair - UI elements will go on the side rails - Copy.png",1344x768,825.02,b119c31398664c64b3c6ce661c7899c6cc9bccd9198c999ed9999918d9db6d99
"C:\Users\user\UI-TARS-desktop\public\kelly\choices\choice_right.png","choice_right.png","C:\Users\user\UI-TARS-desktop\public\kelly\choices",GOOD,62.75,87,"Curious Kelly in final pose in Chair - UI elements will go on the side rails - Copy.png",1344x768,856.43,b71be2f11e67c8e6e0cc9e2ec9c4d9929d19d9939999991bc991199b261962e1
"C:\Users\user\UI-TARS-desktop\test_kelly_character_consistent.png","test_kelly_character_consistent.png","C:\Users\user\UI-TARS-desktop",SUSPICIOUS,45.75,104,"slightly turning her head.png",896x1280,1614.04,b8d3998b41fc4bc44e6da63c369f67316b785b239732963233336b21692592c6
"C:\Users\user\UI-TARS-desktop\public\kelly\day-001-perfect\q1\kelly-examining-leaf.png","kelly-examining-leaf.png","C:\Users\user\UI-TARS-desktop\public\kelly\day-001-perfect\q1",IMPOSTER,31.0,119,"facing to the left.png",1344x768,1392.35,ca01df61bd4e6da3946aa2df95a6ca99b26076cc9b1b924d924f0ed1e4179a15
"C:\Users\user\UI-TARS-desktop\public\kelly\day-001-perfect\q3\kelly-roots.png","kelly-roots.png","C:\Users\user\UI-TARS-desktop\public\kelly\day-001-perfect\q3",IMPOSTER,34.5,115,"head and shoulders without chair.png",1344x768,1424.71,f34db54c4f1cb3917a22ca66a5f75d620781ac5bd82c908ce4e29b64ee47073b
"C:\Users\user\UI-TARS-desktop\public\kelly\day-001-perfect\hook\kelly-forest-welcome.png","kelly-forest-welcome.png","C:\Users\user\UI-TARS-desktop\public\kelly\day-001-perfect\hook",IMPOSTER,31.5,118,"close up of kellys eyes.png",1344x768,1168.68,927dd37dcda6cda61c1cb51ccda05c98a2d80d216879b4b41f2767f326357252
"C:\Users\user\UI-TARS-desktop\public\kelly\day-001-perfect\wisdom\kelly-wisdom-tree.png","kelly-wisdom-tree.png","C:\Users\user\UI-TARS-desktop\public\kelly\day-001-perfect\wisdom",IMPOSTER,34.0,116,"profile of kelly.png",1344x768,1212.12,e6656e691a9b2c27024bc4e7f46755e95768cf784f5a53d2f0c251c2314eb11c
"C:\Users\user\UI-TARS-desktop\public\kelly\day-001-perfect\q2\kelly-thinking-tree.png","kelly-thinking-tree.png","C:\Users\user\UI-TARS-desktop\public\kelly\day-001-perfect\q2",IMPOSTER,37.75,112,"profile of kelly.png",1344x768,1292.42,c8c36d9cd319206789b2b0d3cf33e4d891cccca6cc4619cc6fbc323837767a3a
"C:\Users\user\UI-TARS-desktop\public\kelly\lessons\001\lesson-1-bg.png","lesson-1-bg.png","C:\Users\user\UI-TARS-desktop\public\kelly\lessons\001",IMPOSTER,20.5,129,"close up of face.jpeg",1344x768,1280.84,9d1ea359668654899c623d376f6541c991dbe6664b2162e8109e6737cfc99b31
"C:\Users\user\UI-TARS-desktop\public\kelly\lessons\001\lesson-1-guide-point.png","lesson-1-guide-point.png","C:\Users\user\UI-TARS-desktop\public\kelly\lessons\001",IMPOSTER,35.0,115,"Curious Kelly in final pose in Chair - UI elements will go on the side rails - Copy.png",768x1344,1259.32,8597c5834e6e4b6ccf2c663294b294c9796bd966698694cd73ec52a633069379
"C:\Users\user\UI-TARS-desktop\public\kelly\lessons\001\lesson-1-hero.png","lesson-1-hero.png","C:\Users\user\UI-TARS-desktop\public\kelly\lessons\001",SUSPICIOUS,47.0,103,"close up of kellys eyes.png",1344x768,1149.7,9b3319b3ecd966db4ecde9cc48c9f4c639ccccca93c66b3430c74ed82045c8cc
"C:\Users\user\UI-TARS-desktop\public\kelly\lessons\001\lesson-1-reaction.png","lesson-1-reaction.png","C:\Users\user\UI-TARS-desktop\public\kelly\lessons\001",IMPOSTER,24.25,125,"Curious Kelly in final pose in Chair - UI elements will go on the side rails - Copy.png",1024x1024,1240.54,c19fe1994b601c663c61275b0b67ca1f798e9ce3c99b62ccdb999de4b8916026
"C:\Users\user\UI-TARS-desktop\public\kelly\lessons\002\lesson-2-hero.png","lesson-2-hero.png","C:\Users\user\UI-TARS-desktop\public\kelly\lessons\002",IMPOSTER,24.0,126,"close up of kellys eyes.png",1344x768,938.91,a6640a669999f6e91c86d99959b3998e13998cf7fb4c053356cda7911127a333
"C:\Users\user\UI-TARS-desktop\public\kelly\lessons\002\lesson-2-reaction.png","lesson-2-reaction.png","C:\Users\user\UI-TARS-desktop\public\kelly\lessons\002",GOOD,60.75,89,"facing to the left.png",1024x1024,1222.82,f199d399863188668ce658ce4e66e334d0e68d961cceb399cc9bcd924d98d9c9
"C:\Users\user\UI-TARS-desktop\public\kelly\lessons\002\lesson-2-prop.png","lesson-2-prop.png","C:\Users\user\UI-TARS-desktop\public\kelly\lessons\002",IMPOSTER,26.0,124,"close up of kellys eyes.png",1344x768,893.24,9c1e854343c382d8a3f1d5a241e1c3c743c1e6073c3d3e3e1e1e6e9e3c3e38fc
"C:\Users\user\UI-TARS-desktop\public\kelly\lessons\001\lesson-1-prop.png","lesson-1-prop.png","C:\Users\user\UI-TARS-desktop\public\kelly\lessons\001",IMPOSTER,30.5,119,"profile of kelly.png",1344x768,1082.98,c346e5a53ca91c3b3c9ab8cd66e5d3284dae98632377e3a6672c1c7e1872a419
"C:\Users\user\UI-TARS-desktop\public\kelly\lessons\002\lesson-2-guide-point.png","lesson-2-guide-point.png","C:\Users\user\UI-TARS-desktop\public\kelly\lessons\002",SUSPICIOUS,51.75,98,"Curious Kelly in final pose in Chair - UI elements will go on the side rails - Copy.png",768x1344,1077.89,e392d39fc6694861d1e47196271ae0f97a49960f61660e568d9e19d8ceb5259b
"C:\Users\user\UI-TARS-desktop\public\kelly\lessons\002\lesson-2-bg.png","lesson-2-bg.png","C:\Users\user\UI-TARS-desktop\public\kelly\lessons\002",SUSPICIOUS,40.0,110,"close up of kellys eyes.png",1344x768,891.59,911585dda7d5ec491b23e36ee3df1002e0dea1d6500ce878d3187f5490abeef4
"C:\Users\user\UI-TARS-desktop\public\kelly\lessons\003\lesson-3-bg.png","lesson-3-bg.png","C:\Users\user\UI-TARS-desktop\public\kelly\lessons\003",SUSPICIOUS,41.25,108,"close up of kellys eyes.png",1344x768,911.12,95788578e578e1b5119ce261e9930a65e98ac1c62e47f99be6631995e22de62d
"C:\Users\user\UI-TARS-desktop\public\kelly\lessons\003\lesson-3-hero.png","lesson-3-hero.png","C:\Users\user\UI-TARS-desktop\public\kelly\lessons\003",IMPOSTER,26.5,123,"close up of kellys eyes.png",1344x768,741.93,d6668932a999aaa2589950b9366675627773b646a3955db3888cb999caa27ed8
"C:\Users\user\UI-TARS-desktop\public\kelly\lessons\003\lesson-3-prop.png","lesson-3-prop.png","C:\Users\user\UI-TARS-desktop\public\kelly\lessons\003",SUSPICIOUS,44.75,105,"slightly turning her head.png",1344x768,1018.36,f0e0d98326c7f332ce99370cc332d4eccf31a471c7338615cb3c2711d8e52f99
"C:\Users\user\UI-TARS-desktop\public\kelly\lessons\003\lesson-3-guide-point.png","lesson-3-guide-point.png","C:\Users\user\UI-TARS-desktop\public\kelly\lessons\003",IMPOSTER,37.75,112,"slightly turning her head.png",768x1344,959.1,a1cc9b190f336ce330c7b38c61199e339e566ce3cf6f949e6989c94c36963321
"C:\Users\user\UI-TARS-desktop\public\kelly\lessons\003\lesson-3-reaction.png","lesson-3-reaction.png","C:\Users\user\UI-TARS-desktop\public\kelly\lessons\003",SUSPICIOUS,47.0,103,"head and shoulders without chair.png",1024x1024,1117.55,f1ceb38e4b39cf3184912cd3be6b878b58eec666699d3c46a6cc318c3226b131
"C:\Users\user\UI-TARS-desktop\public\kelly\lessons\004\lesson-4-bg.png","lesson-4-bg.png","C:\Users\user\UI-TARS-desktop\public\kelly\lessons\004",SUSPICIOUS,40.0,110,"close up of kellys eyes.png",1344x768,1201.76,9990ca4866673633993e99cd6ccd26269b3349d94ee4b666799b198d966c6632
"C:\Users\user\UI-TARS-desktop\public\kelly\lessons\004\lesson-4-guide-point.png","lesson-4-guide-point.png","C:\Users\user\UI-TARS-desktop\public\kelly\lessons\004",IMPOSTER,26.5,123,"facing to the left.png",768x1344,1126.83,919993713e663cc661d86319ca359ce6784b13bc2f81f6c9c6662d26d196c9d9
"C:\Users\user\UI-TARS-desktop\public\kelly\lessons\004\lesson-4-hero.png","lesson-4-hero.png","C:\Users\user\UI-TARS-desktop\public\kelly\lessons\004",IMPOSTER,36.0,114,"close up of kellys eyes.png",1344x768,1229.67,9266197339cce6724cc6b19c6e698cceb3996c6790cc6f331466eb1969a69619
"C:\Users\user\UI-TARS-desktop\public\kelly\lessons\005\lesson-5-bg.png","lesson-5-bg.png","C:\Users\user\UI-TARS-desktop\public\kelly\lessons\005",IMPOSTER,22.5,127,"close up of kellys eyes.png",1344x768,567.13,de0132ab21fe5d552cabc9682358d62f2a45b4ca4b18b6d957b2a967d2b46d52
"C:\Users\user\UI-TARS-desktop\public\kelly\lessons\004\lesson-4-reaction.png","lesson-4-reaction.png","C:\Users\user\UI-TARS-desktop\public\kelly\lessons\004",IMPOSTER,25.0,125,"close up of kellys eyes.png",1024x1024,1143.32,9191291b4b654a6560c6664936670d26234eda666c96d79937b999e56d9dd999
"C:\Users\user\UI-TARS-desktop\public\kelly\lessons\005\lesson-5-guide-point.png","lesson-5-guide-point.png","C:\Users\user\UI-TARS-desktop\public\kelly\lessons\005",SUSPICIOUS,49.25,100,"Curious Kelly in final pose in Chair - UI elements will go on the side rails - Copy.png",768x1344,980.64,b18c5324cce3a719ce334cc7866758e7b30c5496319c39996a699733665ea733
"C:\Users\user\UI-TARS-desktop\public\kelly\lessons\005\lesson-5-hero.png","lesson-5-hero.png","C:\Users\user\UI-TARS-desktop\public\kelly\lessons\005",IMPOSTER,38.25,111,"close up of kellys eyes.png",1344x768,595.78,f3330fc198cc473b8cccd9cc8c633312733998676798933348cef7310663f39c
"C:\Users\user\UI-TARS-desktop\public\kelly\lessons\005\lesson-5-prop.png","lesson-5-prop.png","C:\Users\user\UI-TARS-desktop\public\kelly\lessons\005",IMPOSTER,31.75,118,"profile of kelly.png",1344x768,771.06,e66149b699269cb64c990589d991326e67cf8d818dd83a4db19d2e66766607f6
"C:\Users\user\UI-TARS-desktop\public\kelly\lessons\004\lesson-4-prop.png","lesson-4-prop.png","C:\Users\user\UI-TARS-desktop\public\kelly\lessons\004",IMPOSTER,27.0,123,"close up of kellys eyes.png",1344x768,1088.84,c233e99b38665a4fd19cd7231d0b394dced0c3b0318c1c634e28679e72e76e63
"C:\Users\user\UI-TARS-desktop\public\kelly\lessons\005\lesson-5-reaction.png","lesson-5-reaction.png","C:\Users\user\UI-TARS-desktop\public\kelly\lessons\005",GOOD,68.5,81,"head and shoulders without chair.png",1024x1024,1050.56,b593439bd26cce24cc32f40399e3cc3609e7dc9318c5d88dccc999acddda91cc
"C:\Users\user\UI-TARS-desktop\public\kelly\lessons\006\lesson-6-bg.png","lesson-6-bg.png","C:\Users\user\UI-TARS-desktop\public\kelly\lessons\006",SUSPICIOUS,39.5,110,"close up of kellys eyes.png",1344x768,1267.49,cc58cc3c6f665a925ca4f681e580690cca2d3cda678e1b6bd43aede46a4371b6
"C:\Users\user\UI-TARS-desktop\public\kelly\lessons\006\lesson-6-guide-point.png","lesson-6-guide-point.png","C:\Users\user\UI-TARS-desktop\public\kelly\lessons\006",IMPOSTER,31.5,118,"head and shoulders without chair.png",768x1344,1329.68,90fbb9957b44d43d10705f83e9072966e1eb60c942587f283e629ae7aab69297
"C:\Users\user\UI-TARS-desktop\public\kelly\lessons\006\lesson-6-prop.png","lesson-6-prop.png","C:\Users\user\UI-TARS-desktop\public\kelly\lessons\006",IMPOSTER,25.75,124,"Curious Kelly in final pose in Chair - UI elements will go on the side rails - Copy.png",1344x768,1256.06,9684b918d3e1d329d83b8bea9bc8d114b8d25f1a61da983a67423adb9c3de435
"C:\Users\user\UI-TARS-desktop\public\kelly\lessons\006\lesson-6-hero.png","lesson-6-hero.png","C:\Users\user\UI-TARS-desktop\public\kelly\lessons\006",IMPOSTER,27.5,122,"close up of kellys eyes.png",1344x768,1253.35,9264e45130e6c9f78ce7459ec48e1e89d84339e11713c96b9971a9a565db9ed8
"C:\Users\user\UI-TARS-desktop\public\kelly\lessons\006\lesson-6-reaction.png","lesson-6-reaction.png","C:\Users\user\UI-TARS-desktop\public\kelly\lessons\006",IMPOSTER,27.0,123,"profile of kelly.png",1024x1024,1361.67,c61be71c9c189c65c4c694ad13bd1abcfabeb0217b03e702bf22603634e63e7a
"C:\Users\user\UI-TARS-desktop\public\kelly\lessons\007\lesson-7-guide-point.png","lesson-7-guide-point.png","C:\Users\user\UI-TARS-desktop\public\kelly\lessons\007",IMPOSTER,30.0,120,"Curious Kelly in final pose in Chair - UI elements will go on the side rails - Copy.png",768x1344,1183.34,c59ad2b36e4d39ec39a53352963ad66d2e52866c6344c19c701bc65b2f6bc662
"C:\Users\user\UI-TARS-desktop\public\kelly\lessons\007\lesson-7-hero.png","lesson-7-hero.png","C:\Users\user\UI-TARS-desktop\public\kelly\lessons\007",IMPOSTER,38.75,111,"close up of kellys eyes.png",1344x768,1172.63,93331b3324cc66264ca76dc80732e34e68d98636738c0d3bf35a4998fded8759
"C:\Users\user\UI-TARS-desktop\public\kelly\lessons\007\lesson-7-bg.png","lesson-7-bg.png","C:\Users\user\UI-TARS-desktop\public\kelly\lessons\007",IMPOSTER,33.5,116,"close up of kellys eyes.png",1344x768,1146.97,9ccc976666656109c9db98523256e4e7cda91b3972d646c019b9b32d66e65cd1
"C:\Users\user\UI-TARS-desktop\public\kelly\lessons\007\lesson-7-prop.png","lesson-7-prop.png","C:\Users\user\UI-TARS-desktop\public\kelly\lessons\007",IMPOSTER,33.0,117,"close up of kellys eyes.png",1344x768,1195.48,c39dc34938322c36e36d61a6e3ef7c9b32cb9cc30059e978cdddcc87ed4c8808
"C:\Users\user\UI-TARS-desktop\public\kelly\lessons\007\lesson-7-reaction.png","lesson-7-reaction.png","C:\Users\user\UI-TARS-desktop\public\kelly\lessons\007",IMPOSTER,30.0,120,"close up of kellys eyes.png",1024x1024,1191.23,c59165996a584b67e62652c630611f6e6be7ca16c497bd38438df9194d98dc99
"C:\Users\user\UI-TARS-desktop\public\kelly\lessons\008\lesson-8-bg.png","lesson-8-bg.png","C:\Users\user\UI-TARS-desktop\public\kelly\lessons\008",IMPOSTER,35.0,115,"profile of kelly.png",1344x768,1283.14,dea1ff80255e30eb178678b4836739cbf4a48c8c7843c6609fb4790f84706fec
"C:\Users\user\UI-TARS-desktop\public\kelly\lessons\008\lesson-8-guide-point.png","lesson-8-guide-point.png","C:\Users\user\UI-TARS-desktop\public\kelly\lessons\008",IMPOSTER,31.5,118,"Curious Kelly in final pose in Chair - UI elements will go on the side rails - Copy.png",768x1344,1162.71,b581b5919a750e7cc1af18e56932d9f60c9eea9978c973246fe66b5362094a26
"C:\Users\user\UI-TARS-desktop\public\kelly\lessons\008\lesson-8-hero.png","lesson-8-hero.png","C:\Users\user\UI-TARS-desktop\public\kelly\lessons\008",IMPOSTER,24.25,125,"Curious Kelly in final pose in Chair - UI elements will go on the side rails - Copy.png",1344x768,1126.44,817baf6a486476969f80286993997d9484f8ca4f397cc3a13c5ec9b9025df2cd
"C:\Users\user\UI-TARS-desktop\public\kelly\lessons\008\lesson-8-prop.png","lesson-8-prop.png","C:\Users\user\UI-TARS-desktop\public\kelly\lessons\008",SUSPICIOUS,39.75,110,"slightly turning her head.png",1344x768,1155.14,f1f4f4a7f5b38a139e4b315df1b20e761accd3697261e8449a06114d3279c36c
"C:\Users\user\UI-TARS-desktop\public\kelly\lessons\009\lesson-9-bg.png","lesson-9-bg.png","C:\Users\user\UI-TARS-desktop\public\kelly\lessons\009",IMPOSTER,25.75,124,"close up of kellys eyes.png",1344x768,1301.69,9a67ad67749a34ae23a83a5875a4af09605217dca5a9f252d81d25e69b4a6bb5
"C:\Users\user\UI-TARS-desktop\public\kelly\lessons\008\lesson-8-reaction.png","lesson-8-reaction.png","C:\Users\user\UI-TARS-desktop\public\kelly\lessons\008",IMPOSTER,33.0,117,"head and shoulders without chair.png",1024x1024,1248.45,abd8eb980b258636e8cd7e615f8608e6a498c9c69ec94d98d239ed991d6e069b
"C:\Users\user\UI-TARS-desktop\public\kelly\lessons\009\lesson-9-guide-point.png","lesson-9-guide-point.png","C:\Users\user\UI-TARS-desktop\public\kelly\lessons\009",SUSPICIOUS,50.75,99,"Curious Kelly in final pose in Chair - UI elements will go on the side rails - Copy.png",1344x768,1191.25,b83998f0c6c669e130c7ce66c4c3cd4f31f26763cd8ce718c78fc63146318e53
"C:\Users\user\UI-TARS-desktop\public\kelly\lessons\009\lesson-9-hero.png","lesson-9-hero.png","C:\Users\user\UI-TARS-desktop\public\kelly\lessons\009",IMPOSTER,30.25,119,"Curious Kelly in final pose in Chair - UI elements will go on the side rails - Copy.png",1344x768,1129.14,877188737c8e7b87805f3c80c2ce3dd9d1106ffbe88f81707c1493a93d9bca15
"C:\Users\user\UI-TARS-desktop\public\kelly\lessons\010\lesson-10-guide-point.png","lesson-10-guide-point.png","C:\Users\user\UI-TARS-desktop\public\kelly\lessons\010",SUSPICIOUS,39.5,110,"head and shoulders without chair.png",768x1344,1186.58,bcc9e1b903748772fc6976c3119329b3568f760aa15c2735dfb356a2a808e58b
"C:\Users\user\UI-TARS-desktop\public\kelly\lessons\010\lesson-10-bg.png","lesson-10-bg.png","C:\Users\user\UI-TARS-desktop\public\kelly\lessons\010",IMPOSTER,20.75,129,"close up of face.jpeg",1344x768,1307.96,8b46ae5433f960ebec0c0fa06037d82b6793c77c78293cc3cb6a349479878b79
"C:\Users\user\UI-TARS-desktop\public\kelly\lessons\009\lesson-9-reaction.png","lesson-9-reaction.png","C:\Users\user\UI-TARS-desktop\public\kelly\lessons\009",IMPOSTER,33.25,116,"close up of kellys eyes.png",1024x1024,1222.97,9519b5d9b1e64666d97a229cdab6f8d406997ab982197cb1e0702345be7ce246
"C:\Users\user\UI-TARS-desktop\public\kelly\lessons\009\lesson-9-prop.png","lesson-9-prop.png","C:\Users\user\UI-TARS-desktop\public\kelly\lessons\009",IMPOSTER,28.0,122,"Curious Kelly in final pose in Chair - UI elements will go on the side rails - Copy.png",1344x768,1168.26,92a892a81e334d53c5ec266cd2257866b59f01cdc6e39890cd8c57798feef09b
"C:\Users\user\UI-TARS-desktop\public\kelly\lessons\010\lesson-10-hero.png","lesson-10-hero.png","C:\Users\user\UI-TARS-desktop\public\kelly\lessons\010",IMPOSTER,21.75,128,"close up of kellys eyes.png",1344x768,1103.18,8a373a9555cc662a98566b8d940a4bcc60b51f4e6110dce72d1ed3d96ca5fa5d
"C:\Users\user\UI-TARS-desktop\public\kelly\lessons\010\lesson-10-reaction.png","lesson-10-reaction.png","C:\Users\user\UI-TARS-desktop\public\kelly\lessons\010",SUSPICIOUS,45.75,104,"Curious Kelly in final pose in Chair - UI elements will go on the side rails - Copy.png",1024x1024,1191.99,b693a19a0e6c14e9de696187cb0687d698f4599679a3c99b8999159998f14b9b
"C:\Users\user\UI-TARS-desktop\public\kelly\lessons\010\lesson-10-prop.png","lesson-10-prop.png","C:\Users\user\UI-TARS-desktop\public\kelly\lessons\010",IMPOSTER,34.0,116,"Curious Kelly in final pose in Chair - UI elements will go on the side rails - Copy.png",1344x768,1122.74,c748f7590a7668b63a91476b3d2f48b02bd74d8db468489ebe5dc9c29c1e4895
"C:\Users\user\UI-TARS-desktop\public\kelly\lessons\011\lesson-11-bg.png","lesson-11-bg.png","C:\Users\user\UI-TARS-desktop\public\kelly\lessons\011",IMPOSTER,30.75,119,"close up of kellys eyes.png",1344x768,609.76,85d53e177268c5e03e1f84596ad697934530bb7645a2bb16453d2c31df672389
"C:\Users\user\UI-TARS-desktop\public\kelly\lessons\011\lesson-11-hero.png","lesson-11-hero.png","C:\Users\user\UI-TARS-desktop\public\kelly\lessons\011",IMPOSTER,35.0,115,"profile of kelly.png",1344x768,691.08,e366263338cc62768c63d99c8d3398cef9998ce6d8cc8e713366c3999ccc899c
"C:\Users\user\UI-TARS-desktop\public\kelly\lessons\011\lesson-11-guide-point.png","lesson-11-guide-point.png","C:\Users\user\UI-TARS-desktop\public\kelly\lessons\011",SUSPICIOUS,53.25,96,"Curious Kelly in final pose in Chair - UI elements will go on the side rails - Copy.png",768x1344,985.6,b79c3d339a61621dcf329db298e774c724cc8d4c4a5c22b4b3995998989774cd
"C:\Users\user\UI-TARS-desktop\public\kelly\lessons\011\lesson-11-prop.png","lesson-11-prop.png","C:\Users\user\UI-TARS-desktop\public\kelly\lessons\011",SUSPICIOUS,44.25,105,"profile of kelly.png",1344x768,750.31,e22313319e72676381b66c669ccc409cb11fcda1339cccd936639f6462668edf
"C:\Users\user\UI-TARS-desktop\public\kelly\lessons\011\lesson-11-reaction.png","lesson-11-reaction.png","C:\Users\user\UI-TARS-desktop\public\kelly\lessons\011",SUSPICIOUS,50.0,100,"slightly turning her head.png",1024x1024,913.24,b71cd39ccc332c33dac3f4c92d0c964ea0e2690c9649e2f26b379315f2b14f63
"C:\Users\user\UI-TARS-desktop\public\kelly\lessons\012\lesson-12-hero.png","lesson-12-hero.png","C:\Users\user\UI-TARS-desktop\public\kelly\lessons\012",SUSPICIOUS,42.75,107,"facing to the left.png",1344x768,956.78,9337a6730ccc0cccdd53c09c089959ccd799ac1938cc5f99dd4fa9b12a995979
"C:\Users\user\UI-TARS-desktop\public\kelly\lessons\012\lesson-12-bg.png","lesson-12-bg.png","C:\Users\user\UI-TARS-desktop\public\kelly\lessons\012",IMPOSTER,36.25,113,"close up of face.jpeg",1344x768,1194.96,999182707666599bf49986866c99649ee239e1e7609b016f9c67cc5b6e69c627
"C:\Users\user\UI-TARS-desktop\public\kelly\lessons\012\lesson-12-guide-point.png","lesson-12-guide-point.png","C:\Users\user\UI-TARS-desktop\public\kelly\lessons\012",SUSPICIOUS,51.5,98,"Curious Kelly in final pose in Chair - UI elements will go on the side rails - Copy.png",768x1344,1095.31,a49db69bf2c8cb65d9604c238cb69cdeb1ced18e4b904d916c19b41932b9733d
"C:\Users\user\UI-TARS-desktop\public\kelly\lessons\012\lesson-12-prop.png","lesson-12-prop.png","C:\Users\user\UI-TARS-desktop\public\kelly\lessons\012",IMPOSTER,37.0,113,"facing to the left.png",1344x768,929.42,9333a333ccc74ccc1dcca399990d4d866a5aa165a7a65e336963e736b611187b
"C:\Users\user\UI-TARS-desktop\public\kelly\lessons\013\lesson-13-hero.png","lesson-13-hero.png","C:\Users\user\UI-TARS-desktop\public\kelly\lessons\013",IMPOSTER,28.75,121,"profile of kelly.png",1344x768,661.41,e66c3ee61999266699999199dcc399993f33cccc3331c8261b99d9330ccce731
"C:\Users\user\UI-TARS-desktop\public\kelly\lessons\013\lesson-13-bg.png","lesson-13-bg.png","C:\Users\user\UI-TARS-desktop\public\kelly\lessons\013",IMPOSTER,32.75,117,"close up of kellys eyes.png",1344x768,691.42,df806f4b20771dc3e80b1494236a9a307d1f00eafa850d7af6b9095df4f0cb8f
"C:\Users\user\UI-TARS-desktop\public\kelly\lessons\012\lesson-12-reaction.png","lesson-12-reaction.png","C:\Users\user\UI-TARS-desktop\public\kelly\lessons\012",SUSPICIOUS,49.25,100,"Curious Kelly in final pose in Chair - UI elements will go on the side rails - Copy.png",1024x1024,1071.84,a6d9a619b32409360ce39cc6b1ce99984c994dd9b089b19d57495b29ee33f7e2
"C:\Users\user\UI-TARS-desktop\public\kelly\lessons\013\lesson-13-guide-point.png","lesson-13-guide-point.png","C:\Users\user\UI-TARS-desktop\public\kelly\lessons\013",SUSPICIOUS,49.5,100,"facing to the left.png",768x1344,1001.49,f1c9669d9a051b62c0349d272fd3c0c91dcd7196c84e2fbdf19e724c2719bb24
"C:\Users\user\UI-TARS-desktop\public\kelly\lessons\013\lesson-13-prop.png","lesson-13-prop.png","C:\Users\user\UI-TARS-desktop\public\kelly\lessons\013",IMPOSTER,31.5,118,"slightly turning her head.png",1344x768,710.39,a3371ba1f9d9e666cccc8e981cc905dc999189cea38c667b61495c93fd968b22
"C:\Users\user\UI-TARS-desktop\public\kelly\lessons\013\lesson-13-reaction.png","lesson-13-reaction.png","C:\Users\user\UI-TARS-desktop\public\kelly\lessons\013",IMPOSTER,35.75,114,"head and shoulders without chair.png",1024x1024,995.61,e6d878cc7f259766dc260f93c93bb39893e1c8f80ccbd88c9ccfc988c8f8640c
"C:\Users\user\UI-TARS-desktop\public\kelly\lessons\014\lesson-14-hero.png","lesson-14-hero.png","C:\Users\user\UI-TARS-desktop\public\kelly\lessons\014",IMPOSTER,27.0,123,"close up of kellys eyes.png",1344x768,821.9,92661e73cd4a7227c01f599cc799b4ce49999c87598ccb0d3687c9c98cdb5393
"C:\Users\user\UI-TARS-desktop\public\kelly\lessons\014\lesson-14-guide-point.png","lesson-14-guide-point.png","C:\Users\user\UI-TARS-desktop\public\kelly\lessons\014",SUSPICIOUS,50.25,99,"head and shoulders without chair.png",768x1344,1060.74,f699e99c8b293633cc779966c9a2339eced996699849718699d89898b0897959
"C:\Users\user\UI-TARS-desktop\public\kelly\lessons\014\lesson-14-prop.png","lesson-14-prop.png","C:\Users\user\UI-TARS-desktop\public\kelly\lessons\014",IMPOSTER,31.75,118,"close up of kellys eyes.png",1344x768,920.94,9733553b8cc75a329990498c8ccc767cb39c98c97266b0c773cc9c995c199e7c
"C:\Users\user\UI-TARS-desktop\public\kelly\lessons\014\lesson-14-bg.png","lesson-14-bg.png","C:\Users\user\UI-TARS-desktop\public\kelly\lessons\014",IMPOSTER,25.0,125,"close up of kellys eyes.png",1344x768,972.09,9b6bb14953184eb2b6d6b4945a27ba67693d3b0c684f6cf3bf01454b48693b48
"C:\Users\user\UI-TARS-desktop\public\kelly\lessons\014\lesson-14-reaction.png","lesson-14-reaction.png","C:\Users\user\UI-TARS-desktop\public\kelly\lessons\014",IMPOSTER,38.5,111,"Curious Kelly in final pose in Chair - UI elements will go on the side rails - Copy.png",1024x1024,1099.01,e1998679d267dd667992f6598df1b18c0a9967fd3666660d632488c68726e618
"C:\Users\user\UI-TARS-desktop\public\kelly\lessons\015\lesson-15-bg.png","lesson-15-bg.png","C:\Users\user\UI-TARS-desktop\public\kelly\lessons\015",IMPOSTER,23.5,126,"profile of kelly.png",1344x768,1139.87,d870dab47ae6478ee38652bb672f2c68bc6695a6366d6375a6e16766406c0285
"C:\Users\user\UI-TARS-desktop\public\kelly\lessons\015\lesson-15-guide-point.png","lesson-15-guide-point.png","C:\Users\user\UI-TARS-desktop\public\kelly\lessons\015",GOOD,64.5,85,"neutral face with hair.png",768x1344,1269.71,f99ee184a618c6729a4b726dc561f6633463db649984b9a499a6ccd2598bcb8b
"C:\Users\user\UI-TARS-desktop\public\kelly\lessons\015\lesson-15-hero.png","lesson-15-hero.png","C:\Users\user\UI-TARS-desktop\public\kelly\lessons\015",IMPOSTER,27.5,122,"close up of kellys eyes.png",1344x768,879.09,93330ff38ccc77069ccb15cce131f80453990677734632332266f1c89fbb2dec
"C:\Users\user\UI-TARS-desktop\public\kelly\lessons\015\lesson-15-reaction.png","lesson-15-reaction.png","C:\Users\user\UI-TARS-desktop\public\kelly\lessons\015",GOOD,60.0,90,"head and shoulders without chair.png",1024x1024,1273.91,b1816399d3248e642646f261d73689770cf6cd6647df99d91d9d9c898d88dd84
"C:\Users\user\UI-TARS-desktop\public\kelly\lessons\015\lesson-15-prop.png","lesson-15-prop.png","C:\Users\user\UI-TARS-desktop\public\kelly\lessons\015",IMPOSTER,23.75,126,"profile of kelly.png",1344x768,977.37,c6267bd959591f9aacd92521642663264fc044d2d8bb9b49b6496659fb364b65
"C:\Users\user\UI-TARS-desktop\public\kelly\lessons\016\lesson-16-hero.png","lesson-16-hero.png","C:\Users\user\UI-TARS-desktop\public\kelly\lessons\016",IMPOSTER,27.75,122,"facing to the left.png",1344x768,852.35,83675b33c8cc073e94a319ccdf91fcce59989cfd41cc80f99cee4b989c915988
"C:\Users\user\UI-TARS-desktop\public\kelly\lessons\016\lesson-16-bg.png","lesson-16-bg.png","C:\Users\user\UI-TARS-desktop\public\kelly\lessons\016",IMPOSTER,21.75,128,"close up of face.jpeg",1344x768,920.26,dfa832a360574fec3db2c1ac3649c5b664cc934960db34b687867a4c9eb36c92
"C:\Users\user\UI-TARS-desktop\public\kelly\lessons\016\lesson-16-guide-point.png","lesson-16-guide-point.png","C:\Users\user\UI-TARS-desktop\public\kelly\lessons\016",SUSPICIOUS,47.25,102,"head and shoulders without chair.png",768x1344,1271.26,fcf0b4e143cf8326cf302c12c6d3285dacf90dcba5ee236ee32e3316d3113313
"C:\Users\user\UI-TARS-desktop\public\kelly\lessons\016\lesson-16-prop.png","lesson-16-prop.png","C:\Users\user\UI-TARS-desktop\public\kelly\lessons\016",IMPOSTER,27.75,122,"Curious Kelly in final pose in Chair - UI elements will go on the side rails - Copy.png",1344x768,993.42,b6658da31fe64a76999815c9ea479894b7ec664bd9988d9bec99cc90899c8b28
"C:\Users\user\UI-TARS-desktop\public\kelly\lessons\016\lesson-16-reaction.png","lesson-16-reaction.png","C:\Users\user\UI-TARS-desktop\public\kelly\lessons\016",GOOD,62.25,87,"head and shoulders without chair.png",1024x1024,1219.74,b1c9a39bd734de6404e6fc33aa61d9a6494a8d44c8c7dd9b1589989ddd94899c
"C:\Users\user\UI-TARS-desktop\public\kelly\lessons\017\lesson-17-bg.png","lesson-17-bg.png","C:\Users\user\UI-TARS-desktop\public\kelly\lessons\017",IMPOSTER,34.5,115,"facing to the left.png",1344x768,1130.65,9999a67936665999c277bd6636994e65c1e63e992161c296ab0934f2478ee859
"C:\Users\user\UI-TARS-desktop\public\kelly\lessons\017\lesson-17-guide-point.png","lesson-17-guide-point.png","C:\Users\user\UI-TARS-desktop\public\kelly\lessons\017",SUSPICIOUS,39.5,110,"neutral face with hair.png",768x1344,1035.54,b3e1fa614d370d8ee999324c52382b3285b378c708c995ecc6386b1c07fb73e3
"C:\Users\user\UI-TARS-desktop\public\kelly\lessons\017\lesson-17-hero.png","lesson-17-hero.png","C:\Users\user\UI-TARS-desktop\public\kelly\lessons\017",SUSPICIOUS,42.0,108,"facing to the left.png",1344x768,985.38,9266b3336ccc198ccce6e4cc6ecc599c9199cf1931cc49b99e4ce1336ecc1b1b
"C:\Users\user\UI-TARS-desktop\public\kelly\lessons\017\lesson-17-prop.png","lesson-17-prop.png","C:\Users\user\UI-TARS-desktop\public\kelly\lessons\017",IMPOSTER,26.0,124,"Curious Kelly in final pose in Chair - UI elements will go on the side rails - Copy.png",1344x768,968.98,c631b7639986099e4c99e6c9a44c19765991a21da77976232b764762b6b7f21a
"C:\Users\user\UI-TARS-desktop\public\kelly\lessons\017\lesson-17-reaction.png","lesson-17-reaction.png","C:\Users\user\UI-TARS-desktop\public\kelly\lessons\017",IMPOSTER,35.75,114,"facing to the left.png",1024x1024,992.16,973db23989e75ce64cce1789b319e73146e71f661836e2d3c9ce4c8c18d81159
"C:\Users\user\UI-TARS-desktop\public\kelly\lessons\018\lesson-18-guide-point.png","lesson-18-guide-point.png","C:\Users\user\UI-TARS-desktop\public\kelly\lessons\018",IMPOSTER,37.5,112,"Curious Kelly in final pose in Chair - UI elements will go on the side rails - Copy.png",768x1344,1146.72,853bc7334cc6e8e413b8378b707398f12e659d66948e2fda5b18f72146bb260c
"C:\Users\user\UI-TARS-desktop\public\kelly\lessons\018\lesson-18-bg.png","lesson-18-bg.png","C:\Users\user\UI-TARS-desktop\public\kelly\lessons\018",IMPOSTER,30.25,119,"close up of kellys eyes.png",1344x768,1046.29,8c47c60d631cb31c5ce6cccab2b1637138e738c738548c30ce39b5bc70eec4ef
"C:\Users\user\UI-TARS-desktop\public\kelly\lessons\018\lesson-18-hero.png","lesson-18-hero.png","C:\Users\user\UI-TARS-desktop\public\kelly\lessons\018",SUSPICIOUS,40.25,109,"close up of kellys eyes.png",1344x768,1158.9,93334f3964cc3332e4733ccc90cc2cd9e0cc1b32a1e74f99f6662732f93b860d
"C:\Users\user\UI-TARS-desktop\public\kelly\lessons\018\lesson-18-prop.png","lesson-18-prop.png","C:\Users\user\UI-TARS-desktop\public\kelly\lessons\018",IMPOSTER,23.75,126,"Curious Kelly in final pose in Chair - UI elements will go on the side rails - Copy.png",1344x768,1170.31,c689c35b6992b4a42c654c6184b698f25969b59cb16e6a6bd6957c79925ab25b
"C:\Users\user\UI-TARS-desktop\public\kelly\lessons\018\lesson-18-reaction.png","lesson-18-reaction.png","C:\Users\user\UI-TARS-desktop\public\kelly\lessons\018",IMPOSTER,31.5,118,"close up of kellys eyes.png",1024x1024,1144.5,84982dcc4e66d32434b74ccbdada3b1d63316a69933633b23539a7c999997923
"C:\Users\user\UI-TARS-desktop\public\kelly\lessons\019\lesson-19-guide-point.png","lesson-19-guide-point.png","C:\Users\user\UI-TARS-desktop\public\kelly\lessons\019",GOOD,69.5,80,"head and shoulders without chair.png",768x1344,1272.79,b993e093b31ed26c8e70644b96596321bc36c9e334e7c966cd2649f491934d9e
"C:\Users\user\UI-TARS-desktop\public\kelly\lessons\019\lesson-19-bg.png","lesson-19-bg.png","C:\Users\user\UI-TARS-desktop\public\kelly\lessons\019",IMPOSTER,22.5,127,"close up of kellys eyes.png",1344x768,990.19,91dc9cfe5f43508053dd0ff5e03b3f0afa3846d5318cb1cb0c3cd6c5f581a461
"C:\Users\user\UI-TARS-desktop\public\kelly\lessons\019\lesson-19-hero.png","lesson-19-hero.png","C:\Users\user\UI-TARS-desktop\public\kelly\lessons\019",IMPOSTER,27.75,122,"close up of kellys eyes.png",1344x768,1072.48,97335f3338cc52658ccc5d8cd493e8cc2dd93c62f1162d3326467133db3176e1
"C:\Users\user\UI-TARS-desktop\public\kelly\lessons\019\lesson-19-prop.png","lesson-19-prop.png","C:\Users\user\UI-TARS-desktop\public\kelly\lessons\019",IMPOSTER,37.5,112,"close up of kellys eyes.png",1344x768,1093.02,9c329c6bc1f8678083c75339861c479bc7364f8d4ebbe30ec707c73c4d3c1649
"C:\Users\user\UI-TARS-desktop\public\kelly\lessons\019\lesson-19-reaction.png","lesson-19-reaction.png","C:\Users\user\UI-TARS-desktop\public\kelly\lessons\019",SUSPICIOUS,49.75,100,"head and shoulders without chair.png",1024x1024,1267.26,f49931d9d326cf3c667825651a6fc992ce648cf224e69ac9c813ccb3d89e988d
"C:\Users\user\UI-TARS-desktop\public\kelly\lessons\020\lesson-20-hero.png","lesson-20-hero.png","C:\Users\user\UI-TARS-desktop\public\kelly\lessons\020",IMPOSTER,38.25,111,"close up of kellys eyes.png",1344x768,903.28,99ce6943e43c14ce8787cf3868e9c51c0a70e786463cab33570f3e79cb230ebc
"C:\Users\user\UI-TARS-desktop\public\kelly\lessons\020\lesson-20-bg.png","lesson-20-bg.png","C:\Users\user\UI-TARS-desktop\public\kelly\lessons\020",IMPOSTER,33.5,116,"profile of kelly.png",1344x768,1138.15,c735f45d6e9189476804da9016ef84c52739fe3ed181b54aa29d3db348eed618
"C:\Users\user\UI-TARS-desktop\public\kelly\lessons\020\lesson-20-guide-point.png","lesson-20-guide-point.png","C:\Users\user\UI-TARS-desktop\public\kelly\lessons\020",IMPOSTER,36.5,113,"Curious Kelly in final pose in Chair - UI elements will go on the side rails - Copy.png",768x1344,1082.73,b31844c6993946718e395ce78c6738c7c7c6f3386398f31919e3e7132663c32d
"C:\Users\user\UI-TARS-desktop\public\kelly\lessons\020\lesson-20-reaction.png","lesson-20-reaction.png","C:\Users\user\UI-TARS-desktop\public\kelly\lessons\020",SUSPICIOUS,50.75,99,"close up of face.jpeg",1024x1024,1315.85,e86fe123c487338c2398f4e326383b18b34934e663f727329839de728ef1ae23
"C:\Users\user\UI-TARS-desktop\public\kelly\lessons\021\lesson-21-bg.png","lesson-21-bg.png","C:\Users\user\UI-TARS-desktop\public\kelly\lessons\021",IMPOSTER,28.5,121,"close up of kellys eyes.png",1344x768,593.26,975134bd78274752ece05b074b4bb87e5ba5a4e9f21e0fd2e0b43a16cd60b0b8
"C:\Users\user\UI-TARS-desktop\public\kelly\lessons\021\lesson-21-hero.png","lesson-21-hero.png","C:\Users\user\UI-TARS-desktop\public\kelly\lessons\021",IMPOSTER,29.5,120,"facing to the left.png",1344x768,667.28,a3336a338ccc73369c73d8cccc199ce7599c8c79dcc699189c3368cccc595987
"C:\Users\user\UI-TARS-desktop\public\kelly\lessons\020\lesson-20-prop.png","lesson-20-prop.png","C:\Users\user\UI-TARS-desktop\public\kelly\lessons\020",IMPOSTER,36.75,113,"close up of kellys eyes.png",1344x768,1017.53,8d9b9b76392492c43249d98bcf74ec0793d8381803db964b9fdb1a58381b86df
"C:\Users\user\UI-TARS-desktop\public\kelly\lessons\021\lesson-21-guide-point.png","lesson-21-guide-point.png","C:\Users\user\UI-TARS-desktop\public\kelly\lessons\021",SUSPICIOUS,39.75,110,"Curious Kelly in final pose in Chair - UI elements will go on the side rails - Copy.png",768x1344,932.13,a5c942ddda363d2285c72ccd3f88d31860713ea28666e9661c91d79be96c3e99
"C:\Users\user\UI-TARS-desktop\public\kelly\lessons\021\lesson-21-prop.png","lesson-21-prop.png","C:\Users\user\UI-TARS-desktop\public\kelly\lessons\021",IMPOSTER,33.75,116,"facing to the left.png",1344x768,684.71,b333695949ad2333c8cdb6cccccc9995d99489a566cc26cc5b55999bd99c2d88
"C:\Users\user\UI-TARS-desktop\public\kelly\lessons\021\lesson-21-reaction.png","lesson-21-reaction.png","C:\Users\user\UI-TARS-desktop\public\kelly\lessons\021",IMPOSTER,28.75,121,"facing to the left.png",1024x1024,818.77,a33366cc59b6c6635cc9999acce631998c64c8c63b1c4e67d9989db34c8ea1b9
"C:\Users\user\UI-TARS-desktop\public\kelly\lessons\022\lesson-22-reaction.png","lesson-22-reaction.png","C:\Users\user\UI-TARS-desktop\public\kelly\lessons\022",IMPOSTER,24.25,125,"close up of kellys eyes.png",1024x1024,1231.75,90dbf999433d9692346472186b3727396d86c6334cb2256d4f98cdb79ac9994c
"C:\Users\user\UI-TARS-desktop\public\kelly\lessons\022\lesson-22-bg.png","lesson-22-bg.png","C:\Users\user\UI-TARS-desktop\public\kelly\lessons\022",IMPOSTER,29.5,120,"close up of kellys eyes.png",1344x768,1254.54,c9c4e632371999cc4866b4337b45cf831c783b5cc59bc24e61a736f3486d399c
"C:\Users\user\UI-TARS-desktop\public\kelly\lessons\022\lesson-22-guide-point.png","lesson-22-guide-point.png","C:\Users\user\UI-TARS-desktop\public\kelly\lessons\022",IMPOSTER,21.0,129,"close up of kellys eyes.png",768x1344,1067.71,d319d4d92c666d66d9be34b936997a69da3694b6648e58acc26c69c94270999a
"C:\Users\user\UI-TARS-desktop\public\kelly\lessons\023\lesson-23-bg.png","lesson-23-bg.png","C:\Users\user\UI-TARS-desktop\public\kelly\lessons\023",IMPOSTER,30.5,119,"close up of kellys eyes.png",1344x768,651.79,d7ee3f2a313243fb3741c6152ce290c56dda9684611c17e9a05355ebeed5b00b
"C:\Users\user\UI-TARS-desktop\public\kelly\lessons\022\lesson-22-hero.png","lesson-22-hero.png","C:\Users\user\UI-TARS-desktop\public\kelly\lessons\022",SUSPICIOUS,43.5,106,"close up of kellys eyes.png",1344x768,1207.65,94d958896b2686db5965ce667689a83796ca61992cd56f8901f99a6c7326a36e
"C:\Users\user\UI-TARS-desktop\public\kelly\lessons\022\lesson-22-prop.png","lesson-22-prop.png","C:\Users\user\UI-TARS-desktop\public\kelly\lessons\022",IMPOSTER,29.5,120,"close up of kellys eyes.png",1344x768,1176.53,d25b1e7139ec41cc9c3906d3c26eb91c39e3cbda6e3a5193c99e62131872cbc3
"C:\Users\user\UI-TARS-desktop\public\kelly\lessons\023\lesson-23-guide-point.png","lesson-23-guide-point.png","C:\Users\user\UI-TARS-desktop\public\kelly\lessons\023",SUSPICIOUS,53.5,96,"Curious Kelly in final pose in Chair - UI elements will go on the side rails - Copy.png",768x1344,1003.47,f59c9699c2611a60c967691f3798c598785b17658724727e35b3c9d2c26799c9
"C:\Users\user\UI-TARS-desktop\public\kelly\lessons\023\lesson-23-hero.png","lesson-23-hero.png","C:\Users\user\UI-TARS-desktop\public\kelly\lessons\023",IMPOSTER,36.0,114,"head and shoulders without chair.png",1344x768,689.7,f6664e66ad9976268853d9999893cdcc1999e8c744cc38b3c1261fb9c89b1d99
"C:\Users\user\UI-TARS-desktop\public\kelly\lessons\023\lesson-23-prop.png","lesson-23-prop.png","C:\Users\user\UI-TARS-desktop\public\kelly\lessons\023",IMPOSTER,22.5,127,"facing to the left.png",1344x768,775.45,a72739d918d86666d8dccedccc8c35abcd8c999a732336596639899857223366
"C:\Users\user\UI-TARS-desktop\public\kelly\lessons\023\lesson-23-reaction.png","lesson-23-reaction.png","C:\Users\user\UI-TARS-desktop\public\kelly\lessons\023",GOOD,59.75,90,"Curious Kelly in final pose in Chair - UI elements will go on the side rails - Copy.png",1024x1024,996.02,f098c3099e669e6609e673039dc6c3b3998cddc189f3998ec4939b9cd8c9399c
"C:\Users\user\UI-TARS-desktop\public\kelly\lessons\024\lesson-24-guide-point.png","lesson-24-guide-point.png","C:\Users\user\UI-TARS-desktop\public\kelly\lessons\024",SUSPICIOUS,54.0,96,"head and shoulders without chair.png",768x1344,1225.29,bcb3f0d0976fcb2c4f24d4b4587a997309b3cad238cd70cd31c4b703232b233e
"C:\Users\user\UI-TARS-desktop\public\kelly\lessons\024\lesson-24-hero.png","lesson-24-hero.png","C:\Users\user\UI-TARS-desktop\public\kelly\lessons\024",IMPOSTER,27.0,123,"profile of kelly.png",1344x768,1034.42,c2720b67ef8c2af45cb3d9890ba5a5ae091958ebd6a465b39542835d586b66bc
"C:\Users\user\UI-TARS-desktop\public\kelly\lessons\024\lesson-24-reaction.png","lesson-24-reaction.png","C:\Users\user\UI-TARS-desktop\public\kelly\lessons\024",SUSPICIOUS,39.25,110,"close up of face.jpeg",1024x1024,1208.1,a8d8abcd11b6d5336e1d06f072627913aee38333dc37a4e27ac9193fa4c34f04
"C:\Users\user\UI-TARS-desktop\public\kelly\lessons\024\lesson-24-prop.png","lesson-24-prop.png","C:\Users\user\UI-TARS-desktop\public\kelly\lessons\024",IMPOSTER,36.0,114,"close up of kellys eyes.png",1344x768,1012.2,918c4c6338ced698867347386d314c718e73d99eb3337366266379cc89dc59ac
"C:\Users\user\UI-TARS-desktop\public\kelly\lessons\024\lesson-24-bg.png","lesson-24-bg.png","C:\Users\user\UI-TARS-desktop\public\kelly\lessons\024",IMPOSTER,32.0,118,"profile of kelly.png",1344x768,1163.19,c6a1d7a417c97d33ad81815af87065b76f7632ec6050c1073c909e90783bc7ef
"C:\Users\user\UI-TARS-desktop\public\kelly\lessons\025\lesson-25-bg.png","lesson-25-bg.png","C:\Users\user\UI-TARS-desktop\public\kelly\lessons\025",IMPOSTER,32.0,118,"neutral face with hair.png",1344x768,1133.22,9999a66726661999d10dc7722c1c5281db7784b72fc8507dd3a7ab5024bd5ea5
"C:\Users\user\UI-TARS-desktop\public\kelly\lessons\025\lesson-25-hero.png","lesson-25-hero.png","C:\Users\user\UI-TARS-desktop\public\kelly\lessons\025",IMPOSTER,25.75,124,"slightly turning her head.png",1344x768,903.98,9666a66609995999a4ccabb37b26d666a66c49a217d9b5512999591394e66f5c
"C:\Users\user\UI-TARS-desktop\public\kelly\lessons\025\lesson-25-guide-point.png","lesson-25-guide-point.png","C:\Users\user\UI-TARS-desktop\public\kelly\lessons\025",IMPOSTER,37.25,112,"facing to the left.png",768x1344,1037.99,b0ddb258af22cd274dc7659eb618b678b07042704723cf27ad97bc9e98cc19d0
"C:\Users\user\UI-TARS-desktop\public\kelly\lessons\026\lesson-26-hero.png","lesson-26-hero.png","C:\Users\user\UI-TARS-desktop\public\kelly\lessons\026",SUSPICIOUS,45.75,104,"profile of kelly.png",1344x768,657.14,f33306337ccc1333ccccc9cc8e59ccc6199cc463fd8c41391eced99c0cc3fccc
"C:\Users\user\UI-TARS-desktop\public\kelly\lessons\025\lesson-25-prop.png","lesson-25-prop.png","C:\Users\user\UI-TARS-desktop\public\kelly\lessons\025",IMPOSTER,37.5,112,"facing to the left.png",1344x768,847.4,9333a4934ccc09ccb2397b370cc2924de9884ed31d6ea398777b0967a09eff19
"C:\Users\user\UI-TARS-desktop\public\kelly\lessons\026\lesson-26-bg.png","lesson-26-bg.png","C:\Users\user\UI-TARS-desktop\public\kelly\lessons\026",IMPOSTER,21.0,129,"close up of kellys eyes.png",1344x768,667.23,82af3da2715a42ad2f81895a5a85baa8457eba4154ed215effd200b7d0562ff5
"C:\Users\user\UI-TARS-desktop\public\kelly\lessons\026\lesson-26-guide-point.png","lesson-26-guide-point.png","C:\Users\user\UI-TARS-desktop\public\kelly\lessons\026",SUSPICIOUS,55.25,94,"head and shoulders without chair.png",768x1344,907.09,f3985e990cd97364ca668ce69ce6a9325194f993ded91cc924d9dccc89989b0c
"C:\Users\user\UI-TARS-desktop\public\kelly\lessons\026\lesson-26-prop.png","lesson-26-prop.png","C:\Users\user\UI-TARS-desktop\public\kelly\lessons\026",IMPOSTER,36.0,114,"profile of kelly.png",1344x768,679.55,e6cd3ccc9b3626cd98ddda0199b264136d9099b80227ffe0664e7ed9918d9931
"C:\Users\user\UI-TARS-desktop\public\kelly\lessons\025\lesson-25-reaction.png","lesson-25-reaction.png","C:\Users\user\UI-TARS-desktop\public\kelly\lessons\025",SUSPICIOUS,47.5,102,"facing to the left.png",1024x1024,1023.13,b30cb331ce734cf319ceb5cd424c0b6c1533e233a7671e2608f38dd7ec8958cc
"C:\Users\user\UI-TARS-desktop\public\kelly\lessons\026\lesson-26-reaction.png","lesson-26-reaction.png","C:\Users\user\UI-TARS-desktop\public\kelly\lessons\026",SUSPICIOUS,48.75,101,"Curious Kelly in final pose in Chair - UI elements will go on the side rails - Copy.png",1024x1024,1098.21,f1991b49ce761e6289e325dbd86d9cc699d8489db44f4b9932391bcc76268532
"C:\Users\user\UI-TARS-desktop\public\kelly\lessons\027\lesson-27-bg.png","lesson-27-bg.png","C:\Users\user\UI-TARS-desktop\public\kelly\lessons\027",IMPOSTER,31.75,118,"close up of kellys eyes.png",1344x768,954.55,981e9c151d14a37188e51259b765dddb226c48dbff26736c08f8b766b70c98e2
"C:\Users\user\UI-TARS-desktop\public\kelly\lessons\027\lesson-27-reaction.png","lesson-27-reaction.png","C:\Users\user\UI-TARS-desktop\public\kelly\lessons\027",SUSPICIOUS,55.0,95,"facing to the left.png",1024x1024,1126.08,e39db2190e72cc6719a6999e4c93d9cc898c998ccd9b76d964992319334cf726
"C:\Users\user\UI-TARS-desktop\public\kelly\lessons\027\lesson-27-hero.png","lesson-27-hero.png","C:\Users\user\UI-TARS-desktop\public\kelly\lessons\027",IMPOSTER,22.75,127,"close up of kellys eyes.png",1344x768,783.19,9333cce3d8ccfd990ccc1999e27302663333e66633040733ddcec9dc1df3a0cc
"C:\Users\user\UI-TARS-desktop\public\kelly\lessons\027\lesson-27-guide-point.png","lesson-27-guide-point.png","C:\Users\user\UI-TARS-desktop\public\kelly\lessons\027",IMPOSTER,39.0,111,"slightly turning her head.png",768x1344,1019.1,f3cc4c99cb34b347cc3348a68cd373cec34c833c6db058b373cace0f333868e4
"C:\Users\user\UI-TARS-desktop\public\kelly\lessons\027\lesson-27-prop.png","lesson-27-prop.png","C:\Users\user\UI-TARS-desktop\public\kelly\lessons\027",SUSPICIOUS,40.5,109,"Curious Kelly in final pose in Chair - UI elements will go on the side rails - Copy.png",1344x768,941.75,b73991276667ccc609cccb9cdcd372648c36cbc619d8d8998d99d98c9cc96619
"C:\Users\user\UI-TARS-desktop\public\kelly\lessons\028\lesson-28-bg.png","lesson-28-bg.png","C:\Users\user\UI-TARS-desktop\public\kelly\lessons\028",IMPOSTER,34.75,115,"neutral face with hair.png",1344x768,1243.31,9991a64c7626799b038cc2637c9c3fd1172f80f6f58b7e350b52018df2b1bc53
"C:\Users\user\UI-TARS-desktop\public\kelly\lessons\028\lesson-28-guide-point.png","lesson-28-guide-point.png","C:\Users\user\UI-TARS-desktop\public\kelly\lessons\028",SUSPICIOUS,40.5,109,"Curious Kelly in final pose in Chair - UI elements will go on the side rails - Copy.png",768x1344,1039.0,a671a673d926498c59a62599a4f36673ca66258c5186998c9f69b5315273f9da
"C:\Users\user\UI-TARS-desktop\public\kelly\lessons\028\lesson-28-hero.png","lesson-28-hero.png","C:\Users\user\UI-TARS-desktop\public\kelly\lessons\028",IMPOSTER,30.25,119,"facing to the left.png",1344x768,961.79,9266e626f4cc4accac3391cc7dfb09848399e8697dde0e198366e5a254df1fa0
"C:\Users\user\UI-TARS-desktop\public\kelly\lessons\028\lesson-28-reaction.png","lesson-28-reaction.png","C:\Users\user\UI-TARS-desktop\public\kelly\lessons\028",SUSPICIOUS,42.0,108,"Curious Kelly in final pose in Chair - UI elements will go on the side rails - Copy.png",1024x1024,1072.63,b659e719b720d9264cf61cc74dccf9de9999ac89c8584cd515883319e3496b33
"C:\Users\user\UI-TARS-desktop\public\kelly\lessons\028\lesson-28-prop.png","lesson-28-prop.png","C:\Users\user\UI-TARS-desktop\public\kelly\lessons\028",IMPOSTER,32.25,117,"neutral face with hair.png",1344x768,917.31,9333b533cccc4ccc33999333a6336647742ebbd09d894afc644aa22db3525f23
"C:\Users\user\UI-TARS-desktop\public\kelly\lessons\029\lesson-29-bg.png","lesson-29-bg.png","C:\Users\user\UI-TARS-desktop\public\kelly\lessons\029",IMPOSTER,33.0,117,"close up of kellys eyes.png",1344x768,1266.1,ccc4c436998f10ef02bd4fcc9b519f3c1c5e683b5863f4d26a0a4c79c16a96f3
"C:\Users\user\UI-TARS-desktop\public\kelly\lessons\029\lesson-29-hero.png","lesson-29-hero.png","C:\Users\user\UI-TARS-desktop\public\kelly\lessons\029",IMPOSTER,23.75,126,"close up of kellys eyes.png",1344x768,1347.84,9272e1eca1369cd9973ec75ad4e6e2d259455835f0f884f9b4ab49e14a0b6f02
"C:\Users\user\UI-TARS-desktop\public\kelly\lessons\029\lesson-29-guide-point.png","lesson-29-guide-point.png","C:\Users\user\UI-TARS-desktop\public\kelly\lessons\029",IMPOSTER,34.75,115,"head and shoulders without chair.png",768x1344,1356.07,909ae09aa272c32fa6875a93e9394d24dc9634eb1e7bf876bc26869e4ad51c51
"C:\Users\user\UI-TARS-desktop\public\kelly\lessons\029\lesson-29-prop.png","lesson-29-prop.png","C:\Users\user\UI-TARS-desktop\public\kelly\lessons\029",IMPOSTER,24.75,125,"Curious Kelly in final pose in Chair - UI elements will go on the side rails - Copy.png",1344x768,1255.17,9219b5b49662cd73d2fd0f61cf87c3ab871cdac7a58f8817309849d8a1855c9e
"C:\Users\user\UI-TARS-desktop\public\kelly\lessons\029\lesson-29-reaction.png","lesson-29-reaction.png","C:\Users\user\UI-TARS-desktop\public\kelly\lessons\029",IMPOSTER,25.75,124,"facing to the left.png",1024x1024,1398.07,c394e2dda2b2ca76e8f68ced07cedd645d341ca45e04d1ca717b01a91b25fd03
"C:\Users\user\UI-TARS-desktop\public\kelly\lessons\030\lesson-30-bg.png","lesson-30-bg.png","C:\Users\user\UI-TARS-desktop\public\kelly\lessons\030",IMPOSTER,28.5,121,"close up of face.jpeg",1344x768,1290.06,8a7dae2535aa70a36f0393de40789483cf5d8979d2026dd79bfc648731a0cb8b
"C:\Users\user\UI-TARS-desktop\public\kelly\lessons\030\lesson-30-guide-point.png","lesson-30-guide-point.png","C:\Users\user\UI-TARS-desktop\public\kelly\lessons\030",IMPOSTER,35.75,114,"head and shoulders without chair.png",768x1344,1238.27,b4aaa48a1e43d36de907239ccd303e42dc92296d46d9bf2ce6c816b5036f7b36
"C:\Users\user\UI-TARS-desktop\public\kelly\lessons\030\lesson-30-hero.png","lesson-30-hero.png","C:\Users\user\UI-TARS-desktop\public\kelly\lessons\030",IMPOSTER,33.0,117,"close up of face.jpeg",1344x768,1100.97,db89fa1c45a3252c9e776ca845373a52e7c11a3e65439b9e28e9658e90c01f3f
"C:\Users\user\UI-TARS-desktop\public\kelly\lessons\030\lesson-30-prop.png","lesson-30-prop.png","C:\Users\user\UI-TARS-desktop\public\kelly\lessons\030",IMPOSTER,27.75,122,"profile of kelly.png",1344x768,1151.39,f072f0fa7b590f45606e6cd9fb2986a81c8b82c479d587381c6b9332caf8195b
"C:\Users\user\UI-TARS-desktop\public\kelly\lessons\031\lesson-31-bg.png","lesson-31-bg.png","C:\Users\user\UI-TARS-desktop\public\kelly\lessons\031",IMPOSTER,29.75,120,"close up of face.jpeg",1344x768,1176.69,8c99c655627679cdf165ba662e416ed3c61b96b13bd0096da7e5c01c68bd1097
"C:\Users\user\UI-TARS-desktop\public\kelly\lessons\030\lesson-30-reaction.png","lesson-30-reaction.png","C:\Users\user\UI-TARS-desktop\public\kelly\lessons\030",IMPOSTER,30.0,120,"Curious Kelly in final pose in Chair - UI elements will go on the side rails - Copy.png",1024x1024,1216.56,d798bdfd1f63f2062b01026c7936d9fc1e9e8d027d9b0dd99889658ac0fca069
"C:\Users\user\UI-TARS-desktop\public\kelly\lessons\031\lesson-31-guide-point.png","lesson-31-guide-point.png","C:\Users\user\UI-TARS-desktop\public\kelly\lessons\031",IMPOSTER,31.25,118,"Curious Kelly in final pose in Chair - UI elements will go on the side rails - Copy.png",768x1344,1009.71,b64fec9b59a45b34b39be6db4e63896c939c199b65b39649644c198ca2329925
"C:\Users\user\UI-TARS-desktop\public\kelly\lessons\031\lesson-31-hero.png","lesson-31-hero.png","C:\Users\user\UI-TARS-desktop\public\kelly\lessons\031",IMPOSTER,33.0,117,"facing to the left.png",1344x768,1045.19,9333eb335ccc0cc4adcc52d80dcc9cb0e34b65b13373c33376c41c6b82ecf999
"C:\Users\user\UI-TARS-desktop\public\kelly\lessons\031\lesson-31-prop.png","lesson-31-prop.png","C:\Users\user\UI-TARS-desktop\public\kelly\lessons\031",IMPOSTER,38.25,111,"facing to the left.png",1344x768,871.91,9330b3194ce74ce6b3cc9d2c46b3372df3b62f194431b3139c4c4ce6cc4eb2e4
"C:\Users\user\UI-TARS-desktop\public\kelly\lessons\032\lesson-32-bg.png","lesson-32-bg.png","C:\Users\user\UI-TARS-desktop\public\kelly\lessons\032",IMPOSTER,38.5,111,"close up of kellys eyes.png",1344x768,1282.87,9b97679718339871679fc38e664c1cc5664cd64c2ee8b07166c6838fd9066679
"C:\Users\user\UI-TARS-desktop\public\kelly\lessons\031\lesson-31-reaction.png","lesson-31-reaction.png","C:\Users\user\UI-TARS-desktop\public\kelly\lessons\031",IMPOSTER,38.5,111,"facing to the left.png",1024x1024,1041.15,b34cb38ce6394c330cf3dee7e84d85c65ece484ca5cdb78c723843341533b233
"C:\Users\user\UI-TARS-desktop\public\kelly\lessons\032\lesson-32-hero.png","lesson-32-hero.png","C:\Users\user\UI-TARS-desktop\public\kelly\lessons\032",IMPOSTER,35.75,114,"close up of kellys eyes.png",1344x768,943.81,94981695f6770962c9c869626b5838d2c9267b21b36d496df92b1edee1092ef5
"C:\Users\user\UI-TARS-desktop\public\kelly\lessons\032\lesson-32-guide-point.png","lesson-32-guide-point.png","C:\Users\user\UI-TARS-desktop\public\kelly\lessons\032",IMPOSTER,24.25,125,"close up of kellys eyes.png",768x1344,1267.89,d0543adf4d2ebc3a21f0d7049527985b36c24e98bf2589e02f064fdbbe4893f1
"C:\Users\user\UI-TARS-desktop\public\kelly\lessons\033\lesson-33-guide-point.png","lesson-33-guide-point.png","C:\Users\user\UI-TARS-desktop\public\kelly\lessons\033",SUSPICIOUS,48.0,102,"facing to the left.png",768x1344,1492.39,b998d3976478ce491a5b98716da2c9c6998639bcd3d96993349b32186f50b46e
"C:\Users\user\UI-TARS-desktop\public\kelly\lessons\032\lesson-32-prop.png","lesson-32-prop.png","C:\Users\user\UI-TARS-desktop\public\kelly\lessons\032",IMPOSTER,26.25,123,"head and shoulders without chair.png",1344x768,1117.61,9ce0f0db33c9ce4cda6c3396ccc930c3c9268e64331c7364376c332ece6639ce
"C:\Users\user\UI-TARS-desktop\public\kelly\lessons\032\lesson-32-reaction.png","lesson-32-reaction.png","C:\Users\user\UI-TARS-desktop\public\kelly\lessons\032",SUSPICIOUS,48.25,101,"neutral face with hair.png",1024x1024,1049.56,bd4ae572e7b52796522552b952b9dc298c6298448957a552a15aad6ad2ad5aaf
"C:\Users\user\UI-TARS-desktop\public\kelly\lessons\033\lesson-33-bg.png","lesson-33-bg.png","C:\Users\user\UI-TARS-desktop\public\kelly\lessons\033",IMPOSTER,32.0,118,"close up of kellys eyes.png",1344x768,1171.03,cdc587a5b7aa74aa7c0a5c12f400e052f05634da55fe5fff4ffc03436b04c80d
"C:\Users\user\UI-TARS-desktop\public\kelly\lessons\033\lesson-33-hero.png","lesson-33-hero.png","C:\Users\user\UI-TARS-desktop\public\kelly\lessons\033",IMPOSTER,26.25,123,"close up of kellys eyes.png",1344x768,987.76,84d91293492676cc99cccc2753336c8d79d665b9927c3323924b66d96e4c6cee
"C:\Users\user\UI-TARS-desktop\public\kelly\lessons\034\lesson-34-hero.png","lesson-34-hero.png","C:\Users\user\UI-TARS-desktop\public\kelly\lessons\034",SUSPICIOUS,50.0,100,"Curious Kelly in final pose in Chair - UI elements will go on the side rails - Copy.png",1344x768,1049.53,e6199a6119668ce6666626c699cd79999999999d9d99d999999ccdcc18333631
"C:\Users\user\UI-TARS-desktop\public\kelly\lessons\033\lesson-33-prop.png","lesson-33-prop.png","C:\Users\user\UI-TARS-desktop\public\kelly\lessons\033",IMPOSTER,35.75,114,"close up of face.jpeg",1344x768,1146.33,dd0869b929b991c8c690962d49a43c9d9eda9964b26666616de6e1a72f25db72
"C:\Users\user\UI-TARS-desktop\public\kelly\lessons\033\lesson-33-reaction.png","lesson-33-reaction.png","C:\Users\user\UI-TARS-desktop\public\kelly\lessons\033",SUSPICIOUS,43.0,107,"close up of face.jpeg",1024x1024,1401.4,cc46cc79b59b79f3a468c725318ea4e733d0359ca6c65321c38db1cd34b762b0
"C:\Users\user\UI-TARS-desktop\public\kelly\lessons\034\lesson-34-guide-point.png","lesson-34-guide-point.png","C:\Users\user\UI-TARS-desktop\public\kelly\lessons\034",IMPOSTER,28.5,121,"head and shoulders without chair.png",768x1344,1486.58,8fc99cd83cbef30532662a36e101d28849b7698314e69a4ec9adcc9bca9bcd75
"C:\Users\user\UI-TARS-desktop\public\kelly\lessons\034\lesson-34-bg.png","lesson-34-bg.png","C:\Users\user\UI-TARS-desktop\public\kelly\lessons\034",IMPOSTER,24.25,125,"profile of kelly.png",1344x768,1006.3,c0f4f0fc1f2fcf03478304a10c79261f3c0f1e6f367c397e3974387031b239e3
"C:\Users\user\UI-TARS-desktop\public\kelly\lessons\034\lesson-34-prop.png","lesson-34-prop.png","C:\Users\user\UI-TARS-desktop\public\kelly\lessons\034",IMPOSTER,29.5,120,"head and shoulders without chair.png",1344x768,1183.53,858064de1ef8f191f42713f97799b46943973ee6246cd40313872c7cfc42d987
"C:\Users\user\UI-TARS-desktop\public\kelly\lessons\035\lesson-35-bg.png","lesson-35-bg.png","C:\Users\user\UI-TARS-desktop\public\kelly\lessons\035",IMPOSTER,27.75,122,"slightly turning her head.png",1344x768,688.85,b59c3d634a63c21ce1e53de70f38e2d2e0c71e5818f2c7aee69538e00b28cf1b
"C:\Users\user\UI-TARS-desktop\public\kelly\lessons\034\lesson-34-reaction.png","lesson-34-reaction.png","C:\Users\user\UI-TARS-desktop\public\kelly\lessons\034",SUSPICIOUS,39.25,110,"close up of kellys eyes.png",1024x1024,1369.97,cc0c0e5cf1e313e11bc6d38d2ddbf098cf6b4e62b07125e63c6183654d1c78d7
"C:\Users\user\UI-TARS-desktop\public\kelly\lessons\035\lesson-35-guide-point.png","lesson-35-guide-point.png","C:\Users\user\UI-TARS-desktop\public\kelly\lessons\035",IMPOSTER,37.25,112,"close up of kellys eyes.png",768x1344,1679.9,9d3008fd71c7628b251c358472e18a65a55b8d9e589ccea6986795791b7b638f
"C:\Users\user\UI-TARS-desktop\public\kelly\lessons\035\lesson-35-hero.png","lesson-35-hero.png","C:\Users\user\UI-TARS-desktop\public\kelly\lessons\035",IMPOSTER,27.75,122,"facing to the left.png",1344x768,1305.67,d249eb482db5a4914ed939a6b6dacc966d649352d272c86f91693791649bc86e
"C:\Users\user\UI-TARS-desktop\public\kelly\lessons\035\lesson-35-prop.png","lesson-35-prop.png","C:\Users\user\UI-TARS-desktop\public\kelly\lessons\035",IMPOSTER,32.0,118,"close up of face.jpeg",1344x768,1277.67,9931b1e263c69b1526d999ce292ecc989250996e4b369e339d9e331ce76336c3
"C:\Users\user\UI-TARS-desktop\public\kelly\lessons\035\lesson-35-reaction.png","lesson-35-reaction.png","C:\Users\user\UI-TARS-desktop\public\kelly\lessons\035",IMPOSTER,22.75,127,"close up of kellys eyes.png",1024x1024,1159.44,c86133c8619e64e2de69670e899e99278e5c30ee648777319d9989b66664f6c9
"C:\Users\user\UI-TARS-desktop\public\kelly\lessons\036\lesson-36-hero.png","lesson-36-hero.png","C:\Users\user\UI-TARS-desktop\public\kelly\lessons\036",IMPOSTER,26.5,123,"close up of kellys eyes.png",1344x768,1125.9,961c4adb39249c2542d229254ecbb8525729eed6594bb6b54b4ab4bd6b16658f
"C:\Users\user\UI-TARS-desktop\public\kelly\lessons\036\lesson-36-guide-point.png","lesson-36-guide-point.png","C:\Users\user\UI-TARS-desktop\public\kelly\lessons\036",SUSPICIOUS,46.25,103,"neutral face with hair.png",768x1344,1468.09,bd29bd247235a2d20dd37cd0c70fdb090eccc57dda239c328d24d8fccc07ccb2
"C:\Users\user\UI-TARS-desktop\public\kelly\lessons\036\lesson-36-bg.png","lesson-36-bg.png","C:\Users\user\UI-TARS-desktop\public\kelly\lessons\036",IMPOSTER,33.75,116,"close up of kellys eyes.png",1344x768,1194.79,999b21132664de6679b68019336eddde253199cd6673984cb3b3e6661898b333
"C:\Users\user\UI-TARS-desktop\public\kelly\lessons\036\lesson-36-prop.png","lesson-36-prop.png","C:\Users\user\UI-TARS-desktop\public\kelly\lessons\036",IMPOSTER,32.25,117,"facing to the left.png",1344x768,967.62,d70fb7070db3c8e1b0e164396f1e907cf8f0e5b41f0f389ee1d0681d1e3c9701
"C:\Users\user\UI-TARS-desktop\public\kelly\lessons\037\lesson-37-bg.png","lesson-37-bg.png","C:\Users\user\UI-TARS-desktop\public\kelly\lessons\037",IMPOSTER,31.0,119,"head and shoulders without chair.png",1344x768,1369.69,94e5fa58eb1e4da518781496e9c9b34f65ed133046b6cb39e967b8cb24c618d0
"C:\Users\user\UI-TARS-desktop\public\kelly\lessons\036\lesson-36-reaction.png","lesson-36-reaction.png","C:\Users\user\UI-TARS-desktop\public\kelly\lessons\036",SUSPICIOUS,41.75,108,"close up of face.jpeg",1024x1024,1271.92,f818fc0125e4e1668219379b75862420adf81fa71ff7f0d9409fbf00f041dfcb
"C:\Users\user\UI-TARS-desktop\public\kelly\lessons\038\lesson-38-bg.png","lesson-38-bg.png","C:\Users\user\UI-TARS-desktop\public\kelly\lessons\038",SUSPICIOUS,47.75,102,"neutral face with hair.png",1344x768,1626.33,f040d7e55fde4e093760d4e5f8f3a1874644efe91a3b396574c888e0871f7a02
"C:\Users\user\UI-TARS-desktop\public\kelly\lessons\037\lesson-37-hero.png","lesson-37-hero.png","C:\Users\user\UI-TARS-desktop\public\kelly\lessons\037",SUSPICIOUS,47.75,102,"close up of face.jpeg",1344x768,1204.94,e94a96cd95a4369696967a7ee96a6960638f662e8699c4b29ced9d92924d4992
"C:\Users\user\UI-TARS-desktop\public\kelly\lessons\037\lesson-37-guide-point.png","lesson-37-guide-point.png","C:\Users\user\UI-TARS-desktop\public\kelly\lessons\037",IMPOSTER,27.25,122,"Curious Kelly in final pose in Chair - UI elements will go on the side rails - Copy.png",768x1344,1479.16,88b984781679d6cb71c361e71f6e6b20c93c61fc0d98b4a7ca97c97b4c708da1
"C:\Users\user\UI-TARS-desktop\public\kelly\lessons\037\lesson-37-reaction.png","lesson-37-reaction.png","C:\Users\user\UI-TARS-desktop\public\kelly\lessons\037",SUSPICIOUS,42.75,107,"close up of face.jpeg",1024x1024,1302.16,bb12e91a44ed696c8359649b69b026ed64989966b66e52b98f117b4bcb68a536
"C:\Users\user\UI-TARS-desktop\public\kelly\lessons\037\lesson-37-prop.png","lesson-37-prop.png","C:\Users\user\UI-TARS-desktop\public\kelly\lessons\037",SUSPICIOUS,40.0,110,"Curious Kelly in final pose in Chair - UI elements will go on the side rails - Copy.png",1344x768,1114.64,e997b1a690cf5ac94f1aa71a96be9a86c9d6896bc9295f24e25426193899a6d5
"C:\Users\user\UI-TARS-desktop\public\kelly\lessons\038\lesson-38-guide-point.png","lesson-38-guide-point.png","C:\Users\user\UI-TARS-desktop\public\kelly\lessons\038",IMPOSTER,37.25,112,"head and shoulders without chair.png",768x1344,1202.79,a4ce93a71338ec5a49ad3ed2cc4b632cbf84d1e387bb965060ce3b9e4e312863
"C:\Users\user\UI-TARS-desktop\public\kelly\lessons\038\lesson-38-prop.png","lesson-38-prop.png","C:\Users\user\UI-TARS-desktop\public\kelly\lessons\038",GOOD,67.75,82,"Curious Kelly in final pose in Chair - UI elements will go on the side rails - Copy.png",1344x768,1577.1,a781c63e1a61f4e50ecc9e4e79b4c8c44f8e993891c39ab6d9389999d9839b93
"C:\Users\user\UI-TARS-desktop\public\kelly\lessons\038\lesson-38-hero.png","lesson-38-hero.png","C:\Users\user\UI-TARS-desktop\public\kelly\lessons\038",SUSPICIOUS,44.0,106,"head and shoulders without chair.png",1344x768,1457.49,b0ccb716c333cb339d33a3c74eb99cc3abce42a1b56c584c98989c6b0c8ed789
"C:\Users\user\UI-TARS-desktop\public\kelly\lessons\039\lesson-39-bg.png","lesson-39-bg.png","C:\Users\user\UI-TARS-desktop\public\kelly\lessons\039",IMPOSTER,36.25,113,"Curious Kelly in final pose in Chair - UI elements will go on the side rails - Copy.png",1344x768,1324.47,c32cda280e245a465867af5787af0b6c4d2a4a2e6952a872a199f156f5b59fd6
"C:\Users\user\UI-TARS-desktop\public\kelly\lessons\039\lesson-39-guide-point.png","lesson-39-guide-point.png","C:\Users\user\UI-TARS-desktop\public\kelly\lessons\039",SUSPICIOUS,39.75,110,"neutral face with hair.png",768x1344,1487.7,eca0f358c18faea7b4534f198ae8b26779464e394a9da07377ec28c6cb13a512
"C:\Users\user\UI-TARS-desktop\public\kelly\lessons\039\lesson-39-hero.png","lesson-39-hero.png","C:\Users\user\UI-TARS-desktop\public\kelly\lessons\039",SUSPICIOUS,39.5,110,"profile of kelly.png",1344x768,1417.4,f1d500fc63be1e239fc3607d762c4680b4782c5f63cc58bc3417ed496e7152b2
"C:\Users\user\UI-TARS-desktop\public\kelly\lessons\038\lesson-38-reaction.png","lesson-38-reaction.png","C:\Users\user\UI-TARS-desktop\public\kelly\lessons\038",SUSPICIOUS,42.75,107,"close up of face.jpeg",1024x1024,1453.19,fe3aa80aa161f475c7da77cbb5a56209a129b7a462413199fdb66003ddaed0b4
"C:\Users\user\UI-TARS-desktop\public\kelly\lessons\039\lesson-39-reaction.png","lesson-39-reaction.png","C:\Users\user\UI-TARS-desktop\public\kelly\lessons\039",IMPOSTER,32.0,118,"Curious Kelly in final pose in Chair - UI elements will go on the side rails - Copy.png",1024x1024,1550.43,eb5aabdef625ed259fedfcfa31b466603c00e1b88740cc03307ec7808e1f107c
"C:\Users\user\UI-TARS-desktop\public\kelly\lessons\039\lesson-39-prop.png","lesson-39-prop.png","C:\Users\user\UI-TARS-desktop\public\kelly\lessons\039",IMPOSTER,34.75,115,"close up of face.jpeg",1344x768,1274.56,ad11752a786ab0ff31a8cadd73d088b1c9f142c0cec333da8d31eb5157eb3c22
"C:\Users\user\UI-TARS-desktop\public\kelly\lessons\040\lesson-40-bg.png","lesson-40-bg.png","C:\Users\user\UI-TARS-desktop\public\kelly\lessons\040",IMPOSTER,35.75,114,"facing to the left.png",1344x768,1271.23,f01391311bfd0c0431d0e3f58d2571e57d043c05f8f7915661bea32731ecebcd
"C:\Users\user\UI-TARS-desktop\public\kelly\lessons\040\lesson-40-guide-point.png","lesson-40-guide-point.png","C:\Users\user\UI-TARS-desktop\public\kelly\lessons\040",IMPOSTER,31.5,118,"close up of kellys eyes.png",768x1344,1105.1,fb6ac20504fa8cf00b0771cab9959eda637d6729a4a67a4e4bd2648ae21dd90f
"C:\Users\user\UI-TARS-desktop\public\kelly\lessons\040\lesson-40-prop.png","lesson-40-prop.png","C:\Users\user\UI-TARS-desktop\public\kelly\lessons\040",IMPOSTER,32.25,117,"close up of kellys eyes.png",1344x768,1236.81,84ad5bc44a52a42db16f4b503637b7236375763332da8d23c8d3d8db9dade030
"C:\Users\user\UI-TARS-desktop\public\kelly\lessons\041\lesson-41-bg.png","lesson-41-bg.png","C:\Users\user\UI-TARS-desktop\public\kelly\lessons\041",IMPOSTER,32.5,117,"profile of kelly.png",1344x768,1018.2,c9b6e9966671966931cdc11934b3b44ab44ab66ab79d82f4b68596f06969097a
"C:\Users\user\UI-TARS-desktop\public\kelly\lessons\040\lesson-40-hero.png","lesson-40-hero.png","C:\Users\user\UI-TARS-desktop\public\kelly\lessons\040",SUSPICIOUS,44.75,105,"head and shoulders without chair.png",1344x768,1289.37,f19ef0ce1e27f36173868e62c166339cce33c9cc098cd9b3771c0331f263239c
"C:\Users\user\UI-TARS-desktop\public\kelly\lessons\040\lesson-40-reaction.png","lesson-40-reaction.png","C:\Users\user\UI-TARS-desktop\public\kelly\lessons\040",IMPOSTER,38.25,111,"head and shoulders without chair.png",1024x1024,1127.04,e5a48585fe96d8165f78fa0d09e31fb1c8398df5598168dd75f004a639fc310a
"C:\Users\user\UI-TARS-desktop\public\kelly\lessons\041\lesson-41-guide-point.png","lesson-41-guide-point.png","C:\Users\user\UI-TARS-desktop\public\kelly\lessons\041",IMPOSTER,30.25,119,"neutral face with hair.png",768x1344,1068.61,fda3804e6e105bc92c42fc15d26ac7c2391575fc34f80b517b8f65241cf8c9f3
"C:\Users\user\UI-TARS-desktop\public\kelly\lessons\041\lesson-41-hero.png","lesson-41-hero.png","C:\Users\user\UI-TARS-desktop\public\kelly\lessons\041",IMPOSTER,23.75,126,"close up of face.jpeg",1344x768,1218.42,d161e61919e6d98ce7196a675ce6f59839014ae4162efc416bd442cf742abf70
"C:\Users\user\UI-TARS-desktop\public\kelly\lessons\042\lesson-42-bg.png","lesson-42-bg.png","C:\Users\user\UI-TARS-desktop\public\kelly\lessons\042",IMPOSTER,30.25,119,"close up of face.jpeg",1344x768,981.63,9250913565af6e464b71e5b8248e7b4759e9e4b26a5c91e93da74e4b61729934
"C:\Users\user\UI-TARS-desktop\public\kelly\lessons\041\lesson-41-prop.png","lesson-41-prop.png","C:\Users\user\UI-TARS-desktop\public\kelly\lessons\041",SUSPICIOUS,45.75,104,"neutral face with hair.png",1344x768,1491.32,e996a5b0725666598e39627227a69c696673a63999cd49e6c469a636394cccd3
"C:\Users\user\UI-TARS-desktop\public\kelly\lessons\042\lesson-42-guide-point.png","lesson-42-guide-point.png","C:\Users\user\UI-TARS-desktop\public\kelly\lessons\042",SUSPICIOUS,40.75,109,"neutral face with hair.png",768x1344,1928.69,f895697fc6d087f8b68d6a07852f9e578b581c94c9d098ec9f631929a189b558
"C:\Users\user\UI-TARS-desktop\public\kelly\lessons\041\lesson-41-reaction.png","lesson-41-reaction.png","C:\Users\user\UI-TARS-desktop\public\kelly\lessons\041",SUSPICIOUS,50.5,99,"close up of face.jpeg",1024x1024,1325.87,b819b470bc8e2ea693d923c36178313c56af9993a264275dddba232f37498897
"C:\Users\user\UI-TARS-desktop\public\kelly\lessons\042\lesson-42-hero.png","lesson-42-hero.png","C:\Users\user\UI-TARS-desktop\public\kelly\lessons\042",IMPOSTER,26.5,123,"close up of kellys eyes.png",1344x768,1315.67,c6dbcb6a736535a6393a7a5534ad8d34864cc695c5258b4b925b92cdd2aab892
"C:\Users\user\UI-TARS-desktop\public\kelly\lessons\042\lesson-42-prop.png","lesson-42-prop.png","C:\Users\user\UI-TARS-desktop\public\kelly\lessons\042",SUSPICIOUS,57.0,93,"head and shoulders without chair.png",1344x768,1115.86,b039d3d9658fb39b9b098d9c497c9c74c8183989c6d3e71e6c399c7261673306
"C:\Users\user\UI-TARS-desktop\public\kelly\lessons\042\lesson-42-reaction.png","lesson-42-reaction.png","C:\Users\user\UI-TARS-desktop\public\kelly\lessons\042",SUSPICIOUS,47.25,102,"neutral face with hair.png",1024x1024,1384.64,993994b466c663d2034966c9654f5a2cdb749bb6743ea9d85da39225c99d8d13
"C:\Users\user\UI-TARS-desktop\public\kelly\lessons\043\lesson-43-bg.png","lesson-43-bg.png","C:\Users\user\UI-TARS-desktop\public\kelly\lessons\043",IMPOSTER,26.25,123,"profile of kelly.png",1344x768,1177.3,c83dcd78ef8d27cb114bf375cc1b6fa33319193293658a7a268d66d03164c26c
"C:\Users\user\UI-TARS-desktop\public\kelly\lessons\043\lesson-43-guide-point.png","lesson-43-guide-point.png","C:\Users\user\UI-TARS-desktop\public\kelly\lessons\043",SUSPICIOUS,51.75,98,"Curious Kelly in final pose in Chair - UI elements will go on the side rails - Copy.png",1344x768,1224.74,a6c98733d864f4cc022cc0c8d983ff38fd9cc26cf333cd939332c9b3d3328c99
"C:\Users\user\UI-TARS-desktop\public\kelly\lessons\043\lesson-43-hero.png","lesson-43-hero.png","C:\Users\user\UI-TARS-desktop\public\kelly\lessons\043",IMPOSTER,27.5,122,"close up of kellys eyes.png",1344x768,1351.05,98ac2c940fc19475e33e4d016e5bc96b6b69c90363f9cbf0fc0c086f919cf939
"C:\Users\user\UI-TARS-desktop\public\kelly\lessons\043\lesson-43-prop.png","lesson-43-prop.png","C:\Users\user\UI-TARS-desktop\public\kelly\lessons\043",GOOD,67.75,82,"Curious Kelly in final pose in Chair - UI elements will go on the side rails - Copy.png",1344x768,1042.45,a5999631ce6638e6c62698cccdc63193ce79998e9999cccc999b999ccc93324d
"C:\Users\user\UI-TARS-desktop\public\kelly\lessons\044\lesson-44-guide-point.png","lesson-44-guide-point.png","C:\Users\user\UI-TARS-desktop\public\kelly\lessons\044",SUSPICIOUS,50.5,99,"slightly turning her head.png",1344x768,935.91,ed249496d2db381b369b87611868f16dc3371f2099e4c32699369b279eb69b4c
"C:\Users\user\UI-TARS-desktop\public\kelly\lessons\044\lesson-44-bg.png","lesson-44-bg.png","C:\Users\user\UI-TARS-desktop\public\kelly\lessons\044",SUSPICIOUS,44.25,105,"facing to the left.png",1344x768,1365.92,b193d1970f6e4c6cf4c42397533bba21ccf44ccc2d8cb39f52730967ac24c6d8
"C:\Users\user\UI-TARS-desktop\public\kelly\lessons\043\lesson-43-reaction.png","lesson-43-reaction.png","C:\Users\user\UI-TARS-desktop\public\kelly\lessons\043",IMPOSTER,32.0,118,"close up of kellys eyes.png",1344x768,1118.76,9d324897f94e30e9ce91db338662dcbd33346ccc64c93335c8cc6d9aca639271
"C:\Users\user\UI-TARS-desktop\public\kelly\lessons\044\lesson-44-hero.png","lesson-44-hero.png","C:\Users\user\UI-TARS-desktop\public\kelly\lessons\044",IMPOSTER,23.25,126,"close up of kellys eyes.png",1344x768,1266.49,8ad8a3d46d625ceb72c6c32467228e72b2598fdd47ac824322474537c7bccf9c
"C:\Users\user\UI-TARS-desktop\public\kelly\lessons\045\lesson-45-guide-point.png","lesson-45-guide-point.png","C:\Users\user\UI-TARS-desktop\public\kelly\lessons\045",IMPOSTER,34.5,115,"close up of kellys eyes.png",1344x768,1133.51,d334644a1999c63466ce19993733996692d9c91a266699b6338fcb7924ec99de
"C:\Users\user\UI-TARS-desktop\public\kelly\lessons\044\lesson-44-prop.png","lesson-44-prop.png","C:\Users\user\UI-TARS-desktop\public\kelly\lessons\044",IMPOSTER,38.25,111,"neutral face with hair.png",1344x768,1241.63,bc49b0c5c38c1f34633e9360193967137270332df3932e63dc1ecdd05e63b27c
"C:\Users\user\UI-TARS-desktop\public\kelly\lessons\045\lesson-45-bg.png","lesson-45-bg.png","C:\Users\user\UI-TARS-desktop\public\kelly\lessons\045",IMPOSTER,32.75,117,"close up of kellys eyes.png",1344x768,1280.44,8ccd8ccdb335b3312533b542b128a53a0dbeeda66db609b6b1a330b336337326
"C:\Users\user\UI-TARS-desktop\public\kelly\lessons\044\lesson-44-reaction.png","lesson-44-reaction.png","C:\Users\user\UI-TARS-desktop\public\kelly\lessons\044",IMPOSTER,33.25,116,"Curious Kelly in final pose in Chair - UI elements will go on the side rails - Copy.png",1344x768,1055.92,fc8ab8b58b526f8a32cf618cd9d09331d926cc638ccd7648632566ec9e4e7338
"C:\Users\user\UI-TARS-desktop\public\kelly\lessons\045\lesson-45-prop.png","lesson-45-prop.png","C:\Users\user\UI-TARS-desktop\public\kelly\lessons\045",SUSPICIOUS,41.25,108,"profile of kelly.png",1344x768,1243.15,eb27c63210992f8e6466fc8522592749e4cc66915ccea599f3395a299f67a758
"C:\Users\user\UI-TARS-desktop\public\kelly\lessons\046\lesson-46-bg.png","lesson-46-bg.png","C:\Users\user\UI-TARS-desktop\public\kelly\lessons\046",IMPOSTER,35.25,114,"facing to the left.png",1344x768,1309.24,d024c95033d27bad4c9ad696b1092a2a6cfa5a95d3b7b75b29646dcb5c9492ac
"C:\Users\user\UI-TARS-desktop\public\kelly\lessons\045\lesson-45-hero.png","lesson-45-hero.png","C:\Users\user\UI-TARS-desktop\public\kelly\lessons\045",IMPOSTER,37.25,112,"close up of kellys eyes.png",1344x768,1353.82,d8691ccba234d926f9d259372f34f03fd9b2e1031fb7a8c0c01e7588e27f1919
"C:\Users\user\UI-TARS-desktop\public\kelly\lessons\045\lesson-45-reaction.png","lesson-45-reaction.png","C:\Users\user\UI-TARS-desktop\public\kelly\lessons\045",IMPOSTER,38.5,111,"close up of face.jpeg",1344x768,1216.21,d942da2f859279a10adddcd29b6c9049b3adf91423442416db3edde00e65dee5
"C:\Users\user\UI-TARS-desktop\public\kelly\lessons\046\lesson-46-guide-point.png","lesson-46-guide-point.png","C:\Users\user\UI-TARS-desktop\public\kelly\lessons\046",IMPOSTER,36.0,114,"Curious Kelly in final pose in Chair - UI elements will go on the side rails - Copy.png",1344x768,1117.36,8458319838e3ce6363c6c3c5399ece4ed671c338c71e3d8e9e70c339cc38e719
"C:\Users\user\UI-TARS-desktop\public\kelly\lessons\046\lesson-46-hero.png","lesson-46-hero.png","C:\Users\user\UI-TARS-desktop\public\kelly\lessons\046",IMPOSTER,26.75,123,"profile of kelly.png",1344x768,1193.71,ccc2c609e386c8e3a4c6a8c66388cb999bd9395e29ba29ba3b9930f49459edf6
"C:\Users\user\UI-TARS-desktop\public\kelly\lessons\046\lesson-46-prop.png","lesson-46-prop.png","C:\Users\user\UI-TARS-desktop\public\kelly\lessons\046",SUSPICIOUS,40.75,109,"Curious Kelly in final pose in Chair - UI elements will go on the side rails - Copy.png",1344x768,1222.8,e252eb66952a5a266cc9936b9932a6c9996bd349364c6cdb25adc62c79adc912
"C:\Users\user\UI-TARS-desktop\public\kelly\lessons\046\lesson-46-reaction.png","lesson-46-reaction.png","C:\Users\user\UI-TARS-desktop\public\kelly\lessons\046",IMPOSTER,18.75,131,"close up of kellys eyes.png",1344x768,1176.16,9ad8325a63640f6c3c9a6cb44d696cc961b425bb7fb2d1274d976c793348c199
"C:\Users\user\UI-TARS-desktop\public\kelly\lessons\047\lesson-47-guide-point.png","lesson-47-guide-point.png","C:\Users\user\UI-TARS-desktop\public\kelly\lessons\047",SUSPICIOUS,45.5,104,"close up of face.jpeg",1344x768,1167.43,f82cb4d461d0c3e35a13bc70b187ce3358c5b723b4781a51d8e3b70396f62b0f
"C:\Users\user\UI-TARS-desktop\public\kelly\lessons\047\lesson-47-bg.png","lesson-47-bg.png","C:\Users\user\UI-TARS-desktop\public\kelly\lessons\047",IMPOSTER,32.5,117,"close up of kellys eyes.png",1344x768,1611.24,c952c665e39894e27d95fabb254c9bcf90fb6454998a5877670c9a826ce9c390
"C:\Users\user\UI-TARS-desktop\public\kelly\lessons\047\lesson-47-hero.png","lesson-47-hero.png","C:\Users\user\UI-TARS-desktop\public\kelly\lessons\047",IMPOSTER,33.5,116,"close up of kellys eyes.png",1344x768,1320.25,98d9f947ba9eaa5bf333a996d333a92549247d24e9845924a966562a356e7226
"C:\Users\user\UI-TARS-desktop\public\kelly\lessons\047\lesson-47-prop.png","lesson-47-prop.png","C:\Users\user\UI-TARS-desktop\public\kelly\lessons\047",SUSPICIOUS,48.75,101,"Curious Kelly in final pose in Chair - UI elements will go on the side rails - Copy.png",1344x768,1298.3,bc10e43092797de79a666759e4fcd9f409c8b23731cf2b027163b6056738e383
"C:\Users\user\UI-TARS-desktop\public\kelly\lessons\048\lesson-48-guide-point.png","lesson-48-guide-point.png","C:\Users\user\UI-TARS-desktop\public\kelly\lessons\048",IMPOSTER,34.25,115,"close up of kellys eyes.png",1344x768,1113.61,c738b91c1c4ec47371c3c8c73863ae7751abc3c1cac73a171e38c388ce385f8d
"C:\Users\user\UI-TARS-desktop\public\kelly\lessons\047\lesson-47-reaction.png","lesson-47-reaction.png","C:\Users\user\UI-TARS-desktop\public\kelly\lessons\047",IMPOSTER,25.0,125,"slightly turning her head.png",1344x768,1239.41,c533b2571ccb64860e6828692bddf45634c6e6d4e2598dbcb216dd7ab48d2c95
"C:\Users\user\UI-TARS-desktop\public\kelly\lessons\048\lesson-48-bg.png","lesson-48-bg.png","C:\Users\user\UI-TARS-desktop\public\kelly\lessons\048",IMPOSTER,23.75,126,"close up of kellys eyes.png",1344x768,1389.95,c64fc64798cf7cb6311ec49c71c9cc9e163898e6e6319b192749126934db6ce6
"C:\Users\user\UI-TARS-desktop\public\kelly\lessons\048\lesson-48-hero.png","lesson-48-hero.png","C:\Users\user\UI-TARS-desktop\public\kelly\lessons\048",IMPOSTER,26.0,124,"head and shoulders without chair.png",1344x768,1264.22,94d3b613a76c99cc26a9a76562659d8962938c49a3fcd179eaa399526b999315
"C:\Users\user\UI-TARS-desktop\public\kelly\lessons\048\lesson-48-prop.png","lesson-48-prop.png","C:\Users\user\UI-TARS-desktop\public\kelly\lessons\048",GOOD,66.25,83,"Curious Kelly in final pose in Chair - UI elements will go on the side rails - Copy.png",1344x768,1064.99,a599c7339a6d366dc666d264186663666636266639699a6c319acd3399b38f1a
"C:\Users\user\UI-TARS-desktop\public\kelly\lessons\048\lesson-48-reaction.png","lesson-48-reaction.png","C:\Users\user\UI-TARS-desktop\public\kelly\lessons\048",IMPOSTER,34.5,115,"close up of face.jpeg",1344x768,1321.79,c8ccc5ff3390a18e5ef80b70a598723c639801d9d666f833d988233713fb23fc
"C:\Users\user\UI-TARS-desktop\public\kelly\lessons\049\lesson-49-bg.png","lesson-49-bg.png","C:\Users\user\UI-TARS-desktop\public\kelly\lessons\049",IMPOSTER,28.5,121,"Curious Kelly in final pose in Chair - UI elements will go on the side rails - Copy.png",1344x768,1589.49,ca0fc212784c3e021f8383e125f525f65fcb574f425d1815b8552e5cad2a7bfa
"C:\Users\user\UI-TARS-desktop\public\kelly\lessons\049\lesson-49-guide-point.png","lesson-49-guide-point.png","C:\Users\user\UI-TARS-desktop\public\kelly\lessons\049",IMPOSTER,28.5,121,"close up of face.jpeg",1344x768,1280.26,ee49c54899b36fb725b6943763c69db6222685883d5a5a96a664924e9249d3bb
"C:\Users\user\UI-TARS-desktop\public\kelly\lessons\049\lesson-49-prop.png","lesson-49-prop.png","C:\Users\user\UI-TARS-desktop\public\kelly\lessons\049",SUSPICIOUS,55.25,94,"profile of kelly.png",1344x768,1382.89,ef27a97ba588662c1cf4e1d8a6c526345cec64cb84b89b8c9a4955ec36a4a6f3
"C:\Users\user\UI-TARS-desktop\public\kelly\lessons\049\lesson-49-hero.png","lesson-49-hero.png","C:\Users\user\UI-TARS-desktop\public\kelly\lessons\049",IMPOSTER,27.25,122,"close up of kellys eyes.png",1344x768,1344.88,90b4b0b282d29b2e196c91e96dea9365526d854dcddf81e9b51d50ed983de5e0
"C:\Users\user\UI-TARS-desktop\public\kelly\lessons\049\lesson-49-reaction.png","lesson-49-reaction.png","C:\Users\user\UI-TARS-desktop\public\kelly\lessons\049",IMPOSTER,32.5,117,"slightly turning her head.png",1344x768,1139.38,d195bb4e0d7b6cb3097b4b290cd9bcf76f21663c54a324d3a63290005689aef7
"C:\Users\user\UI-TARS-desktop\public\kelly\lessons\050\lesson-50-bg.png","lesson-50-bg.png","C:\Users\user\UI-TARS-desktop\public\kelly\lessons\050",IMPOSTER,32.0,118,"head and shoulders without chair.png",1344x768,1477.49,86b0c2c97a6a8ce54de78da8d80998635b021f883dc4d9b8db1b6e674ef007fb
"C:\Users\user\UI-TARS-desktop\public\kelly\lessons\050\lesson-50-guide-point.png","lesson-50-guide-point.png","C:\Users\user\UI-TARS-desktop\public\kelly\lessons\050",IMPOSTER,36.75,113,"head and shoulders without chair.png",1344x768,1312.41,a494e094131bd92326d919faeb3319478f761393efec4d761388df32e2562364
"C:\Users\user\UI-TARS-desktop\public\kelly\lessons\050\lesson-50-hero.png","lesson-50-hero.png","C:\Users\user\UI-TARS-desktop\public\kelly\lessons\050",IMPOSTER,23.25,126,"close up of kellys eyes.png",1344x768,1368.22,924c392ee5376cdba4176927642b8c8d62c9da6b72afd93a792cc8ad7885c0b2
"C:\Users\user\UI-TARS-desktop\public\kelly\lessons\050\lesson-50-prop.png","lesson-50-prop.png","C:\Users\user\UI-TARS-desktop\public\kelly\lessons\050",IMPOSTER,29.5,120,"profile of kelly.png",1344x768,1289.81,de336871c8f20fc970b09b3344f36707d99c3ccc32c0b98f38cc33c739b9a0ec
"C:\Users\user\UI-TARS-desktop\public\kelly\lessons\050\lesson-50-reaction.png","lesson-50-reaction.png","C:\Users\user\UI-TARS-desktop\public\kelly\lessons\050",SUSPICIOUS,51.75,98,"profile of kelly.png",1344x768,1128.1,d311c9792566276ea4d966e6272624ed1a499bb96c896bac462690dd9b72d98b
"C:\Users\user\UI-TARS-desktop\public\kelly\lessons\051\lesson-51-bg.png","lesson-51-bg.png","C:\Users\user\UI-TARS-desktop\public\kelly\lessons\051",IMPOSTER,37.75,112,"slightly turning her head.png",1344x768,1807.95,b576b336d2985a9b4d192d3c92c656456b69b923e6a674801f59c3722ca63db4
"C:\Users\user\UI-TARS-desktop\public\kelly\lessons\051\lesson-51-guide-point.png","lesson-51-guide-point.png","C:\Users\user\UI-TARS-desktop\public\kelly\lessons\051",SUSPICIOUS,41.25,108,"slightly turning her head.png",1344x768,1435.07,f4f4e9a6934d8cc9496e4ec9368b147355797a2032f636d2d498079534de949e
"C:\Users\user\UI-TARS-desktop\public\kelly\lessons\051\lesson-51-hero.png","lesson-51-hero.png","C:\Users\user\UI-TARS-desktop\public\kelly\lessons\051",IMPOSTER,38.5,111,"close up of kellys eyes.png",1344x768,1340.76,da59e5b484e69390b260a46ee40cdc06a679de6c27238fe6e3c9c9ce634cdb26
"C:\Users\user\UI-TARS-desktop\public\kelly\lessons\051\lesson-51-prop.png","lesson-51-prop.png","C:\Users\user\UI-TARS-desktop\public\kelly\lessons\051",IMPOSTER,30.75,119,"close up of kellys eyes.png",1344x768,1185.26,98953b0ba93576ccb7396a53666e26cd755926267372c92d9986464c6e69264d
"C:\Users\user\UI-TARS-desktop\public\kelly\lessons\052\lesson-52-bg.png","lesson-52-bg.png","C:\Users\user\UI-TARS-desktop\public\kelly\lessons\052",IMPOSTER,32.25,117,"neutral face with hair.png",1344x768,1584.31,81c681ce9075da314e3166316e1db09cb88bb85e52277a4470acf88fec97ef1f
"C:\Users\user\UI-TARS-desktop\public\kelly\lessons\051\lesson-51-reaction.png","lesson-51-reaction.png","C:\Users\user\UI-TARS-desktop\public\kelly\lessons\051",GOOD,64.75,85,"head and shoulders without chair.png",1344x768,1168.52,f195e75a062956734e66d466858b9c6789f2598f9c2aa1d00e4f9b9e49621c3f
"C:\Users\user\UI-TARS-desktop\public\kelly\lessons\052\lesson-52-hero.png","lesson-52-hero.png","C:\Users\user\UI-TARS-desktop\public\kelly\lessons\052",IMPOSTER,26.75,123,"close up of kellys eyes.png",1344x768,1311.75,9254b3c78367cd9da61186f1691798c987cc6c758f9eeb44a9f4e64498c86e1c
"C:\Users\user\UI-TARS-desktop\public\kelly\lessons\052\lesson-52-guide-point.png","lesson-52-guide-point.png","C:\Users\user\UI-TARS-desktop\public\kelly\lessons\052",IMPOSTER,33.5,116,"profile of kelly.png",1344x768,1222.69,fb47340ec879c37078842c739338e3a46acda663918cc3a3c39fc79e97c6c703
"C:\Users\user\UI-TARS-desktop\public\kelly\lessons\052\lesson-52-prop.png","lesson-52-prop.png","C:\Users\user\UI-TARS-desktop\public\kelly\lessons\052",IMPOSTER,28.0,122,"close up of kellys eyes.png",1344x768,1048.2,8a5c6de49333c67b64b63333c659ccb3336619cec618ccc99ccc998ece586c64
"C:\Users\user\UI-TARS-desktop\public\kelly\lessons\052\lesson-52-reaction.png","lesson-52-reaction.png","C:\Users\user\UI-TARS-desktop\public\kelly\lessons\052",IMPOSTER,29.25,120,"slightly turning her head.png",1344x768,1200.11,f4e7649bc332338e2f90b3719198719e3fa233685139ec078e499c65399c3337
"C:\Users\user\UI-TARS-desktop\public\kelly\lessons\053\lesson-53-guide-point.png","lesson-53-guide-point.png","C:\Users\user\UI-TARS-desktop\public\kelly\lessons\053",IMPOSTER,36.25,113,"close up of kellys eyes.png",1344x768,1277.5,84393e4748e3b31c9d88366ec39e739cb5cc3475c7214cdbccdcc6252ce329cc
"C:\Users\user\UI-TARS-desktop\public\kelly\lessons\053\lesson-53-bg.png","lesson-53-bg.png","C:\Users\user\UI-TARS-desktop\public\kelly\lessons\053",IMPOSTER,38.25,111,"close up of kellys eyes.png",1344x768,1746.55,9b319a308e28fe8086a8a4d071150f43c6ddb1f16f573d8fd0b4e3e16c765b2e
"C:\Users\user\UI-TARS-desktop\public\kelly\lessons\053\lesson-53-hero.png","lesson-53-hero.png","C:\Users\user\UI-TARS-desktop\public\kelly\lessons\053",IMPOSTER,33.0,117,"close up of kellys eyes.png",1344x768,1216.66,cd8d70cab36cc932c66ccdc676261983e318cf033e76c3076a31c793dca39e31
"C:\Users\user\UI-TARS-desktop\public\kelly\lessons\053\lesson-53-prop.png","lesson-53-prop.png","C:\Users\user\UI-TARS-desktop\public\kelly\lessons\053",SUSPICIOUS,39.25,110,"Curious Kelly in final pose in Chair - UI elements will go on the side rails - Copy.png",1344x768,1272.05,a59a73399b3364d232696c93931bcc929863ee6d24cdcccd659a364966676326
"C:\Users\user\UI-TARS-desktop\public\kelly\lessons\054\lesson-54-bg.png","lesson-54-bg.png","C:\Users\user\UI-TARS-desktop\public\kelly\lessons\054",IMPOSTER,33.75,116,"Curious Kelly in final pose in Chair - UI elements will go on the side rails - Copy.png",1344x768,1500.56,945a95eab77c2d470fd503d7c215e4157c453e330b95c1ecc06d34233a8aefac
"C:\Users\user\UI-TARS-desktop\public\kelly\lessons\053\lesson-53-reaction.png","lesson-53-reaction.png","C:\Users\user\UI-TARS-desktop\public\kelly\lessons\053",IMPOSTER,35.75,114,"close up of kellys eyes.png",1344x768,1345.35,919fcdc79bc65299a65881915ea4ad56ddae9c92d9da0138f633627963c9071c
"C:\Users\user\UI-TARS-desktop\public\kelly\lessons\054\lesson-54-guide-point.png","lesson-54-guide-point.png","C:\Users\user\UI-TARS-desktop\public\kelly\lessons\054",SUSPICIOUS,40.5,109,"facing to the left.png",1344x768,1125.13,b0739930c1ce2a8f38e8c70e1c5c54cc8b1fce71c67cc71ccc73ce73c38f388c
"C:\Users\user\UI-TARS-desktop\public\kelly\lessons\054\lesson-54-hero.png","lesson-54-hero.png","C:\Users\user\UI-TARS-desktop\public\kelly\lessons\054",IMPOSTER,33.5,116,"close up of kellys eyes.png",1344x768,1367.37,961917939336dccd3261f8e6239e8f1ce65998e633c9bcf910c9e18efd8c500a
"C:\Users\user\UI-TARS-desktop\public\kelly\lessons\054\lesson-54-prop.png","lesson-54-prop.png","C:\Users\user\UI-TARS-desktop\public\kelly\lessons\054",IMPOSTER,38.25,111,"slightly turning her head.png",1344x768,1077.4,a5b6e6328ec692cc65cd6cc9649896cd67c96ccd36c986c733ccc96c9b249931
"C:\Users\user\UI-TARS-desktop\public\kelly\lessons\055\lesson-55-guide-point.png","lesson-55-guide-point.png","C:\Users\user\UI-TARS-desktop\public\kelly\lessons\055",SUSPICIOUS,51.75,98,"head and shoulders without chair.png",1344x768,1085.35,b6cc370ecb3362607336bb3331c1cf33dce32223db74cccd88c6cccccccc8cc4
"C:\Users\user\UI-TARS-desktop\public\kelly\lessons\054\lesson-54-reaction.png","lesson-54-reaction.png","C:\Users\user\UI-TARS-desktop\public\kelly\lessons\054",IMPOSTER,37.0,113,"profile of kelly.png",1344x768,1286.35,cf9fc6863464060fdb9f3861387133378646439ddc479ce8312d0cf73339313e
"C:\Users\user\UI-TARS-desktop\public\kelly\lessons\055\lesson-55-bg.png","lesson-55-bg.png","C:\Users\user\UI-TARS-desktop\public\kelly\lessons\055",IMPOSTER,35.5,114,"facing to the left.png",1344x768,1798.02,d100940095a93c4b3cd3244e2493ae55fe05fabd429f433f666ffd40fcc0ff91
"C:\Users\user\UI-TARS-desktop\public\kelly\lessons\055\lesson-55-prop.png","lesson-55-prop.png","C:\Users\user\UI-TARS-desktop\public\kelly\lessons\055",SUSPICIOUS,53.75,96,"slightly turning her head.png",1344x768,983.43,b1cf92614f0d67cc930c99736366331e73383326664d673c4ce79a73c3333318
"C:\Users\user\UI-TARS-desktop\public\kelly\lessons\055\lesson-55-hero.png","lesson-55-hero.png","C:\Users\user\UI-TARS-desktop\public\kelly\lessons\055",IMPOSTER,31.5,118,"Curious Kelly in final pose in Chair - UI elements will go on the side rails - Copy.png",1344x768,1283.01,cd592f34fbc41e48f266f90e0971eb510e71fcf24489bd9bc4b90d92908c4dcb
"C:\Users\user\UI-TARS-desktop\public\kelly\lessons\055\lesson-55-reaction.png","lesson-55-reaction.png","C:\Users\user\UI-TARS-desktop\public\kelly\lessons\055",IMPOSTER,36.5,113,"close up of kellys eyes.png",1344x768,1282.01,cc1c5cdef88520e658f19cd1a393ce66508025b8fb4e7ad673993310c85fda1f
"C:\Users\user\UI-TARS-desktop\public\kelly\lessons\056\lesson-56-guide-point.png","lesson-56-guide-point.png","C:\Users\user\UI-TARS-desktop\public\kelly\lessons\056",SUSPICIOUS,40.5,109,"profile of kelly.png",1344x768,1067.33,cc9974c973669e666c656ace32268b2970d2cc74318e9d39639999338d99999b
"C:\Users\user\UI-TARS-desktop\public\kelly\lessons\056\lesson-56-bg.png","lesson-56-bg.png","C:\Users\user\UI-TARS-desktop\public\kelly\lessons\056",IMPOSTER,32.0,118,"close up of kellys eyes.png",1344x768,2079.69,c0f3e17fc2fa1e88639d48d270ed97c23cabcac93433c4a15b4b25818ef1734b
"C:\Users\user\UI-TARS-desktop\public\kelly\lessons\056\lesson-56-prop.png","lesson-56-prop.png","C:\Users\user\UI-TARS-desktop\public\kelly\lessons\056",IMPOSTER,31.75,118,"close up of kellys eyes.png",1344x768,1178.6,c3cc3c7c81337317353aca72318b6a1c4c63d9cf8cceccf49cc9cccc59c8236d
"C:\Users\user\UI-TARS-desktop\public\kelly\lessons\056\lesson-56-hero.png","lesson-56-hero.png","C:\Users\user\UI-TARS-desktop\public\kelly\lessons\056",IMPOSTER,37.5,112,"Curious Kelly in final pose in Chair - UI elements will go on the side rails - Copy.png",1344x768,1347.82,8618e0e49ce61cbc763cad2659cab8a9723cc8aa761add59d49ad19aa7999e2a
"C:\Users\user\UI-TARS-desktop\public\kelly\lessons\057\lesson-57-guide-point.png","lesson-57-guide-point.png","C:\Users\user\UI-TARS-desktop\public\kelly\lessons\057",GOOD,61.5,88,"head and shoulders without chair.png",1344x768,1157.74,e48cb2cc9a7167253332632c9b6333323336ce79cf863ce2cc27cccd98c3e392
"C:\Users\user\UI-TARS-desktop\public\kelly\lessons\056\lesson-56-reaction.png","lesson-56-reaction.png","C:\Users\user\UI-TARS-desktop\public\kelly\lessons\056",SUSPICIOUS,42.5,107,"close up of kellys eyes.png",1344x768,1211.91,c1325c68bcc62e7c18df7099f46335a8513bdb098393cb16d95b67cd26b490a7
"C:\Users\user\UI-TARS-desktop\public\kelly\lessons\057\lesson-57-hero.png","lesson-57-hero.png","C:\Users\user\UI-TARS-desktop\public\kelly\lessons\057",IMPOSTER,29.25,120,"close up of kellys eyes.png",1344x768,1377.22,94d8b5b0b5b75a4bb3284ab372a68cd9532cad6573a998cb28895c9bbba45239
"C:\Users\user\UI-TARS-desktop\public\kelly\lessons\057\lesson-57-prop.png","lesson-57-prop.png","C:\Users\user\UI-TARS-desktop\public\kelly\lessons\057",SUSPICIOUS,39.5,110,"Curious Kelly in final pose in Chair - UI elements will go on the side rails - Copy.png",1344x768,1225.8,a619a9be5a66676648ce999ad345dcb9119b99998931c71d22e97444e6667671
"C:\Users\user\UI-TARS-desktop\public\kelly\lessons\057\lesson-57-bg.png","lesson-57-bg.png","C:\Users\user\UI-TARS-desktop\public\kelly\lessons\057",IMPOSTER,26.0,124,"close up of kellys eyes.png",1344x768,1311.43,841f810783072be168a5c8bdde3a7322b16a847c6cd569f19b737a6f8ce88de8
"C:\Users\user\UI-TARS-desktop\public\kelly\lessons\058\lesson-58-guide-point.png","lesson-58-guide-point.png","C:\Users\user\UI-TARS-desktop\public\kelly\lessons\058",IMPOSTER,31.25,118,"profile of kelly.png",1344x768,1276.27,d54b6ad936a599242597f4966d84fb5a06f67d3660481fe9906d96dac02497c9
"C:\Users\user\UI-TARS-desktop\public\kelly\lessons\057\lesson-57-reaction.png","lesson-57-reaction.png","C:\Users\user\UI-TARS-desktop\public\kelly\lessons\057",IMPOSTER,25.75,124,"close up of face.jpeg",1344x768,1186.02,cd59ce3130a620c3a6278898cfcc8c39c99822667ee230fd73b1ee678cef7199
"C:\Users\user\UI-TARS-desktop\public\kelly\lessons\058\lesson-58-prop.png","lesson-58-prop.png","C:\Users\user\UI-TARS-desktop\public\kelly\lessons\058",SUSPICIOUS,51.25,98,"head and shoulders without chair.png",1344x768,1350.38,f0dda6cd972a7b34f6b4d24449360533a333532a6b087225363207e7cfccdcb2
"C:\Users\user\UI-TARS-desktop\public\kelly\lessons\058\lesson-58-bg.png","lesson-58-bg.png","C:\Users\user\UI-TARS-desktop\public\kelly\lessons\058",IMPOSTER,26.75,123,"neutral face with hair.png",1344x768,1701.08,96c1b2ddcd81cd67cd196f42fe383f323e241bf9316ae16c31c6c16ce08d448d
"C:\Users\user\UI-TARS-desktop\public\kelly\lessons\058\lesson-58-hero.png","lesson-58-hero.png","C:\Users\user\UI-TARS-desktop\public\kelly\lessons\058",IMPOSTER,37.0,113,"close up of kellys eyes.png",1344x768,1283.89,891d2f53c6538dcdb912c932e1c38ccaa1c9c986ad94ebc92589ed4c8f1d5b79
"C:\Users\user\UI-TARS-desktop\public\kelly\lessons\058\lesson-58-reaction.png","lesson-58-reaction.png","C:\Users\user\UI-TARS-desktop\public\kelly\lessons\058",IMPOSTER,29.5,120,"profile of kelly.png",1344x768,1412.09,d679b2a54c923c5bc0ed0f35391a6c964d0161b0c33f9385f9ac4cd22df7692d
"C:\Users\user\UI-TARS-desktop\public\kelly\lessons\059\lesson-59-guide-point.png","lesson-59-guide-point.png","C:\Users\user\UI-TARS-desktop\public\kelly\lessons\059",IMPOSTER,24.0,126,"profile of kelly.png",1344x768,1172.38,c7ee3f3e7199c1c13c338c673939c664738f86711cf04203b9ae27188d8ee31e
"C:\Users\user\UI-TARS-desktop\public\kelly\lessons\059\lesson-59-prop.png","lesson-59-prop.png","C:\Users\user\UI-TARS-desktop\public\kelly\lessons\059",IMPOSTER,35.0,115,"neutral face with hair.png",1344x768,1230.32,e581e43c16b2a25eb6b376cbab46966c62412672726c86e6627e19f8d98d8ed8
"C:\Users\user\UI-TARS-desktop\public\kelly\lessons\059\lesson-59-bg.png","lesson-59-bg.png","C:\Users\user\UI-TARS-desktop\public\kelly\lessons\059",IMPOSTER,33.5,116,"profile of kelly.png",1344x768,1724.65,c12ec13a6788b22572a572c55807ad0a94c99c878e8fccb7cca7d6ed8457d56b
"C:\Users\user\UI-TARS-desktop\public\kelly\lessons\059\lesson-59-hero.png","lesson-59-hero.png","C:\Users\user\UI-TARS-desktop\public\kelly\lessons\059",IMPOSTER,37.75,112,"close up of kellys eyes.png",1344x768,1146.13,9cb4ccac963b97b6b64d56195b1553563e44d945686df0aceeac9b24ae280b2c
"C:\Users\user\UI-TARS-desktop\public\kelly\lessons\060\lesson-60-prop.png","lesson-60-prop.png","C:\Users\user\UI-TARS-desktop\public\kelly\lessons\060",SUSPICIOUS,42.5,107,"close up of face.jpeg",1344x768,1603.71,fe25b92b8d9061b138d997c4b9ce32dcb2c3b16c99cb52d5c6c5866b8d02b193
"C:\Users\user\UI-TARS-desktop\public\kelly\lessons\060\lesson-60-hero.png","lesson-60-hero.png","C:\Users\user\UI-TARS-desktop\public\kelly\lessons\060",IMPOSTER,36.25,113,"close up of kellys eyes.png",1344x768,1314.21,d4186a43e4220d85f2521df3f2ef0dfde2181dbdf0da329cd52b0b54cca9235e
"C:\Users\user\UI-TARS-desktop\public\kelly\lessons\059\lesson-59-reaction.png","lesson-59-reaction.png","C:\Users\user\UI-TARS-desktop\public\kelly\lessons\059",IMPOSTER,22.75,127,"slightly turning her head.png",1344x768,1198.98,cc93c9d873022ccd8b31e3191bef7719731c8cc8fe13f822018c23f377783f8c
"C:\Users\user\UI-TARS-desktop\public\kelly\lessons\060\lesson-60-guide-point.png","lesson-60-guide-point.png","C:\Users\user\UI-TARS-desktop\public\kelly\lessons\060",IMPOSTER,21.5,128,"close up of kellys eyes.png",1344x768,1352.21,ccc9369b39bec79c3761290f6306d8f063198f2771fe0fe64f0d8c3b24c1b112
"C:\Users\user\UI-TARS-desktop\public\kelly\lessons\060\lesson-60-bg.png","lesson-60-bg.png","C:\Users\user\UI-TARS-desktop\public\kelly\lessons\060",IMPOSTER,30.0,120,"close up of kellys eyes.png",1344x768,2060.63,d907d914fc58e27089539b74985e436643635d7bdc536c510e794f3daa949a0e
"C:\Users\user\UI-TARS-desktop\public\kelly\lessons\060\lesson-60-reaction.png","lesson-60-reaction.png","C:\Users\user\UI-TARS-desktop\public\kelly\lessons\060",SUSPICIOUS,44.25,105,"Curious Kelly in final pose in Chair - UI elements will go on the side rails - Copy.png",1344x768,1094.14,c199c861e6d63e6f1e7687c60fc08f819983d8e4d199cd933b44f6c3d919c89c
"C:\Users\user\UI-TARS-desktop\public\kelly\lessons\061\lesson-61-guide-point.png","lesson-61-guide-point.png","C:\Users\user\UI-TARS-desktop\public\kelly\lessons\061",SUSPICIOUS,42.5,107,"Curious Kelly in final pose in Chair - UI elements will go on the side rails - Copy.png",1344x768,1145.13,bc1ec8fed1e1e6631d93c06431c1c78767338f09334dc79ec634c70bc71c638c
"C:\Users\user\UI-TARS-desktop\public\kelly\lessons\061\lesson-61-bg.png","lesson-61-bg.png","C:\Users\user\UI-TARS-desktop\public\kelly\lessons\061",IMPOSTER,34.25,115,"head and shoulders without chair.png",1344x768,1963.66,9560b540769046b66bbe6bafc9f69d5f24c3a0f2e2e4d3341d12b608be1e1c4d
"C:\Users\user\UI-TARS-desktop\public\kelly\lessons\062\lesson-62-guide-point.png","lesson-62-guide-point.png","C:\Users\user\UI-TARS-desktop\public\kelly\lessons\062",IMPOSTER,35.75,114,"neutral face with hair.png",1344x768,1431.98,c8e1f333e9ce8ec6b5974b2cce7186b64b29c95886318e334f39c2dfb4300dc1
"C:\Users\user\UI-TARS-desktop\public\kelly\lessons\062\lesson-62-prop.png","lesson-62-prop.png","C:\Users\user\UI-TARS-desktop\public\kelly\lessons\062",SUSPICIOUS,40.5,109,"head and shoulders without chair.png",1344x768,1156.02,e6ccb30db33043331d360a33f1b3ef0750a659f209838cde9c9ecdc95c5d0f32
"C:\Users\user\UI-TARS-desktop\public\kelly\lessons\061\lesson-61-prop.png","lesson-61-prop.png","C:\Users\user\UI-TARS-desktop\public\kelly\lessons\061",SUSPICIOUS,54.25,95,"Curious Kelly in final pose in Chair - UI elements will go on the side rails - Copy.png",1344x768,1269.18,e647b27995e53b46c633a182194fd7b531927386318f39ce53a4cd2a9465ce34
"C:\Users\user\UI-TARS-desktop\public\kelly\lessons\061\lesson-61-hero.png","lesson-61-hero.png","C:\Users\user\UI-TARS-desktop\public\kelly\lessons\061",IMPOSTER,35.75,114,"close up of kellys eyes.png",1344x768,1304.55,c924f4c9f526958cf325da3572b0cab55bac5aa58ebc8c0fcdbd9865898d8164
"C:\Users\user\UI-TARS-desktop\public\kelly\lessons\061\lesson-61-reaction.png","lesson-61-reaction.png","C:\Users\user\UI-TARS-desktop\public\kelly\lessons\061",IMPOSTER,31.25,118,"close up of kellys eyes.png",1344x768,1254.59,9d32ce2434cf5cfb8a714b3b9811f5b35ac95cdd633a02c4ccdb213330e69867
"C:\Users\user\UI-TARS-desktop\public\kelly\lessons\062\lesson-62-bg.png","lesson-62-bg.png","C:\Users\user\UI-TARS-desktop\public\kelly\lessons\062",IMPOSTER,26.25,123,"neutral face with hair.png",1344x768,1582.16,93e89368c1bbcdb88648b6cde72796b6361ed37ec9ca27620c8d8ea126152dd8
"C:\Users\user\UI-TARS-desktop\public\kelly\lessons\062\lesson-62-hero.png","lesson-62-hero.png","C:\Users\user\UI-TARS-desktop\public\kelly\lessons\062",IMPOSTER,22.5,127,"Curious Kelly in final pose in Chair - UI elements will go on the side rails - Copy.png",1344x768,1385.7,879397cd594c5c76bc2983901b1818f29395f690b5b115b398bbc686e5ef16d2
"C:\Users\user\UI-TARS-desktop\public\kelly\lessons\062\lesson-62-reaction.png","lesson-62-reaction.png","C:\Users\user\UI-TARS-desktop\public\kelly\lessons\062",IMPOSTER,38.0,112,"close up of kellys eyes.png",1344x768,1124.66,ccc4193b66f1360cce736266332766d831c99c66cd8e98593b2766cd9a386ce6
"C:\Users\user\UI-TARS-desktop\public\kelly\lessons\063\lesson-63-prop.png","lesson-63-prop.png","C:\Users\user\UI-TARS-desktop\public\kelly\lessons\063",IMPOSTER,39.0,111,"head and shoulders without chair.png",1344x768,1197.77,e4ccb64c1a719b276db6667393616936473332636736e6319e6361b49986cc19
"C:\Users\user\UI-TARS-desktop\public\kelly\lessons\063\lesson-63-guide-point.png","lesson-63-guide-point.png","C:\Users\user\UI-TARS-desktop\public\kelly\lessons\063",IMPOSTER,36.5,113,"head and shoulders without chair.png",1344x768,1343.65,f4eb134dcbaecca6e67c999601898d9130331839738dcfbb0c79c767678e204c
"C:\Users\user\UI-TARS-desktop\public\kelly\lessons\063\lesson-63-hero.png","lesson-63-hero.png","C:\Users\user\UI-TARS-desktop\public\kelly\lessons\063",IMPOSTER,16.5,133,"close up of kellys eyes.png",1344x768,1305.29,ce6ce38ec39ecc7c69b3a19f4d8bccc16cd9ecdb329cccd0cccecc0cc044cc22
"C:\Users\user\UI-TARS-desktop\public\kelly\lessons\064\lesson-64-guide-point.png","lesson-64-guide-point.png","C:\Users\user\UI-TARS-desktop\public\kelly\lessons\064",IMPOSTER,36.0,114,"head and shoulders without chair.png",1344x768,1113.17,f88c9c2ec23bc67138f0bc150f71c1c6e3b88af11d0e2bc1e39cc67eab86c783
"C:\Users\user\UI-TARS-desktop\public\kelly\lessons\064\lesson-64-bg.png","lesson-64-bg.png","C:\Users\user\UI-TARS-desktop\public\kelly\lessons\064",IMPOSTER,25.25,124,"Curious Kelly in final pose in Chair - UI elements will go on the side rails - Copy.png",1344x768,1451.11,902da06763464fcc4eaf28a378f27e3a701b748b5e285498957ccf34abc6b1c7
"C:\Users\user\UI-TARS-desktop\public\kelly\lessons\063\lesson-63-bg.png","lesson-63-bg.png","C:\Users\user\UI-TARS-desktop\public\kelly\lessons\063",SUSPICIOUS,39.75,110,"profile of kelly.png",1344x768,1429.67,e42cc46486c6f3463e5b137bf0f987db70d31633d0aef80e1302d8d68796b8e2
"C:\Users\user\UI-TARS-desktop\public\kelly\lessons\063\lesson-63-reaction.png","lesson-63-reaction.png","C:\Users\user\UI-TARS-desktop\public\kelly\lessons\063",IMPOSTER,35.0,115,"close up of kellys eyes.png",1344x768,1236.31,99bed8ecb59b699395cc08269100081a220527796099ed6676eddfd9dbb2776c
"C:\Users\user\UI-TARS-desktop\public\kelly\lessons\064\lesson-64-hero.png","lesson-64-hero.png","C:\Users\user\UI-TARS-desktop\public\kelly\lessons\064",IMPOSTER,28.75,121,"close up of kellys eyes.png",1344x768,1375.27,969868e569e49cebfc729c62f8163c9cf9d82614d16a1bd1616369cae519c96a
"C:\Users\user\UI-TARS-desktop\public\kelly\lessons\065\lesson-65-guide-point.png","lesson-65-guide-point.png","C:\Users\user\UI-TARS-desktop\public\kelly\lessons\065",SUSPICIOUS,39.75,110,"facing to the left.png",1344x768,1392.27,eb4bcd8991b64d256da4fb34f72499cde62449263e4992d6b66f989292449369
"C:\Users\user\UI-TARS-desktop\public\kelly\lessons\064\lesson-64-prop.png","lesson-64-prop.png","C:\Users\user\UI-TARS-desktop\public\kelly\lessons\064",IMPOSTER,25.75,124,"Curious Kelly in final pose in Chair - UI elements will go on the side rails - Copy.png",1344x768,1258.08,a3624c6f1cdb64cc4d906659c4c96f9964d9a4cf0b19ca79908f9b31d96cb593
"C:\Users\user\UI-TARS-desktop\public\kelly\lessons\064\lesson-64-reaction.png","lesson-64-reaction.png","C:\Users\user\UI-TARS-desktop\public\kelly\lessons\064",IMPOSTER,34.75,115,"profile of kelly.png",1344x768,1246.59,d3269644c19fe04972c89dc7d066f06331d329ae6e5928db38e72da78e319a73
"C:\Users\user\UI-TARS-desktop\public\kelly\lessons\065\lesson-65-prop.png","lesson-65-prop.png","C:\Users\user\UI-TARS-desktop\public\kelly\lessons\065",GOOD,60.0,90,"head and shoulders without chair.png",1344x768,1165.16,b0d9f30dcf369c7166c7e6639936c6c64e32c3671cf399c6c9868c98c981c899
"C:\Users\user\UI-TARS-desktop\public\kelly\lessons\065\lesson-65-bg.png","lesson-65-bg.png","C:\Users\user\UI-TARS-desktop\public\kelly\lessons\065",IMPOSTER,32.75,117,"neutral face with hair.png",1344x768,1679.01,db59cb5de65c24de317e112a853ac44ae54df17571d531350d250d05b551fdc4
"C:\Users\user\UI-TARS-desktop\public\kelly\lessons\065\lesson-65-hero.png","lesson-65-hero.png","C:\Users\user\UI-TARS-desktop\public\kelly\lessons\065",IMPOSTER,31.5,118,"profile of kelly.png",1344x768,1275.78,dc9afb98e6300cc620cd37b4f366f8c32043d9013761eb2545b8c14c6379bf7e
"C:\Users\user\UI-TARS-desktop\public\kelly\lessons\065\lesson-65-reaction.png","lesson-65-reaction.png","C:\Users\user\UI-TARS-desktop\public\kelly\lessons\065",SUSPICIOUS,48.75,101,"close up of face.jpeg",1344x768,1139.95,b95cd164ea935526959c0d5b5a8aba49fcb4232707076c9a60f49bb600fb655f
"C:\Users\user\UI-TARS-desktop\public\kelly\lessons\066\lesson-66-guide-point.png","lesson-66-guide-point.png","C:\Users\user\UI-TARS-desktop\public\kelly\lessons\066",IMPOSTER,32.0,118,"profile of kelly.png",1344x768,1248.31,da34ea50354b956b289b3564c6eb3095cf26f12d24b2f6d432a5949bf4b432f4
"C:\Users\user\UI-TARS-desktop\public\kelly\lessons\066\lesson-66-bg.png","lesson-66-bg.png","C:\Users\user\UI-TARS-desktop\public\kelly\lessons\066",IMPOSTER,28.5,121,"neutral face with hair.png",1344x768,1474.12,d542c5ca9cdb1a911392e9302dbb1acb9253a34ded691ccd48b2f336ad363b2c
"C:\Users\user\UI-TARS-desktop\public\kelly\lessons\066\lesson-66-reaction.png","lesson-66-reaction.png","C:\Users\user\UI-TARS-desktop\public\kelly\lessons\066",IMPOSTER,37.25,112,"slightly turning her head.png",1344x768,1265.96,9976dbae46db25921918df6cc2c581b6345266fb6493411f346cd88fd9bb6244
"C:\Users\user\UI-TARS-desktop\public\kelly\lessons\067\lesson-67-guide-point.png","lesson-67-guide-point.png","C:\Users\user\UI-TARS-desktop\public\kelly\lessons\067",IMPOSTER,31.75,118,"profile of kelly.png",1344x768,1257.71,d3496ce59132448e6c91fe326cce939200326c67fbdcff69104d924bdb6c9969
"C:\Users\user\UI-TARS-desktop\public\kelly\lessons\066\lesson-66-hero.png","lesson-66-hero.png","C:\Users\user\UI-TARS-desktop\public\kelly\lessons\066",IMPOSTER,16.25,133,"Curious Kelly in final pose in Chair - UI elements will go on the side rails - Copy.png",1344x768,1453.71,85cca5f2ae99690cf1e16f864a0e58b3870bcfcabc245b78f7a1f348629961c3
"C:\Users\user\UI-TARS-desktop\public\kelly\lessons\066\lesson-66-prop.png","lesson-66-prop.png","C:\Users\user\UI-TARS-desktop\public\kelly\lessons\066",IMPOSTER,28.75,121,"close up of kellys eyes.png",1344x768,1092.09,c392d8631ecdae75b98d33a4662848f307de66731beb66cc3461ad4d6644264e
"C:\Users\user\UI-TARS-desktop\public\kelly\lessons\067\lesson-67-hero.png","lesson-67-hero.png","C:\Users\user\UI-TARS-desktop\public\kelly\lessons\067",IMPOSTER,35.75,114,"close up of kellys eyes.png",1344x768,1049.32,cd83367033349bc63336338d336ec931324ecc7364cccce66669cc7396f132cc
"C:\Users\user\UI-TARS-desktop\public\kelly\lessons\067\lesson-67-bg.png","lesson-67-bg.png","C:\Users\user\UI-TARS-desktop\public\kelly\lessons\067",IMPOSTER,23.25,126,"head and shoulders without chair.png",1344x768,1023.08,dc3cb3fc26782cde8f366a67189996f762ae4c2d942bc42b618b34729c626916
"C:\Users\user\UI-TARS-desktop\public\kelly\lessons\067\lesson-67-prop.png","lesson-67-prop.png","C:\Users\user\UI-TARS-desktop\public\kelly\lessons\067",IMPOSTER,35.0,115,"close up of kellys eyes.png",1344x768,1110.88,8dcab13ce1620f1e7239728152b65ae563b532b3c70bdc6caf359cd9888518ed
"C:\Users\user\UI-TARS-desktop\public\kelly\lessons\068\lesson-68-guide-point.png","lesson-68-guide-point.png","C:\Users\user\UI-TARS-desktop\public\kelly\lessons\068",IMPOSTER,29.0,121,"profile of kelly.png",1344x768,1181.73,8678b31e4ce4d863319336ced267e5b1c70d98c6e338cc18c739c738663ccf0d
"C:\Users\user\UI-TARS-desktop\public\kelly\lessons\067\lesson-67-reaction.png","lesson-67-reaction.png","C:\Users\user\UI-TARS-desktop\public\kelly\lessons\067",SUSPICIOUS,43.0,107,"neutral face with hair.png",1344x768,1326.58,ebd5e9d1937c6732ed3ab2490ce9d947908d27c56f0ab69160e6274eb4920197
"C:\Users\user\UI-TARS-desktop\public\kelly\lessons\068\lesson-68-bg.png","lesson-68-bg.png","C:\Users\user\UI-TARS-desktop\public\kelly\lessons\068",IMPOSTER,26.0,124,"close up of face.jpeg",1344x768,1120.76,8d76f0ce703a8d37a11c7b1a5b4c0bc112d342f02df457bc527d056f28eb5a2b
"C:\Users\user\UI-TARS-desktop\public\kelly\lessons\068\lesson-68-prop.png","lesson-68-prop.png","C:\Users\user\UI-TARS-desktop\public\kelly\lessons\068",SUSPICIOUS,46.0,104,"close up of face.jpeg",1344x768,1328.47,bc64f0e660e499d027931b8730e7c65e0cc9cfa5989bcf3343c3676c338c331e
"C:\Users\user\UI-TARS-desktop\public\kelly\lessons\068\lesson-68-hero.png","lesson-68-hero.png","C:\Users\user\UI-TARS-desktop\public\kelly\lessons\068",IMPOSTER,31.25,118,"close up of kellys eyes.png",1344x768,1289.32,96b1ba29dfc09b244a72a4d6ab2dd8b3255bd9792485ed0512999b85215bdadb
"C:\Users\user\UI-TARS-desktop\public\kelly\lessons\068\lesson-68-reaction.png","lesson-68-reaction.png","C:\Users\user\UI-TARS-desktop\public\kelly\lessons\068",SUSPICIOUS,44.75,105,"close up of face.jpeg",1344x768,1358.8,bcdb9ef7a3e436e4d3b0320639a67b93733b07f6bcd9a1290b885ac0f7900340
"C:\Users\user\UI-TARS-desktop\public\kelly\lessons\069\lesson-69-bg.png","lesson-69-bg.png","C:\Users\user\UI-TARS-desktop\public\kelly\lessons\069",IMPOSTER,26.0,124,"close up of kellys eyes.png",1344x768,1308.7,8ebe9fe36985a4950f62d80f9c5a4b1b120e8c7acda734f7806269e779b1036c
"C:\Users\user\UI-TARS-desktop\public\kelly\lessons\069\lesson-69-guide-point.png","lesson-69-guide-point.png","C:\Users\user\UI-TARS-desktop\public\kelly\lessons\069",SUSPICIOUS,41.75,108,"close up of face.jpeg",1344x768,1316.63,ef4d8dcf91b1e4909cb292a6e512b5964e9ae34eb03ed264924c9b0f62e6e0f2
"C:\Users\user\UI-TARS-desktop\public\kelly\lessons\069\lesson-69-hero.png","lesson-69-hero.png","C:\Users\user\UI-TARS-desktop\public\kelly\lessons\069",IMPOSTER,37.75,112,"close up of kellys eyes.png",1344x768,1163.86,9d4916d9636eeb124af4f4433724b53e13394daedee54a14b54a13d9a5245a99
"C:\Users\user\UI-TARS-desktop\public\kelly\lessons\069\lesson-69-prop.png","lesson-69-prop.png","C:\Users\user\UI-TARS-desktop\public\kelly\lessons\069",IMPOSTER,36.5,113,"facing to the left.png",1344x768,1368.33,9071ae3344c431c90b83b399746ea9cc13e3399c71c7bbce31cf518c2e64d93f
"C:\Users\user\UI-TARS-desktop\public\kelly\lessons\070\lesson-70-guide-point.png","lesson-70-guide-point.png","C:\Users\user\UI-TARS-desktop\public\kelly\lessons\070",IMPOSTER,32.5,117,"close up of kellys eyes.png",1344x768,1168.95,975a628d34e6cb7c659f4ce23938c21ee5a530c16929969b5b65b2c297699a1d
"C:\Users\user\UI-TARS-desktop\public\kelly\lessons\069\lesson-69-reaction.png","lesson-69-reaction.png","C:\Users\user\UI-TARS-desktop\public\kelly\lessons\069",IMPOSTER,26.75,123,"profile of kelly.png",1344x768,1326.91,86dbec7bb36f32cf5820a94356b939a8e346b69f31ba71c5d30a848ca9594529
"C:\Users\user\UI-TARS-desktop\public\kelly\lessons\070\lesson-70-bg.png","lesson-70-bg.png","C:\Users\user\UI-TARS-desktop\public\kelly\lessons\070",IMPOSTER,28.5,121,"close up of kellys eyes.png",1344x768,991.75,c38e329e3696e61835982cb399b6e5263d6489ccdc9d62b13926e74b6e6903e6
"C:\Users\user\UI-TARS-desktop\public\kelly\lessons\070\lesson-70-prop.png","lesson-70-prop.png","C:\Users\user\UI-TARS-desktop\public\kelly\lessons\070",SUSPICIOUS,44.0,106,"neutral face with hair.png",1344x768,1345.04,ff80a4d8876772395e795b6c6f76b3e3a72d7e704852c8ca95a5dda402524228
"C:\Users\user\UI-TARS-desktop\public\kelly\lessons\070\lesson-70-hero.png","lesson-70-hero.png","C:\Users\user\UI-TARS-desktop\public\kelly\lessons\070",IMPOSTER,34.75,115,"close up of kellys eyes.png",1344x768,1321.48,df4c1250301e6d9b279be6c772379ed4254ae7274056f5b785e6785e08b50057
"C:\Users\user\UI-TARS-desktop\public\kelly\lessons\070\lesson-70-reaction.png","lesson-70-reaction.png","C:\Users\user\UI-TARS-desktop\public\kelly\lessons\070",IMPOSTER,25.5,124,"close up of kellys eyes.png",1344x768,1269.8,9642fa0ccb38b7a7e13e3331af53bb1034333f71b139c9ba4db104c64aeec823
"C:\Users\user\UI-TARS-desktop\public\kelly\lessons\071\lesson-71-guide-point.png","lesson-71-guide-point.png","C:\Users\user\UI-TARS-desktop\public\kelly\lessons\071",IMPOSTER,31.25,118,"close up of kellys eyes.png",1344x768,1198.63,87c34d8b818892c4971b0ddc9e6296664aa36ce94877a7676d516d4f77cc7388
"C:\Users\user\UI-TARS-desktop\public\kelly\lessons\071\lesson-71-prop.png","lesson-71-prop.png","C:\Users\user\UI-TARS-desktop\public\kelly\lessons\071",GOOD,60.5,89,"Curious Kelly in final pose in Chair - UI elements will go on the side rails - Copy.png",1344x768,1046.1,e599c659986671e64672999661939cc69999c999998c9999663999a7366e6659
"C:\Users\user\UI-TARS-desktop\public\kelly\lessons\071\lesson-71-bg.png","lesson-71-bg.png","C:\Users\user\UI-TARS-desktop\public\kelly\lessons\071",IMPOSTER,32.5,117,"close up of kellys eyes.png",1344x768,1112.93,9a51936464b6666665b3f1a4b1693879996cc61871c619c665c794f9f4da58da
"C:\Users\user\UI-TARS-desktop\public\kelly\lessons\071\lesson-71-hero.png","lesson-71-hero.png","C:\Users\user\UI-TARS-desktop\public\kelly\lessons\071",IMPOSTER,35.75,114,"close up of kellys eyes.png",1344x768,1331.55,979928e9a9a61a7f6e79a9061f98661145e871b05569d181545add925357d773
"C:\Users\user\UI-TARS-desktop\public\kelly\lessons\071\lesson-71-reaction.png","lesson-71-reaction.png","C:\Users\user\UI-TARS-desktop\public\kelly\lessons\071",IMPOSTER,33.25,116,"profile of kelly.png",1344x768,1272.84,cccdce86e45b73999c66136637186359623037a5c196da6337b6039937336276
"C:\Users\user\UI-TARS-desktop\public\kelly\lessons\072\lesson-72-guide-point.png","lesson-72-guide-point.png","C:\Users\user\UI-TARS-desktop\public\kelly\lessons\072",SUSPICIOUS,41.75,108,"profile of kelly.png",1344x768,1352.5,fb265236d0c3898da59e56494ea4ab5b910954922e5b6d4ba5ad64765ecb2adc
"C:\Users\user\UI-TARS-desktop\public\kelly\lessons\072\lesson-72-bg.png","lesson-72-bg.png","C:\Users\user\UI-TARS-desktop\public\kelly\lessons\072",IMPOSTER,33.75,116,"neutral face with hair.png",1344x768,1034.81,dda4f5d914bb726c8572c77020ff22685a08de50995ed9562a1c3b965a3780f7
"C:\Users\user\UI-TARS-desktop\public\kelly\lessons\072\lesson-72-hero.png","lesson-72-hero.png","C:\Users\user\UI-TARS-desktop\public\kelly\lessons\072",IMPOSTER,24.5,125,"close up of kellys eyes.png",1344x768,1351.72,dc9801cd3b9e4f80461d5e1e56789cd9a7f0fdf12d016967e8db0a41cadb32a2
"C:\Users\user\UI-TARS-desktop\public\kelly\lessons\072\lesson-72-prop.png","lesson-72-prop.png","C:\Users\user\UI-TARS-desktop\public\kelly\lessons\072",IMPOSTER,30.0,120,"close up of kellys eyes.png",1344x768,1322.75,e126067298d9ed3956cc188cbb67e9d957071853a9259133594b1936fb34f363
"C:\Users\user\UI-TARS-desktop\public\kelly\lessons\073\lesson-73-guide-point.png","lesson-73-guide-point.png","C:\Users\user\UI-TARS-desktop\public\kelly\lessons\073",SUSPICIOUS,40.0,110,"close up of kellys eyes.png",1344x768,1275.67,d3332a6d9dcce6667262399e8f67188479898d650c9ed999f90004975273ffc8
"C:\Users\user\UI-TARS-desktop\public\kelly\lessons\073\lesson-73-hero.png","lesson-73-hero.png","C:\Users\user\UI-TARS-desktop\public\kelly\lessons\073",IMPOSTER,36.0,114,"close up of face.jpeg",1344x768,1292.52,d818b4698666b93327796b23423a659b721bdb52725bdc527758ccd695d48c54
"C:\Users\user\UI-TARS-desktop\public\kelly\lessons\073\lesson-73-bg.png","lesson-73-bg.png","C:\Users\user\UI-TARS-desktop\public\kelly\lessons\073",IMPOSTER,28.0,122,"profile of kelly.png",1344x768,1252.7,d225ce6337661a79e2ad9e090ef873f9c1ba046b313fc45e064b339776959121
"C:\Users\user\UI-TARS-desktop\public\kelly\lessons\072\lesson-72-reaction.png","lesson-72-reaction.png","C:\Users\user\UI-TARS-desktop\public\kelly\lessons\072",SUSPICIOUS,42.75,107,"close up of face.jpeg",1344x768,1224.44,f944494b313f1f8ec4639f60c6461a3f65a51d9972d6e8490d9cf25b266dd039
"C:\Users\user\UI-TARS-desktop\public\kelly\lessons\073\lesson-73-prop.png","lesson-73-prop.png","C:\Users\user\UI-TARS-desktop\public\kelly\lessons\073",SUSPICIOUS,39.75,110,"neutral face with hair.png",1344x768,1401.02,edb13a52c86e669b24ee489c0e4da4cc64d526c6e66d9ecc1b2599ac9b13cce9
"C:\Users\user\UI-TARS-desktop\public\kelly\lessons\073\lesson-73-reaction.png","lesson-73-reaction.png","C:\Users\user\UI-TARS-desktop\public\kelly\lessons\073",IMPOSTER,31.0,119,"profile of kelly.png",1344x768,1292.59,c7113f05c9c7e1eebc9e3e5f412778cb486724b897ccc5b6c649686642168759
"C:\Users\user\UI-TARS-desktop\public\kelly\lessons\074\lesson-74-bg.png","lesson-74-bg.png","C:\Users\user\UI-TARS-desktop\public\kelly\lessons\074",SUSPICIOUS,40.25,109,"slightly turning her head.png",1344x768,991.96,bcb45e31277a617c1f00b625497fbe8862df616d1090a1d9603ddd4bca22faba
"C:\Users\user\UI-TARS-desktop\public\kelly\lessons\074\lesson-74-guide-point.png","lesson-74-guide-point.png","C:\Users\user\UI-TARS-desktop\public\kelly\lessons\074",SUSPICIOUS,52.5,97,"head and shoulders without chair.png",1344x768,1229.82,f863e386870c9f18b0b99d31cc5398c84c38cde78697cc66cce88e67869ef661
"C:\Users\user\UI-TARS-desktop\public\kelly\lessons\074\lesson-74-hero.png","lesson-74-hero.png","C:\Users\user\UI-TARS-desktop\public\kelly\lessons\074",IMPOSTER,37.25,112,"close up of kellys eyes.png",1344x768,1224.56,99396481922c1f3966eb279e219e9ba6663fccb670c6516621b68d9a27d89b9c
"C:\Users\user\UI-TARS-desktop\public\kelly\lessons\074\lesson-74-prop.png","lesson-74-prop.png","C:\Users\user\UI-TARS-desktop\public\kelly\lessons\074",IMPOSTER,24.75,125,"Curious Kelly in final pose in Chair - UI elements will go on the side rails - Copy.png",1344x768,1114.26,e6cd326c5b63cd3633661999e433cf33319933394cc6ccb099cde24ccc9e0cc3
"C:\Users\user\UI-TARS-desktop\public\kelly\lessons\074\lesson-74-reaction.png","lesson-74-reaction.png","C:\Users\user\UI-TARS-desktop\public\kelly\lessons\074",IMPOSTER,29.5,120,"close up of kellys eyes.png",1344x768,1344.42,c4f14673cd2133864f62e5d1be181bcb73a234d23b873399936cedb09a89596c
"C:\Users\user\UI-TARS-desktop\public\kelly\lessons\075\lesson-75-guide-point.png","lesson-75-guide-point.png","C:\Users\user\UI-TARS-desktop\public\kelly\lessons\075",IMPOSTER,34.25,115,"slightly turning her head.png",1344x768,1173.95,f0e63366671ecf991c31339937383993c71b9899671c391833a19d196367cd89
"C:\Users\user\UI-TARS-desktop\public\kelly\lessons\075\lesson-75-hero.png","lesson-75-hero.png","C:\Users\user\UI-TARS-desktop\public\kelly\lessons\075",IMPOSTER,30.75,119,"close up of kellys eyes.png",1344x768,1106.92,993d759ae6cc59b432641a63664b1e4e1b460b1743966cd1e5ace0e9d9a8f1b9
"C:\Users\user\UI-TARS-desktop\public\kelly\lessons\075\lesson-75-bg.png","lesson-75-bg.png","C:\Users\user\UI-TARS-desktop\public\kelly\lessons\075",IMPOSTER,20.25,129,"profile of kelly.png",1344x768,1392.23,c13cd20d1fc325c2a74978d3e1583ff21a7220de761c6276a734173558dd297d
"C:\Users\user\UI-TARS-desktop\public\kelly\lessons\075\lesson-75-prop.png","lesson-75-prop.png","C:\Users\user\UI-TARS-desktop\public\kelly\lessons\075",SUSPICIOUS,50.0,100,"head and shoulders without chair.png",1344x768,1166.34,a5cc936c4933e6339993cc99cc673189ccd9ccc498cecccccccc398e666ce63c
"C:\Users\user\UI-TARS-desktop\public\kelly\lessons\075\lesson-75-reaction.png","lesson-75-reaction.png","C:\Users\user\UI-TARS-desktop\public\kelly\lessons\075",IMPOSTER,38.0,112,"head and shoulders without chair.png",1344x768,1162.01,9d97860477cbdab9490c34cf3243237e85bf4b76b888f84b34845842f939f7c4
"C:\Users\user\UI-TARS-desktop\public\kelly\lessons\076\lesson-76-guide-point.png","lesson-76-guide-point.png","C:\Users\user\UI-TARS-desktop\public\kelly\lessons\076",IMPOSTER,34.5,115,"profile of kelly.png",1344x768,1267.01,dfe0332fbcd8c7802b1db0d8ae2ce167a69269646236e8e34c2dcad2557555a5
"C:\Users\user\UI-TARS-desktop\public\kelly\lessons\076\lesson-76-bg.png","lesson-76-bg.png","C:\Users\user\UI-TARS-desktop\public\kelly\lessons\076",IMPOSTER,26.5,123,"head and shoulders without chair.png",1344x768,1148.79,8435667b563bd29da4bddc1e6f0d352e990f770f23c3d9431483afd06d888a88
"C:\Users\user\UI-TARS-desktop\public\kelly\lessons\076\lesson-76-prop.png","lesson-76-prop.png","C:\Users\user\UI-TARS-desktop\public\kelly\lessons\076",IMPOSTER,34.75,115,"close up of kellys eyes.png",1344x768,1504.93,d9100dcc9f0b60b7c5f11bec2e407a1b64bd665967989cb79b0cc86da1b137b2
"C:\Users\user\UI-TARS-desktop\public\kelly\lessons\076\lesson-76-hero.png","lesson-76-hero.png","C:\Users\user\UI-TARS-desktop\public\kelly\lessons\076",IMPOSTER,39.0,111,"close up of kellys eyes.png",1344x768,1334.85,91d9b96c801a221a7724ffbe57a26578757a314a205b685e695b69d76d166916
"C:\Users\user\UI-TARS-desktop\public\kelly\lessons\076\lesson-76-reaction.png","lesson-76-reaction.png","C:\Users\user\UI-TARS-desktop\public\kelly\lessons\076",IMPOSTER,26.75,123,"close up of face.jpeg",1344x768,1321.98,c91f930806b33bb1cfa21e5ce41368b667ee2e43b074db092ccc2d93fc5366cc
"C:\Users\user\UI-TARS-desktop\public\kelly\lessons\077\lesson-77-guide-point.png","lesson-77-guide-point.png","C:\Users\user\UI-TARS-desktop\public\kelly\lessons\077",IMPOSTER,24.5,125,"profile of kelly.png",1344x768,1080.83,d25a65242fc9dedb67b06ccc6ce71331af8c74c60cd1c418e01adb47bdb35330
"C:\Users\user\UI-TARS-desktop\public\kelly\lessons\077\lesson-77-bg.png","lesson-77-bg.png","C:\Users\user\UI-TARS-desktop\public\kelly\lessons\077",IMPOSTER,29.25,120,"close up of kellys eyes.png",1344x768,1061.88,d4e3031d27bcc0d70522faf742cc3e96f8812fad2a2940283d0bfca969ea33fe
"C:\Users\user\UI-TARS-desktop\public\kelly\lessons\077\lesson-77-hero.png","lesson-77-hero.png","C:\Users\user\UI-TARS-desktop\public\kelly\lessons\077",IMPOSTER,36.25,113,"close up of kellys eyes.png",1344x768,1244.52,c59a78e95866793077135742378495b4a3e089e826790a6e5b5ad09ed45f8d77
"C:\Users\user\UI-TARS-desktop\public\kelly\lessons\077\lesson-77-prop.png","lesson-77-prop.png","C:\Users\user\UI-TARS-desktop\public\kelly\lessons\077",SUSPICIOUS,45.5,104,"profile of kelly.png",1344x768,1156.15,f367633acc639593232c4c4c4b24b1339333999d523598ef9b3a93594cf6728c
"C:\Users\user\UI-TARS-desktop\public\kelly\lessons\078\lesson-78-guide-point.png","lesson-78-guide-point.png","C:\Users\user\UI-TARS-desktop\public\kelly\lessons\078",SUSPICIOUS,41.25,108,"neutral face with hair.png",1344x768,1383.65,e8e2bd3793cc331255b9b2c9675069a94b192cf2d4a4de4c8ed18ce42c636f1b
"C:\Users\user\UI-TARS-desktop\public\kelly\lessons\077\lesson-77-reaction.png","lesson-77-reaction.png","C:\Users\user\UI-TARS-desktop\public\kelly\lessons\077",IMPOSTER,35.5,114,"close up of kellys eyes.png",1344x768,1195.12,9350929ae5261f239a4b10d51b258e4b65d62d662f210cfceff8da85871f0fdc
"C:\Users\user\UI-TARS-desktop\public\kelly\lessons\078\lesson-78-prop.png","lesson-78-prop.png","C:\Users\user\UI-TARS-desktop\public\kelly\lessons\078",IMPOSTER,22.75,127,"slightly turning her head.png",1344x768,1136.46,80e226ce59dccf8032f33338c79cf660273931997264f313c71d38ecf330cce7
"C:\Users\user\UI-TARS-desktop\public\kelly\lessons\078\lesson-78-hero.png","lesson-78-hero.png","C:\Users\user\UI-TARS-desktop\public\kelly\lessons\078",IMPOSTER,20.25,129,"close up of face.jpeg",1344x768,1179.16,8e98338c6de64c93727356e777a2d5e4d5a18d61d548cb5c6c5668965cd508a5
"C:\Users\user\UI-TARS-desktop\public\kelly\lessons\078\lesson-78-bg.png","lesson-78-bg.png","C:\Users\user\UI-TARS-desktop\public\kelly\lessons\078",IMPOSTER,30.5,119,"neutral face with hair.png",1344x768,1257.7,aad2fd6b2cc70f329d32a74bff708b760a7ca253503660157f05330556e97238
"C:\Users\user\UI-TARS-desktop\public\kelly\lessons\078\lesson-78-reaction.png","lesson-78-reaction.png","C:\Users\user\UI-TARS-desktop\public\kelly\lessons\078",IMPOSTER,34.75,115,"profile of kelly.png",1344x768,1223.27,c6bd8797bec6087cd698c180ce0bee1c139f31637e7239c800113fffdc60338d
"C:\Users\user\UI-TARS-desktop\public\kelly\lessons\079\lesson-79-guide-point.png","lesson-79-guide-point.png","C:\Users\user\UI-TARS-desktop\public\kelly\lessons\079",SUSPICIOUS,40.0,110,"close up of kellys eyes.png",1344x768,1144.5,cf494d2ac9259325349447327b1e92c6e669969e69c69a53a74996c996cf9a59
"C:\Users\user\UI-TARS-desktop\public\kelly\lessons\079\lesson-79-bg.png","lesson-79-bg.png","C:\Users\user\UI-TARS-desktop\public\kelly\lessons\079",IMPOSTER,34.25,115,"profile of kelly.png",1344x768,1163.52,8de47118ea3cb3b476e402ee4ebfd22dd12dcd4d73038aab7353902a3b2b5443
"C:\Users\user\UI-TARS-desktop\public\kelly\lessons\079\lesson-79-prop.png","lesson-79-prop.png","C:\Users\user\UI-TARS-desktop\public\kelly\lessons\079",SUSPICIOUS,49.75,100,"profile of kelly.png",1344x768,1355.25,e93225b698cccc9c66863876939ece6131cc3e58c6c664ed64f866cb26dcc669
"C:\Users\user\UI-TARS-desktop\public\kelly\lessons\079\lesson-79-hero.png","lesson-79-hero.png","C:\Users\user\UI-TARS-desktop\public\kelly\lessons\079",IMPOSTER,26.75,123,"close up of kellys eyes.png",1344x768,1065.96,d8c93999270c8ce9b33349a63231666cfe66d3744d03a6734fcd33b8c364263b
"C:\Users\user\UI-TARS-desktop\public\kelly\lessons\079\lesson-79-reaction.png","lesson-79-reaction.png","C:\Users\user\UI-TARS-desktop\public\kelly\lessons\079",IMPOSTER,39.0,111,"close up of kellys eyes.png",1344x768,1193.25,ddfb5c15a1e27e13e1ce1bc7663863c3673926c3370988b6d164326c3733630a
"C:\Users\user\UI-TARS-desktop\public\kelly\lessons\080\lesson-80-bg.png","lesson-80-bg.png","C:\Users\user\UI-TARS-desktop\public\kelly\lessons\080",IMPOSTER,29.5,120,"close up of kellys eyes.png",1344x768,1179.98,ddf2f602621e4bde26989c8f2696c0c3e9a52c94c9c97e781cf763a762e20c27
"C:\Users\user\UI-TARS-desktop\public\kelly\lessons\080\lesson-80-guide-point.png","lesson-80-guide-point.png","C:\Users\user\UI-TARS-desktop\public\kelly\lessons\080",IMPOSTER,38.0,112,"neutral face with hair.png",1344x768,1261.39,ada2e4d6dedc0fcb2259dccc34d90b2dbae5f71840619b147bab9b71982a0991
"C:\Users\user\UI-TARS-desktop\public\kelly\lessons\080\lesson-80-hero.png","lesson-80-hero.png","C:\Users\user\UI-TARS-desktop\public\kelly\lessons\080",IMPOSTER,17.75,132,"close up of kellys eyes.png",1344x768,1295.25,9cc9a12dc331cad676761f1677a39686321ec2f2b216a376e2164c9619967d8e
"C:\Users\user\UI-TARS-desktop\public\kelly\lessons\080\lesson-80-prop.png","lesson-80-prop.png","C:\Users\user\UI-TARS-desktop\public\kelly\lessons\080",SUSPICIOUS,50.25,99,"Curious Kelly in final pose in Chair - UI elements will go on the side rails - Copy.png",1344x768,1248.26,e599e6591a66992666339e6693363cc30336c9e63236cc6736d3c9bc24cc99a6
"C:\Users\user\UI-TARS-desktop\public\kelly\lessons\081\lesson-81-guide-point.png","lesson-81-guide-point.png","C:\Users\user\UI-TARS-desktop\public\kelly\lessons\081",IMPOSTER,36.0,114,"close up of kellys eyes.png",1344x768,1196.44,9c07dc7370f8e33c4f1e0f3878f38710708f87c679e0a707581fc3c24f83a3c3
"C:\Users\user\UI-TARS-desktop\public\kelly\lessons\080\lesson-80-reaction.png","lesson-80-reaction.png","C:\Users\user\UI-TARS-desktop\public\kelly\lessons\080",SUSPICIOUS,43.75,106,"close up of face.jpeg",1344x768,1184.62,ece4c53030d315e3753e71ec778b7398bfa1f233afac221f22b12218aace2331
"C:\Users\user\UI-TARS-desktop\public\kelly\lessons\081\lesson-81-prop.png","lesson-81-prop.png","C:\Users\user\UI-TARS-desktop\public\kelly\lessons\081",IMPOSTER,33.0,117,"Curious Kelly in final pose in Chair - UI elements will go on the side rails - Copy.png",1344x768,1187.99,849d3b594a2346ac375214b540eedd2a375e5955c9b699991995d1d91e4365f6
"C:\Users\user\UI-TARS-desktop\public\kelly\lessons\081\lesson-81-hero.png","lesson-81-hero.png","C:\Users\user\UI-TARS-desktop\public\kelly\lessons\081",IMPOSTER,35.75,114,"close up of kellys eyes.png",1344x768,1120.69,991934cb336cd9e40eec721c736c992364480fe66731f4377303999c27b39d99
"C:\Users\user\UI-TARS-desktop\public\kelly\lessons\081\lesson-81-bg.png","lesson-81-bg.png","C:\Users\user\UI-TARS-desktop\public\kelly\lessons\081",IMPOSTER,33.0,117,"close up of kellys eyes.png",1344x768,1284.12,d25954ba34b643c66bd15073cab4f44116b8fb5416ad5f5a802e8ed73408d3fd
"C:\Users\user\UI-TARS-desktop\public\kelly\lessons\081\lesson-81-reaction.png","lesson-81-reaction.png","C:\Users\user\UI-TARS-desktop\public\kelly\lessons\081",SUSPICIOUS,43.5,106,"slightly turning her head.png",1344x768,1208.53,b184d3840c5b0033b87d41696efd6072e6e566dff4e8baa5507ce7ad1034a8be
"C:\Users\user\UI-TARS-desktop\public\kelly\lessons\082\lesson-82-guide-point.png","lesson-82-guide-point.png","C:\Users\user\UI-TARS-desktop\public\kelly\lessons\082",SUSPICIOUS,39.5,110,"profile of kelly.png",1344x768,1292.87,c9e27d2e03760a6524d8043b073300eef9c5869b7ed965eb7ed0e4d87e4d05ca
"C:\Users\user\UI-TARS-desktop\public\kelly\lessons\082\lesson-82-bg.png","lesson-82-bg.png","C:\Users\user\UI-TARS-desktop\public\kelly\lessons\082",IMPOSTER,30.0,120,"close up of kellys eyes.png",1344x768,1118.78,931cab356a757a0c1681af95abd7daa574a815c86dcba2b2dc937525895c9a51
"C:\Users\user\UI-TARS-desktop\public\kelly\lessons\082\lesson-82-prop.png","lesson-82-prop.png","C:\Users\user\UI-TARS-desktop\public\kelly\lessons\082",SUSPICIOUS,57.75,92,"Curious Kelly in final pose in Chair - UI elements will go on the side rails - Copy.png",1344x768,1223.91,e599a6799e6626cc33648ce6319c99269cc9d9b3999999999933cc9999996649
"C:\Users\user\UI-TARS-desktop\public\kelly\lessons\082\lesson-82-hero.png","lesson-82-hero.png","C:\Users\user\UI-TARS-desktop\public\kelly\lessons\082",IMPOSTER,27.25,122,"close up of kellys eyes.png",1344x768,1234.31,99cca1e67b190d9d266d217367a38cc527e92e273c69336b7369c37988e83688
"C:\Users\user\UI-TARS-desktop\public\kelly\lessons\083\lesson-83-guide-point.png","lesson-83-guide-point.png","C:\Users\user\UI-TARS-desktop\public\kelly\lessons\083",SUSPICIOUS,44.0,106,"neutral face with hair.png",1344x768,1266.61,a067f8f1cf8c798f303a96cc448c0e9cb628cd37dff34c2386134ce04c67d6ce
"C:\Users\user\UI-TARS-desktop\public\kelly\lessons\082\lesson-82-reaction.png","lesson-82-reaction.png","C:\Users\user\UI-TARS-desktop\public\kelly\lessons\082",IMPOSTER,25.0,125,"facing to the left.png",1344x768,1160.27,d684a725f9053858d31e518f4f4dd6606d69398c34d3487d059e7dcfee368660
"C:\Users\user\UI-TARS-desktop\public\kelly\lessons\083\lesson-83-bg.png","lesson-83-bg.png","C:\Users\user\UI-TARS-desktop\public\kelly\lessons\083",IMPOSTER,29.0,121,"close up of kellys eyes.png",1344x768,1107.61,96d6fa7d1f2a061a719f159ec01be814ff516bc162ff43eb71fb600bd8120580
"C:\Users\user\UI-TARS-desktop\public\kelly\lessons\083\lesson-83-hero.png","lesson-83-hero.png","C:\Users\user\UI-TARS-desktop\public\kelly\lessons\083",IMPOSTER,34.25,115,"close up of face.jpeg",1344x768,1266.66,9b8d74d348d737b222f367e6f2b281a2c5a7e78d87e4dbb1d88d448d58a15081
"C:\Users\user\UI-TARS-desktop\public\kelly\lessons\083\lesson-83-prop.png","lesson-83-prop.png","C:\Users\user\UI-TARS-desktop\public\kelly\lessons\083",IMPOSTER,25.5,124,"close up of kellys eyes.png",1344x768,1235.02,98cd330c5b32c713366c6730c33374c7663267366663631c593739f9ce99c98c
"C:\Users\user\UI-TARS-desktop\public\kelly\lessons\083\lesson-83-reaction.png","lesson-83-reaction.png","C:\Users\user\UI-TARS-desktop\public\kelly\lessons\083",IMPOSTER,33.75,116,"close up of face.jpeg",1344x768,1262.27,db05da8f29fc9cbcc4533de0bc7c283004e98762c71d874134ae70fc825fc3e7
"C:\Users\user\UI-TARS-desktop\public\kelly\lessons\084\lesson-84-guide-point.png","lesson-84-guide-point.png","C:\Users\user\UI-TARS-desktop\public\kelly\lessons\084",SUSPICIOUS,44.5,105,"close up of kellys eyes.png",1344x768,1329.86,d2180e4d93e7b366fc3f20e68300f9e4e5b3f889d9c1c9b1cd9a81ddd81bc033
"C:\Users\user\UI-TARS-desktop\public\kelly\lessons\084\lesson-84-bg.png","lesson-84-bg.png","C:\Users\user\UI-TARS-desktop\public\kelly\lessons\084",IMPOSTER,30.5,119,"close up of kellys eyes.png",1344x768,1295.58,853478a1285d0f2c720157ad879323e960013aa8ea80ddeadfeacd7aadfada5e
"C:\Users\user\UI-TARS-desktop\public\kelly\lessons\084\lesson-84-hero.png","lesson-84-hero.png","C:\Users\user\UI-TARS-desktop\public\kelly\lessons\084",IMPOSTER,24.75,125,"close up of kellys eyes.png",1344x768,1274.29,98dd631c4b22266d371616cb338a4fce079a2bc82cd99496efcdc95b224fab86
"C:\Users\user\UI-TARS-desktop\public\kelly\lessons\085\lesson-85-guide-point.png","lesson-85-guide-point.png","C:\Users\user\UI-TARS-desktop\public\kelly\lessons\085",IMPOSTER,33.25,116,"Curious Kelly in final pose in Chair - UI elements will go on the side rails - Copy.png",1344x768,1263.86,b838b1d8c4c6c0e331c38d8ec673cf1b67063339c3f8ce1cc61cc738c778ce1d
"C:\Users\user\UI-TARS-desktop\public\kelly\lessons\084\lesson-84-prop.png","lesson-84-prop.png","C:\Users\user\UI-TARS-desktop\public\kelly\lessons\084",SUSPICIOUS,39.5,110,"neutral face with hair.png",1344x768,1210.97,a591e3339e4e64cf364c666c984c66cc966b6c6499ce9b349925999a99a96765
"C:\Users\user\UI-TARS-desktop\public\kelly\lessons\084\lesson-84-reaction.png","lesson-84-reaction.png","C:\Users\user\UI-TARS-desktop\public\kelly\lessons\084",IMPOSTER,37.25,112,"slightly turning her head.png",1344x768,1158.27,dced999267cd3ace8f2676702a19672d3660d99892666e670399376726654139
"C:\Users\user\UI-TARS-desktop\public\kelly\lessons\085\lesson-85-bg.png","lesson-85-bg.png","C:\Users\user\UI-TARS-desktop\public\kelly\lessons\085",IMPOSTER,23.25,126,"profile of kelly.png",1344x768,1034.41,d325348d3c302facaf250f2513895bc978c894622bda3f78358c435a2fdb8cf7
"C:\Users\user\UI-TARS-desktop\public\kelly\lessons\085\lesson-85-prop.png","lesson-85-prop.png","C:\Users\user\UI-TARS-desktop\public\kelly\lessons\085",IMPOSTER,33.0,117,"close up of kellys eyes.png",1344x768,1169.17,87843b8ecc4c07373b8fd09ecf2183f390ef0f78321f386e1cf03c0e730f43a3
"C:\Users\user\UI-TARS-desktop\public\kelly\lessons\085\lesson-85-hero.png","lesson-85-hero.png","C:\Users\user\UI-TARS-desktop\public\kelly\lessons\085",IMPOSTER,29.75,120,"close up of kellys eyes.png",1344x768,1206.56,91786cd6e6959da5166458b666051e855e859799e6e9e698a5ec233819b92c7b
"C:\Users\user\UI-TARS-desktop\public\kelly\lessons\086\lesson-86-guide-point.png","lesson-86-guide-point.png","C:\Users\user\UI-TARS-desktop\public\kelly\lessons\086",SUSPICIOUS,46.25,103,"close up of face.jpeg",1344x768,1258.1,fc2f9290a5c778632ab38d4dce23e2376709c316c71ac28ccd9dd53322635b17
"C:\Users\user\UI-TARS-desktop\public\kelly\lessons\085\lesson-85-reaction.png","lesson-85-reaction.png","C:\Users\user\UI-TARS-desktop\public\kelly\lessons\085",SUSPICIOUS,48.25,101,"close up of face.jpeg",1344x768,1370.7,d9069a2c25d251bafa6c9ced898e3e20749a611a66e4fef3f11666ce6233119b
"C:\Users\user\UI-TARS-desktop\public\kelly\lessons\086\lesson-86-hero.png","lesson-86-hero.png","C:\Users\user\UI-TARS-desktop\public\kelly\lessons\086",IMPOSTER,34.5,115,"facing to the left.png",1344x768,1293.73,95d82b510db64ac6636874e66ad043a864f2dcfe66749daa749cd9bc8c99d84c
"C:\Users\user\UI-TARS-desktop\public\kelly\lessons\086\lesson-86-prop.png","lesson-86-prop.png","C:\Users\user\UI-TARS-desktop\public\kelly\lessons\086",SUSPICIOUS,50.0,100,"close up of kellys eyes.png",1344x768,1097.13,d99979cc21e6c699636970e3b71ec24927373626825953482eb4dcca8a9fddc8
"C:\Users\user\UI-TARS-desktop\public\kelly\lessons\086\lesson-86-bg.png","lesson-86-bg.png","C:\Users\user\UI-TARS-desktop\public\kelly\lessons\086",IMPOSTER,30.5,119,"close up of kellys eyes.png",1344x768,1166.68,9999e0911fa3769f8df59581806621f99919e819aa805ea079a87de8756afc7e
"C:\Users\user\UI-TARS-desktop\public\kelly\lessons\087\lesson-87-guide-point.png","lesson-87-guide-point.png","C:\Users\user\UI-TARS-desktop\public\kelly\lessons\087",IMPOSTER,30.75,119,"close up of kellys eyes.png",1344x768,1148.03,b338389ccc64c1e2738738e1dce6737139e38c8f39c170e738c839833e66f8e8
"C:\Users\user\UI-TARS-desktop\public\kelly\lessons\086\lesson-86-reaction.png","lesson-86-reaction.png","C:\Users\user\UI-TARS-desktop\public\kelly\lessons\086",IMPOSTER,30.5,119,"close up of kellys eyes.png",1344x768,1245.32,914d338ce1377368d69ae19c1da96e34696436ea1e9b9a648d9b1c9670a96d95
"C:\Users\user\UI-TARS-desktop\public\kelly\lessons\087\lesson-87-bg.png","lesson-87-bg.png","C:\Users\user\UI-TARS-desktop\public\kelly\lessons\087",IMPOSTER,28.0,122,"close up of kellys eyes.png",1344x768,1171.18,dd08027ca35d376d085fd85bdb5a261fda93378602f77de1098dd8dd860126a5
"C:\Users\user\UI-TARS-desktop\public\kelly\lessons\087\lesson-87-hero.png","lesson-87-hero.png","C:\Users\user\UI-TARS-desktop\public\kelly\lessons\087",SUSPICIOUS,41.25,108,"close up of kellys eyes.png",1344x768,1347.06,999169e34eb69e46667be465d93466125bab4e243213da8ff199e9a07b930e11
"C:\Users\user\UI-TARS-desktop\public\kelly\lessons\087\lesson-87-reaction.png","lesson-87-reaction.png","C:\Users\user\UI-TARS-desktop\public\kelly\lessons\087",IMPOSTER,33.5,116,"close up of kellys eyes.png",1344x768,1274.48,999178cb65b3c3c82c45931febcfddf76c51e39c67cc2721662cb3cc00c23c90
"C:\Users\user\UI-TARS-desktop\public\kelly\lessons\087\lesson-87-prop.png","lesson-87-prop.png","C:\Users\user\UI-TARS-desktop\public\kelly\lessons\087",IMPOSTER,34.0,116,"close up of kellys eyes.png",1344x768,1177.22,f1c964d90ee9db2c2731f6594ec8b1266ef2a6615331233676692e505526eacb
"C:\Users\user\UI-TARS-desktop\public\kelly\lessons\088\lesson-88-guide-point.png","lesson-88-guide-point.png","C:\Users\user\UI-TARS-desktop\public\kelly\lessons\088",IMPOSTER,27.0,123,"head and shoulders without chair.png",1344x768,1222.88,a567368c5f98e3475a1907e153bccc0f57118ed8f06ecc4686638cfcb067ce23
"C:\Users\user\UI-TARS-desktop\public\kelly\lessons\088\lesson-88-prop.png","lesson-88-prop.png","C:\Users\user\UI-TARS-desktop\public\kelly\lessons\088",SUSPICIOUS,41.75,108,"neutral face with hair.png",1344x768,1229.94,a933e6b396d2d0ce0c1af7cb220380dcfecc4c6d265a666c7e6d248c6649f64b
"C:\Users\user\UI-TARS-desktop\public\kelly\lessons\088\lesson-88-hero.png","lesson-88-hero.png","C:\Users\user\UI-TARS-desktop\public\kelly\lessons\088",IMPOSTER,23.5,126,"close up of kellys eyes.png",1344x768,1234.31,805d75ea4ca3dc81332c33317a388cc6721fdf3356c68f1dc4c75fa0e897352a
"C:\Users\user\UI-TARS-desktop\public\kelly\lessons\088\lesson-88-bg.png","lesson-88-bg.png","C:\Users\user\UI-TARS-desktop\public\kelly\lessons\088",IMPOSTER,19.5,130,"neutral face with hair.png",1344x768,1192.22,c0e5bd4d2f462bc78bc34bf340f8d4da7c543c54dcdf7dbd0ab5800f890d0b01
"C:\Users\user\UI-TARS-desktop\public\kelly\lessons\088\lesson-88-reaction.png","lesson-88-reaction.png","C:\Users\user\UI-TARS-desktop\public\kelly\lessons\088",SUSPICIOUS,48.75,101,"Curious Kelly in final pose in Chair - UI elements will go on the side rails - Copy.png",1344x768,1150.72,e19fe71316f53e52a96607665658d093c2568cb5d81b2b68370cbc1d07f0af0f
"C:\Users\user\UI-TARS-desktop\public\kelly\lessons\089\lesson-89-prop.png","lesson-89-prop.png","C:\Users\user\UI-TARS-desktop\public\kelly\lessons\089",IMPOSTER,37.5,112,"close up of kellys eyes.png",1344x768,1136.92,b54d664d6c63998c9199a4b65a6164ed6d8d99b5933636b663424d6d99099b69
"C:\Users\user\UI-TARS-desktop\public\kelly\lessons\089\lesson-89-guide-point.png","lesson-89-guide-point.png","C:\Users\user\UI-TARS-desktop\public\kelly\lessons\089",IMPOSTER,36.0,114,"head and shoulders without chair.png",1344x768,1051.42,83f1e7c31c66d0cc26cc8872df1789f9bc1b81fb34139999011b9d6162fbdb0c
"C:\Users\user\UI-TARS-desktop\public\kelly\lessons\089\lesson-89-hero.png","lesson-89-hero.png","C:\Users\user\UI-TARS-desktop\public\kelly\lessons\089",IMPOSTER,28.0,122,"profile of kelly.png",1344x768,1213.38,d8fd6c9b19125cce664c06b076648cce378c9ca624e4d5be75e0d9d8ddd85198
"C:\Users\user\UI-TARS-desktop\public\kelly\lessons\089\lesson-89-bg.png","lesson-89-bg.png","C:\Users\user\UI-TARS-desktop\public\kelly\lessons\089",IMPOSTER,29.25,120,"profile of kelly.png",1344x768,1009.81,da08af233faf72346270178f25fbc3c9208f704f455e15de615c5a956615c5e1
"C:\Users\user\UI-TARS-desktop\public\kelly\lessons\089\lesson-89-reaction.png","lesson-89-reaction.png","C:\Users\user\UI-TARS-desktop\public\kelly\lessons\089",SUSPICIOUS,48.0,102,"Curious Kelly in final pose in Chair - UI elements will go on the side rails - Copy.png",1344x768,1219.84,e591ce7a926337599ce4634cce6436584d6771cc9ce4d9c9999f99ac92122279
"C:\Users\user\UI-TARS-desktop\public\kelly\lessons\090\lesson-90-guide-point.png","lesson-90-guide-point.png","C:\Users\user\UI-TARS-desktop\public\kelly\lessons\090",IMPOSTER,32.0,118,"Curious Kelly in final pose in Chair - UI elements will go on the side rails - Copy.png",1344x768,1245.79,a532e66298cd6c993359998c99339b2c39d2932699a6cd9be67664d964996666
"C:\Users\user\UI-TARS-desktop\public\kelly\lessons\090\lesson-90-bg.png","lesson-90-bg.png","C:\Users\user\UI-TARS-desktop\public\kelly\lessons\090",IMPOSTER,22.5,127,"close up of kellys eyes.png",1344x768,994.92,cf24f5b833ebb0c6cd6b8e3ac9673c1acd66209f98d3cf24b494636126146b29
"C:\Users\user\UI-TARS-desktop\public\kelly\lessons\090\lesson-90-hero.png","lesson-90-hero.png","C:\Users\user\UI-TARS-desktop\public\kelly\lessons\090",IMPOSTER,34.0,116,"close up of kellys eyes.png",1344x768,1139.8,d95b74915e66db0666032666f626c96462279da66794c5c766319998d3cd98cb
"C:\Users\user\UI-TARS-desktop\public\kelly\lessons\090\lesson-90-prop.png","lesson-90-prop.png","C:\Users\user\UI-TARS-desktop\public\kelly\lessons\090",SUSPICIOUS,51.75,98,"Curious Kelly in final pose in Chair - UI elements will go on the side rails - Copy.png",1344x768,884.69,a79992493666cc663326319eced9c8669993338cce719999330c99b3ccd9cd93
"C:\Users\user\UI-TARS-desktop\public\kelly\lessons\090\lesson-90-reaction.png","lesson-90-reaction.png","C:\Users\user\UI-TARS-desktop\public\kelly\lessons\090",SUSPICIOUS,41.0,109,"profile of kelly.png",1344x768,1268.27,cc100dfa0fcdee81803388f39675662567c93366b89d518ad39feb45c4d93b23
"C:\Users\user\UI-TARS-desktop\public\kelly\lessons\335\lesson-335-bg.png","lesson-335-bg.png","C:\Users\user\UI-TARS-desktop\public\kelly\lessons\335",IMPOSTER,31.5,118,"close up of kellys eyes.png",1344x768,1265.17,99b17199e6dc44c4ce6398ccd99a9b193319cc73c6666cc68ece63319999d332
"C:\Users\user\UI-TARS-desktop\public\kelly\lessons\335\lesson-335-guide-point.png","lesson-335-guide-point.png","C:\Users\user\UI-TARS-desktop\public\kelly\lessons\335",IMPOSTER,30.0,120,"Curious Kelly in final pose in Chair - UI elements will go on the side rails - Copy.png",768x1344,1233.73,a198f8775e694ea2892628d72cee7ddfe85dab1925509510710fc69166b83d66
"C:\Users\user\UI-TARS-desktop\public\kelly\lessons\335\lesson-335-hero.png","lesson-335-hero.png","C:\Users\user\UI-TARS-desktop\public\kelly\lessons\335",IMPOSTER,27.5,122,"close up of kellys eyes.png",1344x768,1199.97,926c2d6ed9910ba1edb00393f831479bbb3360f30f9af0f31f46e0991ff3800e
"C:\Users\user\UI-TARS-desktop\public\kelly\lessons\335\lesson-335-prop.png","lesson-335-prop.png","C:\Users\user\UI-TARS-desktop\public\kelly\lessons\335",IMPOSTER,20.75,129,"close up of kellys eyes.png",1344x768,1324.67,93eaeb9e1c1d6cf168b3a5c144c676c6b5a626cf4b9eb0dc834d760e63322258
"C:\Users\user\UI-TARS-desktop\public\kelly\lessons\336\lesson-336-bg.png","lesson-336-bg.png","C:\Users\user\UI-TARS-desktop\public\kelly\lessons\336",IMPOSTER,32.0,118,"close up of kellys eyes.png",1344x768,1351.91,9996699985996cec6467946d599e99936198b19e6679669996656666a6669866
"C:\Users\user\UI-TARS-desktop\public\kelly\lessons\335\lesson-335-reaction.png","lesson-335-reaction.png","C:\Users\user\UI-TARS-desktop\public\kelly\lessons\335",IMPOSTER,34.5,115,"facing to the left.png",1024x1024,1301.12,9348a730023708f635ccf718d7ba9caa7ca2f82e2ee182bd7addd0916a9123dd
"C:\Users\user\UI-TARS-desktop\public\kelly\lessons\336\lesson-336-guide-point.png","lesson-336-guide-point.png","C:\Users\user\UI-TARS-desktop\public\kelly\lessons\336",IMPOSTER,27.5,122,"facing to the left.png",768x1344,1254.46,978b4819684c4c7c8c6664f3a7c7d7cd178e979c5f32928d4a1d9e883a634b66
"C:\Users\user\UI-TARS-desktop\public\kelly\lessons\336\lesson-336-hero.png","lesson-336-hero.png","C:\Users\user\UI-TARS-desktop\public\kelly\lessons\336",IMPOSTER,39.0,111,"close up of kellys eyes.png",1344x768,1241.18,9b33241b3ce43939b4cf398ca2797cc6b3384e67b5c742382892978d28b9f7c4
"C:\Users\user\UI-TARS-desktop\public\kelly\lessons\336\lesson-336-prop.png","lesson-336-prop.png","C:\Users\user\UI-TARS-desktop\public\kelly\lessons\336",IMPOSTER,19.5,130,"close up of kellys eyes.png",1344x768,1297.13,c74bb7cbe36b37e891b40135b089189ab09618c8b4c278f3d8f360cfc741e7b6
"C:\Users\user\UI-TARS-desktop\public\kelly\lessons\336\lesson-336-reaction.png","lesson-336-reaction.png","C:\Users\user\UI-TARS-desktop\public\kelly\lessons\336",IMPOSTER,27.25,122,"slightly turning her head.png",1024x1024,1331.46,d081eb922d5d3c643d6625477507ac1615c4bc26eebbc5187599d8d9c1dd839d
"C:\Users\user\UI-TARS-desktop\public\kelly\lessons\337\lesson-337-guide-point.png","lesson-337-guide-point.png","C:\Users\user\UI-TARS-desktop\public\kelly\lessons\337",IMPOSTER,28.0,122,"close up of kellys eyes.png",768x1344,1097.94,c680f880682623ff41ff63ffe679626791667996e5939d513c09bd4c1c611d82
"C:\Users\user\UI-TARS-desktop\public\kelly\lessons\337\lesson-337-bg.png","lesson-337-bg.png","C:\Users\user\UI-TARS-desktop\public\kelly\lessons\337",IMPOSTER,33.75,116,"close up of kellys eyes.png",1344x768,1278.05,99961e669a615e6559e699a679966199664666e6e6603999e9b3866669c68666
"C:\Users\user\UI-TARS-desktop\public\kelly\lessons\337\lesson-337-hero.png","lesson-337-hero.png","C:\Users\user\UI-TARS-desktop\public\kelly\lessons\337",IMPOSTER,20.0,130,"close up of kellys eyes.png",1344x768,1175.96,9666f06679996065ecc67999e5b219cce1994ecef9090f9be0cd5b19f1030999
"C:\Users\user\UI-TARS-desktop\public\kelly\lessons\338\lesson-338-bg.png","lesson-338-bg.png","C:\Users\user\UI-TARS-desktop\public\kelly\lessons\338",IMPOSTER,29.75,120,"close up of kellys eyes.png",1344x768,573.41,9c036a0131ce1bfd6982bcc7467997787833c79823de9fec660698c327f1185e
"C:\Users\user\UI-TARS-desktop\public\kelly\lessons\337\lesson-337-prop.png","lesson-337-prop.png","C:\Users\user\UI-TARS-desktop\public\kelly\lessons\337",IMPOSTER,33.0,117,"close up of kellys eyes.png",1344x768,1222.39,9d73694a74b460f490cb62d99f6d2249db26916d4e5a95336b9c94866b2c9d66
"C:\Users\user\UI-TARS-desktop\public\kelly\lessons\337\lesson-337-reaction.png","lesson-337-reaction.png","C:\Users\user\UI-TARS-desktop\public\kelly\lessons\337",IMPOSTER,28.75,121,"close up of kellys eyes.png",1024x1024,1388.91,b15feb3733a08788acc10e856c9c325579150ce91957bddb61e0b136685eb17e
"C:\Users\user\UI-TARS-desktop\public\kelly\lessons\338\lesson-338-hero.png","lesson-338-hero.png","C:\Users\user\UI-TARS-desktop\public\kelly\lessons\338",IMPOSTER,30.75,119,"close up of kellys eyes.png",1344x768,661.38,a7660c663ccce7760983d9995cb199aed9190ccbdd5c0ab1c1e7599999935919
"C:\Users\user\UI-TARS-desktop\public\kelly\lessons\338\lesson-338-guide-point.png","lesson-338-guide-point.png","C:\Users\user\UI-TARS-desktop\public\kelly\lessons\338",SUSPICIOUS,51.0,99,"head and shoulders without chair.png",768x1344,908.0,b3cc2c994b38f34cd9338f32ccf32cf364c78cc74f4c5cc392b88d889d997888
"C:\Users\user\UI-TARS-desktop\public\kelly\lessons\338\lesson-338-prop.png","lesson-338-prop.png","C:\Users\user\UI-TARS-desktop\public\kelly\lessons\338",IMPOSTER,37.25,112,"profile of kelly.png",1344x768,729.2,e3331cc689ddc6339ccc79998cef631c0b23c8c46339b66f49999d3b62263626
"C:\Users\user\UI-TARS-desktop\public\kelly\lessons\338\lesson-338-reaction.png","lesson-338-reaction.png","C:\Users\user\UI-TARS-desktop\public\kelly\lessons\338",SUSPICIOUS,43.25,106,"slightly turning her head.png",1024x1024,1098.85,b1cc038c4f1c6c32c23264781b39f2736c6793321ef4ee0b74f38aef64d39d24
"C:\Users\user\UI-TARS-desktop\public\kelly\lessons\339\lesson-339-bg.png","lesson-339-bg.png","C:\Users\user\UI-TARS-desktop\public\kelly\lessons\339",SUSPICIOUS,41.75,108,"close up of kellys eyes.png",1344x768,1314.39,99177980d9ee966e799887f8d8066991a61c1a1e61a8e61fd857e17b56995856
"C:\Users\user\UI-TARS-desktop\public\kelly\lessons\339\lesson-339-hero.png","lesson-339-hero.png","C:\Users\user\UI-TARS-desktop\public\kelly\lessons\339",IMPOSTER,22.25,127,"close up of kellys eyes.png",1344x768,1209.32,966631b321b926e684c6139de6ce1b19e61b166ce6392666ee7193314e66c733
"C:\Users\user\UI-TARS-desktop\public\kelly\lessons\340\lesson-340-bg.png","lesson-340-bg.png","C:\Users\user\UI-TARS-desktop\public\kelly\lessons\340",IMPOSTER,29.5,120,"close up of kellys eyes.png",1344x768,1375.87,c030c86870c036414f13c7199b8c378c67cec6e399f533f962d4c0f3d96cb3df
"C:\Users\user\UI-TARS-desktop\public\kelly\lessons\339\lesson-339-reaction.png","lesson-339-reaction.png","C:\Users\user\UI-TARS-desktop\public\kelly\lessons\339",SUSPICIOUS,39.25,110,"close up of kellys eyes.png",1024x1024,1302.12,924db1c793b0d3a44794b6b27b1b9c134f3b4e916e391a4a0b68c57a4d79b057
"C:\Users\user\UI-TARS-desktop\public\kelly\lessons\339\lesson-339-guide-point.png","lesson-339-guide-point.png","C:\Users\user\UI-TARS-desktop\public\kelly\lessons\339",IMPOSTER,23.75,126,"Curious Kelly in final pose in Chair - UI elements will go on the side rails - Copy.png",768x1344,1264.79,b34c8c990b3e3a63fcd36cd420cd334c5f3857b86c731f4430e7281b380e55fb
"C:\Users\user\UI-TARS-desktop\public\kelly\lessons\340\lesson-340-guide-point.png","lesson-340-guide-point.png","C:\Users\user\UI-TARS-desktop\public\kelly\lessons\340",SUSPICIOUS,41.5,108,"neutral face with hair.png",1344x768,1274.82,f190396386c66559267399cc263c8ded731f48e68b32d9217987d93249b3aad9
"C:\Users\user\UI-TARS-desktop\public\kelly\lessons\340\lesson-340-hero.png","lesson-340-hero.png","C:\Users\user\UI-TARS-desktop\public\kelly\lessons\340",IMPOSTER,21.5,128,"close up of kellys eyes.png",1344x768,1091.81,9733b171299ccccc271c38f3399ccdcc2626ce313c7c3387cccc2733cc713663
"C:\Users\user\UI-TARS-desktop\public\kelly\lessons\339\lesson-339-prop.png","lesson-339-prop.png","C:\Users\user\UI-TARS-desktop\public\kelly\lessons\339",IMPOSTER,26.0,124,"profile of kelly.png",1344x768,1226.26,8e76b99d6cec39886d58907697a5c47a679549216c64d28699e5d9b4d98d489b
"C:\Users\user\UI-TARS-desktop\public\kelly\lessons\341\lesson-341-hero.png","lesson-341-hero.png","C:\Users\user\UI-TARS-desktop\public\kelly\lessons\341",SUSPICIOUS,40.75,109,"close up of kellys eyes.png",1344x768,1046.41,9a1931e596669a6673a6ca664b26999a799999963999999b39999999cc999986
"C:\Users\user\UI-TARS-desktop\public\kelly\lessons\340\lesson-340-prop.png","lesson-340-prop.png","C:\Users\user\UI-TARS-desktop\public\kelly\lessons\340",SUSPICIOUS,54.75,95,"Curious Kelly in final pose in Chair - UI elements will go on the side rails - Copy.png",1344x768,1194.77,a799fa788e66266971660e6399866d26334992dacd3999669d98d9cc5d93026d
"C:\Users\user\UI-TARS-desktop\public\kelly\lessons\341\lesson-341-guide-point.png","lesson-341-guide-point.png","C:\Users\user\UI-TARS-desktop\public\kelly\lessons\341",IMPOSTER,24.75,125,"facing to the left.png",1344x768,1100.38,931ca6994cfbcc603266cc636f4ccc63691acce6364ccccd718c99936f39c9cc
"C:\Users\user\UI-TARS-desktop\public\kelly\lessons\341\lesson-341-bg.png","lesson-341-bg.png","C:\Users\user\UI-TARS-desktop\public\kelly\lessons\341",IMPOSTER,25.0,125,"close up of kellys eyes.png",1344x768,1563.53,96b5b4b465b2c9628a5a325a48e7952762496a8ad7da9c7d2b1cdaca90b7634b
"C:\Users\user\UI-TARS-desktop\public\kelly\lessons\342\lesson-342-bg.png","lesson-342-bg.png","C:\Users\user\UI-TARS-desktop\public\kelly\lessons\342",IMPOSTER,34.5,115,"close up of kellys eyes.png",1344x768,1759.82,cd8dc73367b3b18c38cc30669136799399cd666466339d9973399ccc63362c61
"C:\Users\user\UI-TARS-desktop\public\kelly\lessons\340\lesson-340-reaction.png","lesson-340-reaction.png","C:\Users\user\UI-TARS-desktop\public\kelly\lessons\340",SUSPICIOUS,43.0,107,"slightly turning her head.png",1344x768,1282.67,b94d7071c3233906c27dd3c99e8bf66627d1653625be0c981b6693b39c9906e6
"C:\Users\user\UI-TARS-desktop\public\kelly\lessons\341\lesson-341-reaction.png","lesson-341-reaction.png","C:\Users\user\UI-TARS-desktop\public\kelly\lessons\341",SUSPICIOUS,52.25,97,"head and shoulders without chair.png",1344x768,1254.33,b4cb93c9c36022640326f327f6262d16f218f267df06fd80dd901fb07fc0ded8
"C:\Users\user\UI-TARS-desktop\public\kelly\lessons\341\lesson-341-prop.png","lesson-341-prop.png","C:\Users\user\UI-TARS-desktop\public\kelly\lessons\341",IMPOSTER,20.5,129,"Curious Kelly in final pose in Chair - UI elements will go on the side rails - Copy.png",1344x768,1110.69,c94dab98db134e7274a48ce1edae0b53d8c6d8bb8c8d95941dfce89e0aa1f064
"C:\Users\user\UI-TARS-desktop\public\kelly\lessons\342\lesson-342-guide-point.png","lesson-342-guide-point.png","C:\Users\user\UI-TARS-desktop\public\kelly\lessons\342",IMPOSTER,28.25,121,"close up of kellys eyes.png",1344x768,1070.93,d65b69b999866669672466e69996a67031cce6653993cd98998939999cc4999b
"C:\Users\user\UI-TARS-desktop\public\kelly\lessons\342\lesson-342-hero.png","lesson-342-hero.png","C:\Users\user\UI-TARS-desktop\public\kelly\lessons\342",IMPOSTER,31.75,118,"Curious Kelly in final pose in Chair - UI elements will go on the side rails - Copy.png",1344x768,1144.44,cf1961a7de6636693e6726ce97769b396cce83318b998d98d8a3c88d31382261
"C:\Users\user\UI-TARS-desktop\public\kelly\lessons\342\lesson-342-prop.png","lesson-342-prop.png","C:\Users\user\UI-TARS-desktop\public\kelly\lessons\342",SUSPICIOUS,43.75,106,"profile of kelly.png",1344x768,1301.86,ee6c4d6991b196b562926cc23d39e49766d26c96e49964990d1365b6d8d23b36
"C:\Users\user\UI-TARS-desktop\public\kelly\lessons\343\lesson-343-guide-point.png","lesson-343-guide-point.png","C:\Users\user\UI-TARS-desktop\public\kelly\lessons\343",SUSPICIOUS,39.5,110,"slightly turning her head.png",1344x768,1192.26,ed2484b4919b98f2e65839cb36739599926718c9265aedb33266993993e3939c
"C:\Users\user\UI-TARS-desktop\public\kelly\lessons\343\lesson-343-hero.png","lesson-343-hero.png","C:\Users\user\UI-TARS-desktop\public\kelly\lessons\343",IMPOSTER,26.0,124,"close up of kellys eyes.png",1344x768,1012.17,c967639a6319c8b966666ccc724c999926329c6d4ce49938393b9b19cdb69b33
"C:\Users\user\UI-TARS-desktop\public\kelly\lessons\342\lesson-342-reaction.png","lesson-342-reaction.png","C:\Users\user\UI-TARS-desktop\public\kelly\lessons\342",IMPOSTER,32.5,117,"close up of kellys eyes.png",1344x768,1216.65,99a46cf6e5493c992b879d0c94e243ec47b07ab3660b258b54ecc67cf8b38b94
"C:\Users\user\UI-TARS-desktop\public\kelly\lessons\343\lesson-343-bg.png","lesson-343-bg.png","C:\Users\user\UI-TARS-desktop\public\kelly\lessons\343",IMPOSTER,27.0,123,"close up of kellys eyes.png",1344x768,1390.02,dd0f6ebe32f08441d5077b3f0efa94d0a1017e3fb3fe1441c801b3a00eff41d3
"C:\Users\user\UI-TARS-desktop\public\kelly\lessons\343\lesson-343-prop.png","lesson-343-prop.png","C:\Users\user\UI-TARS-desktop\public\kelly\lessons\343",IMPOSTER,27.75,122,"close up of kellys eyes.png",1344x768,1393.89,8e15aa11b0354c47747757f8381ca515dcf14c6344e6cebaaa5cc74cc532c6fb
"C:\Users\user\UI-TARS-desktop\public\kelly\lessons\344\lesson-344-bg.png","lesson-344-bg.png","C:\Users\user\UI-TARS-desktop\public\kelly\lessons\344",IMPOSTER,28.5,121,"close up of face.jpeg",1344x768,1372.63,924f986c6d6c6e649726cdb263b332d9904be331433139339d87e65946d81afc
"C:\Users\user\UI-TARS-desktop\public\kelly\lessons\344\lesson-344-guide-point.png","lesson-344-guide-point.png","C:\Users\user\UI-TARS-desktop\public\kelly\lessons\344",IMPOSTER,30.5,119,"profile of kelly.png",1344x768,1246.6,da59f93859c3c6c67366198a15cfeec7aaa711c4754e28a38718fe650432cf31
"C:\Users\user\UI-TARS-desktop\public\kelly\lessons\343\lesson-343-reaction.png","lesson-343-reaction.png","C:\Users\user\UI-TARS-desktop\public\kelly\lessons\343",SUSPICIOUS,48.5,101,"head and shoulders without chair.png",1344x768,1103.46,e9abc4e10627629c1dcc0e4e8af39d87502e76e1631bf194f40cf644fd19fc0e
"C:\Users\user\UI-TARS-desktop\public\kelly\lessons\344\lesson-344-hero.png","lesson-344-hero.png","C:\Users\user\UI-TARS-desktop\public\kelly\lessons\344",SUSPICIOUS,41.0,109,"close up of kellys eyes.png",1344x768,1066.54,9c59d28c9666999666189d3737129c9b35999999d89990f9c9d999c99989659b
"C:\Users\user\UI-TARS-desktop\public\kelly\lessons\344\lesson-344-prop.png","lesson-344-prop.png","C:\Users\user\UI-TARS-desktop\public\kelly\lessons\344",IMPOSTER,37.75,112,"profile of kelly.png",1344x768,1207.79,cb96696b96cc665864cf864d659c626d2e4de4929963993499b18b9399b3e12d
"C:\Users\user\UI-TARS-desktop\public\kelly\lessons\345\lesson-345-bg.png","lesson-345-bg.png","C:\Users\user\UI-TARS-desktop\public\kelly\lessons\345",IMPOSTER,24.75,125,"close up of kellys eyes.png",1344x768,1364.54,d90398d336d874cc60cf619767306f366e6664e46dcc670c6d1964716dc36d86
"C:\Users\user\UI-TARS-desktop\public\kelly\lessons\344\lesson-344-reaction.png","lesson-344-reaction.png","C:\Users\user\UI-TARS-desktop\public\kelly\lessons\344",IMPOSTER,33.75,116,"close up of face.jpeg",1344x768,1230.62,c866ae61648936fc9723c3379518752a37aaf9893c31da37898962d03337eadc
"C:\Users\user\UI-TARS-desktop\public\kelly\lessons\345\lesson-345-guide-point.png","lesson-345-guide-point.png","C:\Users\user\UI-TARS-desktop\public\kelly\lessons\345",IMPOSTER,36.25,113,"profile of kelly.png",1344x768,1292.85,ea4d66edd1322964048965b219e62f54f59aecd20696694bfda606da19a5fa56
"C:\Users\user\UI-TARS-desktop\public\kelly\lessons\345\lesson-345-hero.png","lesson-345-hero.png","C:\Users\user\UI-TARS-desktop\public\kelly\lessons\345",IMPOSTER,25.0,125,"profile of kelly.png",1344x768,970.06,c991e7192cc71c643b0c1bb32673a5ae656e197b32d30d934dcd6649999c5ccc
"C:\Users\user\UI-TARS-desktop\public\kelly\lessons\345\lesson-345-prop.png","lesson-345-prop.png","C:\Users\user\UI-TARS-desktop\public\kelly\lessons\345",SUSPICIOUS,44.25,105,"facing to the left.png",1344x768,936.43,ba319830c9c367c919999871d993c6cf1f0e32dc73f23989399f31ec31c73303
"C:\Users\user\UI-TARS-desktop\public\kelly\lessons\346\lesson-346-hero.png","lesson-346-hero.png","C:\Users\user\UI-TARS-desktop\public\kelly\lessons\346",IMPOSTER,33.5,116,"close up of kellys eyes.png",1344x768,956.04,ccd9638cd8666339733339b266589c33318fd986664dcccc6ccc9993668c9e66
"C:\Users\user\UI-TARS-desktop\public\kelly\lessons\345\lesson-345-reaction.png","lesson-345-reaction.png","C:\Users\user\UI-TARS-desktop\public\kelly\lessons\345",SUSPICIOUS,47.0,103,"head and shoulders without chair.png",1344x768,1260.95,ed70a1ea932c78dc4791cd39a1b8966346b3269c30ba76e15b1fb0fc63a24e85
"C:\Users\user\UI-TARS-desktop\public\kelly\lessons\346\lesson-346-bg.png","lesson-346-bg.png","C:\Users\user\UI-TARS-desktop\public\kelly\lessons\346",IMPOSTER,32.5,117,"close up of face.jpeg",1344x768,1386.93,9575b7812caf4ae962469d221d9b65ecc243e9223e98597f625492166dac565f
"C:\Users\user\UI-TARS-desktop\public\kelly\lessons\346\lesson-346-guide-point.png","lesson-346-guide-point.png","C:\Users\user\UI-TARS-desktop\public\kelly\lessons\346",SUSPICIOUS,40.0,110,"profile of kelly.png",1344x768,1398.23,d2e22e2798f973c6699b3a5fc3c5392c3c985b86310cb6da6b396ba54b1a4c24
"C:\Users\user\UI-TARS-desktop\public\kelly\lessons\346\lesson-346-prop.png","lesson-346-prop.png","C:\Users\user\UI-TARS-desktop\public\kelly\lessons\346",SUSPICIOUS,43.5,106,"head and shoulders without chair.png",1344x768,1231.58,b8dd63cb87269b363338c73993276338ce333261c336ccd34cdc99c8e7611926
"C:\Users\user\UI-TARS-desktop\public\kelly\lessons\346\lesson-346-reaction.png","lesson-346-reaction.png","C:\Users\user\UI-TARS-desktop\public\kelly\lessons\346",SUSPICIOUS,44.0,106,"close up of kellys eyes.png",1344x768,1237.78,d933794d8764e6db104fcd12a64c76d9080baf985c96a92946da366e666d266e
"C:\Users\user\UI-TARS-desktop\public\kelly\lessons\347\lesson-347-bg.png","lesson-347-bg.png","C:\Users\user\UI-TARS-desktop\public\kelly\lessons\347",IMPOSTER,31.75,118,"Curious Kelly in final pose in Chair - UI elements will go on the side rails - Copy.png",1344x768,1324.98,cd22c5382799718cf14e9466363371b379c6bbde24d4349cd966866626b91d9c
"C:\Users\user\UI-TARS-desktop\public\kelly\lessons\347\lesson-347-hero.png","lesson-347-hero.png","C:\Users\user\UI-TARS-desktop\public\kelly\lessons\347",IMPOSTER,27.25,122,"close up of kellys eyes.png",1344x768,1099.75,964c25976933c966666d3a636332991c66c9996767329b346999ccc69999ccd9
"C:\Users\user\UI-TARS-desktop\public\kelly\lessons\347\lesson-347-guide-point.png","lesson-347-guide-point.png","C:\Users\user\UI-TARS-desktop\public\kelly\lessons\347",SUSPICIOUS,39.25,110,"slightly turning her head.png",1344x768,1231.15,e4644484999bb61bad8be9f3d236d34bdb73596c522693649b64996c9b64924c
"C:\Users\user\UI-TARS-desktop\public\kelly\lessons\348\lesson-348-bg.png","lesson-348-bg.png","C:\Users\user\UI-TARS-desktop\public\kelly\lessons\348",IMPOSTER,34.25,115,"close up of kellys eyes.png",1344x768,1555.48,9b3299996c8965ec64d2949362499b3c9396992d4c9936cf993664d9933ec937
"C:\Users\user\UI-TARS-desktop\public\kelly\lessons\347\lesson-347-reaction.png","lesson-347-reaction.png","C:\Users\user\UI-TARS-desktop\public\kelly\lessons\347",IMPOSTER,33.75,116,"Curious Kelly in final pose in Chair - UI elements will go on the side rails - Copy.png",1344x768,1270.9,8c83643192e66f4fca31139c69ce33a7739e41c2dc99939830eeb48c33119eff
"C:\Users\user\UI-TARS-desktop\public\kelly\lessons\347\lesson-347-prop.png","lesson-347-prop.png","C:\Users\user\UI-TARS-desktop\public\kelly\lessons\347",IMPOSTER,28.5,121,"close up of kellys eyes.png",1344x768,1322.13,9f199c02209ecb2f7c4ba7945aeca713cf27c6ded260369c68391b6bb2c078c6
"C:\Users\user\UI-TARS-desktop\public\kelly\lessons\348\lesson-348-hero.png","lesson-348-hero.png","C:\Users\user\UI-TARS-desktop\public\kelly\lessons\348",SUSPICIOUS,40.75,109,"close up of kellys eyes.png",1344x768,979.63,99b1679930c68f3666636666666c983666199ce9364c99b666499999c999d99b
"C:\Users\user\UI-TARS-desktop\public\kelly\lessons\348\lesson-348-guide-point.png","lesson-348-guide-point.png","C:\Users\user\UI-TARS-desktop\public\kelly\lessons\348",IMPOSTER,24.75,125,"profile of kelly.png",1344x768,1314.21,d6cd0b65eb1ee4832cc34e3cf31ee4804cdb0e5ddd20b1c5427f9b4c966186cb
"C:\Users\user\UI-TARS-desktop\public\kelly\lessons\349\lesson-349-bg.png","lesson-349-bg.png","C:\Users\user\UI-TARS-desktop\public\kelly\lessons\349",IMPOSTER,30.0,120,"close up of kellys eyes.png",1344x768,1358.92,992199996c9c6e6c4e6c96ec65b66c529a4d268466eed963665e66dc09a69369
"C:\Users\user\UI-TARS-desktop\public\kelly\lessons\348\lesson-348-prop.png","lesson-348-prop.png","C:\Users\user\UI-TARS-desktop\public\kelly\lessons\348",SUSPICIOUS,42.25,107,"facing to the left.png",1344x768,1037.09,b7191e70c66965631cf2f26c64cd0ef3f45c03cddd70d92c0347f8366c64071b
"C:\Users\user\UI-TARS-desktop\public\kelly\lessons\348\lesson-348-reaction.png","lesson-348-reaction.png","C:\Users\user\UI-TARS-desktop\public\kelly\lessons\348",IMPOSTER,29.25,120,"Curious Kelly in final pose in Chair - UI elements will go on the side rails - Copy.png",1344x768,1004.04,8cf852da6b4d34e5e1a7a50671ce331c72744d8eda33a337b09c2731733cd348
"C:\Users\user\UI-TARS-desktop\public\kelly\lessons\349\lesson-349-guide-point.png","lesson-349-guide-point.png","C:\Users\user\UI-TARS-desktop\public\kelly\lessons\349",IMPOSTER,29.75,120,"profile of kelly.png",1344x768,1378.59,c1666c7e1d896a31348c7e823a937ada3ea36499664c3fe3999283749b6d9165
"C:\Users\user\UI-TARS-desktop\public\kelly\lessons\349\lesson-349-hero.png","lesson-349-hero.png","C:\Users\user\UI-TARS-desktop\public\kelly\lessons\349",SUSPICIOUS,42.0,108,"close up of kellys eyes.png",1344x768,1062.3,993321a60c9c9b1966636cc6664c9b2f6673cda666499a646733d9b666ce9a4c
"C:\Users\user\UI-TARS-desktop\public\kelly\lessons\349\lesson-349-prop.png","lesson-349-prop.png","C:\Users\user\UI-TARS-desktop\public\kelly\lessons\349",SUSPICIOUS,45.0,105,"neutral face with hair.png",1344x768,1157.9,bac5f3824999d63923f24919c64d2a65cc13d866cce3d4cccee6c8661ce773b0
"C:\Users\user\UI-TARS-desktop\public\kelly\lessons\350\lesson-350-guide-point.png","lesson-350-guide-point.png","C:\Users\user\UI-TARS-desktop\public\kelly\lessons\350",SUSPICIOUS,44.75,105,"close up of face.jpeg",1344x768,1162.28,e92d8689c4b139b287b6cfe670f0c31e9f3398e6f31cce49b2c392c9d26292c8
"C:\Users\user\UI-TARS-desktop\public\kelly\lessons\349\lesson-349-reaction.png","lesson-349-reaction.png","C:\Users\user\UI-TARS-desktop\public\kelly\lessons\349",IMPOSTER,30.75,119,"close up of face.jpeg",1344x768,1216.5,99ef986771916592dbe4c4ecdecf9b74a2c9231b31b026c4a4679912bdc96644
"C:\Users\user\UI-TARS-desktop\public\kelly\lessons\350\lesson-350-bg.png","lesson-350-bg.png","C:\Users\user\UI-TARS-desktop\public\kelly\lessons\350",IMPOSTER,35.5,114,"profile of kelly.png",1344x768,1574.57,c07bf8187f841f8185e8ec7a4b1f07b590eb7a1e6e3793c1929c2c22fb8183f1
"C:\Users\user\UI-TARS-desktop\public\kelly\lessons\350\lesson-350-hero.png","lesson-350-hero.png","C:\Users\user\UI-TARS-desktop\public\kelly\lessons\350",IMPOSTER,35.5,114,"profile of kelly.png",1344x768,1192.02,cf3b24f1c8a6ce346679344631cccdb3666dd8c6264a8cd271b1d9b930c3999e
"C:\Users\user\UI-TARS-desktop\public\kelly\lessons\350\lesson-350-prop.png","lesson-350-prop.png","C:\Users\user\UI-TARS-desktop\public\kelly\lessons\350",SUSPICIOUS,50.75,99,"Curious Kelly in final pose in Chair - UI elements will go on the side rails - Copy.png",1344x768,1102.91,e7dfa24d9f23b46333264a324cc639324a73dddcb18c9cc9ccd9b19c9cc04999
"C:\Users\user\UI-TARS-desktop\public\kelly\lessons\350\lesson-350-reaction.png","lesson-350-reaction.png","C:\Users\user\UI-TARS-desktop\public\kelly\lessons\350",IMPOSTER,33.75,116,"profile of kelly.png",1344x768,1311.95,c991ce9db57167538c9cae5446e7763b667632c6aab18b2c846c35d2a193266c
"C:\Users\user\UI-TARS-desktop\public\kelly\lessons\351\lesson-351-bg.png","lesson-351-bg.png","C:\Users\user\UI-TARS-desktop\public\kelly\lessons\351",IMPOSTER,28.0,122,"close up of kellys eyes.png",1344x768,1496.14,ccc49ca739b7b3197339664cc24e4ac73e33dc73ccb03990718fc39d33344e60
"C:\Users\user\UI-TARS-desktop\public\kelly\lessons\351\lesson-351-hero.png","lesson-351-hero.png","C:\Users\user\UI-TARS-desktop\public\kelly\lessons\351",IMPOSTER,29.0,121,"close up of kellys eyes.png",1344x768,868.87,99c69371338cd8e69936b33166739ccc3ccc99991b366666ccc9331966cc9ccc
"C:\Users\user\UI-TARS-desktop\public\kelly\lessons\351\lesson-351-guide-point.png","lesson-351-guide-point.png","C:\Users\user\UI-TARS-desktop\public\kelly\lessons\351",SUSPICIOUS,44.0,106,"slightly turning her head.png",1344x768,1198.27,b145338dc70f4ed8529c37292d12939d68a9c63a33607d553ea8cfed6c06ce5c
"C:\Users\user\UI-TARS-desktop\public\kelly\lessons\351\lesson-351-reaction.png","lesson-351-reaction.png","C:\Users\user\UI-TARS-desktop\public\kelly\lessons\351",IMPOSTER,33.75,116,"close up of face.jpeg",1344x768,1209.6,c13396690cc665a40e545a4b4993cd362dad6cb56eda6cca91cbd6b33999c936
"C:\Users\user\UI-TARS-desktop\public\kelly\lessons\351\lesson-351-prop.png","lesson-351-prop.png","C:\Users\user\UI-TARS-desktop\public\kelly\lessons\351",SUSPICIOUS,43.0,107,"Curious Kelly in final pose in Chair - UI elements will go on the side rails - Copy.png",1344x768,1060.12,b81c9f1c44e698e17b7094e36bb1a63148c7b278cb996706c331c31fcf1c671b
"C:\Users\user\UI-TARS-desktop\public\kelly\lessons\352\lesson-352-bg.png","lesson-352-bg.png","C:\Users\user\UI-TARS-desktop\public\kelly\lessons\352",IMPOSTER,28.25,121,"close up of kellys eyes.png",1344x768,1608.9,c614cc6e6d6cb8c730c361e396f18e716f3c971c939e63c131c39c724e274e4c
"C:\Users\user\UI-TARS-desktop\public\kelly\lessons\352\lesson-352-prop.png","lesson-352-prop.png","C:\Users\user\UI-TARS-desktop\public\kelly\lessons\352",IMPOSTER,37.0,113,"close up of kellys eyes.png",1344x768,1030.21,9b3b7994359b663998e726cb6718ccc5c64c64e7671c66583963996c9b0c6631
"C:\Users\user\UI-TARS-desktop\public\kelly\lessons\352\lesson-352-hero.png","lesson-352-hero.png","C:\Users\user\UI-TARS-desktop\public\kelly\lessons\352",IMPOSTER,34.75,115,"close up of kellys eyes.png",1344x768,1150.69,da66cd6c1cc99999649249992c999f3264e69b6964b69b2619269b6669369b6d
"C:\Users\user\UI-TARS-desktop\public\kelly\lessons\352\lesson-352-guide-point.png","lesson-352-guide-point.png","C:\Users\user\UI-TARS-desktop\public\kelly\lessons\352",SUSPICIOUS,46.75,103,"facing to the left.png",1344x768,1170.89,b31c99989dc4664b92e579a60e5b98e741e372c739739c4958a7d2dbc4668d42
"C:\Users\user\UI-TARS-desktop\public\kelly\lessons\353\lesson-353-hero.png","lesson-353-hero.png","C:\Users\user\UI-TARS-desktop\public\kelly\lessons\353",IMPOSTER,29.5,120,"close up of kellys eyes.png",1344x768,1032.07,8c59334d136cc8b656a7739633328cd36667d8c7739ccc706cd998cc6499999c
"C:\Users\user\UI-TARS-desktop\public\kelly\lessons\353\lesson-353-bg.png","lesson-353-bg.png","C:\Users\user\UI-TARS-desktop\public\kelly\lessons\353",IMPOSTER,30.75,119,"head and shoulders without chair.png",1344x768,1591.7,94d2cc494b6c6d246649b65a0f34d934e9b612db4f49ed6d9e951dde892cb2c0
"C:\Users\user\UI-TARS-desktop\public\kelly\lessons\353\lesson-353-guide-point.png","lesson-353-guide-point.png","C:\Users\user\UI-TARS-desktop\public\kelly\lessons\353",IMPOSTER,31.0,119,"head and shoulders without chair.png",1344x768,1319.56,a52592718c9c44b6518caccc579b4c9e65a6649964db5d98d3279a59d1d365ee
"C:\Users\user\UI-TARS-desktop\public\kelly\lessons\352\lesson-352-reaction.png","lesson-352-reaction.png","C:\Users\user\UI-TARS-desktop\public\kelly\lessons\352",IMPOSTER,31.75,118,"facing to the left.png",1344x768,1060.41,d356997aa5c1af2dcd78b993e62b324d24266db5ad2c09b14d93c58a126da2b6
"C:\Users\user\UI-TARS-desktop\public\kelly\lessons\353\lesson-353-prop.png","lesson-353-prop.png","C:\Users\user\UI-TARS-desktop\public\kelly\lessons\353",SUSPICIOUS,41.5,108,"head and shoulders without chair.png",1344x768,1130.24,f189a6cc4b3c9f317316e679986773b3c633d34d3333493496632066c89c8cd3
"C:\Users\user\UI-TARS-desktop\public\kelly\lessons\353\lesson-353-reaction.png","lesson-353-reaction.png","C:\Users\user\UI-TARS-desktop\public\kelly\lessons\353",IMPOSTER,24.0,126,"close up of face.jpeg",1344x768,1256.07,9353126bcdb576e4a24dd25a3ed2852d532d4a576d9868e5e7490cda64959369
"C:\Users\user\UI-TARS-desktop\public\kelly\lessons\354\lesson-354-guide-point.png","lesson-354-guide-point.png","C:\Users\user\UI-TARS-desktop\public\kelly\lessons\354",IMPOSTER,28.5,121,"profile of kelly.png",1344x768,1328.62,e008442db8dbb59245b7296ca89b9db3f0372df6a590a0bfab30a84bd7de9903
"C:\Users\user\UI-TARS-desktop\public\kelly\lessons\354\lesson-354-bg.png","lesson-354-bg.png","C:\Users\user\UI-TARS-desktop\public\kelly\lessons\354",IMPOSTER,32.75,117,"close up of kellys eyes.png",1344x768,1556.5,c9ccc58c6719339638e60c652399e0b8b19c3c663ce3374ccfc3e6b2367518fc
"C:\Users\user\UI-TARS-desktop\public\kelly\lessons\354\lesson-354-hero.png","lesson-354-hero.png","C:\Users\user\UI-TARS-desktop\public\kelly\lessons\354",IMPOSTER,39.0,111,"close up of kellys eyes.png",1344x768,1019.94,9b18c265dc6699933719cde66cdb8cc9398c398c64989b6d33304db3667b3331
"C:\Users\user\UI-TARS-desktop\public\kelly\lessons\354\lesson-354-prop.png","lesson-354-prop.png","C:\Users\user\UI-TARS-desktop\public\kelly\lessons\354",IMPOSTER,28.5,121,"close up of face.jpeg",1344x768,1236.91,8d6de2c43c926db060c7cf1b10bb39d3449ecf1b70f39a0fc73292723845c33d
"C:\Users\user\UI-TARS-desktop\public\kelly\lessons\355\lesson-355-bg.png","lesson-355-bg.png","C:\Users\user\UI-TARS-desktop\public\kelly\lessons\355",IMPOSTER,33.75,116,"close up of kellys eyes.png",1344x768,1445.29,96ed92d26adacb496b693569c996b46d72258d92736d64a4991a666969a598d2
"C:\Users\user\UI-TARS-desktop\public\kelly\lessons\355\lesson-355-guide-point.png","lesson-355-guide-point.png","C:\Users\user\UI-TARS-desktop\public\kelly\lessons\355",SUSPICIOUS,41.25,108,"profile of kelly.png",1344x768,1152.12,cd3370cb99ccc671666699ec3990ce489926cd8d9999d99399b392cc33336666
"C:\Users\user\UI-TARS-desktop\public\kelly\lessons\355\lesson-355-hero.png","lesson-355-hero.png","C:\Users\user\UI-TARS-desktop\public\kelly\lessons\355",IMPOSTER,29.25,120,"close up of kellys eyes.png",1344x768,1037.06,984d659813338c6766669b3666739c6332cc99b34c9339cf19cd9999cd9b318c
"C:\Users\user\UI-TARS-desktop\public\kelly\lessons\354\lesson-354-reaction.png","lesson-354-reaction.png","C:\Users\user\UI-TARS-desktop\public\kelly\lessons\354",IMPOSTER,29.25,120,"close up of face.jpeg",1344x768,1202.37,9918fa3465b3662964de0ef6247e364b98092ad9e427726622c9d1f6e1c9c3f6
"C:\Users\user\UI-TARS-desktop\public\kelly\lessons\355\lesson-355-prop.png","lesson-355-prop.png","C:\Users\user\UI-TARS-desktop\public\kelly\lessons\355",IMPOSTER,30.0,120,"facing to the left.png",1344x768,1204.62,919b67194e7398ccfb632633c0cceec3986479c607a6dccc262c33676ce62666
"C:\Users\user\UI-TARS-desktop\public\kelly\lessons\355\lesson-355-reaction.png","lesson-355-reaction.png","C:\Users\user\UI-TARS-desktop\public\kelly\lessons\355",IMPOSTER,29.5,120,"neutral face with hair.png",1344x768,1153.32,c952e353e76b6b2dc1da46b27727257064264e2c8193fd58b666423b66cc2e36
"C:\Users\user\UI-TARS-desktop\public\kelly\lessons\356\lesson-356-hero.png","lesson-356-hero.png","C:\Users\user\UI-TARS-desktop\public\kelly\lessons\356",IMPOSTER,30.0,120,"profile of kelly.png",1344x768,1094.66,993165960229546ae4ce337966eecc666451936c66fb9c66233399bc7193999d
"C:\Users\user\UI-TARS-desktop\public\kelly\lessons\356\lesson-356-guide-point.png","lesson-356-guide-point.png","C:\Users\user\UI-TARS-desktop\public\kelly\lessons\356",SUSPICIOUS,49.75,100,"facing to the left.png",1344x768,1190.79,a1d9a7311a628c6624e65b6ccf359ce658c20dde778c99aba6b99d9201db8999
"C:\Users\user\UI-TARS-desktop\public\kelly\lessons\356\lesson-356-prop.png","lesson-356-prop.png","C:\Users\user\UI-TARS-desktop\public\kelly\lessons\356",IMPOSTER,29.25,120,"head and shoulders without chair.png",1344x768,1233.82,d492e567b36d1ccce4c0334c1c369cccedec66791989e6b2a1a69e5319b1a1b3
"C:\Users\user\UI-TARS-desktop\public\kelly\lessons\356\lesson-356-bg.png","lesson-356-bg.png","C:\Users\user\UI-TARS-desktop\public\kelly\lessons\356",IMPOSTER,27.5,122,"close up of kellys eyes.png",1344x768,1300.35,9559955f25a54f711c5ee1910b37ea740da5612d6d638957338d24cbd6169336
"C:\Users\user\UI-TARS-desktop\public\kelly\lessons\357\lesson-357-bg.png","lesson-357-bg.png","C:\Users\user\UI-TARS-desktop\public\kelly\lessons\357",IMPOSTER,30.75,119,"close up of kellys eyes.png",1344x768,1167.77,92d336db6c89c9247b4da5564a9f1d24c5493a5b45b69a2d6553c89637a5487b
"C:\Users\user\UI-TARS-desktop\public\kelly\lessons\356\lesson-356-reaction.png","lesson-356-reaction.png","C:\Users\user\UI-TARS-desktop\public\kelly\lessons\356",IMPOSTER,32.5,117,"Curious Kelly in final pose in Chair - UI elements will go on the side rails - Copy.png",1344x768,1220.36,b637bb27c1bc3f191131ecf9db04e0995ab1a7c33832b1d8118275b94398d58f
"C:\Users\user\UI-TARS-desktop\public\kelly\lessons\357\lesson-357-guide-point.png","lesson-357-guide-point.png","C:\Users\user\UI-TARS-desktop\public\kelly\lessons\357",SUSPICIOUS,45.25,104,"close up of face.jpeg",1344x768,1348.42,bf1cdcbd607231f4e89bf86708e639d03d08d0e6c5e38646c73397bb30e03958
"C:\Users\user\UI-TARS-desktop\public\kelly\lessons\357\lesson-357-hero.png","lesson-357-hero.png","C:\Users\user\UI-TARS-desktop\public\kelly\lessons\357",IMPOSTER,33.5,116,"close up of kellys eyes.png",1344x768,1141.28,949bb5892c72c92623656452664e9b5c3373cc66665273766ad39b3c6c939996
"C:\Users\user\UI-TARS-desktop\public\kelly\lessons\357\lesson-357-prop.png","lesson-357-prop.png","C:\Users\user\UI-TARS-desktop\public\kelly\lessons\357",IMPOSTER,35.5,114,"close up of face.jpeg",1344x768,1195.65,c8533c7890e4df86b3b1903191cfd0e79310c49963e4318379cf6ddd71cc69cd
"C:\Users\user\UI-TARS-desktop\public\kelly\lessons\358\lesson-358-bg.png","lesson-358-bg.png","C:\Users\user\UI-TARS-desktop\public\kelly\lessons\358",IMPOSTER,34.75,115,"profile of kelly.png",1344x768,1382.14,ce38ce714cf1b1c733992737d83173632dce8237308c67318b5f306773218ce6
"C:\Users\user\UI-TARS-desktop\public\kelly\lessons\358\lesson-358-prop.png","lesson-358-prop.png","C:\Users\user\UI-TARS-desktop\public\kelly\lessons\358",SUSPICIOUS,55.5,94,"Curious Kelly in final pose in Chair - UI elements will go on the side rails - Copy.png",1344x768,1255.13,f49ca76d5a23b7368e72d9e7b9875a1ecc31c8c9998c8d86c8d89489330e6393
"C:\Users\user\UI-TARS-desktop\public\kelly\lessons\357\lesson-357-reaction.png","lesson-357-reaction.png","C:\Users\user\UI-TARS-desktop\public\kelly\lessons\357",IMPOSTER,32.5,117,"close up of kellys eyes.png",1344x768,1299.69,ccc7e856d0b03fcd03ecb4fb0db00ac313841c880787633c23dd0fcebc7b3767
"C:\Users\user\UI-TARS-desktop\public\kelly\lessons\358\lesson-358-hero.png","lesson-358-hero.png","C:\Users\user\UI-TARS-desktop\public\kelly\lessons\358",SUSPICIOUS,49.25,100,"close up of kellys eyes.png",1344x768,1188.61,9b9968e315e53356ec88b24d1016737b161d995c19339b9b9b9b7333666132e8
"C:\Users\user\UI-TARS-desktop\public\kelly\lessons\358\lesson-358-guide-point.png","lesson-358-guide-point.png","C:\Users\user\UI-TARS-desktop\public\kelly\lessons\358",IMPOSTER,33.5,116,"profile of kelly.png",1344x768,1205.42,caa0892b9b456a55ce51ba482b5bdada7b65fe95b70ab49394a6b7545c190985
"C:\Users\user\UI-TARS-desktop\public\kelly\lessons\358\lesson-358-reaction.png","lesson-358-reaction.png","C:\Users\user\UI-TARS-desktop\public\kelly\lessons\358",IMPOSTER,39.0,111,"profile of kelly.png",1344x768,1194.08,c339f4f00e66f652168cee6426cf76cee64c36ccd1649a99d99864ad2e725322
"C:\Users\user\UI-TARS-desktop\public\kelly\lessons\359\lesson-359-bg.png","lesson-359-bg.png","C:\Users\user\UI-TARS-desktop\public\kelly\lessons\359",IMPOSTER,25.25,124,"close up of kellys eyes.png",1344x768,1427.97,cc64958c319934da6f96c8337384ce6171d92e1bbcc7833638ccc73939cece31
"C:\Users\user\UI-TARS-desktop\public\kelly\lessons\359\lesson-359-guide-point.png","lesson-359-guide-point.png","C:\Users\user\UI-TARS-desktop\public\kelly\lessons\359",SUSPICIOUS,45.25,104,"head and shoulders without chair.png",1344x768,1256.25,e1ce249a861bdb3d3869e61838cd5b89cd2738e6b04cc67d21f362e3c76531c3
"C:\Users\user\UI-TARS-desktop\public\kelly\lessons\359\lesson-359-hero.png","lesson-359-hero.png","C:\Users\user\UI-TARS-desktop\public\kelly\lessons\359",IMPOSTER,33.25,116,"facing to the left.png",1344x768,1254.53,949cb133b767266490cc27b69f640fcc85819993d923999bd85dc9bb659c865a
"C:\Users\user\UI-TARS-desktop\public\kelly\lessons\359\lesson-359-prop.png","lesson-359-prop.png","C:\Users\user\UI-TARS-desktop\public\kelly\lessons\359",SUSPICIOUS,46.0,104,"profile of kelly.png",1344x768,1356.4,e972c76c1c6d6cc9318ce63594e59c9c39906725ec66acc974996291ac6bcccd
"C:\Users\user\UI-TARS-desktop\public\kelly\lessons\360\lesson-360-bg.png","lesson-360-bg.png","C:\Users\user\UI-TARS-desktop\public\kelly\lessons\360",IMPOSTER,25.25,124,"profile of kelly.png",1344x768,1215.86,8cc3cdc6699c30189361e1f36e36128e9125e5f16edaf80c91e5e7d0689ebb0f
"C:\Users\user\UI-TARS-desktop\public\kelly\lessons\360\lesson-360-guide-point.png","lesson-360-guide-point.png","C:\Users\user\UI-TARS-desktop\public\kelly\lessons\360",IMPOSTER,38.5,111,"close up of kellys eyes.png",1344x768,1207.12,81933b2a1c4464f0264f37c4c36c66cec277399299b3d8ba98137991cfb766cb
"C:\Users\user\UI-TARS-desktop\public\kelly\lessons\359\lesson-359-reaction.png","lesson-359-reaction.png","C:\Users\user\UI-TARS-desktop\public\kelly\lessons\359",IMPOSTER,31.25,118,"close up of kellys eyes.png",1344x768,1116.77,9cb34e39764c29cda47972ac328e3263232700be623133bfd9cc396cb3b17b86
"C:\Users\user\UI-TARS-desktop\public\kelly\lessons\360\lesson-360-hero.png","lesson-360-hero.png","C:\Users\user\UI-TARS-desktop\public\kelly\lessons\360",SUSPICIOUS,49.25,100,"Curious Kelly in final pose in Chair - UI elements will go on the side rails - Copy.png",1344x768,1328.88,d533e431c96c6f6622c6974c28b63d8c18ec349399db19b1999b99939b339993
"C:\Users\user\UI-TARS-desktop\public\kelly\lessons\360\lesson-360-prop.png","lesson-360-prop.png","C:\Users\user\UI-TARS-desktop\public\kelly\lessons\360",IMPOSTER,33.75,116,"head and shoulders without chair.png",1344x768,1232.46,9f8ce7d8e49f5826ba0f4a00a6fea8c16c37f93f182638d214273b8fede2d120
"C:\Users\user\UI-TARS-desktop\public\kelly\lessons\361\lesson-361-hero.png","lesson-361-hero.png","C:\Users\user\UI-TARS-desktop\public\kelly\lessons\361",SUSPICIOUS,44.25,105,"close up of kellys eyes.png",1344x768,1099.9,899969a196666659636796d227067865649a8fd9d899d89e9bcc6d9966322667
"C:\Users\user\UI-TARS-desktop\public\kelly\lessons\361\lesson-361-bg.png","lesson-361-bg.png","C:\Users\user\UI-TARS-desktop\public\kelly\lessons\361",IMPOSTER,35.0,115,"close up of kellys eyes.png",1344x768,983.42,952d9f3b4d39499a6b19368d69c4b6cc6d7236c4ca5b2d260ed0d1a96c371b49
"C:\Users\user\UI-TARS-desktop\public\kelly\lessons\361\lesson-361-guide-point.png","lesson-361-guide-point.png","C:\Users\user\UI-TARS-desktop\public\kelly\lessons\361",IMPOSTER,25.75,124,"profile of kelly.png",1344x768,1071.54,86663dd2188cc2794b91341fb8e4c7c1e03bcd7cf10fc86cc8ecce8dd94ccce6
"C:\Users\user\UI-TARS-desktop\public\kelly\lessons\360\lesson-360-reaction.png","lesson-360-reaction.png","C:\Users\user\UI-TARS-desktop\public\kelly\lessons\360",SUSPICIOUS,46.0,104,"close up of face.jpeg",1344x768,1119.02,cc1e8f0e21d9ccf18730d94f702372cc7cede3309eccc1133551dddef403271c
"C:\Users\user\UI-TARS-desktop\public\kelly\lessons\361\lesson-361-prop.png","lesson-361-prop.png","C:\Users\user\UI-TARS-desktop\public\kelly\lessons\361",SUSPICIOUS,40.75,109,"facing to the left.png",1344x768,1383.1,e1b3ed951cca33cd6e4e92e593297b4c94e48d3359989191d93b9b3611ad7242
"C:\Users\user\UI-TARS-desktop\public\kelly\lessons\361\lesson-361-reaction.png","lesson-361-reaction.png","C:\Users\user\UI-TARS-desktop\public\kelly\lessons\361",IMPOSTER,32.5,117,"Curious Kelly in final pose in Chair - UI elements will go on the side rails - Copy.png",1344x768,1138.08,e379843dec376527981bafc9fda47274267e6cf26dc685289491449a1b63d0c8
"C:\Users\user\UI-TARS-desktop\public\kelly\lessons\362\lesson-362-bg.png","lesson-362-bg.png","C:\Users\user\UI-TARS-desktop\public\kelly\lessons\362",IMPOSTER,28.75,121,"close up of kellys eyes.png",1344x768,1138.17,99b33b33664cccc4b669698ed292b6716996c6c636686cc9d232366d69dad232
"C:\Users\user\UI-TARS-desktop\public\kelly\lessons\362\lesson-362-guide-point.png","lesson-362-guide-point.png","C:\Users\user\UI-TARS-desktop\public\kelly\lessons\362",IMPOSTER,31.75,118,"close up of kellys eyes.png",1344x768,1170.38,c2db10dbe0610f3cbe8c39806f6769a737329c0c1d3edf7133136a367224b659
"C:\Users\user\UI-TARS-desktop\public\kelly\lessons\362\lesson-362-hero.png","lesson-362-hero.png","C:\Users\user\UI-TARS-desktop\public\kelly\lessons\362",IMPOSTER,28.75,121,"close up of kellys eyes.png",1344x768,1040.87,8c33a6991ccc99367666e626366c8cf266668ce6936431996666659b99666d9b
"C:\Users\user\UI-TARS-desktop\public\kelly\lessons\362\lesson-362-prop.png","lesson-362-prop.png","C:\Users\user\UI-TARS-desktop\public\kelly\lessons\362",IMPOSTER,37.0,113,"neutral face with hair.png",1344x768,1094.87,bdab6d6e4e94933964e68a31d7de0a692137089a936724ec98e788dbecc68866
"C:\Users\user\UI-TARS-desktop\public\kelly\lessons\363\lesson-363-hero.png","lesson-363-hero.png","C:\Users\user\UI-TARS-desktop\public\kelly\lessons\363",IMPOSTER,32.0,118,"close up of kellys eyes.png",1344x768,995.59,cccc31cc319bcf3b38636666731c3133c6649cc73326679c38736399ccc632cd
"C:\Users\user\UI-TARS-desktop\public\kelly\lessons\362\lesson-362-reaction.png","lesson-362-reaction.png","C:\Users\user\UI-TARS-desktop\public\kelly\lessons\362",SUSPICIOUS,48.0,102,"close up of face.jpeg",1344x768,1331.58,b93591b6328c1dd1cb32a6656cd2672372cd8b36b666ccc9688526cbad9866ad
"C:\Users\user\UI-TARS-desktop\public\kelly\lessons\363\lesson-363-guide-point.png","lesson-363-guide-point.png","C:\Users\user\UI-TARS-desktop\public\kelly\lessons\363",IMPOSTER,27.75,122,"close up of kellys eyes.png",1344x768,1327.35,8c736e2cc1cd1192318d63ec5f6e91930c46c30d9ea1ce33cd29de7af6375849
"C:\Users\user\UI-TARS-desktop\public\kelly\lessons\363\lesson-363-bg.png","lesson-363-bg.png","C:\Users\user\UI-TARS-desktop\public\kelly\lessons\363",IMPOSTER,27.0,123,"close up of face.jpeg",1344x768,1258.02,8c54b15d73cd28634e1e4e1eb38f4cf14ef1339e4e634662318cce23ef3330cc
"C:\Users\user\UI-TARS-desktop\public\kelly\lessons\363\lesson-363-prop.png","lesson-363-prop.png","C:\Users\user\UI-TARS-desktop\public\kelly\lessons\363",GOOD,64.0,86,"head and shoulders without chair.png",1344x768,1350.3,b996c1a6cf263699d3b863929c364964c921c98e9692b673683d6599f6996d2c
"C:\Users\user\UI-TARS-desktop\public\kelly\lessons\363\lesson-363-reaction.png","lesson-363-reaction.png","C:\Users\user\UI-TARS-desktop\public\kelly\lessons\363",IMPOSTER,36.25,113,"close up of kellys eyes.png",1344x768,1284.28,d910397895a7673734932cc39a4c659d6453669b65672626b2a96b3699cc974d
"C:\Users\user\UI-TARS-desktop\public\kelly\lessons\364\lesson-364-bg.png","lesson-364-bg.png","C:\Users\user\UI-TARS-desktop\public\kelly\lessons\364",IMPOSTER,31.75,118,"close up of kellys eyes.png",1344x768,1482.21,992699d16cedccd01b269c927bc9cc693bccc1343c93433ca5837e48c3edbc53
"C:\Users\user\UI-TARS-desktop\public\kelly\lessons\364\lesson-364-hero.png","lesson-364-hero.png","C:\Users\user\UI-TARS-desktop\public\kelly\lessons\364",IMPOSTER,31.25,118,"close up of kellys eyes.png",1344x768,1243.04,c4cc36649c332398333935b3670d8d3999e323398e4e99cc8cc98ccfccce6cf3
"C:\Users\user\UI-TARS-desktop\public\kelly\lessons\365\lesson-365-bg.png","lesson-365-bg.png","C:\Users\user\UI-TARS-desktop\public\kelly\lessons\365",IMPOSTER,27.0,123,"profile of kelly.png",1344x768,1703.32,c438e0307f031f8797c7e1e139fc187ec0fe181f2e2fd531da1820cad9a4b5c7
"C:\Users\user\UI-TARS-desktop\public\kelly\lessons\364\lesson-364-guide-point.png","lesson-364-guide-point.png","C:\Users\user\UI-TARS-desktop\public\kelly\lessons\364",IMPOSTER,30.5,119,"profile of kelly.png",1344x768,1190.02,c6782b1dfb0780e638edfbe7018f4c620107966769c74a54b4e0d66b51b7c93c
"C:\Users\user\UI-TARS-desktop\public\kelly\lessons\364\lesson-364-reaction.png","lesson-364-reaction.png","C:\Users\user\UI-TARS-desktop\public\kelly\lessons\364",IMPOSTER,30.75,119,"close up of kellys eyes.png",1344x768,1191.39,d4cc0d2f63316264e66116f336667219e0e527f70c6e98db9907364f3339e389
"C:\Users\user\UI-TARS-desktop\public\kelly\lessons\364\lesson-364-prop.png","lesson-364-prop.png","C:\Users\user\UI-TARS-desktop\public\kelly\lessons\364",SUSPICIOUS,45.75,104,"head and shoulders without chair.png",1344x768,1247.38,f1cd36dccf499c3131ccc7093ce48bcf4cb69b1cd64e8d3859e3231e76302364
"C:\Users\user\UI-TARS-desktop\public\kelly\lessons\365\lesson-365-guide-point.png","lesson-365-guide-point.png","C:\Users\user\UI-TARS-desktop\public\kelly\lessons\365",IMPOSTER,32.25,117,"profile of kelly.png",1344x768,1150.94,cc1831c979679e3664b4626d32d2e4a491ad4e5a66e6b324666fc99a66719d99
"C:\Users\user\UI-TARS-desktop\public\kelly\lessons\365\lesson-365-hero.png","lesson-365-hero.png","C:\Users\user\UI-TARS-desktop\public\kelly\lessons\365",IMPOSTER,19.0,131,"close up of kellys eyes.png",1344x768,1011.8,c64d8676193299ce3d969db3331999992ccc99996663b1b966cc334ccc733326
"C:\Users\user\UI-TARS-desktop\public\kelly\lessons\365\lesson-365-prop.png","lesson-365-prop.png","C:\Users\user\UI-TARS-desktop\public\kelly\lessons\365",IMPOSTER,30.75,119,"Curious Kelly in final pose in Chair - UI elements will go on the side rails - Copy.png",1344x768,1200.68,c8dab36b11266cb3cd25edb632e464b6cd9565261891256472cd936d965ab6c9
"C:\Users\user\UI-TARS-desktop\public\kelly\lessons\365\lesson-365-reaction.png","lesson-365-reaction.png","C:\Users\user\UI-TARS-desktop\public\kelly\lessons\365",IMPOSTER,27.25,122,"slightly turning her head.png",1344x768,1273.56,97329ec3491b20395471ee06f6cce4d28b335ccfbcf631f11133af1b738c2189
"C:\Users\user\UI-TARS-desktop\public\kelly\phases\001\q1.png","q1.png","C:\Users\user\UI-TARS-desktop\public\kelly\phases\001",IMPOSTER,31.0,119,"facing to the left.png",1344x768,1392.35,ca01df61bd4e6da3946aa2df95a6ca99b26076cc9b1b924d924f0ed1e4179a15
"C:\Users\user\UI-TARS-desktop\public\kelly\phases\001\hook.png","hook.png","C:\Users\user\UI-TARS-desktop\public\kelly\phases\001",IMPOSTER,31.5,118,"close up of kellys eyes.png",1344x768,1168.68,927dd37dcda6cda61c1cb51ccda05c98a2d80d216879b4b41f2767f326357252
"C:\Users\user\UI-TARS-desktop\public\kelly\phases\001\wisdom.png","wisdom.png","C:\Users\user\UI-TARS-desktop\public\kelly\phases\001",IMPOSTER,34.0,116,"profile of kelly.png",1344x768,1212.12,e6656e691a9b2c27024bc4e7f46755e95768cf784f5a53d2f0c251c2314eb11c
"C:\Users\user\UI-TARS-desktop\public\kelly\phases\001\q2.png","q2.png","C:\Users\user\UI-TARS-desktop\public\kelly\phases\001",IMPOSTER,37.75,112,"profile of kelly.png",1344x768,1292.42,c8c36d9cd319206789b2b0d3cf33e4d891cccca6cc4619cc6fbc323837767a3a
"C:\Users\user\UI-TARS-desktop\public\kelly\phases\001\q3.png","q3.png","C:\Users\user\UI-TARS-desktop\public\kelly\phases\001",IMPOSTER,34.5,115,"head and shoulders without chair.png",1344x768,1424.71,f34db54c4f1cb3917a22ca66a5f75d620781ac5bd82c908ce4e29b64ee47073b
"C:\Users\user\UI-TARS-desktop\public\kelly\phases\002\hook.png","hook.png","C:\Users\user\UI-TARS-desktop\public\kelly\phases\002",IMPOSTER,28.5,121,"close up of face.jpeg",1344x768,1168.33,f35dd738dc73f4d6aa0addb40dcb0f48b20da3485dd04853a370f22676372632
"C:\Users\user\UI-TARS-desktop\public\kelly\phases\002\q1.png","q1.png","C:\Users\user\UI-TARS-desktop\public\kelly\phases\002",SUSPICIOUS,45.25,104,"close up of face.jpeg",1344x768,1134.75,b93bd0b9e0ccb100cfc4c6c6a723c6f3cf0bc731c632c715c31aa71da719ce1c
"C:\Users\user\UI-TARS-desktop\public\kelly\phases\002\q2.png","q2.png","C:\Users\user\UI-TARS-desktop\public\kelly\phases\002",SUSPICIOUS,49.75,100,"slightly turning her head.png",1344x768,1129.99,b0e4938eef3bea6cce11ec714440acc9c8e6cce44e4602bef17ff30323bb5198
"C:\Users\user\UI-TARS-desktop\public\kelly\phases\002\wisdom.png","wisdom.png","C:\Users\user\UI-TARS-desktop\public\kelly\phases\002",SUSPICIOUS,40.75,109,"head and shoulders without chair.png",1344x768,1112.85,b046d387ad19a4d9eaaccc994c624eabb446d4e24c67e576ae06b97551b9139a
"C:\Users\user\UI-TARS-desktop\public\kelly\phases\002\q3.png","q3.png","C:\Users\user\UI-TARS-desktop\public\kelly\phases\002",IMPOSTER,33.5,116,"close up of kellys eyes.png",1344x768,1159.19,903991d9a4c6e9a6a06d4d874a47ea1bfe8616b1ef21ce39c739cf288678cf30
"C:\Users\user\UI-TARS-desktop\public\kelly\phases\003\hook.png","hook.png","C:\Users\user\UI-TARS-desktop\public\kelly\phases\003",GOOD,62.0,88,"Curious Kelly in final pose in Chair - UI elements will go on the side rails - Copy.png",1344x768,1040.49,e799c6791a66f5a61e0e99e69d96d39ae9991989f9990988f9998598581965e0
"C:\Users\user\UI-TARS-desktop\public\kelly\phases\003\q1.png","q1.png","C:\Users\user\UI-TARS-desktop\public\kelly\phases\003",SUSPICIOUS,48.25,101,"Curious Kelly in final pose in Chair - UI elements will go on the side rails - Copy.png",1344x768,1038.03,b3ce83a54c39ae5b4d258cdb58e7b4676ec450caacc6412c2f5c53b0635b3399
"C:\Users\user\UI-TARS-desktop\public\kelly\phases\003\q2.png","q2.png","C:\Users\user\UI-TARS-desktop\public\kelly\phases\003",SUSPICIOUS,39.25,110,"neutral face with hair.png",1344x768,1096.71,983cb6a0c3c34703978f9e1c43bcbce4d87a08e313e3c9c397dfc31c4e1cce38
"C:\Users\user\UI-TARS-desktop\public\kelly\phases\003\q3.png","q3.png","C:\Users\user\UI-TARS-desktop\public\kelly\phases\003",IMPOSTER,33.5,116,"head and shoulders without chair.png",1344x768,1075.51,e5a4ec921a1bf32b1ee690e1bb6c476ca0404dc124d2e70155f72c9ef49b7477
"C:\Users\user\UI-TARS-desktop\public\kelly\phases\003\wisdom.png","wisdom.png","C:\Users\user\UI-TARS-desktop\public\kelly\phases\003",SUSPICIOUS,39.25,110,"head and shoulders without chair.png",1344x768,1045.47,e613e6ef196c598ca53388f359991d33e9d32a9965776646624c7666364ca344
"C:\Users\user\UI-TARS-desktop\public\kelly\phases\004\hook.png","hook.png","C:\Users\user\UI-TARS-desktop\public\kelly\phases\004",SUSPICIOUS,47.0,103,"Curious Kelly in final pose in Chair - UI elements will go on the side rails - Copy.png",1344x768,1196.08,b589a7394826fc466025d1660816bdca09ef4f99d958dbcf8ad9d818589f2dd9
"C:\Users\user\UI-TARS-desktop\public\kelly\phases\004\q2.png","q2.png","C:\Users\user\UI-TARS-desktop\public\kelly\phases\004",IMPOSTER,32.0,118,"close up of kellys eyes.png",1344x768,1208.8,f95d3ffee6a4681007d3e49ce406a55f1a8bd9e33bd7a0c611867a081fd3c304
"C:\Users\user\UI-TARS-desktop\public\kelly\phases\004\q1.png","q1.png","C:\Users\user\UI-TARS-desktop\public\kelly\phases\004",IMPOSTER,34.0,116,"close up of face.jpeg",1344x768,1209.87,a4e22cba43983362b7394892ad331a2cad46d8aaccc5c4dd8de6b66b6732f972
"C:\Users\user\UI-TARS-desktop\public\kelly\phases\004\q3.png","q3.png","C:\Users\user\UI-TARS-desktop\public\kelly\phases\004",IMPOSTER,33.75,116,"close up of kellys eyes.png",1344x768,1188.88,db195a1be862d96c79dcfad6006679e530a134e339cf20e434c3ced24264f5e6
"C:\Users\user\UI-TARS-desktop\public\kelly\phases\004\wisdom.png","wisdom.png","C:\Users\user\UI-TARS-desktop\public\kelly\phases\004",SUSPICIOUS,43.5,106,"facing to the left.png",1344x768,1132.46,91dda23ddb239d86f4be19f2dc8b81cddc8181c8d98d9c9cc59dc98936b4f600
"C:\Users\user\UI-TARS-desktop\public\kelly\phases\005\hook.png","hook.png","C:\Users\user\UI-TARS-desktop\public\kelly\phases\005",IMPOSTER,27.75,122,"close up of kellys eyes.png",1344x768,1098.23,898d27b1d0671e4ca5e5e96252f8a86c5e830c1d9e98a9faca911a1c7e8d55fe
"C:\Users\user\UI-TARS-desktop\public\kelly\phases\005\q1.png","q1.png","C:\Users\user\UI-TARS-desktop\public\kelly\phases\005",IMPOSTER,30.0,120,"Curious Kelly in final pose in Chair - UI elements will go on the side rails - Copy.png",1344x768,1202.78,888e3c3cd67773090e66b7d67e290fe00781cd0448b815fbe81576ad745eeab8
"C:\Users\user\UI-TARS-desktop\public\kelly\phases\005\q2.png","q2.png","C:\Users\user\UI-TARS-desktop\public\kelly\phases\005",IMPOSTER,28.75,121,"close up of kellys eyes.png",1344x768,1191.38,9cda7901667935c64772e0e4539da97ac9ac5f81ad1b4265a51cd2a24ae6b57a
"C:\Users\user\UI-TARS-desktop\public\kelly\phases\005\q3.png","q3.png","C:\Users\user\UI-TARS-desktop\public\kelly\phases\005",IMPOSTER,35.75,114,"profile of kelly.png",1344x768,1141.26,dc13f803ce4fa71ee6c3d64c078c876ce444fc103fd281fdb4ac99a099b299f8
"C:\Users\user\UI-TARS-desktop\public\kelly\phases\006\hook.png","hook.png","C:\Users\user\UI-TARS-desktop\public\kelly\phases\006",IMPOSTER,35.0,115,"Curious Kelly in final pose in Chair - UI elements will go on the side rails - Copy.png",1344x768,1240.6,d1980738946687cb0ef6987258138ed7e1b15a9db98dc9b89fc4b1e152e3b564
"C:\Users\user\UI-TARS-desktop\public\kelly\phases\005\wisdom.png","wisdom.png","C:\Users\user\UI-TARS-desktop\public\kelly\phases\005",IMPOSTER,35.5,114,"facing to the left.png",1344x768,1133.14,9d88a5badb465a45207469b6e631d64c19e22de36d9dd5df8c98d88818d99dcc
"C:\Users\user\UI-TARS-desktop\public\kelly\phases\006\q2.png","q2.png","C:\Users\user\UI-TARS-desktop\public\kelly\phases\006",IMPOSTER,32.75,117,"neutral face with hair.png",1344x768,1245.19,894dbfc18594e8963d92c5f332c6b5cec6709f0bd28f126c926693699ac97471
"C:\Users\user\UI-TARS-desktop\public\kelly\phases\006\q3.png","q3.png","C:\Users\user\UI-TARS-desktop\public\kelly\phases\006",IMPOSTER,28.5,121,"head and shoulders without chair.png",1344x768,1258.32,90cff0f89f328765226f94b755bbe844f4215a8d059e08d888f94dd9d9d8d86a
"C:\Users\user\UI-TARS-desktop\public\kelly\phases\006\wisdom.png","wisdom.png","C:\Users\user\UI-TARS-desktop\public\kelly\phases\006",IMPOSTER,24.5,125,"close up of kellys eyes.png",1344x768,1235.08,c344c44e9093c993b41292dbdb32b874d32d93261b6c936d16acffe464b465be
"C:\Users\user\UI-TARS-desktop\public\kelly\phases\007\hook.png","hook.png","C:\Users\user\UI-TARS-desktop\public\kelly\phases\007",IMPOSTER,30.5,119,"close up of kellys eyes.png",1344x768,1177.28,999969685e6627ebab65549eb8090fb1d0c999bd0d1af2c12778363676468bf0
"C:\Users\user\UI-TARS-desktop\public\kelly\phases\007\q2.png","q2.png","C:\Users\user\UI-TARS-desktop\public\kelly\phases\007",IMPOSTER,32.5,117,"close up of kellys eyes.png",1344x768,1135.57,991f7a64a49b2c9932e7c749589acf27101e9bf4bb639b2e600d64fb2dc28c0d
"C:\Users\user\UI-TARS-desktop\public\kelly\phases\007\q1.png","q1.png","C:\Users\user\UI-TARS-desktop\public\kelly\phases\007",IMPOSTER,33.0,117,"close up of kellys eyes.png",1344x768,1150.31,8b23789826c76646f4f83e6d06ce677b78f00fcf8d9cd9b193630e191992c1c2
"C:\Users\user\UI-TARS-desktop\public\kelly\phases\007\q3.png","q3.png","C:\Users\user\UI-TARS-desktop\public\kelly\phases\007",IMPOSTER,26.25,123,"close up of kellys eyes.png",1344x768,1238.65,d9c4358f5e39c6e633639c3cc7c928dec999d32c3cdb3273332c53432427a099
"C:\Users\user\UI-TARS-desktop\public\kelly\phases\007\wisdom.png","wisdom.png","C:\Users\user\UI-TARS-desktop\public\kelly\phases\007",IMPOSTER,25.5,124,"close up of kellys eyes.png",1344x768,1269.45,9a9d36cb557254baa2252b6551b2d6db0a4e4d44e59596b5998941c97e562bb6
"C:\Users\user\UI-TARS-desktop\public\kelly\phases\008\hook.png","hook.png","C:\Users\user\UI-TARS-desktop\public\kelly\phases\008",IMPOSTER,29.25,120,"head and shoulders without chair.png",1344x768,1159.98,d7dd72590f26a76260744b276dca68564f8ba1d91c988ad195899e5ed6873728
"C:\Users\user\UI-TARS-desktop\public\kelly\phases\008\q1.png","q1.png","C:\Users\user\UI-TARS-desktop\public\kelly\phases\008",IMPOSTER,35.75,114,"facing to the left.png",1344x768,1146.65,f88965900773664d6a24bff3f6d6ae6207944b4abd83dd9c989a98c940ece968
"C:\Users\user\UI-TARS-desktop\public\kelly\phases\008\q2.png","q2.png","C:\Users\user\UI-TARS-desktop\public\kelly\phases\008",IMPOSTER,33.5,116,"neutral face with hair.png",1344x768,1173.68,f986ae6957a90374f232f3f3da767811c4069ce69b936b1bcae101fc5c498c05
"C:\Users\user\UI-TARS-desktop\public\kelly\phases\008\q3.png","q3.png","C:\Users\user\UI-TARS-desktop\public\kelly\phases\008",IMPOSTER,33.5,116,"Curious Kelly in final pose in Chair - UI elements will go on the side rails - Copy.png",1344x768,1148.24,a2aab12ade6452d72362d1676a42c2e5cd9fc9849dbacc9c9b5de8a9125da4e8
"C:\Users\user\UI-TARS-desktop\public\kelly\phases\008\wisdom.png","wisdom.png","C:\Users\user\UI-TARS-desktop\public\kelly\phases\008",IMPOSTER,30.0,120,"head and shoulders without chair.png",1344x768,1120.27,f0cd61380f333668b1374f3b68e04db14eded8ac08d2cd8ca951b4cdb3782737
"C:\Users\user\UI-TARS-desktop\public\kelly\phases\009\hook.png","hook.png","C:\Users\user\UI-TARS-desktop\public\kelly\phases\009",SUSPICIOUS,47.25,102,"close up of kellys eyes.png",1344x768,1232.25,d0495e65ec26d4160fff9543c1d98bd9dc93a8f95acdb98901d158a0af09d279
"C:\Users\user\UI-TARS-desktop\public\kelly\phases\009\q2.png","q2.png","C:\Users\user\UI-TARS-desktop\public\kelly\phases\009",IMPOSTER,34.0,116,"close up of face.jpeg",1344x768,1254.0,b0375cefe3c2b191488f81dc511e7a878daadfd8c648ee268862d2d9615b865b
"C:\Users\user\UI-TARS-desktop\public\kelly\phases\009\q1.png","q1.png","C:\Users\user\UI-TARS-desktop\public\kelly\phases\009",IMPOSTER,37.5,112,"head and shoulders without chair.png",1344x768,1213.55,d5c42f5d9f2625b82b37f9830ad31dbbc8c4c85ebccdcce48dced0803a2523c6
"C:\Users\user\UI-TARS-desktop\public\kelly\phases\009\q3.png","q3.png","C:\Users\user\UI-TARS-desktop\public\kelly\phases\009",SUSPICIOUS,42.5,107,"profile of kelly.png",1344x768,1221.34,c734ce5e8cc97cb6184dc315d8b51d80893799331b3e93f431303ece66c12efc
"C:\Users\user\UI-TARS-desktop\public\kelly\phases\009\wisdom.png","wisdom.png","C:\Users\user\UI-TARS-desktop\public\kelly\phases\009",IMPOSTER,28.5,121,"close up of kellys eyes.png",1344x768,1210.82,903337e29eccf41a0a5e976dd1171b22c1f0d9325b13cbb443d62e4ae6c526dd
"C:\Users\user\UI-TARS-desktop\public\kelly\phases\010\hook.png","hook.png","C:\Users\user\UI-TARS-desktop\public\kelly\phases\010",IMPOSTER,32.5,117,"close up of kellys eyes.png",1344x768,1196.65,98dd2fd98036362827d6f832295e0bc4ddbf0fdb80b8d1c1d2d8943c588f47d3
"C:\Users\user\UI-TARS-desktop\public\kelly\phases\010\q2.png","q2.png","C:\Users\user\UI-TARS-desktop\public\kelly\phases\010",IMPOSTER,33.5,116,"facing to the left.png",1344x768,1134.31,989e2a29266c74c95662616622f8eecfdcb7199819588cb90a976f5af43d1b95
"C:\Users\user\UI-TARS-desktop\public\kelly\phases\010\q1.png","q1.png","C:\Users\user\UI-TARS-desktop\public\kelly\phases\010",IMPOSTER,29.5,120,"Curious Kelly in final pose in Chair - UI elements will go on the side rails - Copy.png",1344x768,1140.91,cd9839f146670bda62e5f6cea736226c5ca7f61c8d189e61198d8d72b3509c85
"C:\Users\user\UI-TARS-desktop\public\kelly\phases\010\q3.png","q3.png","C:\Users\user\UI-TARS-desktop\public\kelly\phases\010",IMPOSTER,22.25,127,"close up of face.jpeg",1344x768,1181.51,d4c76f260331f58e0b3d7b53b1694a194a99836cfb45f135ed034edbc4a4cc0a
"C:\Users\user\UI-TARS-desktop\public\kelly\phases\011\hook.png","hook.png","C:\Users\user\UI-TARS-desktop\public\kelly\phases\011",SUSPICIOUS,44.75,105,"close up of kellys eyes.png",1344x768,1232.72,f1c94f29ed23f6c2162cb363616c0296e477f5151aac7d5cf5fd0d830c80c9c9
"C:\Users\user\UI-TARS-desktop\public\kelly\phases\010\wisdom.png","wisdom.png","C:\Users\user\UI-TARS-desktop\public\kelly\phases\010",IMPOSTER,27.5,122,"Curious Kelly in final pose in Chair - UI elements will go on the side rails - Copy.png",1344x768,1146.67,99982db01e6642ed627eb81607cf5ba8409fb15951ae0ea75b61b566447ed23e
"C:\Users\user\UI-TARS-desktop\public\kelly\phases\011\q2.png","q2.png","C:\Users\user\UI-TARS-desktop\public\kelly\phases\011",SUSPICIOUS,39.5,110,"close up of kellys eyes.png",1344x768,1169.57,f99b4f24a27da0d11f26bda3e0885b6f9c9e809955ad260da2645fe21fd2a626
"C:\Users\user\UI-TARS-desktop\public\kelly\phases\011\q1.png","q1.png","C:\Users\user\UI-TARS-desktop\public\kelly\phases\011",IMPOSTER,27.5,122,"profile of kelly.png",1344x768,1168.12,b4794fb1f266d0c031e4af4f4a13b0e4169c5b63ad70ec745a3dc8b9e068a579
"C:\Users\user\UI-TARS-desktop\public\kelly\phases\012\hook.png","hook.png","C:\Users\user\UI-TARS-desktop\public\kelly\phases\012",SUSPICIOUS,44.5,105,"Curious Kelly in final pose in Chair - UI elements will go on the side rails - Copy.png",1344x768,1137.07,b34cb3149f33cd63c7abcd234c930cc918d5bcc9b8ccf18cfd8cc99c0d8d0ad4
"C:\Users\user\UI-TARS-desktop\public\kelly\phases\011\q3.png","q3.png","C:\Users\user\UI-TARS-desktop\public\kelly\phases\011",SUSPICIOUS,45.75,104,"close up of kellys eyes.png",1344x768,1174.0,e1990a71ea66a65c566888a605bed4f6ef898f49859ada32bf850b527a27e307
"C:\Users\user\UI-TARS-desktop\public\kelly\phases\012\q1.png","q1.png","C:\Users\user\UI-TARS-desktop\public\kelly\phases\012",IMPOSTER,38.75,111,"head and shoulders without chair.png",1344x768,1118.07,b0c4b10ee316f38efb36f3f6fb6bcb930739153c053811327631e041f0c5d991
"C:\Users\user\UI-TARS-desktop\public\kelly\phases\012\q2.png","q2.png","C:\Users\user\UI-TARS-desktop\public\kelly\phases\012",SUSPICIOUS,44.0,106,"facing to the left.png",1344x768,1222.9,e6cdf3384b314ce2cc33d0cbc489a66c96ccbdcc9c0c9cc89dcc19ac333a3de3
"C:\Users\user\UI-TARS-desktop\public\kelly\phases\012\q3.png","q3.png","C:\Users\user\UI-TARS-desktop\public\kelly\phases\012",SUSPICIOUS,42.5,107,"head and shoulders without chair.png",1344x768,1137.76,b18df36ac724f232ae73ab97acd308dd08e54cccdcccdc88f48cf0c4e6cc4cc4
"C:\Users\user\UI-TARS-desktop\public\kelly\phases\013\hook.png","hook.png","C:\Users\user\UI-TARS-desktop\public\kelly\phases\013",SUSPICIOUS,55.25,94,"facing to the left.png",1344x768,1061.71,e596a679c6638ee39e4c89e48f1419bad990d99ed9b19993cf3910939b999904
"C:\Users\user\UI-TARS-desktop\public\kelly\phases\012\wisdom.png","wisdom.png","C:\Users\user\UI-TARS-desktop\public\kelly\phases\012",IMPOSTER,38.25,111,"Curious Kelly in final pose in Chair - UI elements will go on the side rails - Copy.png",1344x768,1137.13,b318b1399c66d9c6e70dcf26cf9d8c990c190c971cd918c4f8d9f9d0f3c8e231
"C:\Users\user\UI-TARS-desktop\public\kelly\phases\013\q1.png","q1.png","C:\Users\user\UI-TARS-desktop\public\kelly\phases\013",SUSPICIOUS,41.0,109,"neutral face with hair.png",1344x768,1116.93,b0e4f149e396b3068b38c3133e3b73985b935033c989dc07dd79a7e488dca4f1
"C:\Users\user\UI-TARS-desktop\public\kelly\phases\013\q2.png","q2.png","C:\Users\user\UI-TARS-desktop\public\kelly\phases\013",SUSPICIOUS,50.25,99,"facing to the left.png",1344x768,1166.36,e539e430a496a6b616c255ca164e264bec95eacc99489b8a522e747d58b3dbdd
"C:\Users\user\UI-TARS-desktop\public\kelly\phases\013\wisdom.png","wisdom.png","C:\Users\user\UI-TARS-desktop\public\kelly\phases\013",SUSPICIOUS,46.25,103,"facing to the left.png",1344x768,1027.55,f30cb33c8f33cc994cc1ccc38ccc1ce6a466c98e7766733b3399331137316333
"C:\Users\user\UI-TARS-desktop\public\kelly\phases\013\q3.png","q3.png","C:\Users\user\UI-TARS-desktop\public\kelly\phases\013",GOOD,67.25,82,"Curious Kelly in final pose in Chair - UI elements will go on the side rails - Copy.png",1344x768,1099.55,f799a7188e654a675966d9669dc688968b9998899d8add9ad999d8958a89a989
"C:\Users\user\UI-TARS-desktop\public\kelly\phases\014\hook.png","hook.png","C:\Users\user\UI-TARS-desktop\public\kelly\phases\014",IMPOSTER,36.0,114,"Curious Kelly in final pose in Chair - UI elements will go on the side rails - Copy.png",1344x768,1259.62,819923195877785a56a70162f7445ea62c3676201bb52ce7ff14d3f5889bdd98
"C:\Users\user\UI-TARS-desktop\public\kelly\phases\014\q2.png","q2.png","C:\Users\user\UI-TARS-desktop\public\kelly\phases\014",IMPOSTER,34.25,115,"slightly turning her head.png",1344x768,1227.95,d98662792671764356666b89cb648d44d99c898ed87b0618e6dd0f94da7e0b6e
"C:\Users\user\UI-TARS-desktop\public\kelly\phases\014\q3.png","q3.png","C:\Users\user\UI-TARS-desktop\public\kelly\phases\014",IMPOSTER,29.75,120,"profile of kelly.png",1344x768,1174.44,9fe76f9250993e4ce1c9968ce72d9851470c1937db32d9839b76d32699743086
"C:\Users\user\UI-TARS-desktop\public\kelly\phases\014\q1.png","q1.png","C:\Users\user\UI-TARS-desktop\public\kelly\phases\014",IMPOSTER,38.75,111,"neutral face with hair.png",1344x768,1180.11,d8850b3af60d26d9e27b2764b676e20db56426b6984bc9a69333f2532fe90899
"C:\Users\user\UI-TARS-desktop\public\kelly\phases\015\q2.png","q2.png","C:\Users\user\UI-TARS-desktop\public\kelly\phases\015",SUSPICIOUS,57.0,93,"head and shoulders without chair.png",1344x768,1161.68,a991ca4c262d2671f3661766f23223cb99349ddbc9c6999b9d030bdcbd8910dd
"C:\Users\user\UI-TARS-desktop\public\kelly\phases\015\hook.png","hook.png","C:\Users\user\UI-TARS-desktop\public\kelly\phases\015",SUSPICIOUS,42.75,107,"Curious Kelly in final pose in Chair - UI elements will go on the side rails - Copy.png",1344x768,1135.34,a41cb60dc373d32722e5cd72cd83009d48c7ed0f0f8d58cdd8cc85dcc8d9f8d9
"C:\Users\user\UI-TARS-desktop\public\kelly\phases\015\q1.png","q1.png","C:\Users\user\UI-TARS-desktop\public\kelly\phases\015",SUSPICIOUS,49.25,100,"head and shoulders without chair.png",1344x768,1150.5,a8d5631a962466f8337cf626867263642d33d8248beed9d9989adcd3a3b2f490
"C:\Users\user\UI-TARS-desktop\public\kelly\phases\014\wisdom.png","wisdom.png","C:\Users\user\UI-TARS-desktop\public\kelly\phases\014",IMPOSTER,35.25,114,"profile of kelly.png",1344x768,1186.95,c13875c31e6ea80c07c798ec5925dccea93399b29b37d912d9972b2076d726c9
"C:\Users\user\UI-TARS-desktop\public\kelly\phases\015\q3.png","q3.png","C:\Users\user\UI-TARS-desktop\public\kelly\phases\015",SUSPICIOUS,42.75,107,"slightly turning her head.png",1344x768,1122.87,ad94a592c24ba61b3cf396d3034e7663260f676c26e0e2c17c0fce1e9f64c26d
"C:\Users\user\UI-TARS-desktop\public\kelly\phases\015\wisdom.png","wisdom.png","C:\Users\user\UI-TARS-desktop\public\kelly\phases\015",GOOD,60.75,89,"Curious Kelly in final pose in Chair - UI elements will go on the side rails - Copy.png",1344x768,1030.94,a1dde3199e66acc7626c9f36c8c688560ca3d9999989dd8ac999d99a9d89c199
"C:\Users\user\UI-TARS-desktop\public\kelly\phases\016\q1.png","q1.png","C:\Users\user\UI-TARS-desktop\public\kelly\phases\016",IMPOSTER,34.75,115,"head and shoulders without chair.png",1344x768,1130.0,f0ccf1679732a31899319c998cd9cc6d8cc78ce7cc6c5c8c98cae2a612a6be6e
"C:\Users\user\UI-TARS-desktop\public\kelly\phases\016\q2.png","q2.png","C:\Users\user\UI-TARS-desktop\public\kelly\phases\016",SUSPICIOUS,50.75,99,"Curious Kelly in final pose in Chair - UI elements will go on the side rails - Copy.png",1344x768,1211.2,e139e731e4b6a4c6b666a6496ec6e6461489d8c099a419ef4752d59519998fdb
"C:\Users\user\UI-TARS-desktop\public\kelly\phases\016\q3.png","q3.png","C:\Users\user\UI-TARS-desktop\public\kelly\phases\016",SUSPICIOUS,40.0,110,"neutral face with hair.png",1344x768,1182.77,b0c6f106c719bf10af188f9980e9ca7c9ec70ce68ce7cce7dea68ce622aa7122
"C:\Users\user\UI-TARS-desktop\public\kelly\phases\016\hook.png","hook.png","C:\Users\user\UI-TARS-desktop\public\kelly\phases\016",GOOD,60.0,90,"Curious Kelly in final pose in Chair - UI elements will go on the side rails - Copy.png",1344x768,1168.69,93198619a066d8660e38ae26dbc658da8bd0f8965e919db9d989c9b98d9bd999
"C:\Users\user\UI-TARS-desktop\public\kelly\phases\016\wisdom.png","wisdom.png","C:\Users\user\UI-TARS-desktop\public\kelly\phases\016",SUSPICIOUS,50.75,99,"facing to the left.png",1344x768,1123.9,b398a339ca26dea2bff30bf6c0be0cd5c809988cddc88bc89c9c8d8bd9d19529
"C:\Users\user\UI-TARS-desktop\public\kelly\phases\017\hook.png","hook.png","C:\Users\user\UI-TARS-desktop\public\kelly\phases\017",IMPOSTER,37.25,112,"close up of kellys eyes.png",1344x768,1213.48,87190739cf23a736e72917e19d66b1a5b1cfb9435ca11958980d98a88ddfcc99
"C:\Users\user\UI-TARS-desktop\public\kelly\phases\017\q1.png","q1.png","C:\Users\user\UI-TARS-desktop\public\kelly\phases\017",IMPOSTER,35.25,114,"neutral face with hair.png",1344x768,1220.02,a1a4069ba26ba3cda2c6936ce768f1d29f4c9968cd3b993616c61cb6d8b9d0e4
"C:\Users\user\UI-TARS-desktop\public\kelly\phases\017\wisdom.png","wisdom.png","C:\Users\user\UI-TARS-desktop\public\kelly\phases\017",SUSPICIOUS,42.25,107,"Curious Kelly in final pose in Chair - UI elements will go on the side rails - Copy.png",1344x768,1196.0,b18987388724a6c38326d9e2ec31b8f3d8d949ccc9d9f9dddd1c544c44cdd8cc
"C:\Users\user\UI-TARS-desktop\public\kelly\phases\017\q3.png","q3.png","C:\Users\user\UI-TARS-desktop\public\kelly\phases\017",IMPOSTER,29.75,120,"close up of kellys eyes.png",1344x768,1195.05,9c3912f2e1cdf9cb34dec58e53465e1ba5398f780618c6739e71368c31999338
"C:\Users\user\UI-TARS-desktop\public\kelly\phases\018\q3.png","q3.png","C:\Users\user\UI-TARS-desktop\public\kelly\phases\018",IMPOSTER,35.25,114,"Curious Kelly in final pose in Chair - UI elements will go on the side rails - Copy.png",1344x768,1127.66,aab86c73d563f8cc28e7d7c32fc7858d1316c708c61c8a1fd72c4f9887482cb6
"C:\Users\user\UI-TARS-desktop\public\kelly\phases\018\hook.png","hook.png","C:\Users\user\UI-TARS-desktop\public\kelly\phases\018",SUSPICIOUS,48.75,101,"Curious Kelly in final pose in Chair - UI elements will go on the side rails - Copy.png",1344x768,1142.48,81992271d7e656ec3e2e356638591e0ea1a2581bbc1d1999bd199d8fc3d15c9d
"C:\Users\user\UI-TARS-desktop\public\kelly\phases\018\q2.png","q2.png","C:\Users\user\UI-TARS-desktop\public\kelly\phases\018",SUSPICIOUS,46.25,103,"Curious Kelly in final pose in Chair - UI elements will go on the side rails - Copy.png",1344x768,1099.4,d59880d1f664033b3a6c91a49b24d99b599b199e9d9b95b7c3b3e319e0495933
"C:\Users\user\UI-TARS-desktop\public\kelly\phases\018\q1.png","q1.png","C:\Users\user\UI-TARS-desktop\public\kelly\phases\018",IMPOSTER,34.75,115,"head and shoulders without chair.png",1344x768,1151.04,a4f72cdc0f863321263c693ef7790371241addae1ecc0f81dc87cceca0eca713
"C:\Users\user\UI-TARS-desktop\public\kelly\phases\018\wisdom.png","wisdom.png","C:\Users\user\UI-TARS-desktop\public\kelly\phases\018",IMPOSTER,38.5,111,"facing to the left.png",1344x768,1156.43,d9992939876646c826673be6f2589a4765f01fdbf098fc1389f0989b99998989
"C:\Users\user\UI-TARS-desktop\public\kelly\phases\019\hook.png","hook.png","C:\Users\user\UI-TARS-desktop\public\kelly\phases\019",IMPOSTER,38.5,111,"facing to the left.png",1344x768,1195.58,b68c766049736b5f0033f52f5a8680b6b60f18acf9c2cb898ddec9950899bfd1
"C:\Users\user\UI-TARS-desktop\public\kelly\phases\019\q1.png","q1.png","C:\Users\user\UI-TARS-desktop\public\kelly\phases\019",SUSPICIOUS,46.0,104,"Curious Kelly in final pose in Chair - UI elements will go on the side rails - Copy.png",1344x768,1197.62,b7917a35476560295266b5b6a4e6a874e91a48884850d9d2dfdbdfde242bac5a
"C:\Users\user\UI-TARS-desktop\public\kelly\phases\019\wisdom.png","wisdom.png","C:\Users\user\UI-TARS-desktop\public\kelly\phases\019",SUSPICIOUS,51.5,98,"facing to the left.png",1344x768,1108.68,b19963399e6666ce32659932ccce98e36c9c999999cccd99999998c9c9993338
"C:\Users\user\UI-TARS-desktop\public\kelly\phases\019\q2.png","q2.png","C:\Users\user\UI-TARS-desktop\public\kelly\phases\019",SUSPICIOUS,44.75,105,"head and shoulders without chair.png",1344x768,1239.14,fc81f9c1236e771c7b322726079c6a1afde38c99cbdc7c48042efb98ca219496
"C:\Users\user\UI-TARS-desktop\public\kelly\phases\019\q3.png","q3.png","C:\Users\user\UI-TARS-desktop\public\kelly\phases\019",IMPOSTER,36.75,113,"facing to the left.png",1344x768,1152.18,85b5fb2e866264934ef2accc40892cdb5adaa66c924ddb7b89351022e4d4df6e
"C:\Users\user\UI-TARS-desktop\public\kelly\phases\020\q1.png","q1.png","C:\Users\user\UI-TARS-desktop\public\kelly\phases\020",IMPOSTER,36.0,114,"close up of kellys eyes.png",1344x768,1223.72,80f17c45c398938335cf888cd3d87f2c6b0e95e35a79ae37c471cef28c0c4b33
"C:\Users\user\UI-TARS-desktop\public\kelly\phases\020\hook.png","hook.png","C:\Users\user\UI-TARS-desktop\public\kelly\phases\020",IMPOSTER,33.75,116,"close up of kellys eyes.png",1344x768,1299.24,d18925108733c34c6726d0b25c1c97cf6bd1ba8d95cd4a9d85e35ad5a5a97671
"C:\Users\user\UI-TARS-desktop\public\kelly\phases\020\q2.png","q2.png","C:\Users\user\UI-TARS-desktop\public\kelly\phases\020",IMPOSTER,35.0,115,"close up of kellys eyes.png",1344x768,1257.84,999a7c6c466370934b2441e667dbaf1ab2ec90cd9d9a8998d199661d3f25917c
"C:\Users\user\UI-TARS-desktop\public\kelly\phases\020\q3.png","q3.png","C:\Users\user\UI-TARS-desktop\public\kelly\phases\020",IMPOSTER,38.0,112,"close up of kellys eyes.png",1344x768,1269.38,8132ae59d2c92f0e1a6cf58d87acb572b5938bb4d93319f1b822475b3851fcc2
"C:\Users\user\UI-TARS-desktop\public\kelly\phases\020\wisdom.png","wisdom.png","C:\Users\user\UI-TARS-desktop\public\kelly\phases\020",IMPOSTER,30.5,119,"close up of kellys eyes.png",1344x768,1226.87,d09861b19666d25c74ac5e36a58bc006a9d759c9d9d9c88cdda95aac2bdd27a9
"C:\Users\user\UI-TARS-desktop\public\kelly\phases\021\q1.png","q1.png","C:\Users\user\UI-TARS-desktop\public\kelly\phases\021",SUSPICIOUS,40.0,110,"head and shoulders without chair.png",1344x768,1160.75,f142b5d10f1c0e5c6bb44aab9e0a9f7fb4374a434ceb8c97e062bf03619871a6
"C:\Users\user\UI-TARS-desktop\public\kelly\phases\021\hook.png","hook.png","C:\Users\user\UI-TARS-desktop\public\kelly\phases\021",SUSPICIOUS,56.25,93,"facing to the left.png",1344x768,1160.74,b20da3b9ce724d46aa34c5eac9ce5c96ae9cd18be9c8589cbc914989b5d41575
"C:\Users\user\UI-TARS-desktop\public\kelly\phases\021\q2.png","q2.png","C:\Users\user\UI-TARS-desktop\public\kelly\phases\021",SUSPICIOUS,43.75,106,"Curious Kelly in final pose in Chair - UI elements will go on the side rails - Copy.png",1344x768,1116.32,a29be6f11e640946ada75d500d08490ffbb0d7d9a8bb4d23dc91a6f32e07e26c
"C:\Users\user\UI-TARS-desktop\public\kelly\phases\021\q3.png","q3.png","C:\Users\user\UI-TARS-desktop\public\kelly\phases\021",SUSPICIOUS,44.25,105,"Curious Kelly in final pose in Chair - UI elements will go on the side rails - Copy.png",1344x768,1177.91,f0d8f218c72307fe6f14b07252c3ac260ff7e04a53f8a88515a79fc8d81d0dfc
"C:\Users\user\UI-TARS-desktop\public\kelly\phases\021\wisdom.png","wisdom.png","C:\Users\user\UI-TARS-desktop\public\kelly\phases\021",SUSPICIOUS,45.25,104,"Curious Kelly in final pose in Chair - UI elements will go on the side rails - Copy.png",1344x768,1188.24,a719a73dde6678c62565557628aa78c40d9643f91a80a9dd48dab4b9d9dd49c8
"C:\Users\user\UI-TARS-desktop\public\kelly\phases\022\hook.png","hook.png","C:\Users\user\UI-TARS-desktop\public\kelly\phases\022",SUSPICIOUS,42.5,107,"neutral face with hair.png",1344x768,1173.44,a96bb0f3c39dd7082e9fc0bcd1aceb4c044d84f6c83acee0cc618e779ef4aa02
"C:\Users\user\UI-TARS-desktop\public\kelly\phases\022\q1.png","q1.png","C:\Users\user\UI-TARS-desktop\public\kelly\phases\022",SUSPICIOUS,40.0,110,"Curious Kelly in final pose in Chair - UI elements will go on the side rails - Copy.png",1344x768,1107.18,f61cb01c1e673b62773319b3ffe8809b3f33c08c0c4bc08c1fd8c8cc2d2dcfd8
"C:\Users\user\UI-TARS-desktop\public\kelly\phases\022\q2.png","q2.png","C:\Users\user\UI-TARS-desktop\public\kelly\phases\022",IMPOSTER,35.75,114,"neutral face with hair.png",1344x768,1158.27,ee6aeeded5d404a1d19a9f13fa571160bb60920f9b6d8364002069fd1e0eabeb
"C:\Users\user\UI-TARS-desktop\public\kelly\phases\022\q3.png","q3.png","C:\Users\user\UI-TARS-desktop\public\kelly\phases\022",GOOD,59.25,90,"Curious Kelly in final pose in Chair - UI elements will go on the side rails - Copy.png",1344x768,1170.33,a3ddb73954626c5f4b63d81a1e8f88f7599898095dd9c8185589ea5a27757560
"C:\Users\user\UI-TARS-desktop\public\kelly\phases\023\hook.png","hook.png","C:\Users\user\UI-TARS-desktop\public\kelly\phases\023",SUSPICIOUS,49.25,100,"Curious Kelly in final pose in Chair - UI elements will go on the side rails - Copy.png",1344x768,1138.94,b059a7384b265c46e2f69d275f9cf8d01dcbf0bc1dc8b1cb9d901869b5d24315
"C:\Users\user\UI-TARS-desktop\public\kelly\phases\022\wisdom.png","wisdom.png","C:\Users\user\UI-TARS-desktop\public\kelly\phases\022",IMPOSTER,32.0,118,"Curious Kelly in final pose in Chair - UI elements will go on the side rails - Copy.png",1344x768,1131.7,c14aa11ece70de33e1e39ea6c8731cc2e4cfcacc80c68dcccdcc9c8ee0fc1f1c
"C:\Users\user\UI-TARS-desktop\public\kelly\phases\023\q2.png","q2.png","C:\Users\user\UI-TARS-desktop\public\kelly\phases\023",IMPOSTER,30.5,119,"neutral face with hair.png",1344x768,1182.81,e1b3f4c3c64c3ef070c8070c6bed4eb4c3f0f8830fabc931ce33e03242f2ea73
"C:\Users\user\UI-TARS-desktop\public\kelly\phases\023\q1.png","q1.png","C:\Users\user\UI-TARS-desktop\public\kelly\phases\023",SUSPICIOUS,49.25,100,"Curious Kelly in final pose in Chair - UI elements will go on the side rails - Copy.png",1344x768,1123.44,f799f7618e665c8e0e7cbc86964601e6da7b018f99d90818f9830f98d071679d
"C:\Users\user\UI-TARS-desktop\public\kelly\phases\023\q3.png","q3.png","C:\Users\user\UI-TARS-desktop\public\kelly\phases\023",IMPOSTER,31.0,119,"profile of kelly.png",1344x768,1212.61,e243f9a185360d9ce195bfc4d0361fbae25592599e26d6509ac8d3cfbe40e079
"C:\Users\user\UI-TARS-desktop\public\kelly\phases\023\wisdom.png","wisdom.png","C:\Users\user\UI-TARS-desktop\public\kelly\phases\023",SUSPICIOUS,50.5,99,"facing to the left.png",1344x768,1177.47,a118e32896775ac22f2641b2f67d1ee2495a54aead9d58c09ddadc095dadad54
"C:\Users\user\UI-TARS-desktop\public\kelly\phases\024\hook.png","hook.png","C:\Users\user\UI-TARS-desktop\public\kelly\phases\024",SUSPICIOUS,39.25,110,"Curious Kelly in final pose in Chair - UI elements will go on the side rails - Copy.png",1344x768,1114.18,a18da53c9f335a4b232b2d36fe11dae5087b64a20acfbcd50f4ed0a40edce0cd
"C:\Users\user\UI-TARS-desktop\public\kelly\phases\024\q1.png","q1.png","C:\Users\user\UI-TARS-desktop\public\kelly\phases\024",IMPOSTER,36.0,114,"facing to the left.png",1344x768,1182.68,ecca8d8b91b569b395b433348ca6c556338cb364935a9266924ab31bb259de67
"C:\Users\user\UI-TARS-desktop\public\kelly\phases\024\q2.png","q2.png","C:\Users\user\UI-TARS-desktop\public\kelly\phases\024",IMPOSTER,35.5,114,"slightly turning her head.png",1344x768,1140.95,a524aec658d92b99e6c5b95b1aa7e10b1fb7e7665074a90619fcc2b4b94052ae
"C:\Users\user\UI-TARS-desktop\public\kelly\phases\024\q3.png","q3.png","C:\Users\user\UI-TARS-desktop\public\kelly\phases\024",IMPOSTER,37.5,112,"neutral face with hair.png",1344x768,1178.76,b366b20ed3986d706abd8e385540cafdeed05406dc56ccf54cc70c65bab6ac0a
"C:\Users\user\UI-TARS-desktop\public\kelly\phases\024\wisdom.png","wisdom.png","C:\Users\user\UI-TARS-desktop\public\kelly\phases\024",GOOD,61.5,88,"Curious Kelly in final pose in Chair - UI elements will go on the side rails - Copy.png",1344x768,1158.97,e19fa27b5e644b8d2267b5c45aeead36f0b1894addb9d894899afd1380011f91
"C:\Users\user\UI-TARS-desktop\public\kelly\phases\025\hook.png","hook.png","C:\Users\user\UI-TARS-desktop\public\kelly\phases\025",IMPOSTER,36.75,113,"head and shoulders without chair.png",1344x768,1219.47,f0dd58798626e2a40f381522f2cbbd4345a0e372fc498e885dd6c8db88dd5dcb
"C:\Users\user\UI-TARS-desktop\public\kelly\phases\025\q1.png","q1.png","C:\Users\user\UI-TARS-desktop\public\kelly\phases\025",IMPOSTER,32.75,117,"close up of kellys eyes.png",1344x768,1200.67,9091527384af53c63b991db6a64764da792486d04c771f3b9e110fd6ee2398d9
"C:\Users\user\UI-TARS-desktop\public\kelly\phases\025\q2.png","q2.png","C:\Users\user\UI-TARS-desktop\public\kelly\phases\025",SUSPICIOUS,42.5,107,"Curious Kelly in final pose in Chair - UI elements will go on the side rails - Copy.png",1344x768,1226.13,85bb86299e6ca6361a55d9a48a32da554b1798d1ddb9990998bdc8faee8322ea
"C:\Users\user\UI-TARS-desktop\public\kelly\phases\026\hook.png","hook.png","C:\Users\user\UI-TARS-desktop\public\kelly\phases\026",SUSPICIOUS,55.75,94,"Curious Kelly in final pose in Chair - UI elements will go on the side rails - Copy.png",1344x768,1109.23,b1c9a73949731ce6225540771faae1d64ac58e8dd14a998d8c9dc9a88d9de5d9
"C:\Users\user\UI-TARS-desktop\public\kelly\phases\025\q3.png","q3.png","C:\Users\user\UI-TARS-desktop\public\kelly\phases\025",IMPOSTER,26.75,123,"Curious Kelly in final pose in Chair - UI elements will go on the side rails - Copy.png",1344x768,1256.53,b3c81669df26eba169764f27f28b4a570d77f6ea80d8405dac844cca84c99cf8
"C:\Users\user\UI-TARS-desktop\public\kelly\phases\025\wisdom.png","wisdom.png","C:\Users\user\UI-TARS-desktop\public\kelly\phases\025",SUSPICIOUS,41.0,109,"close up of kellys eyes.png",1344x768,1218.13,81c40b5c8733825372389f13a39b435b9d3b7c314b4b95c2adc35c9d9cebacc5
"C:\Users\user\UI-TARS-desktop\public\kelly\phases\026\q1.png","q1.png","C:\Users\user\UI-TARS-desktop\public\kelly\phases\026",SUSPICIOUS,43.0,107,"Curious Kelly in final pose in Chair - UI elements will go on the side rails - Copy.png",1344x768,1140.94,f793f6699c642b70f0461f1cd0f41fa6f99b09d8fd8198db19b9d833038100bb
"C:\Users\user\UI-TARS-desktop\public\kelly\phases\026\q2.png","q2.png","C:\Users\user\UI-TARS-desktop\public\kelly\phases\026",SUSPICIOUS,56.75,93,"Curious Kelly in final pose in Chair - UI elements will go on the side rails - Copy.png",1344x768,1189.3,a699b71ddaf6456b0164d454dabeabeab0b55c031d18f8958f9bf819099d41d0
"C:\Users\user\UI-TARS-desktop\public\kelly\phases\027\hook.png","hook.png","C:\Users\user\UI-TARS-desktop\public\kelly\phases\027",IMPOSTER,38.75,111,"facing to the left.png",1344x768,1121.09,f2cef32c0f33700f0330fa9340b45cb38f0cd1f4fcc60dccd8c51cceedec0e85
"C:\Users\user\UI-TARS-desktop\public\kelly\phases\026\wisdom.png","wisdom.png","C:\Users\user\UI-TARS-desktop\public\kelly\phases\026",SUSPICIOUS,51.25,98,"Curious Kelly in final pose in Chair - UI elements will go on the side rails - Copy.png",1344x768,1153.68,f28df2784b721c0be07695f3588f814adcb9b1dedc0d948cdd8bbfd41c888681
"C:\Users\user\UI-TARS-desktop\public\kelly\phases\026\q3.png","q3.png","C:\Users\user\UI-TARS-desktop\public\kelly\phases\026",SUSPICIOUS,47.5,102,"Curious Kelly in final pose in Chair - UI elements will go on the side rails - Copy.png",1344x768,1109.68,a219a2b5de6657a2e95bd4e45f9a95ca489e4889b59d4bc8889d95985f91e05d
"C:\Users\user\UI-TARS-desktop\public\kelly\phases\027\q1.png","q1.png","C:\Users\user\UI-TARS-desktop\public\kelly\phases\027",SUSPICIOUS,48.25,101,"Curious Kelly in final pose in Chair - UI elements will go on the side rails - Copy.png",1344x768,1083.79,a159a31c5eb655efab471eb6d7cbe946c8ccc4991d4c9884cc89d95ca8dd08e8
"C:\Users\user\UI-TARS-desktop\public\kelly\phases\027\q2.png","q2.png","C:\Users\user\UI-TARS-desktop\public\kelly\phases\027",GOOD,61.25,88,"Curious Kelly in final pose in Chair - UI elements will go on the side rails - Copy.png",1344x768,1116.07,a199a23dd466686b0f669ca6d08681991998d99b9d99d89bebd9356962d6a52d
"C:\Users\user\UI-TARS-desktop\public\kelly\phases\027\q3.png","q3.png","C:\Users\user\UI-TARS-desktop\public\kelly\phases\027",SUSPICIOUS,56.0,94,"Curious Kelly in final pose in Chair - UI elements will go on the side rails - Copy.png",1344x768,1157.53,a291a2659e6634cc6644e94c4afaa9c45d96f5f40bbbeb999d315abaa1931e18
"C:\Users\user\UI-TARS-desktop\public\kelly\phases\028\hook.png","hook.png","C:\Users\user\UI-TARS-desktop\public\kelly\phases\028",SUSPICIOUS,55.75,94,"Curious Kelly in final pose in Chair - UI elements will go on the side rails - Copy.png",1344x768,1197.8,b5d9b37cca370e271924f0ff14e72d21d1ddd08b89dd4d88888d52dfe1292703
"C:\Users\user\UI-TARS-desktop\public\kelly\phases\027\wisdom.png","wisdom.png","C:\Users\user\UI-TARS-desktop\public\kelly\phases\027",IMPOSTER,32.75,117,"profile of kelly.png",1344x768,1171.82,ee1ef95691691fe1ed0f0f4d8ce4b762c00d13edcd813233c09c3e3bf2c806b2
"C:\Users\user\UI-TARS-desktop\public\kelly\phases\028\q2.png","q2.png","C:\Users\user\UI-TARS-desktop\public\kelly\phases\028",SUSPICIOUS,49.25,100,"head and shoulders without chair.png",1344x768,1219.05,f4c3b30d070c726cc671313267364663237537394036cde78833fdbb87b46ac9
"C:\Users\user\UI-TARS-desktop\public\kelly\phases\028\q1.png","q1.png","C:\Users\user\UI-TARS-desktop\public\kelly\phases\028",SUSPICIOUS,41.25,108,"Curious Kelly in final pose in Chair - UI elements will go on the side rails - Copy.png",1344x768,1165.99,a593e4591e6c1ba6e474d7401a7da546de6280f58f4779283d954b9e3cb0c99c
"C:\Users\user\UI-TARS-desktop\public\kelly\phases\028\q3.png","q3.png","C:\Users\user\UI-TARS-desktop\public\kelly\phases\028",SUSPICIOUS,51.0,99,"facing to the left.png",1344x768,1073.68,f679e63d0a66498634c2f8665d96e41c5b8abcf9599b0fd9d18c1f99c1c11898
"C:\Users\user\UI-TARS-desktop\public\kelly\phases\029\q1.png","q1.png","C:\Users\user\UI-TARS-desktop\public\kelly\phases\029",SUSPICIOUS,39.5,110,"facing to the left.png",1344x768,1146.61,a1c8abf1d713d267963c972696d7ca0c9fa6c7c3b0b8491c9d8b4d94498958da
"C:\Users\user\UI-TARS-desktop\public\kelly\phases\029\hook.png","hook.png","C:\Users\user\UI-TARS-desktop\public\kelly\phases\029",SUSPICIOUS,51.75,98,"Curious Kelly in final pose in Chair - UI elements will go on the side rails - Copy.png",1344x768,1116.49,c28de27a94707d272f4f9472b0f0ad4f0c1ec5d9b8799d8c2d1b8953b6b9a904
"C:\Users\user\UI-TARS-desktop\public\kelly\phases\028\wisdom.png","wisdom.png","C:\Users\user\UI-TARS-desktop\public\kelly\phases\028",IMPOSTER,36.0,114,"Curious Kelly in final pose in Chair - UI elements will go on the side rails - Copy.png",1344x768,1116.02,b2ccb2158f33656a08319ed35d6f8c93684c9ccc4cee479abb07537c36936331
"C:\Users\user\UI-TARS-desktop\public\kelly\phases\029\q3.png","q3.png","C:\Users\user\UI-TARS-desktop\public\kelly\phases\029",SUSPICIOUS,50.75,99,"Curious Kelly in final pose in Chair - UI elements will go on the side rails - Copy.png",1344x768,1102.04,a149a3351a731cea256ba9b518c4956a7ad93f5859ccb5891e9c3dc3e20d176e
"C:\Users\user\UI-TARS-desktop\public\kelly\phases\029\q2.png","q2.png","C:\Users\user\UI-TARS-desktop\public\kelly\phases\029",SUSPICIOUS,50.0,100,"head and shoulders without chair.png",1344x768,1187.2,f1bee37b16490ee40f661f4408b6fd9b89901d9cb9d141b93e89e0f9ff84003c
"C:\Users\user\UI-TARS-desktop\public\kelly\phases\029\wisdom.png","wisdom.png","C:\Users\user\UI-TARS-desktop\public\kelly\phases\029",SUSPICIOUS,51.25,98,"Curious Kelly in final pose in Chair - UI elements will go on the side rails - Copy.png",1344x768,1093.78,a149a7381626e9c94e2693b3584a9db64893b5a81bcdf49ace99bddcd8898bd1
"C:\Users\user\UI-TARS-desktop\public\kelly\phases\030\q1.png","q1.png","C:\Users\user\UI-TARS-desktop\public\kelly\phases\030",SUSPICIOUS,43.5,106,"profile of kelly.png",1344x768,1110.4,e433f4730cec0b0c7e4ac0e4162e09c362dc9c24e7e85ecea3756c8c1f73a5cf
"C:\Users\user\UI-TARS-desktop\public\kelly\phases\030\hook.png","hook.png","C:\Users\user\UI-TARS-desktop\public\kelly\phases\030",SUSPICIOUS,44.5,105,"facing to the left.png",1344x768,1137.53,f489e2490f66dd3638c3f8660d48de1881c70ddbd81d85dd5bd99ca949da7b80
"C:\Users\user\UI-TARS-desktop\public\kelly\phases\030\wisdom.png","wisdom.png","C:\Users\user\UI-TARS-desktop\public\kelly\phases\030",SUSPICIOUS,45.0,105,"Curious Kelly in final pose in Chair - UI elements will go on the side rails - Copy.png",1344x768,1134.93,b2caa73cca332ee0bf33c01307f7e8f20f59f8c78d05d8c8088ddccc0dcdf055
"C:\Users\user\UI-TARS-desktop\public\kelly\phases\030\q2.png","q2.png","C:\Users\user\UI-TARS-desktop\public\kelly\phases\030",IMPOSTER,36.5,113,"head and shoulders without chair.png",1344x768,1176.96,b0ccb87ad7234385cc720edfcde15cc5b04c9d8c4bbd60fb035af7207221f436
"C:\Users\user\UI-TARS-desktop\public\kelly\phases\030\q3.png","q3.png","C:\Users\user\UI-TARS-desktop\public\kelly\phases\030",SUSPICIOUS,42.5,107,"facing to the left.png",1344x768,1104.51,a0cea32e8b324e65be6603b3fe27e862a64df8360f83fc48c0e0ac9ddd939d09
"C:\Users\user\UI-TARS-desktop\public\kelly\phases\031\q2.png","q2.png","C:\Users\user\UI-TARS-desktop\public\kelly\phases\031",SUSPICIOUS,53.0,97,"Curious Kelly in final pose in Chair - UI elements will go on the side rails - Copy.png",1344x768,1213.22,b018fa33044f27e4425dcde40586f8f9d9b1899ed99989b1f913807c0cf9f99b
"C:\Users\user\UI-TARS-desktop\public\kelly\phases\031\q1.png","q1.png","C:\Users\user\UI-TARS-desktop\public\kelly\phases\031",SUSPICIOUS,44.75,105,"profile of kelly.png",1344x768,1158.97,e469aedc539279b64cb1931ad56652b3aa47576e936caa6550699b49ba4c504d
"C:\Users\user\UI-TARS-desktop\public\kelly\phases\031\hook.png","hook.png","C:\Users\user\UI-TARS-desktop\public\kelly\phases\031",SUSPICIOUS,44.25,105,"facing to the left.png",1344x768,1173.36,a689e708de335ef7242cca5305e658762df5436838c41deaf8dd0d5d59c9889c
"C:\Users\user\UI-TARS-desktop\public\kelly\phases\031\wisdom.png","wisdom.png","C:\Users\user\UI-TARS-desktop\public\kelly\phases\031",GOOD,60.75,89,"facing to the left.png",1344x768,1151.04,b599a739d066e4c6163cd8661fce0d76e8a6e94ad99dd0908d1b18951dd95aa9
"C:\Users\user\UI-TARS-desktop\public\kelly\phases\031\q3.png","q3.png","C:\Users\user\UI-TARS-desktop\public\kelly\phases\031",IMPOSTER,37.25,112,"facing to the left.png",1344x768,1105.0,e009e1b1976604787c9e8bf5f52910caf656c2d199cbd6383ac9d25bba50f60e
"C:\Users\user\UI-TARS-desktop\public\kelly\phases\032\q1.png","q1.png","C:\Users\user\UI-TARS-desktop\public\kelly\phases\032",SUSPICIOUS,44.5,105,"Curious Kelly in final pose in Chair - UI elements will go on the side rails - Copy.png",1344x768,1148.8,e169acb99cb60cf6309893865670b35a5aefd34c9a69d24e527c834d5269e3c9
"C:\Users\user\UI-TARS-desktop\public\kelly\phases\032\hook.png","hook.png","C:\Users\user\UI-TARS-desktop\public\kelly\phases\032",SUSPICIOUS,44.0,106,"facing to the left.png",1344x768,1138.73,a3cda335da231c575570afa3e0095a5f94c91f88a8dc58cf1cdcf8c01f4db49c
"C:\Users\user\UI-TARS-desktop\public\kelly\phases\032\q2.png","q2.png","C:\Users\user\UI-TARS-desktop\public\kelly\phases\032",SUSPICIOUS,48.5,101,"facing to the left.png",1344x768,1186.79,e533e6431acc31f81c6da115da08196cf1f71abaf9029b9559339d727f84aa1a
"C:\Users\user\UI-TARS-desktop\public\kelly\phases\032\wisdom.png","wisdom.png","C:\Users\user\UI-TARS-desktop\public\kelly\phases\032",IMPOSTER,38.0,112,"facing to the left.png",1344x768,1187.03,d3fdf1f8ca620f077c146a36c1c31e09f8560df96082d89d9dc8c0da9c8da9f9
"C:\Users\user\UI-TARS-desktop\public\kelly\phases\032\q3.png","q3.png","C:\Users\user\UI-TARS-desktop\public\kelly\phases\032",IMPOSTER,31.75,118,"facing to the left.png",1344x768,1139.11,ef51ebc1d0a634f8755092a1f44d142e92f83874f7e1200f9ff33ef8e94a041b
"C:\Users\user\UI-TARS-desktop\public\kelly\phases\033\hook.png","hook.png","C:\Users\user\UI-TARS-desktop\public\kelly\phases\033",IMPOSTER,34.25,115,"close up of face.jpeg",1344x768,1183.83,ab4aad899db75c66bcb4d152e2365172ea6d9342d3c9d2cc1a4af26d1219e04f
"C:\Users\user\UI-TARS-desktop\public\kelly\phases\033\q2.png","q2.png","C:\Users\user\UI-TARS-desktop\public\kelly\phases\033",IMPOSTER,36.5,113,"neutral face with hair.png",1344x768,1114.58,a724b4d4509b2fc19ecd916bdb69b13e9364db2e91641b22e0740ece64992fd3
"C:\Users\user\UI-TARS-desktop\public\kelly\phases\033\q1.png","q1.png","C:\Users\user\UI-TARS-desktop\public\kelly\phases\033",IMPOSTER,37.0,113,"Curious Kelly in final pose in Chair - UI elements will go on the side rails - Copy.png",1344x768,1094.35,a31b2942db6444a92e43e3cc54ab981487cc3c23dafdf5339a0bd4f399bfac42
"C:\Users\user\UI-TARS-desktop\public\kelly\phases\033\wisdom.png","wisdom.png","C:\Users\user\UI-TARS-desktop\public\kelly\phases\033",SUSPICIOUS,57.25,92,"facing to the left.png",1344x768,1115.91,f7dae3b9c22604463e61f86707cec406ebf70aeabc0440d6e93b0990fd9b08f9
"C:\Users\user\UI-TARS-desktop\public\kelly\phases\033\q3.png","q3.png","C:\Users\user\UI-TARS-desktop\public\kelly\phases\033",SUSPICIOUS,44.0,106,"Curious Kelly in final pose in Chair - UI elements will go on the side rails - Copy.png",1344x768,1196.02,f0e8f00183364f2e7b01d37304f27e09896dfcc280dedcad88dfadc0feec149c
"C:\Users\user\UI-TARS-desktop\public\kelly\phases\034\hook.png","hook.png","C:\Users\user\UI-TARS-desktop\public\kelly\phases\034",SUSPICIOUS,43.75,106,"Curious Kelly in final pose in Chair - UI elements will go on the side rails - Copy.png",1344x768,1161.51,a1d9a71d5e366fea5220a86350a6af626fdbd024add752cd891adc8d489585da
"C:\Users\user\UI-TARS-desktop\public\kelly\phases\034\q1.png","q1.png","C:\Users\user\UI-TARS-desktop\public\kelly\phases\034",SUSPICIOUS,39.75,110,"head and shoulders without chair.png",1344x768,1092.27,f04cf2604f338f9bf2201b63be9359ae8e100def87cb4af585e848cd9ed4c84a
"C:\Users\user\UI-TARS-desktop\public\kelly\phases\034\q2.png","q2.png","C:\Users\user\UI-TARS-desktop\public\kelly\phases\034",SUSPICIOUS,43.5,106,"Curious Kelly in final pose in Chair - UI elements will go on the side rails - Copy.png",1344x768,1105.63,a1ddab29d222f6dd5725a8320d425de708d6fcaa53dad415188ac9d8dd9909dd
"C:\Users\user\UI-TARS-desktop\public\kelly\phases\035\hook.png","hook.png","C:\Users\user\UI-TARS-desktop\public\kelly\phases\035",SUSPICIOUS,47.0,103,"Curious Kelly in final pose in Chair - UI elements will go on the side rails - Copy.png",1344x768,1148.94,a599a621ca66dc6474a88bc61c9dbc0b5b85a0b91f9be1f81f98ad035ad72f0e
"C:\Users\user\UI-TARS-desktop\public\kelly\phases\034\wisdom.png","wisdom.png","C:\Users\user\UI-TARS-desktop\public\kelly\phases\034",IMPOSTER,29.0,121,"neutral face with hair.png",1344x768,1145.8,e1edfcfdd6b20f023c35339ed0751e43fb4fc0791f85124cd3c92e21c0704d83
"C:\Users\user\UI-TARS-desktop\public\kelly\phases\034\q3.png","q3.png","C:\Users\user\UI-TARS-desktop\public\kelly\phases\034",IMPOSTER,37.75,112,"Curious Kelly in final pose in Chair - UI elements will go on the side rails - Copy.png",1344x768,1115.02,d699f62d8fe608d67f1c872b00f45f99c8188dfdcb81be18c1991dd1c2073c78
"C:\Users\user\UI-TARS-desktop\public\kelly\phases\035\q1.png","q1.png","C:\Users\user\UI-TARS-desktop\public\kelly\phases\035",IMPOSTER,38.25,111,"neutral face with hair.png",1344x768,1202.31,a157f8a55fceee9c12599ec50e26c2520ff26667cff20ef440671877e200169d
"C:\Users\user\UI-TARS-desktop\public\kelly\phases\035\q2.png","q2.png","C:\Users\user\UI-TARS-desktop\public\kelly\phases\035",SUSPICIOUS,43.0,107,"head and shoulders without chair.png",1344x768,1195.39,b0dcaa3bd7326fe0c322d687cd7b4dbcda9088ca1dac588b98dc1dfc432ea640
"C:\Users\user\UI-TARS-desktop\public\kelly\phases\035\q3.png","q3.png","C:\Users\user\UI-TARS-desktop\public\kelly\phases\035",SUSPICIOUS,40.25,109,"neutral face with hair.png",1344x768,1128.11,b023f103859c4ecc27fcd708ec240fe8f47c2cf49643bc634eb6d6658c624ef3
"C:\Users\user\UI-TARS-desktop\public\kelly\phases\035\wisdom.png","wisdom.png","C:\Users\user\UI-TARS-desktop\public\kelly\phases\035",IMPOSTER,31.0,119,"slightly turning her head.png",1344x768,1131.11,a6e4ac4c589bfb5b02d1fdad0b53db23186de3241a76d32a3f24d12c0b22f746
"C:\Users\user\UI-TARS-desktop\public\kelly\phases\036\q1.png","q1.png","C:\Users\user\UI-TARS-desktop\public\kelly\phases\036",IMPOSTER,35.0,115,"close up of face.jpeg",1344x768,1125.67,b45decef42604185dac74611c5a8524f7692d42c970b949ef5b435eb35a335ec
"C:\Users\user\UI-TARS-desktop\public\kelly\phases\036\q2.png","q2.png","C:\Users\user\UI-TARS-desktop\public\kelly\phases\036",SUSPICIOUS,51.75,98,"facing to the left.png",1344x768,1223.94,b588a3308a676d6d5f62b4948b0fe87d9f88d8da8da5c89ddac8955d34807a59
"C:\Users\user\UI-TARS-desktop\public\kelly\phases\036\hook.png","hook.png","C:\Users\user\UI-TARS-desktop\public\kelly\phases\036",SUSPICIOUS,47.25,102,"neutral face with hair.png",1344x768,1116.29,f1e0a1160eb955fbf202801f5ceecce0545f6ecea8241fc2ac4ea9f13e577528
"C:\Users\user\UI-TARS-desktop\public\kelly\phases\036\q3.png","q3.png","C:\Users\user\UI-TARS-desktop\public\kelly\phases\036",IMPOSTER,34.0,116,"close up of face.jpeg",1344x768,1189.15,ac7ded3c11b6c09378008f27301e5bfb15e4aa209f0fd2efaa459160fe15d26d
"C:\Users\user\UI-TARS-desktop\public\kelly\phases\036\wisdom.png","wisdom.png","C:\Users\user\UI-TARS-desktop\public\kelly\phases\036",GOOD,61.0,89,"Curious Kelly in final pose in Chair - UI elements will go on the side rails - Copy.png",1344x768,1137.73,a399a768da762cef5fa688de95630c92e0981d8d88d9ddda9d89e299177ca140
"C:\Users\user\UI-TARS-desktop\public\kelly\phases\037\hook.png","hook.png","C:\Users\user\UI-TARS-desktop\public\kelly\phases\037",IMPOSTER,28.0,122,"profile of kelly.png",1344x768,1135.25,ecedec1d118217f27caaab1258a007c0ba52d22bbf5907ecd26d906d9b6d136d
"C:\Users\user\UI-TARS-desktop\public\kelly\phases\037\q1.png","q1.png","C:\Users\user\UI-TARS-desktop\public\kelly\phases\037",SUSPICIOUS,45.0,105,"facing to the left.png",1344x768,1157.06,c01de079cf635f96766fb06159809c9e49c2ad08d84d99cc9c8acdf8bcdd4bd0
"C:\Users\user\UI-TARS-desktop\public\kelly\phases\037\q2.png","q2.png","C:\Users\user\UI-TARS-desktop\public\kelly\phases\037",SUSPICIOUS,48.75,101,"Curious Kelly in final pose in Chair - UI elements will go on the side rails - Copy.png",1344x768,1141.94,a298a2b15d6668690675dc26687c8de6f4028bf9f9dd1c88c9d98989dd99e0fa
"C:\Users\user\UI-TARS-desktop\public\kelly\phases\037\q3.png","q3.png","C:\Users\user\UI-TARS-desktop\public\kelly\phases\037",SUSPICIOUS,51.0,99,"Curious Kelly in final pose in Chair - UI elements will go on the side rails - Copy.png",1344x768,1126.32,a291a6715d66ecce4e6cd06e4986890cd9c2ae5b59bda91b50911f9be91115bf
"C:\Users\user\UI-TARS-desktop\public\kelly\phases\038\hook.png","hook.png","C:\Users\user\UI-TARS-desktop\public\kelly\phases\038",SUSPICIOUS,45.0,105,"Curious Kelly in final pose in Chair - UI elements will go on the side rails - Copy.png",1344x768,1129.29,b28da639c9625ed73e07986ac99a81c7dc1c5e9889e9e9895ed9bd1c4a82e169
"C:\Users\user\UI-TARS-desktop\public\kelly\phases\037\wisdom.png","wisdom.png","C:\Users\user\UI-TARS-desktop\public\kelly\phases\037",SUSPICIOUS,46.75,103,"Curious Kelly in final pose in Chair - UI elements will go on the side rails - Copy.png",1344x768,1142.34,a1cce73495731a5fbc2284d75feda842684b9fdcf0c588d8140d4a84e33f53e3
"C:\Users\user\UI-TARS-desktop\public\kelly\phases\038\q1.png","q1.png","C:\Users\user\UI-TARS-desktop\public\kelly\phases\038",SUSPICIOUS,53.25,96,"Curious Kelly in final pose in Chair - UI elements will go on the side rails - Copy.png",1344x768,1115.58,e059a71e16660446437685b3a94bc9b4e0bd8a9b9cd9c99cea99bc89998b7795
"C:\Users\user\UI-TARS-desktop\public\kelly\phases\038\q2.png","q2.png","C:\Users\user\UI-TARS-desktop\public\kelly\phases\038",SUSPICIOUS,53.0,97,"Curious Kelly in final pose in Chair - UI elements will go on the side rails - Copy.png",1344x768,1138.93,a3d8a3695c266bf21a76a5a34ac708fe1f95a9c95c9890ad0ddad51d87895a95
"C:\Users\user\UI-TARS-desktop\public\kelly\phases\038\q3.png","q3.png","C:\Users\user\UI-TARS-desktop\public\kelly\phases\038",IMPOSTER,30.5,119,"head and shoulders without chair.png",1344x768,1125.9,b2cdb21c2d335ca3228e9527aa53d4a9e8d706cbe0fc88cf54c8a95c5ded1dc8
"C:\Users\user\UI-TARS-desktop\public\kelly\phases\039\hook.png","hook.png","C:\Users\user\UI-TARS-desktop\public\kelly\phases\039",SUSPICIOUS,49.0,101,"Curious Kelly in final pose in Chair - UI elements will go on the side rails - Copy.png",1344x768,1137.76,b1d8b7385c264ec5cb76bc22588789f383d85c9de899559ba8895fdde06906a4
"C:\Users\user\UI-TARS-desktop\public\kelly\phases\038\wisdom.png","wisdom.png","C:\Users\user\UI-TARS-desktop\public\kelly\phases\038",SUSPICIOUS,39.5,110,"facing to the left.png",1344x768,1169.91,9739a5658a4eb8d007c6aa04d5fcaa4b591e14b0ed5b59bba951db5b0095b9da
"C:\Users\user\UI-TARS-desktop\public\kelly\phases\039\q1.png","q1.png","C:\Users\user\UI-TARS-desktop\public\kelly\phases\039",SUSPICIOUS,42.75,107,"facing to the left.png",1344x768,1153.68,e559ab8d51a74736579273a2c23415c6eaf2aaba1025954e9ab5934ad2e99759
"C:\Users\user\UI-TARS-desktop\public\kelly\phases\039\q2.png","q2.png","C:\Users\user\UI-TARS-desktop\public\kelly\phases\039",SUSPICIOUS,41.5,108,"Curious Kelly in final pose in Chair - UI elements will go on the side rails - Copy.png",1344x768,1153.44,f5dce3dc9a351e43f5e60037be138fe374230e2ee0d18f4958eec8900f9ad8c0
"C:\Users\user\UI-TARS-desktop\public\kelly\phases\039\wisdom.png","wisdom.png","C:\Users\user\UI-TARS-desktop\public\kelly\phases\039",IMPOSTER,38.25,111,"facing to the left.png",1344x768,1118.95,a29aa79a5e67b48756e40a27f4aa0bee750b1ea8994ad4aaa950d54a00fffd58
"C:\Users\user\UI-TARS-desktop\public\kelly\phases\039\q3.png","q3.png","C:\Users\user\UI-TARS-desktop\public\kelly\phases\039",IMPOSTER,29.25,120,"close up of face.jpeg",1344x768,1159.24,ef49fd0911b3e24660a33fb23e3ec0d27f1a283553caae64d10833e38a79d38e
"C:\Users\user\UI-TARS-desktop\public\kelly\phases\040\hook.png","hook.png","C:\Users\user\UI-TARS-desktop\public\kelly\phases\040",IMPOSTER,33.5,116,"Curious Kelly in final pose in Chair - UI elements will go on the side rails - Copy.png",1344x768,1157.69,b2cda21cd833dc7327c6f3325732fca64a73b5234a69af1654ea8b40d81114fb
"C:\Users\user\UI-TARS-desktop\public\kelly\phases\040\q1.png","q1.png","C:\Users\user\UI-TARS-desktop\public\kelly\phases\040",IMPOSTER,37.0,113,"close up of face.jpeg",1344x768,1133.88,9028a9d9eee7442ed13ef999ca5e6f2ed418c7152fd00f294c12d511e66d4a3d
"C:\Users\user\UI-TARS-desktop\public\kelly\phases\040\q2.png","q2.png","C:\Users\user\UI-TARS-desktop\public\kelly\phases\040",SUSPICIOUS,45.75,104,"facing to the left.png",1344x768,1188.85,a715ce75fcc260da1edcf8197e8dc0d9128d3d5cc3b1990993259b34f970d00f
"C:\Users\user\UI-TARS-desktop\public\kelly\phases\040\wisdom.png","wisdom.png","C:\Users\user\UI-TARS-desktop\public\kelly\phases\040",SUSPICIOUS,41.5,108,"neutral face with hair.png",1344x768,1220.75,a7b7e57b944d0ad6e2459d2cd5cc904842b51f019d6999569913dbb38923f1f2
"C:\Users\user\UI-TARS-desktop\public\kelly\phases\040\q3.png","q3.png","C:\Users\user\UI-TARS-desktop\public\kelly\phases\040",SUSPICIOUS,40.5,109,"head and shoulders without chair.png",1344x768,1148.02,b5a4b3d45a990d782675f893ccbf4e6044e2fecd9c4e0d66ccc5ac4c9c4e41c5
"C:\Users\user\UI-TARS-desktop\public\kelly\phases\041\hook.png","hook.png","C:\Users\user\UI-TARS-desktop\public\kelly\phases\041",SUSPICIOUS,50.25,99,"Curious Kelly in final pose in Chair - UI elements will go on the side rails - Copy.png",1344x768,1101.98,f7d8f7b18a270aa66721d5661c1ef9c114b6e9d30e2d99c40898e95fdd88885d
"C:\Users\user\UI-TARS-desktop\public\kelly\phases\041\q1.png","q1.png","C:\Users\user\UI-TARS-desktop\public\kelly\phases\041",SUSPICIOUS,41.5,108,"profile of kelly.png",1344x768,1149.3,e424ae94919bb91256bb9a9bd325ab565143522aaa3455adab66da55536daaac
"C:\Users\user\UI-TARS-desktop\public\kelly\phases\041\q2.png","q2.png","C:\Users\user\UI-TARS-desktop\public\kelly\phases\041",SUSPICIOUS,41.5,108,"head and shoulders without chair.png",1344x768,1162.42,fd17fe5bc2ec42a0bf44a01c8fe49f2e81b09b89982fb9d08d03ab5f1630a7c3
"C:\Users\user\UI-TARS-desktop\public\kelly\phases\041\q3.png","q3.png","C:\Users\user\UI-TARS-desktop\public\kelly\phases\041",IMPOSTER,34.5,115,"facing to the left.png",1344x768,1113.89,a3c4a2bc0fbb5c542f3788abb4c05f53ec0f10ccb9c85ecded0c5aeca6585705
"C:\Users\user\UI-TARS-desktop\public\kelly\phases\041\wisdom.png","wisdom.png","C:\Users\user\UI-TARS-desktop\public\kelly\phases\041",SUSPICIOUS,52.25,97,"facing to the left.png",1344x768,1068.63,a3d9f7315e2648e7a7555aa22cd458dad4835949d1ec9e8d8959bd954a11a565
"C:\Users\user\UI-TARS-desktop\public\kelly\phases\042\hook.png","hook.png","C:\Users\user\UI-TARS-desktop\public\kelly\phases\042",GOOD,65.25,84,"Curious Kelly in final pose in Chair - UI elements will go on the side rails - Copy.png",1344x768,1145.42,a198a73ad76652419e26a5e65eeea8c74c98ad9ed8c90858f59dca8cbd197047
"C:\Users\user\UI-TARS-desktop\public\kelly\phases\042\q1.png","q1.png","C:\Users\user\UI-TARS-desktop\public\kelly\phases\042",IMPOSTER,37.25,112,"neutral face with hair.png",1344x768,1111.04,b2c6ab0ecc9d6a7cb7b0cf1994ade87306697ac68d63cee48c270c67c6ea0885
"C:\Users\user\UI-TARS-desktop\public\kelly\phases\042\q2.png","q2.png","C:\Users\user\UI-TARS-desktop\public\kelly\phases\042",SUSPICIOUS,47.25,102,"Curious Kelly in final pose in Chair - UI elements will go on the side rails - Copy.png",1344x768,1195.75,a5dba33dde222e011e2385760f4748622f3eb6474246aa070dee5dde85bdd8b2
"C:\Users\user\UI-TARS-desktop\public\kelly\phases\042\q3.png","q3.png","C:\Users\user\UI-TARS-desktop\public\kelly\phases\042",SUSPICIOUS,39.25,110,"head and shoulders without chair.png",1344x768,1137.4,b067a1964f3972188b9d5d7bee88aec75ce28c6688474cea0ae75146353a7ad1
"C:\Users\user\UI-TARS-desktop\public\kelly\phases\043\hook.png","hook.png","C:\Users\user\UI-TARS-desktop\public\kelly\phases\043",SUSPICIOUS,44.0,106,"Curious Kelly in final pose in Chair - UI elements will go on the side rails - Copy.png",1344x768,1206.54,b49ab914d623066978728d83fae514cf49599c9ccaca858d01dd23bc6b2ef65e
"C:\Users\user\UI-TARS-desktop\public\kelly\phases\042\wisdom.png","wisdom.png","C:\Users\user\UI-TARS-desktop\public\kelly\phases\042",SUSPICIOUS,45.5,104,"Curious Kelly in final pose in Chair - UI elements will go on the side rails - Copy.png",1344x768,1154.9,b29ca33547226b33be715937cdebac430ad9dc8cac8e4dc8a8a44a9ab5ed424e
"C:\Users\user\UI-TARS-desktop\public\kelly\phases\043\q1.png","q1.png","C:\Users\user\UI-TARS-desktop\public\kelly\phases\043",IMPOSTER,37.25,112,"Curious Kelly in final pose in Chair - UI elements will go on the side rails - Copy.png",1344x768,1104.4,a0d2ad1295250aedb52ede5113b1f21f06f2f24a961eb9dbc6d6398ac530396d
"C:\Users\user\UI-TARS-desktop\public\kelly\phases\043\q2.png","q2.png","C:\Users\user\UI-TARS-desktop\public\kelly\phases\043",SUSPICIOUS,44.25,105,"profile of kelly.png",1344x768,1157.33,e866eca91d9b6da5c59128b257962eb2d5d00a369fe2f0061fe4f2701e6fc1c4
"C:\Users\user\UI-TARS-desktop\public\kelly\phases\043\q3.png","q3.png","C:\Users\user\UI-TARS-desktop\public\kelly\phases\043",SUSPICIOUS,42.5,107,"Curious Kelly in final pose in Chair - UI elements will go on the side rails - Copy.png",1344x768,1123.59,f20de30495f24e23501683e6b4f235ef8837cbdaf061bdaee88d4e1cd8019df8
"C:\Users\user\UI-TARS-desktop\public\kelly\phases\043\wisdom.png","wisdom.png","C:\Users\user\UI-TARS-desktop\public\kelly\phases\043",GOOD,62.75,87,"facing to the left.png",1344x768,1080.88,f3dbf6291566fa4e07e75826afd4400ca9966a5b99a12b98c91989999999d599
"C:\Users\user\UI-TARS-desktop\public\kelly\phases\044\q3.png","q3.png","C:\Users\user\UI-TARS-desktop\public\kelly\phases\044",IMPOSTER,33.0,117,"slightly turning her head.png",1344x768,1183.28,87b1a753dc4a55e5c67d62ecb44af04cee6451eca8d2864cc1ed897981ae8d72
"C:\Users\user\UI-TARS-desktop\public\kelly\phases\044\hook.png","hook.png","C:\Users\user\UI-TARS-desktop\public\kelly\phases\044",IMPOSTER,37.75,112,"Curious Kelly in final pose in Chair - UI elements will go on the side rails - Copy.png",1344x768,1182.73,f348b36a8a377f94f7320e66891608f7de83ad4a52ccbdc69c999c4885c9189d
"C:\Users\user\UI-TARS-desktop\public\kelly\phases\044\q2.png","q2.png","C:\Users\user\UI-TARS-desktop\public\kelly\phases\044",SUSPICIOUS,52.75,97,"Curious Kelly in final pose in Chair - UI elements will go on the side rails - Copy.png",1344x768,1166.48,a0d8f23d96665f45a921034ada5685ad5f80b9d5c9f89d83949f81f8f249334f
"C:\Users\user\UI-TARS-desktop\public\kelly\phases\044\q1.png","q1.png","C:\Users\user\UI-TARS-desktop\public\kelly\phases\044",IMPOSTER,35.5,114,"close up of face.jpeg",1344x768,1155.76,9029b02653d648c937c9525ea9a64fcd26ced297db7e9e90e693c13d867a8525
"C:\Users\user\UI-TARS-desktop\public\kelly\phases\044\wisdom.png","wisdom.png","C:\Users\user\UI-TARS-desktop\public\kelly\phases\044",IMPOSTER,27.5,122,"head and shoulders without chair.png",1344x768,1125.46,a3b6a642584d5c9baacd99795839a3a69f7699225aa6a1fe541a2453e7c8541f
"C:\Users\user\UI-TARS-desktop\public\kelly\phases\045\hook.png","hook.png","C:\Users\user\UI-TARS-desktop\public\kelly\phases\045",SUSPICIOUS,46.5,103,"facing to the left.png",1344x768,1145.2,a38cb338c8734de32f8485f3c0c848dca5d95bdca14c5894a35417ff6a673736
"C:\Users\user\UI-TARS-desktop\public\kelly\phases\045\q1.png","q1.png","C:\Users\user\UI-TARS-desktop\public\kelly\phases\045",IMPOSTER,27.25,122,"Curious Kelly in final pose in Chair - UI elements will go on the side rails - Copy.png",1344x768,1093.04,a1eda89dce92dc1271ab7116ba60c6ac3958ce6c3949f34c52b4bd49ce7c7889
"C:\Users\user\UI-TARS-desktop\public\kelly\phases\045\q2.png","q2.png","C:\Users\user\UI-TARS-desktop\public\kelly\phases\045",IMPOSTER,38.25,111,"slightly turning her head.png",1344x768,1172.13,f2eff9b6ed09072716bde97105c1de290334fcd505cae8a88cc64c5edcf4800b
"C:\Users\user\UI-TARS-desktop\public\kelly\phases\045\wisdom.png","wisdom.png","C:\Users\user\UI-TARS-desktop\public\kelly\phases\045",SUSPICIOUS,52.75,97,"facing to the left.png",1344x768,1114.31,a399a739da660fc5422eaa76d4e60aa6f54782ac5bd2fdaa8d11589ea9a85919
"C:\Users\user\UI-TARS-desktop\public\kelly\phases\045\q3.png","q3.png","C:\Users\user\UI-TARS-desktop\public\kelly\phases\045",SUSPICIOUS,58.25,91,"Curious Kelly in final pose in Chair - UI elements will go on the side rails - Copy.png",1344x768,1189.76,f1d9f263ea060a20556d93e61876ae57c1815d8c8dfa989b889bc9915f8ff0e8
"C:\Users\user\UI-TARS-desktop\public\kelly\phases\046\hook.png","hook.png","C:\Users\user\UI-TARS-desktop\public\kelly\phases\046",SUSPICIOUS,40.75,109,"facing to the left.png",1344x768,1221.49,cfd9ed70de76100d35641ae2d6a88806ad82d62d89dfde908401dfc8ca9dce9f
"C:\Users\user\UI-TARS-desktop\public\kelly\phases\046\q1.png","q1.png","C:\Users\user\UI-TARS-desktop\public\kelly\phases\046",IMPOSTER,36.0,114,"facing to the left.png",1344x768,1174.08,8573a011802c566e6e75516c0ac4f6aeab6c512c9c5b5ab7a7a24b9abd2fd9d2
"C:\Users\user\UI-TARS-desktop\public\kelly\phases\046\q2.png","q2.png","C:\Users\user\UI-TARS-desktop\public\kelly\phases\046",IMPOSTER,28.25,121,"Curious Kelly in final pose in Chair - UI elements will go on the side rails - Copy.png",1344x768,1165.19,a468aa59cdb247a71915e5261ecad3ae0b5de14d92483ad9e1fd5ca5c4d06cb6
"C:\Users\user\UI-TARS-desktop\public\kelly\phases\046\wisdom.png","wisdom.png","C:\Users\user\UI-TARS-desktop\public\kelly\phases\046",IMPOSTER,30.5,119,"facing to the left.png",1344x768,1194.89,928ca02a8f322f757366b2b326f35735ae33024bfed25d058ca9c8dbdcc09dc2
"C:\Users\user\UI-TARS-desktop\public\kelly\phases\047\hook.png","hook.png","C:\Users\user\UI-TARS-desktop\public\kelly\phases\047",IMPOSTER,36.5,113,"Curious Kelly in final pose in Chair - UI elements will go on the side rails - Copy.png",1344x768,1197.41,e189f26948326787a774e52e08f25c270f78d8e5fd0d8fc8d5accd1dd0a8156c
"C:\Users\user\UI-TARS-desktop\public\kelly\phases\046\q3.png","q3.png","C:\Users\user\UI-TARS-desktop\public\kelly\phases\046",SUSPICIOUS,40.5,109,"Curious Kelly in final pose in Chair - UI elements will go on the side rails - Copy.png",1344x768,1179.2,89cce0901773566e6626adb7c27cd70a0c4eebbec9895dec8a938d5dd2e08c19
"C:\Users\user\UI-TARS-desktop\public\kelly\phases\047\q2.png","q2.png","C:\Users\user\UI-TARS-desktop\public\kelly\phases\047",IMPOSTER,28.25,121,"Curious Kelly in final pose in Chair - UI elements will go on the side rails - Copy.png",1344x768,1177.08,f6b97ed1496621d66b0ade46853b5f083f8661cee0fcc0617fb91c459019d1b1
"C:\Users\user\UI-TARS-desktop\public\kelly\phases\047\q1.png","q1.png","C:\Users\user\UI-TARS-desktop\public\kelly\phases\047",SUSPICIOUS,43.25,106,"Curious Kelly in final pose in Chair - UI elements will go on the side rails - Copy.png",1344x768,1190.98,b2d9ab15cb660fae3e2fc976a5fe5e0e09c210f9df8ca9820d1999d2158de910
"C:\Users\user\UI-TARS-desktop\public\kelly\phases\047\q3.png","q3.png","C:\Users\user\UI-TARS-desktop\public\kelly\phases\047",SUSPICIOUS,39.25,110,"neutral face with hair.png",1344x768,1225.93,e165e112d4da27dd5e6ae230bf81164d5f40d80c89990ca8d9a21f37e9d12ffd
"C:\Users\user\UI-TARS-desktop\public\kelly\phases\047\wisdom.png","wisdom.png","C:\Users\user\UI-TARS-desktop\public\kelly\phases\047",IMPOSTER,37.75,112,"facing to the left.png",1344x768,1212.41,a293ae7354ec6d8c61491e6eed80038c68ec2bbff92a6bac093759b219ba5955
"C:\Users\user\UI-TARS-desktop\public\kelly\phases\048\hook.png","hook.png","C:\Users\user\UI-TARS-desktop\public\kelly\phases\048",SUSPICIOUS,41.75,108,"Curious Kelly in final pose in Chair - UI elements will go on the side rails - Copy.png",1344x768,1109.66,b7ada7b9c0335cc66a6d9db74a428cbcd4f90e85c15895981dcd40d3bd8851cd
"C:\Users\user\UI-TARS-desktop\public\kelly\phases\048\q2.png","q2.png","C:\Users\user\UI-TARS-desktop\public\kelly\phases\048",SUSPICIOUS,44.5,105,"Curious Kelly in final pose in Chair - UI elements will go on the side rails - Copy.png",1344x768,1203.75,a0cfb3a84c340f724eb3a5e6f4235256aba7c0d5d85c5e88099ccdd91aaaaedc
"C:\Users\user\UI-TARS-desktop\public\kelly\phases\048\q1.png","q1.png","C:\Users\user\UI-TARS-desktop\public\kelly\phases\048",SUSPICIOUS,47.0,103,"Curious Kelly in final pose in Chair - UI elements will go on the side rails - Copy.png",1344x768,1139.23,a795a4291d6c0a8462afd56819869cadc9dcac63cb9a718bc9b9f1839d50b99f
"C:\Users\user\UI-TARS-desktop\public\kelly\phases\048\q3.png","q3.png","C:\Users\user\UI-TARS-desktop\public\kelly\phases\048",SUSPICIOUS,53.75,96,"facing to the left.png",1344x768,1151.84,bfd9ba11d122e36d07fec0a2eb4cdc46a0c04bdf09c3d8808b1bdd99889cfc9d
"C:\Users\user\UI-TARS-desktop\public\kelly\phases\049\hook.png","hook.png","C:\Users\user\UI-TARS-desktop\public\kelly\phases\049",IMPOSTER,29.75,120,"Curious Kelly in final pose in Chair - UI elements will go on the side rails - Copy.png",1344x768,1071.33,efd9e723d42619f6e0dc0e00c0df08d9ee83dc9c43e99c21c58c069efc69e347
"C:\Users\user\UI-TARS-desktop\public\kelly\phases\048\wisdom.png","wisdom.png","C:\Users\user\UI-TARS-desktop\public\kelly\phases\048",SUSPICIOUS,50.0,100,"Curious Kelly in final pose in Chair - UI elements will go on the side rails - Copy.png",1344x768,1137.81,e41af44b4b667aadbd60c07e5a91b162da91bd19c1d19f13a59d083167ca42fe
"C:\Users\user\UI-TARS-desktop\public\kelly\phases\049\q2.png","q2.png","C:\Users\user\UI-TARS-desktop\public\kelly\phases\049",SUSPICIOUS,43.75,106,"facing to the left.png",1344x768,1156.37,b7b5ee73c4c92acd5ec8bd09da9dc160cab2b91d1b22db34c1331aa2ad56642a
"C:\Users\user\UI-TARS-desktop\public\kelly\phases\049\q1.png","q1.png","C:\Users\user\UI-TARS-desktop\public\kelly\phases\049",SUSPICIOUS,40.0,110,"head and shoulders without chair.png",1344x768,1134.27,b1c8a7988f325e602645a0370fb27e63fe72017bfc2f0af00f0ff5d2d8bc0e81
"C:\Users\user\UI-TARS-desktop\public\kelly\phases\049\q3.png","q3.png","C:\Users\user\UI-TARS-desktop\public\kelly\phases\049",SUSPICIOUS,46.75,103,"Curious Kelly in final pose in Chair - UI elements will go on the side rails - Copy.png",1344x768,1154.11,d78ce17c8a330ca17faf85030ed1dcba69fdde09096cf4820b8fcfac90c14fc8
"C:\Users\user\UI-TARS-desktop\public\kelly\phases\050\hook.png","hook.png","C:\Users\user\UI-TARS-desktop\public\kelly\phases\050",GOOD,62.0,88,"Curious Kelly in final pose in Chair - UI elements will go on the side rails - Copy.png",1344x768,1118.95,b49de3705e6625efda601d96c8e63d9490d9999dc9999bd9009d7d0926e03647
"C:\Users\user\UI-TARS-desktop\public\kelly\phases\049\wisdom.png","wisdom.png","C:\Users\user\UI-TARS-desktop\public\kelly\phases\049",IMPOSTER,38.0,112,"neutral face with hair.png",1344x768,1122.15,a53aa6425acd64bbeed556c958b95fd5548d82bb1f55d02b9b25d930d0228175
"C:\Users\user\UI-TARS-desktop\public\kelly\phases\050\q1.png","q1.png","C:\Users\user\UI-TARS-desktop\public\kelly\phases\050",SUSPICIOUS,39.5,110,"Curious Kelly in final pose in Chair - UI elements will go on the side rails - Copy.png",1344x768,1195.38,a7b2aef9d84541effe68e70478cec424001ce80e9d3b99d0cf32998fc0779fa0
"C:\Users\user\UI-TARS-desktop\public\kelly\phases\050\q3.png","q3.png","C:\Users\user\UI-TARS-desktop\public\kelly\phases\050",SUSPICIOUS,48.5,101,"head and shoulders without chair.png",1344x768,1188.14,e5cdf3cddf2040331b24a1725e77f8008e995d4f888e9d88f8d11d89a53e0edd
"C:\Users\user\UI-TARS-desktop\public\kelly\phases\050\q2.png","q2.png","C:\Users\user\UI-TARS-desktop\public\kelly\phases\050",IMPOSTER,34.25,115,"neutral face with hair.png",1344x768,1132.59,f871b98901ce5ec3c78c851c8eaade26a2135739ce6ace31ec115ef9311161fe
"C:\Users\user\UI-TARS-desktop\public\kelly\phases\050\wisdom.png","wisdom.png","C:\Users\user\UI-TARS-desktop\public\kelly\phases\050",IMPOSTER,36.0,114,"close up of face.jpeg",1344x768,1094.01,ad49adc915b6a3366c421db6d3221c74f2865efaa1005095ff6a96cfd331b24b
"C:\Users\user\UI-TARS-desktop\public\kelly\phases\051\hook.png","hook.png","C:\Users\user\UI-TARS-desktop\public\kelly\phases\051",GOOD,62.0,88,"Curious Kelly in final pose in Chair - UI elements will go on the side rails - Copy.png",1344x768,1151.1,b51be2714be61406622ed7f4095f81ae5af2bd19c99b1c09d1899ddad89d0d8b
"C:\Users\user\UI-TARS-desktop\public\kelly\phases\051\q1.png","q1.png","C:\Users\user\UI-TARS-desktop\public\kelly\phases\051",SUSPICIOUS,46.0,104,"slightly turning her head.png",1344x768,1168.55,bc30b5eb4dc67217b58d4b46c617ef1c0271ee138675ce318634ee3100395fea
"C:\Users\user\UI-TARS-desktop\public\kelly\phases\051\q2.png","q2.png","C:\Users\user\UI-TARS-desktop\public\kelly\phases\051",SUSPICIOUS,41.25,108,"neutral face with hair.png",1344x768,1161.73,e56decc48e901d1ff09b11d2fe92c31b142d9326fb649365136f926dd364ab04
"C:\Users\user\UI-TARS-desktop\public\kelly\phases\051\q3.png","q3.png","C:\Users\user\UI-TARS-desktop\public\kelly\phases\051",SUSPICIOUS,41.0,109,"neutral face with hair.png",1344x768,1162.67,b835ba8f854e5ff8029d5ef5a22352cab565588adbabb18459aaa552480bddaa
"C:\Users\user\UI-TARS-desktop\public\kelly\phases\051\wisdom.png","wisdom.png","C:\Users\user\UI-TARS-desktop\public\kelly\phases\051",SUSPICIOUS,54.5,95,"Curious Kelly in final pose in Chair - UI elements will go on the side rails - Copy.png",1344x768,1165.55,a08ba328de36546ba224dc3755e6a9b3fc8f89dc5dc8c801989d5dd8abc1f0ad
"C:\Users\user\UI-TARS-desktop\public\kelly\phases\052\hook.png","hook.png","C:\Users\user\UI-TARS-desktop\public\kelly\phases\052",SUSPICIOUS,49.75,100,"facing to the left.png",1344x768,1178.86,a29ba67b1d6448c6af5cd52408fadb849d1648bb17d0d99d189b0bd3f990a99b
"C:\Users\user\UI-TARS-desktop\public\kelly\phases\052\q1.png","q1.png","C:\Users\user\UI-TARS-desktop\public\kelly\phases\052",SUSPICIOUS,40.25,109,"profile of kelly.png",1344x768,1144.33,e448a939b1a52c9359b656e65696d55e92ecd28692fa92edd26daa8826af544c
"C:\Users\user\UI-TARS-desktop\public\kelly\phases\052\q2.png","q2.png","C:\Users\user\UI-TARS-desktop\public\kelly\phases\052",SUSPICIOUS,39.5,110,"slightly turning her head.png",1344x768,1136.0,e92cfdb0473376426c1a0eeb3ec3601e2fe3bf64408cafc3b48d8059bb33f406
"C:\Users\user\UI-TARS-desktop\public\kelly\phases\052\q3.png","q3.png","C:\Users\user\UI-TARS-desktop\public\kelly\phases\052",SUSPICIOUS,44.0,106,"facing to the left.png",1344x768,1095.81,b29ca3341c3348efb6d47d0294ff2cdd94842ddca28c6d9fe5d8081bffaa0093
"C:\Users\user\UI-TARS-desktop\public\kelly\phases\052\wisdom.png","wisdom.png","C:\Users\user\UI-TARS-desktop\public\kelly\phases\052",SUSPICIOUS,47.75,102,"Curious Kelly in final pose in Chair - UI elements will go on the side rails - Copy.png",1344x768,1149.02,a693e6735c445aac6766c44c4b899f0fe9d4b5021b9f993989b3591358b9d5a1
"C:\Users\user\UI-TARS-desktop\public\kelly\phases\053\hook.png","hook.png","C:\Users\user\UI-TARS-desktop\public\kelly\phases\053",SUSPICIOUS,49.25,100,"Curious Kelly in final pose in Chair - UI elements will go on the side rails - Copy.png",1344x768,1124.73,f418ee2152c6034ff4650fe0f8bf91c6bff68083099e8dbd8898c99809bff983
"C:\Users\user\UI-TARS-desktop\public\kelly\phases\053\q1.png","q1.png","C:\Users\user\UI-TARS-desktop\public\kelly\phases\053",SUSPICIOUS,39.25,110,"profile of kelly.png",1344x768,1169.71,e46cacc611932b335482915bbaa3b9538a6cd6acbf549aac8b45936c522f7b95
"C:\Users\user\UI-TARS-desktop\public\kelly\phases\053\q2.png","q2.png","C:\Users\user\UI-TARS-desktop\public\kelly\phases\053",SUSPICIOUS,43.25,106,"Curious Kelly in final pose in Chair - UI elements will go on the side rails - Copy.png",1344x768,1170.64,f0d8c23d1f352375fea648a6ab571dc9e80c1dd8f89d0dd82549f54f0f48a00f
"C:\Users\user\UI-TARS-desktop\public\kelly\phases\053\q3.png","q3.png","C:\Users\user\UI-TARS-desktop\public\kelly\phases\053",SUSPICIOUS,49.75,100,"Curious Kelly in final pose in Chair - UI elements will go on the side rails - Copy.png",1344x768,1082.01,e413e6790ae6110cf6951f47a8bc59e0a9761895150bd9b391b88b13d9979f9b
"C:\Users\user\UI-TARS-desktop\public\kelly\phases\053\wisdom.png","wisdom.png","C:\Users\user\UI-TARS-desktop\public\kelly\phases\053",SUSPICIOUS,46.25,103,"head and shoulders without chair.png",1344x768,1148.29,f79cf7690a662dd47b270426c3d00e26e03742f21c0ce0d38fe9ddcc08db9c9f
"C:\Users\user\UI-TARS-desktop\public\kelly\phases\054\hook.png","hook.png","C:\Users\user\UI-TARS-desktop\public\kelly\phases\054",IMPOSTER,34.75,115,"head and shoulders without chair.png",1344x768,1148.16,b28ca39c0973de63e264b1b2562aa5735e27a5f77e03b5364a43b4b44347a43a
"C:\Users\user\UI-TARS-desktop\public\kelly\phases\054\q1.png","q1.png","C:\Users\user\UI-TARS-desktop\public\kelly\phases\054",IMPOSTER,34.5,115,"Curious Kelly in final pose in Chair - UI elements will go on the side rails - Copy.png",1344x768,1140.71,a0cda534da32f249f730e233c30fd07329f15db41cc3add35c8b08d5f8c842df
"C:\Users\user\UI-TARS-desktop\public\kelly\phases\054\q2.png","q2.png","C:\Users\user\UI-TARS-desktop\public\kelly\phases\054",SUSPICIOUS,47.75,102,"head and shoulders without chair.png",1344x768,1185.99,e7d9f37e43342e21d4620113fde68f9758e9f9ca0d85d8fc0d4b52900ae4552e
"C:\Users\user\UI-TARS-desktop\public\kelly\phases\054\q3.png","q3.png","C:\Users\user\UI-TARS-desktop\public\kelly\phases\054",GOOD,59.25,90,"Curious Kelly in final pose in Chair - UI elements will go on the side rails - Copy.png",1344x768,1134.17,a308a33088f754eee8461f1fe8e85d4785d8d909ba959d99c95995954be9b2d4
"C:\Users\user\UI-TARS-desktop\public\kelly\phases\055\hook.png","hook.png","C:\Users\user\UI-TARS-desktop\public\kelly\phases\055",SUSPICIOUS,52.25,97,"Curious Kelly in final pose in Chair - UI elements will go on the side rails - Copy.png",1344x768,1143.17,f389b7415b66028fbf51d9f680829dd6a1dbdd8908dec9d99d89c0980e5df160
"C:\Users\user\UI-TARS-desktop\public\kelly\phases\054\wisdom.png","wisdom.png","C:\Users\user\UI-TARS-desktop\public\kelly\phases\054",SUSPICIOUS,55.0,95,"facing to the left.png",1344x768,1130.08,a359a779d82648662f4ed726e884485ea5fe5a99a5c15a9d8d9b0bd8b999c01b
"C:\Users\user\UI-TARS-desktop\public\kelly\phases\055\q2.png","q2.png","C:\Users\user\UI-TARS-desktop\public\kelly\phases\055",IMPOSTER,35.5,114,"facing to the left.png",1344x768,1115.41,aa8cf3b797b14e0cac3755fb88c44ed7acce0b0cd1e50e44f4ca0e8ee24c85f8
"C:\Users\user\UI-TARS-desktop\public\kelly\phases\055\q3.png","q3.png","C:\Users\user\UI-TARS-desktop\public\kelly\phases\055",IMPOSTER,35.0,115,"close up of face.jpeg",1344x768,1108.59,e56da4e4189ae99df4321fdbd8b3e95216aff0500b6f9b41d368926be1643904
"C:\Users\user\UI-TARS-desktop\public\kelly\phases\055\q1.png","q1.png","C:\Users\user\UI-TARS-desktop\public\kelly\phases\055",SUSPICIOUS,42.5,107,"neutral face with hair.png",1344x768,1134.38,a941b88f56eec74f47b69f08cc6ee437ce38c6084d50de61ec784fbaa2111539
"C:\Users\user\UI-TARS-desktop\public\kelly\phases\055\wisdom.png","wisdom.png","C:\Users\user\UI-TARS-desktop\public\kelly\phases\055",SUSPICIOUS,50.25,99,"facing to the left.png",1344x768,1159.87,f1cff2f04f320d0bacd1dbea0dffecc18aae85cecec480eebcc80adce9900148
"C:\Users\user\UI-TARS-desktop\public\kelly\phases\056\hook.png","hook.png","C:\Users\user\UI-TARS-desktop\public\kelly\phases\056",GOOD,60.25,89,"Curious Kelly in final pose in Chair - UI elements will go on the side rails - Copy.png",1344x768,1106.67,a119f6311a6688ce67f6ca649d26c09fc96cfc16e0fb989d9d98c89991db1989
"C:\Users\user\UI-TARS-desktop\public\kelly\phases\056\q1.png","q1.png","C:\Users\user\UI-TARS-desktop\public\kelly\phases\056",SUSPICIOUS,51.25,98,"Curious Kelly in final pose in Chair - UI elements will go on the side rails - Copy.png",1344x768,1151.8,f798e6380e766a6357a7a856d9f65889d9c90dd5f83c18a9ac595d5436e5a008
"C:\Users\user\UI-TARS-desktop\public\kelly\phases\056\q2.png","q2.png","C:\Users\user\UI-TARS-desktop\public\kelly\phases\056",GOOD,61.25,88,"Curious Kelly in final pose in Chair - UI elements will go on the side rails - Copy.png",1344x768,1132.35,a5baa7704e451cebdceee8c4188af1b91b94ddaad1914a9b246976ed620a9527
"C:\Users\user\UI-TARS-desktop\public\kelly\phases\056\q3.png","q3.png","C:\Users\user\UI-TARS-desktop\public\kelly\phases\056",IMPOSTER,32.5,117,"facing to the left.png",1344x768,1163.34,ad6aad20c1a702b65dfb91f4d6068a17f2ca165b92c9964aba0d565b0fd929ea
"C:\Users\user\UI-TARS-desktop\public\kelly\phases\056\wisdom.png","wisdom.png","C:\Users\user\UI-TARS-desktop\public\kelly\phases\056",SUSPICIOUS,39.5,110,"Curious Kelly in final pose in Chair - UI elements will go on the side rails - Copy.png",1344x768,1168.9,a7c9ab39d0364ac627265722e857252268f7255ecbb5a4dcca2d8bd5988da89d
"C:\Users\user\UI-TARS-desktop\public\kelly\phases\057\q1.png","q1.png","C:\Users\user\UI-TARS-desktop\public\kelly\phases\057",SUSPICIOUS,50.5,99,"Curious Kelly in final pose in Chair - UI elements will go on the side rails - Copy.png",1344x768,1095.25,e59ce3f81a733247f56c0536fbc3d8666dfeda03b5cb1c98c8180985f9cc0099
"C:\Users\user\UI-TARS-desktop\public\kelly\phases\057\hook.png","hook.png","C:\Users\user\UI-TARS-desktop\public\kelly\phases\057",SUSPICIOUS,57.0,93,"Curious Kelly in final pose in Chair - UI elements will go on the side rails - Copy.png",1344x768,1179.78,a1d9a26154663c96582769d2984f1db6e8f18189dd59ca9d89a8d5ddaa89477e
"C:\Users\user\UI-TARS-desktop\public\kelly\phases\057\q2.png","q2.png","C:\Users\user\UI-TARS-desktop\public\kelly\phases\057",SUSPICIOUS,41.0,109,"neutral face with hair.png",1344x768,1207.77,b0e2a18a871e5b06ef9965b9d215da37bd6c74914cc99c66d84448eeac89745f
"C:\Users\user\UI-TARS-desktop\public\kelly\phases\057\q3.png","q3.png","C:\Users\user\UI-TARS-desktop\public\kelly\phases\057",SUSPICIOUS,39.75,110,"slightly turning her head.png",1344x768,1181.63,a1beae6256494c8d4899915dff0952a9ad55198a51748f73cb339956f9a41b36
"C:\Users\user\UI-TARS-desktop\public\kelly\phases\058\hook.png","hook.png","C:\Users\user\UI-TARS-desktop\public\kelly\phases\058",SUSPICIOUS,53.5,96,"Curious Kelly in final pose in Chair - UI elements will go on the side rails - Copy.png",1344x768,1187.63,b695a530cb76f61dd260e9e2eb66e855d229d98acd0a8955ddd9d989c08109dd
"C:\Users\user\UI-TARS-desktop\public\kelly\phases\057\wisdom.png","wisdom.png","C:\Users\user\UI-TARS-desktop\public\kelly\phases\057",SUSPICIOUS,41.25,108,"facing to the left.png",1344x768,1179.7,a2cda169c772fe364f2c923797439b4efe2016c3ef05c9ded592dd00089ce889
"C:\Users\user\UI-TARS-desktop\public\kelly\phases\058\q1.png","q1.png","C:\Users\user\UI-TARS-desktop\public\kelly\phases\058",SUSPICIOUS,47.75,102,"neutral face with hair.png",1344x768,1145.49,a862b9c3d784473d0bda8c0cd6a06c378f6bc4f2ae314e43fc630afc5d8bb305
"C:\Users\user\UI-TARS-desktop\public\kelly\phases\058\q2.png","q2.png","C:\Users\user\UI-TARS-desktop\public\kelly\phases\058",IMPOSTER,34.0,116,"profile of kelly.png",1344x768,1076.76,f9cef34f8ca0f5b880a7a4d0b01ea201b15cba26f2c13f59e2c03fd16d9a4ef2
"C:\Users\user\UI-TARS-desktop\public\kelly\phases\058\wisdom.png","wisdom.png","C:\Users\user\UI-TARS-desktop\public\kelly\phases\058",IMPOSTER,33.75,116,"facing to the left.png",1344x768,1112.73,f79ff66d1e22a1e6351f58228980d85f0ac0f50918c8bf9d4858fe8d43dfbc30
"C:\Users\user\UI-TARS-desktop\public\kelly\phases\058\q3.png","q3.png","C:\Users\user\UI-TARS-desktop\public\kelly\phases\058",SUSPICIOUS,44.0,106,"Curious Kelly in final pose in Chair - UI elements will go on the side rails - Copy.png",1344x768,1147.02,f48be5a78a72164842b689f6158dc9c60d99d59989d81e19fb0112fff62b3f24
"C:\Users\user\UI-TARS-desktop\public\kelly\phases\059\q1.png","q1.png","C:\Users\user\UI-TARS-desktop\public\kelly\phases\059",IMPOSTER,29.25,120,"close up of kellys eyes.png",1344x768,1050.23,aacd0a51d732e1a51e98ba67f66df39a085d1669e3c5c49e3d9b2de4e0b2011c
"C:\Users\user\UI-TARS-desktop\public\kelly\phases\059\hook.png","hook.png","C:\Users\user\UI-TARS-desktop\public\kelly\phases\059",IMPOSTER,27.0,123,"head and shoulders without chair.png",1344x768,1100.95,f7ccbf748833379c582300c7dc1e0dcbe8dc4ccd0f8cf03c27a8251a3277b723
"C:\Users\user\UI-TARS-desktop\public\kelly\phases\059\q2.png","q2.png","C:\Users\user\UI-TARS-desktop\public\kelly\phases\059",SUSPICIOUS,41.5,108,"Curious Kelly in final pose in Chair - UI elements will go on the side rails - Copy.png",1344x768,1171.14,ed8c1a78067d7f01ca66b316b6301ed6e062ccecd8ee89d381335ca8cadb8dd8
"C:\Users\user\UI-TARS-desktop\public\kelly\phases\059\wisdom.png","wisdom.png","C:\Users\user\UI-TARS-desktop\public\kelly\phases\059",SUSPICIOUS,41.25,108,"Curious Kelly in final pose in Chair - UI elements will go on the side rails - Copy.png",1344x768,1040.66,c79cea3095e678f6386385c658599a4e90d15a19499ccd8f69b8dc8fb3f45207
"C:\Users\user\UI-TARS-desktop\public\kelly\phases\059\q3.png","q3.png","C:\Users\user\UI-TARS-desktop\public\kelly\phases\059",IMPOSTER,30.25,119,"close up of kellys eyes.png",1344x768,1178.05,bae22bafdd19d2507ba9fc1c402193f9e5686c170c65c2ebc5464ee40c659e6e
"C:\Users\user\UI-TARS-desktop\public\kelly\phases\060\hook.png","hook.png","C:\Users\user\UI-TARS-desktop\public\kelly\phases\060",SUSPICIOUS,50.75,99,"head and shoulders without chair.png",1344x768,1170.94,a0d6a31946692966d667ad665093aa779662589d89dad886d8fb5528abdf58c4
"C:\Users\user\UI-TARS-desktop\public\kelly\phases\060\q1.png","q1.png","C:\Users\user\UI-TARS-desktop\public\kelly\phases\060",SUSPICIOUS,47.75,102,"profile of kelly.png",1344x768,1232.51,e4488fbdb1b76cad55927d745592aab27d98aa62550699c69268924e9a5b964b
"C:\Users\user\UI-TARS-desktop\public\kelly\phases\060\q2.png","q2.png","C:\Users\user\UI-TARS-desktop\public\kelly\phases\060",SUSPICIOUS,50.25,99,"neutral face with hair.png",1344x768,1173.91,b066b1528b8976bf4910bff5c6394248bc94c8358eeac86f94cc48e64ab7a7ae
"C:\Users\user\UI-TARS-desktop\public\kelly\phases\060\q3.png","q3.png","C:\Users\user\UI-TARS-desktop\public\kelly\phases\060",IMPOSTER,28.75,121,"close up of face.jpeg",1344x768,1060.65,ad4bad9912365362a9ae943643a9b666824adf89a2775749dec9824bba59964b
"C:\Users\user\UI-TARS-desktop\public\kelly\phases\060\wisdom.png","wisdom.png","C:\Users\user\UI-TARS-desktop\public\kelly\phases\060",SUSPICIOUS,54.5,95,"Curious Kelly in final pose in Chair - UI elements will go on the side rails - Copy.png",1344x768,1175.11,a198aa68437767e99a67bc324af685a7578b88ce9cbc58da89d5cb80ad54546a
"C:\Users\user\UI-TARS-desktop\public\kelly\phases\061\q1.png","q1.png","C:\Users\user\UI-TARS-desktop\public\kelly\phases\061",SUSPICIOUS,45.25,104,"profile of kelly.png",1344x768,1212.91,e649cd9911b76cae6094b955b58e9572ac95524a526f93cf525ad2cdd265a548
"C:\Users\user\UI-TARS-desktop\public\kelly\phases\061\q2.png","q2.png","C:\Users\user\UI-TARS-desktop\public\kelly\phases\061",SUSPICIOUS,42.0,108,"neutral face with hair.png",1344x768,1192.93,a325e6710c5b5ee614c8addd52cf308c1fa8cb559929da2ed344ad215fa6d0a7
"C:\Users\user\UI-TARS-desktop\public\kelly\phases\061\hook.png","hook.png","C:\Users\user\UI-TARS-desktop\public\kelly\phases\061",SUSPICIOUS,58.25,91,"Curious Kelly in final pose in Chair - UI elements will go on the side rails - Copy.png",1344x768,1117.48,b119a7718b665aaa3675a16205aefa8528e72dd9fb8d1199f8d1499ba5895a98
"C:\Users\user\UI-TARS-desktop\public\kelly\phases\061\q3.png","q3.png","C:\Users\user\UI-TARS-desktop\public\kelly\phases\061",SUSPICIOUS,45.25,104,"neutral face with hair.png",1344x768,1136.53,e726e6421ed93c9940c2fe090399b9797e2781e03c36c3a7b977f9225b36e04a
"C:\Users\user\UI-TARS-desktop\public\kelly\phases\061\wisdom.png","wisdom.png","C:\Users\user\UI-TARS-desktop\public\kelly\phases\061",SUSPICIOUS,46.0,104,"Curious Kelly in final pose in Chair - UI elements will go on the side rails - Copy.png",1344x768,1129.64,b299a431ce64e386e267bd6e5f91e2cef986d6925a89e1901d19da940859f599
"C:\Users\user\UI-TARS-desktop\public\kelly\phases\062\q1.png","q1.png","C:\Users\user\UI-TARS-desktop\public\kelly\phases\062",SUSPICIOUS,48.25,101,"facing to the left.png",1344x768,1178.6,b59aa5305a62de6f6685f822d5e202f50ae460fa074dfaec0d93d5a9cbca89a5
"C:\Users\user\UI-TARS-desktop\public\kelly\phases\062\hook.png","hook.png","C:\Users\user\UI-TARS-desktop\public\kelly\phases\062",IMPOSTER,34.0,116,"head and shoulders without chair.png",1344x768,1132.65,f0cfe31c8933167bff3383b104974c716e9b00e4fd4b48cebdcc08c99cde0cc8
"C:\Users\user\UI-TARS-desktop\public\kelly\phases\062\q2.png","q2.png","C:\Users\user\UI-TARS-desktop\public\kelly\phases\062",GOOD,59.25,90,"Curious Kelly in final pose in Chair - UI elements will go on the side rails - Copy.png",1344x768,1158.07,a19ea65afe43526b06c4b966d96ecd9418ac9994d9bb9d9958101a99a9d9d1ae
"C:\Users\user\UI-TARS-desktop\public\kelly\phases\062\wisdom.png","wisdom.png","C:\Users\user\UI-TARS-desktop\public\kelly\phases\062",SUSPICIOUS,54.25,95,"Curious Kelly in final pose in Chair - UI elements will go on the side rails - Copy.png",1344x768,1139.16,a599ef219e7250ceaf654d2280965ac9bdae4ada9998d9894a5d95985ad99d94
"C:\Users\user\UI-TARS-desktop\public\kelly\phases\062\q3.png","q3.png","C:\Users\user\UI-TARS-desktop\public\kelly\phases\062",SUSPICIOUS,48.5,101,"facing to the left.png",1344x768,1172.23,b2debf15412757ea2e16bc575f8cc1a72c97fd8818888d9d851d5e8917cc025a
"C:\Users\user\UI-TARS-desktop\public\kelly\phases\063\hook.png","hook.png","C:\Users\user\UI-TARS-desktop\public\kelly\phases\063",SUSPICIOUS,47.5,102,"Curious Kelly in final pose in Chair - UI elements will go on the side rails - Copy.png",1344x768,1157.82,e7d8f678dc370807bf6215e6f0bc894aa98356b989c5c99cdc0dddc30d08c13d
"C:\Users\user\UI-TARS-desktop\public\kelly\phases\063\q1.png","q1.png","C:\Users\user\UI-TARS-desktop\public\kelly\phases\063",SUSPICIOUS,43.75,106,"Curious Kelly in final pose in Chair - UI elements will go on the side rails - Copy.png",1344x768,1111.42,e78cf14406779b14363c8263545a88d94ebbd907a2ed5fa8c85d0dbeadc44c1f
"C:\Users\user\UI-TARS-desktop\public\kelly\phases\063\q2.png","q2.png","C:\Users\user\UI-TARS-desktop\public\kelly\phases\063",SUSPICIOUS,45.25,104,"facing to the left.png",1344x768,1125.63,f34cff190f33206694f2c88ec9ea04effa93c9dc9db8b844000d9f8bb6dc2364
"C:\Users\user\UI-TARS-desktop\public\kelly\phases\063\wisdom.png","wisdom.png","C:\Users\user\UI-TARS-desktop\public\kelly\phases\063",SUSPICIOUS,58.5,91,"Curious Kelly in final pose in Chair - UI elements will go on the side rails - Copy.png",1344x768,1161.92,e19ae650d6673f6950620bc6ee64152fa8e7dd9c998089bb9d1490bfaf81ca98
"C:\Users\user\UI-TARS-desktop\public\kelly\phases\063\q3.png","q3.png","C:\Users\user\UI-TARS-desktop\public\kelly\phases\063",SUSPICIOUS,55.5,94,"Curious Kelly in final pose in Chair - UI elements will go on the side rails - Copy.png",1344x768,1102.26,a159a3189e6252ef63668d267c5692efa946048afddc5b8ba91c5d80d8dd0b9d
"C:\Users\user\UI-TARS-desktop\public\kelly\phases\064\hook.png","hook.png","C:\Users\user\UI-TARS-desktop\public\kelly\phases\064",SUSPICIOUS,51.75,98,"Curious Kelly in final pose in Chair - UI elements will go on the side rails - Copy.png",1344x768,1206.34,f199eb6107660e14f262075695f0e8264badd00895dfc5a98c9fdc9a09ddfd89
"C:\Users\user\UI-TARS-desktop\public\kelly\phases\064\q2.png","q2.png","C:\Users\user\UI-TARS-desktop\public\kelly\phases\064",SUSPICIOUS,40.0,110,"profile of kelly.png",1344x768,1249.27,ca4225e90db3710d38b9a4368db2e5fb7ca38986fa268e42d3f59e32e004f8cf
"C:\Users\user\UI-TARS-desktop\public\kelly\phases\064\q3.png","q3.png","C:\Users\user\UI-TARS-desktop\public\kelly\phases\064",IMPOSTER,35.25,114,"profile of kelly.png",1344x768,1228.29,e12008df14917c407a8a521f3ed9e56fe10cd0031891bd359e77ee30e79efab6
"C:\Users\user\UI-TARS-desktop\public\kelly\phases\064\q1.png","q1.png","C:\Users\user\UI-TARS-desktop\public\kelly\phases\064",SUSPICIOUS,39.5,110,"head and shoulders without chair.png",1344x768,1190.91,f589fe3d0e73380a3e361e36e9220927e5314b43dfcf82d8ca8cc9ca1cfc5d08
"C:\Users\user\UI-TARS-desktop\public\kelly\phases\064\wisdom.png","wisdom.png","C:\Users\user\UI-TARS-desktop\public\kelly\phases\064",IMPOSTER,34.75,115,"neutral face with hair.png",1344x768,1190.17,a126aa5646096eb660caef40cc5d3d69e885e56d5ebbaf57114810adbd79d1a1
"C:\Users\user\UI-TARS-desktop\public\kelly\phases\065\q1.png","q1.png","C:\Users\user\UI-TARS-desktop\public\kelly\phases\065",IMPOSTER,36.25,113,"slightly turning her head.png",1344x768,1146.18,b0e7b3ee5b1c13217018451916f9e137d77966010b7db8381ba3e1db28390fdb
"C:\Users\user\UI-TARS-desktop\public\kelly\phases\065\q2.png","q2.png","C:\Users\user\UI-TARS-desktop\public\kelly\phases\065",SUSPICIOUS,43.5,106,"facing to the left.png",1344x768,1162.72,b5cbb7090a766c8427654a766a2c4d666ab2ea2d49a6eabe5b94f88a8d91d895
"C:\Users\user\UI-TARS-desktop\public\kelly\phases\065\hook.png","hook.png","C:\Users\user\UI-TARS-desktop\public\kelly\phases\065",IMPOSTER,32.25,117,"neutral face with hair.png",1344x768,1145.16,a736ac6418cd989d6519d0c91ebde1d35f39a9a6fa321322f837932619f3103e
"C:\Users\user\UI-TARS-desktop\public\kelly\phases\065\q3.png","q3.png","C:\Users\user\UI-TARS-desktop\public\kelly\phases\065",IMPOSTER,24.25,125,"slightly turning her head.png",1344x768,1151.9,8576aede58c9f11bee51de89d70af9119b085ea29b029730db26d126db349326
"C:\Users\user\UI-TARS-desktop\public\kelly\phases\065\wisdom.png","wisdom.png","C:\Users\user\UI-TARS-desktop\public\kelly\phases\065",SUSPICIOUS,41.5,108,"Curious Kelly in final pose in Chair - UI elements will go on the side rails - Copy.png",1344x768,1124.99,f5d9b6610e662bad43630556426901e66e76807662ffbc35403e97e6f80e407f
"C:\Users\user\UI-TARS-desktop\public\kelly\phases\066\hook.png","hook.png","C:\Users\user\UI-TARS-desktop\public\kelly\phases\066",SUSPICIOUS,42.75,107,"Curious Kelly in final pose in Chair - UI elements will go on the side rails - Copy.png",1344x768,1133.96,e19da23d5a235b92f635cb27f1900e06e8f217739a4ee9ab1e18f8c38d8d51d0
"C:\Users\user\UI-TARS-desktop\public\kelly\phases\066\q1.png","q1.png","C:\Users\user\UI-TARS-desktop\public\kelly\phases\066",IMPOSTER,32.5,117,"neutral face with hair.png",1344x768,1105.64,a12ca129de111e43e5b32dbbd2e5097cb4ef6fb20a8de9d61c2e4ea0f0c44d1e
"C:\Users\user\UI-TARS-desktop\public\kelly\phases\066\q2.png","q2.png","C:\Users\user\UI-TARS-desktop\public\kelly\phases\066",SUSPICIOUS,51.25,98,"facing to the left.png",1344x768,1158.99,f08bf3398e774e60d72790760f62ece4485abf97c90b88dcd89989815a5ca4ec
"C:\Users\user\UI-TARS-desktop\public\kelly\phases\066\wisdom.png","wisdom.png","C:\Users\user\UI-TARS-desktop\public\kelly\phases\066",SUSPICIOUS,47.75,102,"Curious Kelly in final pose in Chair - UI elements will go on the side rails - Copy.png",1344x768,1109.44,b29da73d5f222cd642668d07fcda8cc7ac885ad8a9dd5c98089ef1d51ea8a196
"C:\Users\user\UI-TARS-desktop\public\kelly\phases\066\q3.png","q3.png","C:\Users\user\UI-TARS-desktop\public\kelly\phases\066",SUSPICIOUS,40.5,109,"neutral face with hair.png",1344x768,1196.02,b451b0e1438b2bc77a9285fcff044ad6de78ce344e5adeb3cc60d4ae0a51f520
"C:\Users\user\UI-TARS-desktop\public\kelly\phases\067\hook.png","hook.png","C:\Users\user\UI-TARS-desktop\public\kelly\phases\067",SUSPICIOUS,44.0,106,"Curious Kelly in final pose in Chair - UI elements will go on the side rails - Copy.png",1344x768,1176.06,f789f2490b66b516a3e35ae65d1688b35a8ac1099fddd9c08c9ddddc8809117d
"C:\Users\user\UI-TARS-desktop\public\kelly\phases\067\q1.png","q1.png","C:\Users\user\UI-TARS-desktop\public\kelly\phases\067",SUSPICIOUS,41.0,109,"facing to the left.png",1344x768,1129.15,e6b1e4439f4643fc3e2cf944c1c699acb83c95831b91853b1ab1a91bc1b3b47b
"C:\Users\user\UI-TARS-desktop\public\kelly\phases\067\q2.png","q2.png","C:\Users\user\UI-TARS-desktop\public\kelly\phases\067",SUSPICIOUS,50.75,99,"head and shoulders without chair.png",1344x768,1127.87,b193f70d16754b70ff261497e8731d9ad8dd49889ddcbc994b08a56cb6816a44
"C:\Users\user\UI-TARS-desktop\public\kelly\phases\067\wisdom.png","wisdom.png","C:\Users\user\UI-TARS-desktop\public\kelly\phases\067",SUSPICIOUS,40.0,110,"facing to the left.png",1344x768,1189.4,ec5afd3a8e2633b0cdadf9e787a51c30b39c8e38d040af9dd0c89e1886d3928e
"C:\Users\user\UI-TARS-desktop\public\kelly\phases\067\q3.png","q3.png","C:\Users\user\UI-TARS-desktop\public\kelly\phases\067",GOOD,59.25,90,"facing to the left.png",1344x768,1208.62,f3d8f73106672c6a5624abe6d64f0f62fc149ff58dc9c81cadb89899a9880199
"C:\Users\user\UI-TARS-desktop\public\kelly\phases\068\q1.png","q1.png","C:\Users\user\UI-TARS-desktop\public\kelly\phases\068",SUSPICIOUS,51.25,98,"neutral face with hair.png",1344x768,1152.19,a1e6f082cf98261d28319fc94c3958731ee7cc660c53fce70c4740ee3e17e373
"C:\Users\user\UI-TARS-desktop\public\kelly\phases\068\hook.png","hook.png","C:\Users\user\UI-TARS-desktop\public\kelly\phases\068",SUSPICIOUS,39.5,110,"facing to the left.png",1344x768,1062.91,a3dca630d8335ce7f4e483664faa98e94196ab4e5488bc7d4bd4fd0888a95dd8
"C:\Users\user\UI-TARS-desktop\public\kelly\phases\068\q3.png","q3.png","C:\Users\user\UI-TARS-desktop\public\kelly\phases\068",SUSPICIOUS,55.25,94,"Curious Kelly in final pose in Chair - UI elements will go on the side rails - Copy.png",1344x768,1131.51,e099e2115e6626cc6346987a1feef8450c3adf8d89985c9999e11f18e78d06fb
"C:\Users\user\UI-TARS-desktop\public\kelly\phases\068\q2.png","q2.png","C:\Users\user\UI-TARS-desktop\public\kelly\phases\068",SUSPICIOUS,42.25,107,"head and shoulders without chair.png",1344x768,1072.64,e793e6c31e6c387601efbebce0580bee8010cfbb0919f97303b99819f9f1018b
"C:\Users\user\UI-TARS-desktop\public\kelly\phases\068\wisdom.png","wisdom.png","C:\Users\user\UI-TARS-desktop\public\kelly\phases\068",SUSPICIOUS,39.25,110,"profile of kelly.png",1344x768,1125.88,c749ede880b21fb7e03685f0de0a523637c8cf791a44c26f3f68e00913ff3ec0
"C:\Users\user\UI-TARS-desktop\public\kelly\phases\069\hook.png","hook.png","C:\Users\user\UI-TARS-desktop\public\kelly\phases\069",SUSPICIOUS,40.0,110,"facing to the left.png",1344x768,1086.59,b79db365d066e9931699dcb6810f5b89b59748d8a593497c9189949369dd9494
"C:\Users\user\UI-TARS-desktop\public\kelly\phases\069\q2.png","q2.png","C:\Users\user\UI-TARS-desktop\public\kelly\phases\069",SUSPICIOUS,44.5,105,"neutral face with hair.png",1344x768,1142.67,f97dfcf684cc463852d35e9950799f4df92981359b47d9240b74f0262b248333
"C:\Users\user\UI-TARS-desktop\public\kelly\phases\069\q1.png","q1.png","C:\Users\user\UI-TARS-desktop\public\kelly\phases\069",IMPOSTER,35.5,114,"facing to the left.png",1344x768,1148.74,ab9ea51556a7fb48067c42aff5fe1a783d430eb0f0a8581df8a19c1cd18f0aa9
"C:\Users\user\UI-TARS-desktop\public\kelly\phases\069\wisdom.png","wisdom.png","C:\Users\user\UI-TARS-desktop\public\kelly\phases\069",GOOD,65.0,85,"Curious Kelly in final pose in Chair - UI elements will go on the side rails - Copy.png",1344x768,1085.16,a149a7719e761ce669258da60ad49c6645aa5eacb9ddc918d5aa4a95b5d84bc9
"C:\Users\user\UI-TARS-desktop\public\kelly\phases\069\q3.png","q3.png","C:\Users\user\UI-TARS-desktop\public\kelly\phases\069",SUSPICIOUS,46.0,104,"Curious Kelly in final pose in Chair - UI elements will go on the side rails - Copy.png",1344x768,1130.94,a7a8ee114a331ce660eefe5fc9a114d9cf8ef0894dd915ad59dc90d81c0d43c3
"C:\Users\user\UI-TARS-desktop\public\kelly\phases\070\q2.png","q2.png","C:\Users\user\UI-TARS-desktop\public\kelly\phases\070",IMPOSTER,30.0,120,"facing to the left.png",1344x768,1182.0,e56dac53d5b32d3e5b900e12d873d1e6c3f1d3e4d106d304c168d5ee9c259f04
"C:\Users\user\UI-TARS-desktop\public\kelly\phases\070\hook.png","hook.png","C:\Users\user\UI-TARS-desktop\public\kelly\phases\070",SUSPICIOUS,52.5,97,"facing to the left.png",1344x768,1137.13,e11be27b1e6469245225c9ee1d18e1a62811d18bd9dbdf9be891153aea5b163d
"C:\Users\user\UI-TARS-desktop\public\kelly\phases\070\q1.png","q1.png","C:\Users\user\UI-TARS-desktop\public\kelly\phases\070",IMPOSTER,33.5,116,"facing to the left.png",1344x768,1150.19,a68da87d98b617d2f2979abac1489b05ea71122cd0689b5de22d30eec5193df6
"C:\Users\user\UI-TARS-desktop\public\kelly\phases\070\q3.png","q3.png","C:\Users\user\UI-TARS-desktop\public\kelly\phases\070",IMPOSTER,39.0,111,"profile of kelly.png",1344x768,1113.89,e564edf45d9a00c33c9e81db3e7903dbf06b8f219b1f930f827ebb6691244244
"C:\Users\user\UI-TARS-desktop\public\kelly\phases\070\wisdom.png","wisdom.png","C:\Users\user\UI-TARS-desktop\public\kelly\phases\070",SUSPICIOUS,48.0,102,"Curious Kelly in final pose in Chair - UI elements will go on the side rails - Copy.png",1344x768,1113.4,a29da7001d7658eae6445f5a49f9bc84d9de0ca91b9898dd0ebda52132566b75
"C:\Users\user\UI-TARS-desktop\public\kelly\phases\071\hook.png","hook.png","C:\Users\user\UI-TARS-desktop\public\kelly\phases\071",IMPOSTER,29.75,120,"close up of kellys eyes.png",1344x768,1178.41,9489b164d3330e71b5264b02e4bf9caa519f878d9f0dd88e949dcdc8c8e86aee
"C:\Users\user\UI-TARS-desktop\public\kelly\phases\071\q2.png","q2.png","C:\Users\user\UI-TARS-desktop\public\kelly\phases\071",SUSPICIOUS,47.25,102,"head and shoulders without chair.png",1344x768,1250.04,b0c9876db4365635ab27e0b6d4732d05d0ff885e1d48d8d088c99cb9bc0af64f
"C:\Users\user\UI-TARS-desktop\public\kelly\phases\071\q1.png","q1.png","C:\Users\user\UI-TARS-desktop\public\kelly\phases\071",IMPOSTER,36.5,113,"close up of kellys eyes.png",1344x768,1178.89,9591153fc2660d747ae1918fbd9a5a8ba99d85995b9f8d043e70724c266c766c
"C:\Users\user\UI-TARS-desktop\public\kelly\phases\071\wisdom.png","wisdom.png","C:\Users\user\UI-TARS-desktop\public\kelly\phases\071",SUSPICIOUS,40.5,109,"Curious Kelly in final pose in Chair - UI elements will go on the side rails - Copy.png",1344x768,1155.92,835ea576de73e04d0266dce284ccc8fa3ca8d0e980cdceab5021a3f967336377
"C:\Users\user\UI-TARS-desktop\public\kelly\phases\072\hook.png","hook.png","C:\Users\user\UI-TARS-desktop\public\kelly\phases\072",SUSPICIOUS,51.25,98,"Curious Kelly in final pose in Chair - UI elements will go on the side rails - Copy.png",1344x768,1120.29,e5ddf2391e6235c7e21c1ae6bd56413668cb88985f9d8850498ddd99a0895f5d
"C:\Users\user\UI-TARS-desktop\public\kelly\phases\071\q3.png","q3.png","C:\Users\user\UI-TARS-desktop\public\kelly\phases\071",IMPOSTER,33.5,116,"close up of kellys eyes.png",1344x768,1204.66,87fb45ed8ea41e77520cb584591b9011ab195653a1c31d13e666c7673e26766e
"C:\Users\user\UI-TARS-desktop\public\kelly\phases\072\q1.png","q1.png","C:\Users\user\UI-TARS-desktop\public\kelly\phases\072",SUSPICIOUS,54.25,95,"Curious Kelly in final pose in Chair - UI elements will go on the side rails - Copy.png",1344x768,1194.97,a593e713586406c7a2675e26f846e0641fe2f866479dd87a0bd4a9085fb289df
"C:\Users\user\UI-TARS-desktop\public\kelly\phases\072\q2.png","q2.png","C:\Users\user\UI-TARS-desktop\public\kelly\phases\072",SUSPICIOUS,43.0,107,"Curious Kelly in final pose in Chair - UI elements will go on the side rails - Copy.png",1344x768,1102.02,b2cca3340f337ce35633a9d25d4bf8a70ed8ad4cd8c444c8ad8c4add85e47b0d
"C:\Users\user\UI-TARS-desktop\public\kelly\phases\072\q3.png","q3.png","C:\Users\user\UI-TARS-desktop\public\kelly\phases\072",SUSPICIOUS,49.75,100,"head and shoulders without chair.png",1344x768,1134.83,f78cf71c02332867626394b308d7986304e1e80e07daf8cc1fcdcc9e5dccd8de
"C:\Users\user\UI-TARS-desktop\public\kelly\phases\073\hook.png","hook.png","C:\Users\user\UI-TARS-desktop\public\kelly\phases\073",SUSPICIOUS,51.25,98,"facing to the left.png",1344x768,1120.42,e29ff7619f227c160a76dbe2ad255c96a7d8c1d95d8a9c1cc1d90c194959a6a1
"C:\Users\user\UI-TARS-desktop\public\kelly\phases\072\wisdom.png","wisdom.png","C:\Users\user\UI-TARS-desktop\public\kelly\phases\072",IMPOSTER,38.5,111,"facing to the left.png",1344x768,1155.55,e533e26f9eec1483254feb6c1f1818e51faa8ab0b1b69510c877b91ed0f00e5e
"C:\Users\user\UI-TARS-desktop\public\kelly\phases\073\q1.png","q1.png","C:\Users\user\UI-TARS-desktop\public\kelly\phases\073",SUSPICIOUS,41.75,108,"profile of kelly.png",1344x768,1174.51,ed64eca030935601c5c890b35e0fa9c9b8b6abc3b9739b565ba3dba650475aa3
"C:\Users\user\UI-TARS-desktop\public\kelly\phases\073\q3.png","q3.png","C:\Users\user\UI-TARS-desktop\public\kelly\phases\073",SUSPICIOUS,51.5,98,"Curious Kelly in final pose in Chair - UI elements will go on the side rails - Copy.png",1344x768,1189.82,a399e679d46674040ae283e6ffd6d8a28b8f82fdbd00cbdb8f19c0939919d509
"C:\Users\user\UI-TARS-desktop\public\kelly\phases\073\wisdom.png","wisdom.png","C:\Users\user\UI-TARS-desktop\public\kelly\phases\073",SUSPICIOUS,40.25,109,"facing to the left.png",1344x768,1110.47,b259ba5997364e632a64b1964e2b8f861e9cb95c5ab8a8945d5d8d9ec8998b46
"C:\Users\user\UI-TARS-desktop\public\kelly\phases\073\q2.png","q2.png","C:\Users\user\UI-TARS-desktop\public\kelly\phases\073",IMPOSTER,36.75,113,"facing to the left.png",1344x768,1145.29,c3d9a3749c267b520af29586fd1801c7f8d34588e19c0df5d3c13d1ce1e33e74
"C:\Users\user\UI-TARS-desktop\public\kelly\phases\074\hook.png","hook.png","C:\Users\user\UI-TARS-desktop\public\kelly\phases\074",SUSPICIOUS,45.75,104,"facing to the left.png",1344x768,1158.85,f093e6d31dc40f667a3c85e6874a52bd8874bd0ee0d61eadf9101c1ec1ef5a90
"C:\Users\user\UI-TARS-desktop\public\kelly\phases\074\q1.png","q1.png","C:\Users\user\UI-TARS-desktop\public\kelly\phases\074",SUSPICIOUS,39.75,110,"profile of kelly.png",1344x768,1146.99,ed6d8f8fb1b254b656d39136966aba5b56519a69926992495259aa685528ad95
"C:\Users\user\UI-TARS-desktop\public\kelly\phases\074\q2.png","q2.png","C:\Users\user\UI-TARS-desktop\public\kelly\phases\074",SUSPICIOUS,49.5,100,"facing to the left.png",1344x768,1104.34,b099a329976250b72aa55db7a95a18c2f88515fdfa958dc8ddc9d88805d95ad5
"C:\Users\user\UI-TARS-desktop\public\kelly\phases\074\q3.png","q3.png","C:\Users\user\UI-TARS-desktop\public\kelly\phases\074",IMPOSTER,28.5,121,"Curious Kelly in final pose in Chair - UI elements will go on the side rails - Copy.png",1344x768,1097.5,a28cb235dd336ad2c32249e1ac8e5c47a4dd1d0eb8dd5fa8a052474aa3b77f32
"C:\Users\user\UI-TARS-desktop\public\kelly\phases\074\wisdom.png","wisdom.png","C:\Users\user\UI-TARS-desktop\public\kelly\phases\074",IMPOSTER,38.25,111,"Curious Kelly in final pose in Chair - UI elements will go on the side rails - Copy.png",1344x768,1132.5,a548ac93d9b6433e3da1e3a0139dd86e12f4fb4986c3324ec6d912d976db124b
"C:\Users\user\UI-TARS-desktop\public\kelly\phases\075\hook.png","hook.png","C:\Users\user\UI-TARS-desktop\public\kelly\phases\075",SUSPICIOUS,52.5,97,"neutral face with hair.png",1344x768,1186.19,a534e40454c90edbee5e1fc907e9da195e06cb2613bfa9731e26f9620536f0b2
"C:\Users\user\UI-TARS-desktop\public\kelly\phases\075\q2.png","q2.png","C:\Users\user\UI-TARS-desktop\public\kelly\phases\075",SUSPICIOUS,47.75,102,"head and shoulders without chair.png",1344x768,1144.91,e488f4a91e7553450360fe2313ff5b74c02205425ebfc9cadc8489d85f15fa7e
"C:\Users\user\UI-TARS-desktop\public\kelly\phases\075\q1.png","q1.png","C:\Users\user\UI-TARS-desktop\public\kelly\phases\075",IMPOSTER,30.5,119,"close up of face.jpeg",1344x768,1132.16,c569e5e9939730965cfb9342f38ed2011268d300d32d976496adb74df579c681
"C:\Users\user\UI-TARS-desktop\public\kelly\phases\075\q3.png","q3.png","C:\Users\user\UI-TARS-desktop\public\kelly\phases\075",IMPOSTER,35.75,114,"profile of kelly.png",1344x768,1116.36,a634a4c6d9db10192ebdd5c2b12b1abdd161bd66d3a49b30d176abe653208af4
"C:\Users\user\UI-TARS-desktop\public\kelly\phases\075\wisdom.png","wisdom.png","C:\Users\user\UI-TARS-desktop\public\kelly\phases\075",SUSPICIOUS,44.5,105,"facing to the left.png",1344x768,1140.74,a2dca2309e235defe0f65936c3c89cea59d3a499580ce1955dfab088d90d7743
"C:\Users\user\UI-TARS-desktop\public\kelly\phases\076\hook.png","hook.png","C:\Users\user\UI-TARS-desktop\public\kelly\phases\076",SUSPICIOUS,46.25,103,"Curious Kelly in final pose in Chair - UI elements will go on the side rails - Copy.png",1344x768,1112.4,f2c9f37c08261f82b01f10e71fa2a89d1cd9df88285dd79d9c890bd0bd3f4685
"C:\Users\user\UI-TARS-desktop\public\kelly\phases\076\q1.png","q1.png","C:\Users\user\UI-TARS-desktop\public\kelly\phases\076",SUSPICIOUS,52.75,97,"close up of face.jpeg",1344x768,1181.8,b90dfc2dccfb20f01842ee37c5e780c1233194b9dfc85b678d928729c6716673
"C:\Users\user\UI-TARS-desktop\public\kelly\phases\076\q2.png","q2.png","C:\Users\user\UI-TARS-desktop\public\kelly\phases\076",SUSPICIOUS,59.0,91,"Curious Kelly in final pose in Chair - UI elements will go on the side rails - Copy.png",1344x768,1133.96,f79bee2802746639836cfe66c22681725e4fc98788eadf8a909089dfdf2908d9
"C:\Users\user\UI-TARS-desktop\public\kelly\phases\076\q3.png","q3.png","C:\Users\user\UI-TARS-desktop\public\kelly\phases\076",SUSPICIOUS,50.75,99,"neutral face with hair.png",1344x768,1085.97,f8b3b38b87cc4b1621b8d59cc262ec7dcf40e477caa5966346339d210abd1555
"C:\Users\user\UI-TARS-desktop\public\kelly\phases\076\wisdom.png","wisdom.png","C:\Users\user\UI-TARS-desktop\public\kelly\phases\076",SUSPICIOUS,44.75,105,"facing to the left.png",1344x768,1087.03,f38de20c877648f336645b32a5575a7618ab94b76a59b1441c9fc80cc9d99dcc
"C:\Users\user\UI-TARS-desktop\public\kelly\phases\077\hook.png","hook.png","C:\Users\user\UI-TARS-desktop\public\kelly\phases\077",SUSPICIOUS,40.0,110,"neutral face with hair.png",1344x768,1164.08,bf24fec8819bc1f60e8bd011be38d1738b87fc640b2f8a70df6c832d9a245b64
"C:\Users\user\UI-TARS-desktop\public\kelly\phases\077\q2.png","q2.png","C:\Users\user\UI-TARS-desktop\public\kelly\phases\077",SUSPICIOUS,50.0,100,"head and shoulders without chair.png",1344x768,1138.23,b1cdd39d06140b32e9794ea3a4335bfbbcd5494edca588d38d48d4a54a46b54e
"C:\Users\user\UI-TARS-desktop\public\kelly\phases\077\q1.png","q1.png","C:\Users\user\UI-TARS-desktop\public\kelly\phases\077",SUSPICIOUS,50.75,99,"facing to the left.png",1344x768,1121.12,f3dee37c1c355c2a02f7bf511c2269ef1c521c87fc2901e3ba420c9ddfe98806
"C:\Users\user\UI-TARS-desktop\public\kelly\phases\077\wisdom.png","wisdom.png","C:\Users\user\UI-TARS-desktop\public\kelly\phases\077",IMPOSTER,35.25,114,"Curious Kelly in final pose in Chair - UI elements will go on the side rails - Copy.png",1344x768,1141.02,e2ccf7708f332005d6f394421adb8cd3fdc908cdedcc0e0ef0d10dc9be1d6329
"C:\Users\user\UI-TARS-desktop\public\kelly\phases\077\q3.png","q3.png","C:\Users\user\UI-TARS-desktop\public\kelly\phases\077",SUSPICIOUS,52.5,97,"Curious Kelly in final pose in Chair - UI elements will go on the side rails - Copy.png",1344x768,1158.84,a19aa6791e6d4a63fd6654a6f94055989dd25991d9bc195101ab40d53fd9f551
"C:\Users\user\UI-TARS-desktop\public\kelly\phases\078\hook.png","hook.png","C:\Users\user\UI-TARS-desktop\public\kelly\phases\078",SUSPICIOUS,48.5,101,"facing to the left.png",1344x768,1148.5,b3c9a7398c3648c72f689362f4451a76c9ef079a54b229cb5a95a5fd5898899a
"C:\Users\user\UI-TARS-desktop\public\kelly\phases\078\q3.png","q3.png","C:\Users\user\UI-TARS-desktop\public\kelly\phases\078",IMPOSTER,39.0,111,"facing to the left.png",1344x768,1148.32,a38db32c4c320e7799a7de0b8cf448cdc3c8ac9c59cea1ad677534262a70b52f
"C:\Users\user\UI-TARS-desktop\public\kelly\phases\078\q1.png","q1.png","C:\Users\user\UI-TARS-desktop\public\kelly\phases\078",SUSPICIOUS,40.0,110,"profile of kelly.png",1344x768,1135.24,e9528d349325366d9d35b234964db6afb654bc54b2da94dba25294da22d3c8d2
"C:\Users\user\UI-TARS-desktop\public\kelly\phases\078\q2.png","q2.png","C:\Users\user\UI-TARS-desktop\public\kelly\phases\078",IMPOSTER,34.25,115,"facing to the left.png",1344x768,1137.57,c104f040d8332f7d0ff580ebdd1ad2cc0dedbdc7d214880df2df0d00e2f72f2e
"C:\Users\user\UI-TARS-desktop\public\kelly\phases\079\hook.png","hook.png","C:\Users\user\UI-TARS-desktop\public\kelly\phases\079",SUSPICIOUS,42.0,108,"Curious Kelly in final pose in Chair - UI elements will go on the side rails - Copy.png",1344x768,1072.58,f699f3698a66ed96570983e6f87418781cf2c98f6a39cd8c69898880d9dd9c98
"C:\Users\user\UI-TARS-desktop\public\kelly\phases\078\wisdom.png","wisdom.png","C:\Users\user\UI-TARS-desktop\public\kelly\phases\078",SUSPICIOUS,52.0,98,"facing to the left.png",1344x768,1118.17,f288e33894764acf2f24d5f20a4ed0a74fdab0880bccfd1dd89989d8fc882fd4
"C:\Users\user\UI-TARS-desktop\public\kelly\phases\079\q2.png","q2.png","C:\Users\user\UI-TARS-desktop\public\kelly\phases\079",GOOD,64.5,85,"Curious Kelly in final pose in Chair - UI elements will go on the side rails - Copy.png",1344x768,1087.46,f799a659ca6670a69e65094eede6d2a6091ebdd8089fd9899998d8919d990d91
"C:\Users\user\UI-TARS-desktop\public\kelly\phases\079\q1.png","q1.png","C:\Users\user\UI-TARS-desktop\public\kelly\phases\079",SUSPICIOUS,53.75,96,"neutral face with hair.png",1344x768,1125.33,b276fdb2018df71c4d38c4cccf1c9460cc67cc64cc63cc63cc270c7373d33333
"C:\Users\user\UI-TARS-desktop\public\kelly\phases\079\q3.png","q3.png","C:\Users\user\UI-TARS-desktop\public\kelly\phases\079",SUSPICIOUS,45.0,105,"Curious Kelly in final pose in Chair - UI elements will go on the side rails - Copy.png",1344x768,1136.82,a3d8a31d5d27f0e2d37788235c869d430dd99dc8a8cf8dd5dc8889df909ce2a8
"C:\Users\user\UI-TARS-desktop\public\kelly\phases\079\wisdom.png","wisdom.png","C:\Users\user\UI-TARS-desktop\public\kelly\phases\079",GOOD,59.75,90,"Curious Kelly in final pose in Chair - UI elements will go on the side rails - Copy.png",1344x768,1090.98,a18de73d0e6674430367fcb28c47d9b68e9999c9dc8c8998dc8989d9cd9d12e8
"C:\Users\user\UI-TARS-desktop\public\kelly\phases\080\hook.png","hook.png","C:\Users\user\UI-TARS-desktop\public\kelly\phases\080",SUSPICIOUS,45.75,104,"Curious Kelly in final pose in Chair - UI elements will go on the side rails - Copy.png",1344x768,1163.59,e613e7c7daec002d3e4dfd4c83bbd80f19a0d795b13a0913b9b35b92c9b1803a
"C:\Users\user\UI-TARS-desktop\public\kelly\phases\080\q1.png","q1.png","C:\Users\user\UI-TARS-desktop\public\kelly\phases\080",SUSPICIOUS,42.75,107,"Curious Kelly in final pose in Chair - UI elements will go on the side rails - Copy.png",1344x768,1138.82,ec498c1a93b6746692bab346d0c99259722a8c6d334dccb659abac1765b769a6
"C:\Users\user\UI-TARS-desktop\public\kelly\phases\080\q2.png","q2.png","C:\Users\user\UI-TARS-desktop\public\kelly\phases\080",IMPOSTER,32.75,117,"facing to the left.png",1344x768,1138.36,b298bf298d66c2c3da76c556c18b081ef4d9dbdda98958d9ad8153c837703664
"C:\Users\user\UI-TARS-desktop\public\kelly\phases\080\q3.png","q3.png","C:\Users\user\UI-TARS-desktop\public\kelly\phases\080",SUSPICIOUS,54.75,95,"facing to the left.png",1344x768,1127.87,b2bbe6310c471fee627085a659ce8974c2ae5d83a41d59d8a5b159188dbb99d9
"C:\Users\user\UI-TARS-desktop\public\kelly\phases\080\wisdom.png","wisdom.png","C:\Users\user\UI-TARS-desktop\public\kelly\phases\080",SUSPICIOUS,54.75,95,"Curious Kelly in final pose in Chair - UI elements will go on the side rails - Copy.png",1344x768,1169.62,a29ca33d9f6210425626af66169358e6a5b65b46b8fc9d0d5dc7d8ba4949c995
"C:\Users\user\UI-TARS-desktop\public\kelly\phases\081\hook.png","hook.png","C:\Users\user\UI-TARS-desktop\public\kelly\phases\081",SUSPICIOUS,42.5,107,"neutral face with hair.png",1344x768,1149.79,ede4f6941e9b4259848c7ff9d39f0221c71918ed878ab9e4396910b4bb735432
"C:\Users\user\UI-TARS-desktop\public\kelly\phases\081\q2.png","q2.png","C:\Users\user\UI-TARS-desktop\public\kelly\phases\081",SUSPICIOUS,44.25,105,"neutral face with hair.png",1344x768,1166.34,e564e5ba86993648115bf1e90bcff8688833173bf99f1122bb348374fe674038
"C:\Users\user\UI-TARS-desktop\public\kelly\phases\081\q1.png","q1.png","C:\Users\user\UI-TARS-desktop\public\kelly\phases\081",SUSPICIOUS,41.0,109,"slightly turning her head.png",1344x768,1109.95,a873f9ce978c2632494c5ee88d3ec62486f14ef384634ea6a4634453fae5917d
"C:\Users\user\UI-TARS-desktop\public\kelly\phases\081\q3.png","q3.png","C:\Users\user\UI-TARS-desktop\public\kelly\phases\081",SUSPICIOUS,46.75,103,"Curious Kelly in final pose in Chair - UI elements will go on the side rails - Copy.png",1344x768,1130.03,e19be0cb1e487e05e6cca94852fddb8c017e58ff0b90fd2a8881df8cb83bc193
"C:\Users\user\UI-TARS-desktop\public\kelly\phases\081\wisdom.png","wisdom.png","C:\Users\user\UI-TARS-desktop\public\kelly\phases\081",IMPOSTER,33.75,116,"close up of face.jpeg",1344x768,1194.2,f879f9ba85c410e7f28ca9469ad3034e92c6bad1098b469f6f42c539cb39c636
"C:\Users\user\UI-TARS-desktop\public\kelly\phases\082\hook.png","hook.png","C:\Users\user\UI-TARS-desktop\public\kelly\phases\082",SUSPICIOUS,41.25,108,"close up of face.jpeg",1344x768,1124.41,ac4bc5a991b67b76d7b6ba52514c8a6383491249d2498a7b3dc82a156cbae5be
"C:\Users\user\UI-TARS-desktop\public\kelly\phases\082\q1.png","q1.png","C:\Users\user\UI-TARS-desktop\public\kelly\phases\082",SUSPICIOUS,45.25,104,"Curious Kelly in final pose in Chair - UI elements will go on the side rails - Copy.png",1344x768,1146.05,f099a6295b664f82a72357c7099395864ac9afd159c8bdcd8ad449e89c9da59a
"C:\Users\user\UI-TARS-desktop\public\kelly\phases\082\q2.png","q2.png","C:\Users\user\UI-TARS-desktop\public\kelly\phases\082",IMPOSTER,37.25,112,"neutral face with hair.png",1344x768,1101.87,e536e49ed4cb3a159099c16b1f1d3b2d8f249b33bb261316ab67bcb2045e4683
"C:\Users\user\UI-TARS-desktop\public\kelly\phases\082\q3.png","q3.png","C:\Users\user\UI-TARS-desktop\public\kelly\phases\082",IMPOSTER,38.0,112,"neutral face with hair.png",1344x768,1139.06,f026fce6d6d906013cc891d9f84907c1fd2193f4fb3699f61b20db3c15e601f4
"C:\Users\user\UI-TARS-desktop\public\kelly\phases\083\hook.png","hook.png","C:\Users\user\UI-TARS-desktop\public\kelly\phases\083",SUSPICIOUS,43.75,106,"facing to the left.png",1344x768,1088.67,a2d8b37df827df827c34c0239f965a88a1ff0889f80987dcf8c98dfc5a8884dc
"C:\Users\user\UI-TARS-desktop\public\kelly\phases\082\wisdom.png","wisdom.png","C:\Users\user\UI-TARS-desktop\public\kelly\phases\082",SUSPICIOUS,44.0,106,"Curious Kelly in final pose in Chair - UI elements will go on the side rails - Copy.png",1344x768,1142.54,a3dda7145e2228fb0677b5325833296384da5a83adeddc8e85ccd8c915dabd88
"C:\Users\user\UI-TARS-desktop\public\kelly\phases\083\q1.png","q1.png","C:\Users\user\UI-TARS-desktop\public\kelly\phases\083",IMPOSTER,33.75,116,"Curious Kelly in final pose in Chair - UI elements will go on the side rails - Copy.png",1344x768,1130.71,e4d9a92f13b7bcb65f221f60b24656f2ab461149964db648d249bb49de495649
"C:\Users\user\UI-TARS-desktop\public\kelly\phases\083\q2.png","q2.png","C:\Users\user\UI-TARS-desktop\public\kelly\phases\083",SUSPICIOUS,47.25,102,"neutral face with hair.png",1344x768,1075.05,a525a6845ed828b9ac83d4d8e839afc9287dea161ab09b3f9876db211b269f2e
"C:\Users\user\UI-TARS-desktop\public\kelly\phases\083\q3.png","q3.png","C:\Users\user\UI-TARS-desktop\public\kelly\phases\083",IMPOSTER,31.5,118,"Curious Kelly in final pose in Chair - UI elements will go on the side rails - Copy.png",1344x768,1180.0,e227ee1695c974aa2ad91a1bc2b71dc9ebc9d50a0ba0f83f1bf4c3259d2e8324
"C:\Users\user\UI-TARS-desktop\public\kelly\phases\083\wisdom.png","wisdom.png","C:\Users\user\UI-TARS-desktop\public\kelly\phases\083",SUSPICIOUS,46.5,103,"Curious Kelly in final pose in Chair - UI elements will go on the side rails - Copy.png",1344x768,1137.73,b308a17a1e766cafe56ad3761c9ba9ca4de4ac19dac99184ca9b958849ddbc88
"C:\Users\user\UI-TARS-desktop\public\kelly\phases\084\hook.png","hook.png","C:\Users\user\UI-TARS-desktop\public\kelly\phases\084",SUSPICIOUS,39.5,110,"Curious Kelly in final pose in Chair - UI elements will go on the side rails - Copy.png",1344x768,1062.88,e00ca4855f3282567e1ba50b1a93d7463beddf03b1ad0f41f30c0f6dd7069b2d
"C:\Users\user\UI-TARS-desktop\public\kelly\phases\084\q1.png","q1.png","C:\Users\user\UI-TARS-desktop\public\kelly\phases\084",GOOD,62.5,87,"Curious Kelly in final pose in Chair - UI elements will go on the side rails - Copy.png",1344x768,1078.43,a393ae7b56e4e8ce246dc24660bfdf4434a8cbdd150119baf055199a8f2bd991
"C:\Users\user\UI-TARS-desktop\public\kelly\phases\084\q2.png","q2.png","C:\Users\user\UI-TARS-desktop\public\kelly\phases\084",SUSPICIOUS,50.0,100,"Curious Kelly in final pose in Chair - UI elements will go on the side rails - Copy.png",1344x768,1215.27,e195e679d6670343d06e1dccdf26e0620edfe1f48c01189ed9f19d13e1a3c3d0
"C:\Users\user\UI-TARS-desktop\public\kelly\phases\084\wisdom.png","wisdom.png","C:\Users\user\UI-TARS-desktop\public\kelly\phases\084",SUSPICIOUS,46.25,103,"Curious Kelly in final pose in Chair - UI elements will go on the side rails - Copy.png",1344x768,1134.2,f49eb33c4b230f65786449d7cfd678ed090dc0d81fcef81a00b9b409a63e6273
"C:\Users\user\UI-TARS-desktop\public\kelly\phases\084\q3.png","q3.png","C:\Users\user\UI-TARS-desktop\public\kelly\phases\084",IMPOSTER,38.75,111,"head and shoulders without chair.png",1344x768,1136.88,e7b2fed218cd1964f0149baf39328984d53339f28393c539c3d6543ee360c6cc
"C:\Users\user\UI-TARS-desktop\public\kelly\phases\085\hook.png","hook.png","C:\Users\user\UI-TARS-desktop\public\kelly\phases\085",IMPOSTER,38.5,111,"Curious Kelly in final pose in Chair - UI elements will go on the side rails - Copy.png",1344x768,1113.85,f78df62409735fa2b2b61f22e1fe5f23a5975f58a0ac5d9e80d409c848dd8690
"C:\Users\user\UI-TARS-desktop\public\kelly\phases\085\q1.png","q1.png","C:\Users\user\UI-TARS-desktop\public\kelly\phases\085",SUSPICIOUS,40.25,109,"Curious Kelly in final pose in Chair - UI elements will go on the side rails - Copy.png",1344x768,1082.57,b348a33a0c335ee1a44f0e56d1e35c8f85e45c4dd4cc2aa89ddcd5dcdaac2f88
"C:\Users\user\UI-TARS-desktop\public\kelly\phases\085\q3.png","q3.png","C:\Users\user\UI-TARS-desktop\public\kelly\phases\085",SUSPICIOUS,56.5,93,"facing to the left.png",1344x768,1138.36,a299a329ca7648461667aa6255c3ee3e8daefcda9528ea8d9dd89d8dd8d8808d
"C:\Users\user\UI-TARS-desktop\public\kelly\phases\085\wisdom.png","wisdom.png","C:\Users\user\UI-TARS-desktop\public\kelly\phases\085",IMPOSTER,28.25,121,"close up of face.jpeg",1344x768,1141.44,a52ca4d8189b4bb6d6cabb1752c6fb7956645225a375d40d0cae05f2ec992cd6
"C:\Users\user\UI-TARS-desktop\public\kelly\phases\085\q2.png","q2.png","C:\Users\user\UI-TARS-desktop\public\kelly\phases\085",SUSPICIOUS,50.75,99,"neutral face with hair.png",1344x768,1146.24,a92ca6230ecb5f1faac6f44d0ecde84af3850a8dd8ba9b90da26993a55b349f0
"C:\Users\user\UI-TARS-desktop\public\kelly\phases\086\hook.png","hook.png","C:\Users\user\UI-TARS-desktop\public\kelly\phases\086",SUSPICIOUS,50.0,100,"Curious Kelly in final pose in Chair - UI elements will go on the side rails - Copy.png",1344x768,1106.9,a119a7b55e76498f6241870658b2adcdded64c19e5a9189cf58948d8bd9d5aa9
"C:\Users\user\UI-TARS-desktop\public\kelly\phases\086\q2.png","q2.png","C:\Users\user\UI-TARS-desktop\public\kelly\phases\086",IMPOSTER,37.0,113,"neutral face with hair.png",1344x768,1188.45,f0ccf30441b22f3c5f3be959d4b12f5890560ee3cc2f04fca8cefc002aaf4fe2
"C:\Users\user\UI-TARS-desktop\public\kelly\phases\086\q1.png","q1.png","C:\Users\user\UI-TARS-desktop\public\kelly\phases\086",IMPOSTER,33.25,116,"profile of kelly.png",1344x768,1180.96,cd5d8d0191b6fef6f59cd1f3fae8d25ef6c22a99134702451249924b1241db4d
"C:\Users\user\UI-TARS-desktop\public\kelly\phases\086\q3.png","q3.png","C:\Users\user\UI-TARS-desktop\public\kelly\phases\086",SUSPICIOUS,52.0,98,"Curious Kelly in final pose in Chair - UI elements will go on the side rails - Copy.png",1344x768,1126.08,e19df2098e66b02fea629f76b88a9846b7a69e5958874d98c998499f0989ddd8
"C:\Users\user\UI-TARS-desktop\public\kelly\phases\086\wisdom.png","wisdom.png","C:\Users\user\UI-TARS-desktop\public\kelly\phases\086",SUSPICIOUS,48.0,102,"Curious Kelly in final pose in Chair - UI elements will go on the side rails - Copy.png",1344x768,1127.78,f109e5b18e66592e44d4a766582987e35a5ca5c758599a55b5a9d8588d9bd999
"C:\Users\user\UI-TARS-desktop\public\kelly\phases\087\q2.png","q2.png","C:\Users\user\UI-TARS-desktop\public\kelly\phases\087",IMPOSTER,36.75,113,"neutral face with hair.png",1344x768,1207.6,a56da58597922ee654c8a059f58b0ed8e0db040fee94dddba857532e9be1a815
"C:\Users\user\UI-TARS-desktop\public\kelly\phases\087\hook.png","hook.png","C:\Users\user\UI-TARS-desktop\public\kelly\phases\087",SUSPICIOUS,43.25,106,"Curious Kelly in final pose in Chair - UI elements will go on the side rails - Copy.png",1344x768,1092.43,a389f52a9d770e85405a9d2cd5d24c8dc9deac88dd3dc1d9ca1dacb1672ba254
"C:\Users\user\UI-TARS-desktop\public\kelly\phases\087\q1.png","q1.png","C:\Users\user\UI-TARS-desktop\public\kelly\phases\087",IMPOSTER,38.25,111,"profile of kelly.png",1344x768,1140.87,e465af4950b354b24c92bb5954e2b5089f57ab6cb9695aa4ab555aec526c5b44
"C:\Users\user\UI-TARS-desktop\public\kelly\phases\087\wisdom.png","wisdom.png","C:\Users\user\UI-TARS-desktop\public\kelly\phases\087",SUSPICIOUS,44.0,106,"facing to the left.png",1344x768,1187.09,f3d9e73dde760ec8546780a2ec1e0b875cd8ddc1098ae8900d9df95b0aa8fc0e
"C:\Users\user\UI-TARS-desktop\public\kelly\phases\087\q3.png","q3.png","C:\Users\user\UI-TARS-desktop\public\kelly\phases\087",SUSPICIOUS,43.0,107,"Curious Kelly in final pose in Chair - UI elements will go on the side rails - Copy.png",1344x768,1120.59,a7d3e67308a69dce62d81f2c89d9f989098840f9bf91c1ac3fd7c4612b0ef4d0
"C:\Users\user\UI-TARS-desktop\public\kelly\phases\088\hook.png","hook.png","C:\Users\user\UI-TARS-desktop\public\kelly\phases\088",IMPOSTER,35.0,115,"close up of kellys eyes.png",1344x768,1201.77,876c1cc4bd93a1345c92d2daabe2db921f7cfa4c1e67d37c82381a69c3698e41
"C:\Users\user\UI-TARS-desktop\public\kelly\phases\088\q1.png","q1.png","C:\Users\user\UI-TARS-desktop\public\kelly\phases\088",IMPOSTER,37.75,112,"Curious Kelly in final pose in Chair - UI elements will go on the side rails - Copy.png",1344x768,1145.63,979930f18a26cf4e26715866a7535bde85e648aaf70958889589d8d7958cdad9
"C:\Users\user\UI-TARS-desktop\public\kelly\phases\088\q2.png","q2.png","C:\Users\user\UI-TARS-desktop\public\kelly\phases\088",SUSPICIOUS,45.75,104,"facing to the left.png",1344x768,1210.94,d6989339c9775cce0a6ffde28b0cc8d01dc510178b59d995f9930bb9f91904d8
"C:\Users\user\UI-TARS-desktop\public\kelly\phases\089\hook.png","hook.png","C:\Users\user\UI-TARS-desktop\public\kelly\phases\089",SUSPICIOUS,56.5,93,"Curious Kelly in final pose in Chair - UI elements will go on the side rails - Copy.png",1344x768,1053.4,a19886295c6476c7a76648a6cd66c79a99a9cd9999998998d9998d9b70dd27c9
"C:\Users\user\UI-TARS-desktop\public\kelly\phases\088\wisdom.png","wisdom.png","C:\Users\user\UI-TARS-desktop\public\kelly\phases\088",IMPOSTER,28.25,121,"close up of kellys eyes.png",1344x768,1152.82,93dd937d8533c9d3157a9cd7480984dfee585dac88dddc4c048cbfd47888a710
"C:\Users\user\UI-TARS-desktop\public\kelly\phases\088\q3.png","q3.png","C:\Users\user\UI-TARS-desktop\public\kelly\phases\088",IMPOSTER,36.5,113,"close up of kellys eyes.png",1344x768,1151.92,91c93f00ad264d5e234fd274ed1cc5ddccb61e9881ac5a9e84f15b4f2ad0f278
"C:\Users\user\UI-TARS-desktop\public\kelly\phases\089\q1.png","q1.png","C:\Users\user\UI-TARS-desktop\public\kelly\phases\089",SUSPICIOUS,41.5,108,"Curious Kelly in final pose in Chair - UI elements will go on the side rails - Copy.png",1344x768,1112.28,a199f2799b6653a6a272d3665f029a6665178a4a71949d68e19b9dacb49bcb84
"C:\Users\user\UI-TARS-desktop\public\kelly\phases\089\q2.png","q2.png","C:\Users\user\UI-TARS-desktop\public\kelly\phases\089",SUSPICIOUS,53.75,96,"neutral face with hair.png",1344x768,1135.41,fdb9a67546ce37b2b4e60bdce64d24e56646a4dc944159dc9b0999650ec8e116
"C:\Users\user\UI-TARS-desktop\public\kelly\phases\089\wisdom.png","wisdom.png","C:\Users\user\UI-TARS-desktop\public\kelly\phases\089",SUSPICIOUS,58.75,91,"Curious Kelly in final pose in Chair - UI elements will go on the side rails - Copy.png",1344x768,1005.89,e799b259ce66618e36638c66999c9966cd93ce19998dc99c98d9999889999999
"C:\Users\user\UI-TARS-desktop\public\kelly\phases\089\q3.png","q3.png","C:\Users\user\UI-TARS-desktop\public\kelly\phases\089",IMPOSTER,36.5,113,"head and shoulders without chair.png",1344x768,1100.67,b3ccb36e4fb3e47fa3720bb3c581c7c4cac3a8b814ec58c28cccd7c85c868d4c
"C:\Users\user\UI-TARS-desktop\public\kelly\phases\090\hook.png","hook.png","C:\Users\user\UI-TARS-desktop\public\kelly\phases\090",SUSPICIOUS,43.75,106,"facing to the left.png",1344x768,1109.03,f499f67d83673f86f0731ee6b9944f67803a5f62a14f08909f51d1ea580c85d0
"C:\Users\user\UI-TARS-desktop\public\kelly\phases\090\q1.png","q1.png","C:\Users\user\UI-TARS-desktop\public\kelly\phases\090",SUSPICIOUS,42.0,108,"profile of kelly.png",1344x768,1195.45,e200aae618da4ea555d9b95a5aa79f55517973269b6251e693b5132293e6aa74
"C:\Users\user\UI-TARS-desktop\public\kelly\phases\090\q2.png","q2.png","C:\Users\user\UI-TARS-desktop\public\kelly\phases\090",IMPOSTER,32.5,117,"slightly turning her head.png",1344x768,1140.34,f8efed2017b624ddee180f46d6bb06d9fc48869de0d4461bf19901bef3369100
"C:\Users\user\UI-TARS-desktop\public\kelly\phases\090\q3.png","q3.png","C:\Users\user\UI-TARS-desktop\public\kelly\phases\090",SUSPICIOUS,46.75,103,"Curious Kelly in final pose in Chair - UI elements will go on the side rails - Copy.png",1344x768,1120.26,a389a239587658642707d0e21fd085cfd8bea7d9d9fd8d8c1ed195194a8ba574
"C:\Users\user\UI-TARS-desktop\public\kelly\phases\091\q1.png","q1.png","C:\Users\user\UI-TARS-desktop\public\kelly\phases\091",SUSPICIOUS,57.25,92,"facing to the left.png",1344x768,1165.09,e098a63956616a55a669d5666a644e66b72ca06f625697369da2d93cda9685c7
"C:\Users\user\UI-TARS-desktop\public\kelly\phases\091\hook.png","hook.png","C:\Users\user\UI-TARS-desktop\public\kelly\phases\091",SUSPICIOUS,46.0,104,"Curious Kelly in final pose in Chair - UI elements will go on the side rails - Copy.png",1344x768,1091.72,a2dda33c9e227ee3eb269573ffc188a7c1daaa8c51c9889c5e8b8948de846d28
"C:\Users\user\UI-TARS-desktop\public\kelly\phases\090\wisdom.png","wisdom.png","C:\Users\user\UI-TARS-desktop\public\kelly\phases\090",SUSPICIOUS,46.5,103,"Curious Kelly in final pose in Chair - UI elements will go on the side rails - Copy.png",1344x768,1136.79,a159b51942f34f21e3465f7243b6ad47f20b0e96ed05763a0b66f1501f63e0b3
"C:\Users\user\UI-TARS-desktop\public\kelly\phases\091\q2.png","q2.png","C:\Users\user\UI-TARS-desktop\public\kelly\phases\091",SUSPICIOUS,44.0,106,"facing to the left.png",1344x768,1113.25,a3cda538dd3306660bf3dcb70f4ffcd10bce9cc0c84cdc9c0bc0154cf2b42b47
"C:\Users\user\UI-TARS-desktop\public\kelly\phases\091\q3.png","q3.png","C:\Users\user\UI-TARS-desktop\public\kelly\phases\091",SUSPICIOUS,48.75,101,"facing to the left.png",1344x768,1143.36,f093f1c3d76446d827e1d864811cde0cadb65fbbcb1189a081b14bd39d9b5e13
"C:\Users\user\UI-TARS-desktop\public\kelly\phases\092\q1.png","q1.png","C:\Users\user\UI-TARS-desktop\public\kelly\phases\092",IMPOSTER,38.75,111,"head and shoulders without chair.png",1344x768,1151.51,eb96a9e614694b2bb8e53e1bb8adaa358f8696da1292d6c3569216e251d22de2
"C:\Users\user\UI-TARS-desktop\public\kelly\phases\092\hook.png","hook.png","C:\Users\user\UI-TARS-desktop\public\kelly\phases\092",SUSPICIOUS,42.0,108,"Curious Kelly in final pose in Chair - UI elements will go on the side rails - Copy.png",1344x768,1106.64,f63ba67f8ee458e6a42eaecc0b87703a01aefa950a07f1ab0e11c80ddde39f10
"C:\Users\user\UI-TARS-desktop\public\kelly\phases\092\q2.png","q2.png","C:\Users\user\UI-TARS-desktop\public\kelly\phases\092",IMPOSTER,28.5,121,"facing to the left.png",1344x768,1133.13,ef49eab118b64706c5b6aab6150a92163ae982c9ff4d92cdf3ea1041970dfae2
"C:\Users\user\UI-TARS-desktop\public\kelly\phases\091\wisdom.png","wisdom.png","C:\Users\user\UI-TARS-desktop\public\kelly\phases\091",SUSPICIOUS,44.75,105,"Curious Kelly in final pose in Chair - UI elements will go on the side rails - Copy.png",1344x768,1155.78,f79df678cb6359e632300f76d98e80ab5ddd809158ddad904809b5bd49804a7d
"C:\Users\user\UI-TARS-desktop\public\kelly\phases\092\wisdom.png","wisdom.png","C:\Users\user\UI-TARS-desktop\public\kelly\phases\092",IMPOSTER,37.5,112,"facing to the left.png",1344x768,1167.42,a5b6e6628acd2488fe4dd549a8c91fa9601c9b5b9165d115bb3c1922d2f3bd4e
"C:\Users\user\UI-TARS-desktop\public\kelly\phases\092\q3.png","q3.png","C:\Users\user\UI-TARS-desktop\public\kelly\phases\092",SUSPICIOUS,40.0,110,"facing to the left.png",1344x768,1166.34,f14cf91885fb22276e37fff280f24ea3a42d0bdc9858978b8ded5c84089caad8
"C:\Users\user\UI-TARS-desktop\public\kelly\phases\093\hook.png","hook.png","C:\Users\user\UI-TARS-desktop\public\kelly\phases\093",GOOD,61.25,88,"Curious Kelly in final pose in Chair - UI elements will go on the side rails - Copy.png",1344x768,1128.89,e319e72f9e665a63a865d5660c1edac43d3ec0c1899ddc98c1f31c19dd90c29b
"C:\Users\user\UI-TARS-desktop\public\kelly\phases\093\q1.png","q1.png","C:\Users\user\UI-TARS-desktop\public\kelly\phases\093",IMPOSTER,34.25,115,"neutral face with hair.png",1344x768,1148.9,f867f1e2c1994f95135bf908029cf718213c338a7f5d161015baae955e7a0d5b
"C:\Users\user\UI-TARS-desktop\public\kelly\phases\093\q2.png","q2.png","C:\Users\user\UI-TARS-desktop\public\kelly\phases\093",SUSPICIOUS,42.5,107,"facing to the left.png",1344x768,1099.18,e05ae92b95642ebde10712e4fe7d00def24a1271921bd6cb16c8a01bff330fa9
"C:\Users\user\UI-TARS-desktop\public\kelly\phases\093\q3.png","q3.png","C:\Users\user\UI-TARS-desktop\public\kelly\phases\093",IMPOSTER,38.75,111,"head and shoulders without chair.png",1344x768,1134.67,b4cdb354493386737f64503bafc3cb6d5e5235614bdabd8509589c8dc9c888cc
"C:\Users\user\UI-TARS-desktop\public\kelly\phases\093\wisdom.png","wisdom.png","C:\Users\user\UI-TARS-desktop\public\kelly\phases\093",SUSPICIOUS,58.75,91,"Curious Kelly in final pose in Chair - UI elements will go on the side rails - Copy.png",1344x768,1117.34,a35ba6015a64a9ae416efe64d4a61cd2e9ce55a0e85397dad0b8ad53d589e998
"C:\Users\user\UI-TARS-desktop\public\kelly\phases\094\hook.png","hook.png","C:\Users\user\UI-TARS-desktop\public\kelly\phases\094",IMPOSTER,28.5,121,"Curious Kelly in final pose in Chair - UI elements will go on the side rails - Copy.png",1344x768,1224.37,dfc8ff10dd660a6d607695770e0ce83a41d381dd9d8d4880bd9d09dc729db570
"C:\Users\user\UI-TARS-desktop\public\kelly\phases\094\q1.png","q1.png","C:\Users\user\UI-TARS-desktop\public\kelly\phases\094",IMPOSTER,36.25,113,"close up of kellys eyes.png",1344x768,1150.22,f815b0629765b38e5986cb19cd9cb64c661acf26a64b8f32c67ccd339662cb12
"C:\Users\user\UI-TARS-desktop\public\kelly\phases\094\q2.png","q2.png","C:\Users\user\UI-TARS-desktop\public\kelly\phases\094",SUSPICIOUS,39.75,110,"neutral face with hair.png",1344x768,1188.72,ff33fcfae28c23fa3dc3c00dbe6881c143e09e22b1611d2fda3e01025e3c7fe0
"C:\Users\user\UI-TARS-desktop\public\kelly\phases\094\q3.png","q3.png","C:\Users\user\UI-TARS-desktop\public\kelly\phases\094",IMPOSTER,21.5,128,"close up of kellys eyes.png",1344x768,1168.3,ab1729565548459a2eab1fc515e60bf9c2997479f03ee815d41f1927bb909ba2
"C:\Users\user\UI-TARS-desktop\public\kelly\phases\094\wisdom.png","wisdom.png","C:\Users\user\UI-TARS-desktop\public\kelly\phases\094",SUSPICIOUS,40.0,110,"close up of face.jpeg",1344x768,1177.05,a969aa2555d1558e53a5a3de86524faea225ae7b8a13c6d2ee32a64b92f9509c
"C:\Users\user\UI-TARS-desktop\public\kelly\phases\095\q1.png","q1.png","C:\Users\user\UI-TARS-desktop\public\kelly\phases\095",IMPOSTER,32.25,117,"neutral face with hair.png",1344x768,1105.78,a324a6e50cdb5de2a099158be8531f9b28e593161b739ba653659aa49b6ad56a
"C:\Users\user\UI-TARS-desktop\public\kelly\phases\095\hook.png","hook.png","C:\Users\user\UI-TARS-desktop\public\kelly\phases\095",SUSPICIOUS,45.25,104,"Curious Kelly in final pose in Chair - UI elements will go on the side rails - Copy.png",1344x768,1109.59,b3cde23589335ce2f2220a77b7f3f9425027a5d95b49b49d584e8d889c95494d
"C:\Users\user\UI-TARS-desktop\public\kelly\phases\095\q2.png","q2.png","C:\Users\user\UI-TARS-desktop\public\kelly\phases\095",SUSPICIOUS,54.25,95,"facing to the left.png",1344x768,1093.5,e79be4791e647f7e806ed9a45fc0c9e6863b599b091880995d98899bd9998991
"C:\Users\user\UI-TARS-desktop\public\kelly\phases\096\hook.png","hook.png","C:\Users\user\UI-TARS-desktop\public\kelly\phases\096",IMPOSTER,35.75,114,"facing to the left.png",1344x768,1090.75,e44ded911cb21326a9661cb647ba3956d68e13e2af51548df3ce8e7153a9806d
"C:\Users\user\UI-TARS-desktop\public\kelly\phases\095\q3.png","q3.png","C:\Users\user\UI-TARS-desktop\public\kelly\phases\095",SUSPICIOUS,51.5,98,"Curious Kelly in final pose in Chair - UI elements will go on the side rails - Copy.png",1344x768,1142.46,a31da2719d3659e7686ae354d4372daf81f05c0fae5141bc99414a99be9d09d9
"C:\Users\user\UI-TARS-desktop\public\kelly\phases\095\wisdom.png","wisdom.png","C:\Users\user\UI-TARS-desktop\public\kelly\phases\095",IMPOSTER,35.5,114,"neutral face with hair.png",1344x768,1194.54,b066b083c39d7d5a338e8b987b0d011db6984fe4b45b4b6ca4975ef48e6884e7
"C:\Users\user\UI-TARS-desktop\public\kelly\phases\096\q1.png","q1.png","C:\Users\user\UI-TARS-desktop\public\kelly\phases\096",SUSPICIOUS,40.0,110,"facing to the left.png",1344x768,1190.32,f788ff608776a2c7a770d072849b5f7e688609c9fd8c09cde895089cf9d006ab
"C:\Users\user\UI-TARS-desktop\public\kelly\phases\096\q2.png","q2.png","C:\Users\user\UI-TARS-desktop\public\kelly\phases\096",SUSPICIOUS,46.5,103,"head and shoulders without chair.png",1344x768,1174.67,b1c0e28d863e0f30cb61d4330e7bd82585c9dcce8cecdc570fe8f46eaac2d447
"C:\Users\user\UI-TARS-desktop\public\kelly\phases\097\hook.png","hook.png","C:\Users\user\UI-TARS-desktop\public\kelly\phases\097",SUSPICIOUS,56.25,93,"Curious Kelly in final pose in Chair - UI elements will go on the side rails - Copy.png",1344x768,1144.72,a3d8ab190e2608622a6595e64aceb9665c5ef2951dcaf0fc9e1dd58388dd1d99
"C:\Users\user\UI-TARS-desktop\public\kelly\phases\096\wisdom.png","wisdom.png","C:\Users\user\UI-TARS-desktop\public\kelly\phases\096",SUSPICIOUS,57.5,92,"Curious Kelly in final pose in Chair - UI elements will go on the side rails - Copy.png",1344x768,1161.28,e799a271ca661e6e146e8a6ef8e4c54e8f54c4961e78e1821eb1e1bac99ad8b1
"C:\Users\user\UI-TARS-desktop\public\kelly\phases\096\q3.png","q3.png","C:\Users\user\UI-TARS-desktop\public\kelly\phases\096",IMPOSTER,29.25,120,"close up of face.jpeg",1344x768,1175.47,9f8abc0ab05e42f565e9ca399372e3cc03e575c6abba45908344d7d6a38d45aa
"C:\Users\user\UI-TARS-desktop\public\kelly\phases\097\q2.png","q2.png","C:\Users\user\UI-TARS-desktop\public\kelly\phases\097",IMPOSTER,33.25,116,"Curious Kelly in final pose in Chair - UI elements will go on the side rails - Copy.png",1344x768,1222.82,e2d4f490bd930b7b17da7e12c0f01f430c4ee9db0f524927e9650ff8f40383e4
"C:\Users\user\UI-TARS-desktop\public\kelly\phases\097\q1.png","q1.png","C:\Users\user\UI-TARS-desktop\public\kelly\phases\097",IMPOSTER,35.25,114,"slightly turning her head.png",1344x768,1168.28,b575be2a427869e10966e30dc249c35b534cf28fc25b869ff69707d0f0939c86
"C:\Users\user\UI-TARS-desktop\public\kelly\phases\097\q3.png","q3.png","C:\Users\user\UI-TARS-desktop\public\kelly\phases\097",IMPOSTER,34.25,115,"profile of kelly.png",1344x768,1163.0,c5cbedf993b61216e187bab4e2dc3bb8c2763b89123dc6481a5dd3880249de4b
"C:\Users\user\UI-TARS-desktop\public\kelly\phases\097\wisdom.png","wisdom.png","C:\Users\user\UI-TARS-desktop\public\kelly\phases\097",GOOD,60.0,90,"facing to the left.png",1344x768,1156.85,a3d9f711d4264ee22a6c1f66e4a65aa6a5665ad8ad0a81ffda90a5c25a18a9d7
"C:\Users\user\UI-TARS-desktop\public\kelly\phases\098\hook.png","hook.png","C:\Users\user\UI-TARS-desktop\public\kelly\phases\098",SUSPICIOUS,52.0,98,"Curious Kelly in final pose in Chair - UI elements will go on the side rails - Copy.png",1344x768,1219.14,a09db729c26662555f27c9660f42fa9a88cddc8d88be9d91d9888fdbf4a82d0c
"C:\Users\user\UI-TARS-desktop\public\kelly\phases\098\q1.png","q1.png","C:\Users\user\UI-TARS-desktop\public\kelly\phases\098",SUSPICIOUS,48.0,102,"facing to the left.png",1344x768,1127.03,f117f9c8066c6e7359f28e4f4772703637c3d81ef990300e933c1788e07c1f0f
"C:\Users\user\UI-TARS-desktop\public\kelly\phases\098\q2.png","q2.png","C:\Users\user\UI-TARS-desktop\public\kelly\phases\098",SUSPICIOUS,50.25,99,"head and shoulders without chair.png",1344x768,1113.24,f4c1b0409b1446afdf3a89b6f81f8df1dc8999dde815c84917e1f7280045fcc7
"C:\Users\user\UI-TARS-desktop\public\kelly\phases\098\q3.png","q3.png","C:\Users\user\UI-TARS-desktop\public\kelly\phases\098",SUSPICIOUS,51.25,98,"facing to the left.png",1344x768,1176.36,a789a3395e666861a761de06c36ee163e23a855ac88785bc58d29cbd5bd09d5a
"C:\Users\user\UI-TARS-desktop\public\kelly\phases\098\wisdom.png","wisdom.png","C:\Users\user\UI-TARS-desktop\public\kelly\phases\098",SUSPICIOUS,46.5,103,"facing to the left.png",1344x768,1085.62,e08df3711d721ee6f2358d621d8aaa94cccbad88d8cc1ddc845959c9b8d67709
"C:\Users\user\UI-TARS-desktop\public\kelly\phases\099\q1.png","q1.png","C:\Users\user\UI-TARS-desktop\public\kelly\phases\099",IMPOSTER,36.5,113,"head and shoulders without chair.png",1344x768,1089.89,a54da5151a32e4617536ca33fcc394270bd2bc2d0bccfc5c0cebd8dcc85cdc8d
"C:\Users\user\UI-TARS-desktop\public\kelly\phases\099\hook.png","hook.png","C:\Users\user\UI-TARS-desktop\public\kelly\phases\099",SUSPICIOUS,44.25,105,"head and shoulders without chair.png",1344x768,1113.63,f4b6f43f1cc9c369e5c4fc890a181d37e10153903c2df05a1f37d865df728836
"C:\Users\user\UI-TARS-desktop\public\kelly\phases\099\q2.png","q2.png","C:\Users\user\UI-TARS-desktop\public\kelly\phases\099",IMPOSTER,36.5,113,"neutral face with hair.png",1344x768,1164.94,a565a6c4c58a44c608d8f9710a89d5adab15d56b9abb9b36f3251f31f8a6c326
"C:\Users\user\UI-TARS-desktop\public\kelly\phases\100\hook.png","hook.png","C:\Users\user\UI-TARS-desktop\public\kelly\phases\100",SUSPICIOUS,57.0,93,"Curious Kelly in final pose in Chair - UI elements will go on the side rails - Copy.png",1344x768,1194.27,a2dcb730d8772ce64f20bc5742fead22ea8d9958bc9c4b88bc5d09f94c98b819
"C:\Users\user\UI-TARS-desktop\public\kelly\phases\099\wisdom.png","wisdom.png","C:\Users\user\UI-TARS-desktop\public\kelly\phases\099",IMPOSTER,34.0,116,"Curious Kelly in final pose in Chair - UI elements will go on the side rails - Copy.png",1344x768,1055.97,f1ccaf1c4632097bf611f7b209234973d733a6a902535d66ceb50aea08cfdc45
"C:\Users\user\UI-TARS-desktop\public\kelly\phases\099\q3.png","q3.png","C:\Users\user\UI-TARS-desktop\public\kelly\phases\099",IMPOSTER,38.25,111,"head and shoulders without chair.png",1344x768,1162.97,f5f6b0f7de1d41ce0b7096810c23f010c82cf6470f61eea14e63e8336f6ea2a7
"C:\Users\user\UI-TARS-desktop\public\kelly\phases\100\q1.png","q1.png","C:\Users\user\UI-TARS-desktop\public\kelly\phases\100",SUSPICIOUS,45.25,104,"Curious Kelly in final pose in Chair - UI elements will go on the side rails - Copy.png",1344x768,1133.19,e091f6235a662dcc407289a5d898d99fe8b9d013599dfc1f5aa1f808f68ffa44
"C:\Users\user\UI-TARS-desktop\public\kelly\phases\100\q2.png","q2.png","C:\Users\user\UI-TARS-desktop\public\kelly\phases\100",SUSPICIOUS,53.5,96,"facing to the left.png",1344x768,1196.95,e11fe6d8f6c2227b074ff14d5e60a0ff028df884df4cc1fc91891f01f41cf0b8
"C:\Users\user\UI-TARS-desktop\public\kelly\phases\100\q3.png","q3.png","C:\Users\user\UI-TARS-desktop\public\kelly\phases\100",SUSPICIOUS,47.25,102,"Curious Kelly in final pose in Chair - UI elements will go on the side rails - Copy.png",1344x768,1154.88,a0c9a328de327c4f02f49d1b48ab8dd7c8dd5baca5da595cad11b4805aaea5f4
"C:\Users\user\UI-TARS-desktop\public\kelly\phases\100\wisdom.png","wisdom.png","C:\Users\user\UI-TARS-desktop\public\kelly\phases\100",IMPOSTER,38.0,112,"Curious Kelly in final pose in Chair - UI elements will go on the side rails - Copy.png",1344x768,1134.15,b649b56ec7b64e32e0bb9da290c44f19e0b987cdb40c1f58f4a00757b63227ea
"C:\Users\user\UI-TARS-desktop\public\kelly\phases\101\hook.png","hook.png","C:\Users\user\UI-TARS-desktop\public\kelly\phases\101",SUSPICIOUS,48.0,102,"Curious Kelly in final pose in Chair - UI elements will go on the side rails - Copy.png",1344x768,1151.34,f298f2798d662983b0671562bbbdfd02508372d9df08e1b85fd9a08d0d58a5b9
"C:\Users\user\UI-TARS-desktop\public\kelly\phases\101\q2.png","q2.png","C:\Users\user\UI-TARS-desktop\public\kelly\phases\101",SUSPICIOUS,43.25,106,"neutral face with hair.png",1344x768,1104.44,f97eaccd451928b7b61356b2bb86d6609be79364d269886c7f0c60e13b0053f8
"C:\Users\user\UI-TARS-desktop\public\kelly\phases\101\q1.png","q1.png","C:\Users\user\UI-TARS-desktop\public\kelly\phases\101",SUSPICIOUS,49.5,100,"neutral face with hair.png",1344x768,1119.19,b170f8f107c6238f1e19ce34070f6e998730c6590f767679683903e77ccf01dc
"C:\Users\user\UI-TARS-desktop\public\kelly\phases\101\q3.png","q3.png","C:\Users\user\UI-TARS-desktop\public\kelly\phases\101",SUSPICIOUS,46.75,103,"neutral face with hair.png",1344x768,1126.5,b9f1b06947ce4e96b12dd2cc0db6c61cd52a6b919439ed3b9251cd30b669ed10
"C:\Users\user\UI-TARS-desktop\public\kelly\phases\102\hook.png","hook.png","C:\Users\user\UI-TARS-desktop\public\kelly\phases\102",GOOD,66.5,83,"Curious Kelly in final pose in Chair - UI elements will go on the side rails - Copy.png",1344x768,1131.82,a719a3218b661cee5e6ca1e65f69d85e0ca6e059a9a359999c95a998d189dc9b
"C:\Users\user\UI-TARS-desktop\public\kelly\phases\102\q1.png","q1.png","C:\Users\user\UI-TARS-desktop\public\kelly\phases\102",SUSPICIOUS,48.75,101,"facing to the left.png",1344x768,1120.79,f6b3f6f99a4c2364d86cf4a41799c9a6f93294952b19d893893395905f23a85a
"C:\Users\user\UI-TARS-desktop\public\kelly\phases\101\wisdom.png","wisdom.png","C:\Users\user\UI-TARS-desktop\public\kelly\phases\101",SUSPICIOUS,55.0,95,"Curious Kelly in final pose in Chair - UI elements will go on the side rails - Copy.png",1344x768,1162.87,a213a6735c642dcc62efd54c1d84ca1d9dfc40a39f15c1931abbe19359aaaab3
"C:\Users\user\UI-TARS-desktop\public\kelly\phases\102\q2.png","q2.png","C:\Users\user\UI-TARS-desktop\public\kelly\phases\102",SUSPICIOUS,43.5,106,"Curious Kelly in final pose in Chair - UI elements will go on the side rails - Copy.png",1344x768,1140.94,e08ae32d977856628123fef79566f0c10f9d49d8cdd3cc8c60b027797e4e81e8
"C:\Users\user\UI-TARS-desktop\public\kelly\phases\102\q3.png","q3.png","C:\Users\user\UI-TARS-desktop\public\kelly\phases\102",IMPOSTER,38.5,111,"head and shoulders without chair.png",1344x768,1174.91,b48cb1a48f115e3c503aa173fe9595774862a5c9da5f9c358de9c8ca854d0ecd
"C:\Users\user\UI-TARS-desktop\public\kelly\phases\102\wisdom.png","wisdom.png","C:\Users\user\UI-TARS-desktop\public\kelly\phases\102",SUSPICIOUS,40.75,109,"Curious Kelly in final pose in Chair - UI elements will go on the side rails - Copy.png",1344x768,1135.53,b21cb721ca6310d626c52d240dedfad8148fad594bd8f88df53a4ad1b03e5766
"C:\Users\user\UI-TARS-desktop\public\kelly\phases\103\hook.png","hook.png","C:\Users\user\UI-TARS-desktop\public\kelly\phases\103",SUSPICIOUS,41.75,108,"close up of face.jpeg",1344x768,1140.85,d818b844c7e307af7b869347459ba3f44607afb9d25c6c3a833cce0507b8fe0a
"C:\Users\user\UI-TARS-desktop\public\kelly\phases\103\q1.png","q1.png","C:\Users\user\UI-TARS-desktop\public\kelly\phases\103",SUSPICIOUS,54.75,95,"facing to the left.png",1344x768,1161.13,a299a739c36256c62225d57652ae9dc75a5694a85960a5dddaaa98d95db489d9
"C:\Users\user\UI-TARS-desktop\public\kelly\phases\103\q3.png","q3.png","C:\Users\user\UI-TARS-desktop\public\kelly\phases\103",IMPOSTER,38.0,112,"neutral face with hair.png",1344x768,1174.78,e764ea85909b15b83cd0cb9b1863c3d91d6d9225d37f99e693651a2ce37c40c3
"C:\Users\user\UI-TARS-desktop\public\kelly\phases\103\q2.png","q2.png","C:\Users\user\UI-TARS-desktop\public\kelly\phases\103",GOOD,59.5,90,"facing to the left.png",1344x768,1116.77,b319a5090e746b473c6ac2e447c68d46fc955ae949c89d970899f8b9011bff9d
"C:\Users\user\UI-TARS-desktop\public\kelly\phases\103\wisdom.png","wisdom.png","C:\Users\user\UI-TARS-desktop\public\kelly\phases\103",SUSPICIOUS,47.0,103,"Curious Kelly in final pose in Chair - UI elements will go on the side rails - Copy.png",1344x768,1123.56,f08ff30c4b3227b2f23301f7077aed9382fdd94b848cc95708caf88d8dc8589d
"C:\Users\user\UI-TARS-desktop\public\kelly\phases\104\q1.png","q1.png","C:\Users\user\UI-TARS-desktop\public\kelly\phases\104",SUSPICIOUS,49.5,100,"Curious Kelly in final pose in Chair - UI elements will go on the side rails - Copy.png",1344x768,1128.92,b289a7395d6608e726ebdf664ab21c40c8d79e88dd59d9c58d9add01d1d58d88
"C:\Users\user\UI-TARS-desktop\public\kelly\phases\104\hook.png","hook.png","C:\Users\user\UI-TARS-desktop\public\kelly\phases\104",IMPOSTER,27.5,122,"neutral face with hair.png",1344x768,1111.4,c1eded009c931b92e19e1cb3c7123ebfe11279f88eb0c77b3884c3191e629a73
"C:\Users\user\UI-TARS-desktop\public\kelly\phases\104\q2.png","q2.png","C:\Users\user\UI-TARS-desktop\public\kelly\phases\104",GOOD,59.75,90,"Curious Kelly in final pose in Chair - UI elements will go on the side rails - Copy.png",1344x768,1107.31,a59da2350a6354c68c448aa6d8ba1d99d9d3899b9d9bc1931d5dd28d2a6a376f
"C:\Users\user\UI-TARS-desktop\public\kelly\phases\104\q3.png","q3.png","C:\Users\user\UI-TARS-desktop\public\kelly\phases\104",IMPOSTER,36.0,114,"neutral face with hair.png",1344x768,1168.92,f76ce7b5f097005e579a1282f8c18053be7fc3a9070cda711165e3678a29fa25
"C:\Users\user\UI-TARS-desktop\public\kelly\phases\104\wisdom.png","wisdom.png","C:\Users\user\UI-TARS-desktop\public\kelly\phases\104",SUSPICIOUS,54.5,95,"Curious Kelly in final pose in Chair - UI elements will go on the side rails - Copy.png",1344x768,1154.45,a359a7195a230d64f2fe4f06f4120aecd9d74c0a6ab4d1cb0e8df8dd0d08f99d
"C:\Users\user\UI-TARS-desktop\public\kelly\phases\105\q1.png","q1.png","C:\Users\user\UI-TARS-desktop\public\kelly\phases\105",IMPOSTER,33.5,116,"head and shoulders without chair.png",1344x768,1136.88,f0c6f116cf395c811ffca1f94f82f8150cb8a5fbf006be24f07c0dc38cefc804
"C:\Users\user\UI-TARS-desktop\public\kelly\phases\105\q2.png","q2.png","C:\Users\user\UI-TARS-desktop\public\kelly\phases\105",SUSPICIOUS,49.75,100,"facing to the left.png",1344x768,1136.77,a5a6a2185ec3ecceda6519ccfc8d8fd65d2a8b351958daa2811148ebf956d13a
"C:\Users\user\UI-TARS-desktop\public\kelly\phases\105\hook.png","hook.png","C:\Users\user\UI-TARS-desktop\public\kelly\phases\105",SUSPICIOUS,44.5,105,"Curious Kelly in final pose in Chair - UI elements will go on the side rails - Copy.png",1344x768,1160.1,a988a559407794e36a6abf55c73fdae854c88da5ce1eccd8d0ad88c04dd58c9b
"C:\Users\user\UI-TARS-desktop\public\kelly\phases\105\q3.png","q3.png","C:\Users\user\UI-TARS-desktop\public\kelly\phases\105",SUSPICIOUS,43.5,106,"Curious Kelly in final pose in Chair - UI elements will go on the side rails - Copy.png",1344x768,1109.15,e681f2615c662bfe1746fc2408dc85a6f85a0ebdb1891b9888d9e99a09bdfd0b
"C:\Users\user\UI-TARS-desktop\public\kelly\phases\105\wisdom.png","wisdom.png","C:\Users\user\UI-TARS-desktop\public\kelly\phases\105",IMPOSTER,29.25,120,"neutral face with hair.png",1344x768,1156.66,c5ede01d9c930be2d4c0bf13c33e3859c32e1f45e1749b2ea87853e4e055787c
"C:\Users\user\UI-TARS-desktop\public\kelly\phases\106\hook.png","hook.png","C:\Users\user\UI-TARS-desktop\public\kelly\phases\106",SUSPICIOUS,45.75,104,"facing to the left.png",1344x768,1114.05,f788e3930d279ccc54cc8f4758d218dc698e489b6d19db3bc09bbd39d4d3015c
"C:\Users\user\UI-TARS-desktop\public\kelly\phases\106\q2.png","q2.png","C:\Users\user\UI-TARS-desktop\public\kelly\phases\106",IMPOSTER,32.5,117,"profile of kelly.png",1344x768,1127.57,e642fda2093d0d991da4c5b41993a0ff9fe4920a927f3e4af2eb0e69634f1a48
"C:\Users\user\UI-TARS-desktop\public\kelly\phases\106\q1.png","q1.png","C:\Users\user\UI-TARS-desktop\public\kelly\phases\106",SUSPICIOUS,43.25,106,"neutral face with hair.png",1344x768,1138.74,f171f1f106c66b8f139cee8c90de4fc2f41d033cff1948d496e2cb280055cee3
"C:\Users\user\UI-TARS-desktop\public\kelly\phases\106\q3.png","q3.png","C:\Users\user\UI-TARS-desktop\public\kelly\phases\106",IMPOSTER,34.0,116,"facing to the left.png",1344x768,1068.11,a2d9e6334d66aaccf4360989599d99e9671d8370783c26677a64270eea345d2e
"C:\Users\user\UI-TARS-desktop\public\kelly\phases\107\hook.png","hook.png","C:\Users\user\UI-TARS-desktop\public\kelly\phases\107",SUSPICIOUS,46.5,103,"Curious Kelly in final pose in Chair - UI elements will go on the side rails - Copy.png",1344x768,1145.85,a2d9a2b75f720c64042488fbdddf1f8888ddd5898a9ad9ddf6a8895340ddb780
"C:\Users\user\UI-TARS-desktop\public\kelly\phases\106\wisdom.png","wisdom.png","C:\Users\user\UI-TARS-desktop\public\kelly\phases\106",IMPOSTER,31.75,118,"Curious Kelly in final pose in Chair - UI elements will go on the side rails - Copy.png",1344x768,1134.59,ad4ca091da33f2cee2724233d6afd2a989d6deabe20c9dcd4c1c94c8e9cd5c48
"C:\Users\user\UI-TARS-desktop\public\kelly\phases\107\q1.png","q1.png","C:\Users\user\UI-TARS-desktop\public\kelly\phases\107",SUSPICIOUS,39.25,110,"Curious Kelly in final pose in Chair - UI elements will go on the side rails - Copy.png",1344x768,1129.32,b4bdbc35406371c82fc6a527514faac755884527aa0f465ba7b4561aae3dc639
"C:\Users\user\UI-TARS-desktop\public\kelly\phases\107\q2.png","q2.png","C:\Users\user\UI-TARS-desktop\public\kelly\phases\107",SUSPICIOUS,45.75,104,"facing to the left.png",1344x768,1133.15,a08bb31b1f754ae6876a79768dc44c8219f85ddfa8dc5c80e9991e9ea1cd0695
"C:\Users\user\UI-TARS-desktop\public\kelly\phases\107\q3.png","q3.png","C:\Users\user\UI-TARS-desktop\public\kelly\phases\107",SUSPICIOUS,41.25,108,"neutral face with hair.png",1344x768,1123.02,b046b116cfb94e29743d84994025aff1686c94e64fc7ece0ac4f5ca6bac6217d
"C:\Users\user\UI-TARS-desktop\public\kelly\phases\107\wisdom.png","wisdom.png","C:\Users\user\UI-TARS-desktop\public\kelly\phases\107",IMPOSTER,36.5,113,"head and shoulders without chair.png",1344x768,1154.57,b5ccfd280a3347f3f770af33c03307ad8d62f0914b4f94de0fccc8c21c8cc8cd
"C:\Users\user\UI-TARS-desktop\public\kelly\phases\108\hook.png","hook.png","C:\Users\user\UI-TARS-desktop\public\kelly\phases\108",SUSPICIOUS,56.75,93,"Curious Kelly in final pose in Chair - UI elements will go on the side rails - Copy.png",1344x768,1141.51,e719e61396e61ac6287e5824a1e31ad59a962d3a1ad1f1c95bb9a9135e98a1bd
"C:\Users\user\UI-TARS-desktop\public\kelly\phases\108\q2.png","q2.png","C:\Users\user\UI-TARS-desktop\public\kelly\phases\108",GOOD,61.75,88,"Curious Kelly in final pose in Chair - UI elements will go on the side rails - Copy.png",1344x768,1185.47,a198a62d56601a631e66e1b61de21897fedc098c9c0bc98edb9d9919bfa8e3ca
"C:\Users\user\UI-TARS-desktop\public\kelly\phases\108\q1.png","q1.png","C:\Users\user\UI-TARS-desktop\public\kelly\phases\108",SUSPICIOUS,42.25,107,"facing to the left.png",1344x768,1107.35,f748f2688e368db2f24c8a67a8344d81bc0f04dedca1858cdddcdf8958c889df
"C:\Users\user\UI-TARS-desktop\public\kelly\phases\108\q3.png","q3.png","C:\Users\user\UI-TARS-desktop\public\kelly\phases\108",IMPOSTER,33.25,116,"close up of face.jpeg",1344x768,1165.92,fd2decfc98b2171357b2a8d3d22613dbf3431d08b30c9a60930d9360ff6d80ce
"C:\Users\user\UI-TARS-desktop\public\kelly\phases\109\hook.png","hook.png","C:\Users\user\UI-TARS-desktop\public\kelly\phases\109",IMPOSTER,31.5,118,"neutral face with hair.png",1344x768,1134.51,b28cf2bccf73069064e73873ddc986fec846eca999dcdcca0ccc5dc48a4cf404
"C:\Users\user\UI-TARS-desktop\public\kelly\phases\108\wisdom.png","wisdom.png","C:\Users\user\UI-TARS-desktop\public\kelly\phases\108",SUSPICIOUS,44.75,105,"Curious Kelly in final pose in Chair - UI elements will go on the side rails - Copy.png",1344x768,1109.55,b3d9a6351e667dcaf52499a20848f8860d99f0dbc9498c91cddde15ff62a0635
"C:\Users\user\UI-TARS-desktop\public\kelly\phases\109\q1.png","q1.png","C:\Users\user\UI-TARS-desktop\public\kelly\phases\109",SUSPICIOUS,49.25,100,"Curious Kelly in final pose in Chair - UI elements will go on the side rails - Copy.png",1344x768,1121.99,f788fe208b7308af75609df79ade0c88dd2575d98e9c21cc5c9958e4251bc386
"C:\Users\user\UI-TARS-desktop\public\kelly\phases\109\q2.png","q2.png","C:\Users\user\UI-TARS-desktop\public\kelly\phases\109",SUSPICIOUS,48.0,102,"facing to the left.png",1344x768,1173.46,b597a671566c6e0926e3e06d0ec94e0c64fea04553cada79ab9051a6fb431f6a
"C:\Users\user\UI-TARS-desktop\public\kelly\phases\109\q3.png","q3.png","C:\Users\user\UI-TARS-desktop\public\kelly\phases\109",IMPOSTER,31.75,118,"neutral face with hair.png",1344x768,1216.15,a46de59d1d96603121d3ea1e1f92f81b17331ae5826c9b4ad3699a6db84f43e8
"C:\Users\user\UI-TARS-desktop\public\kelly\phases\109\wisdom.png","wisdom.png","C:\Users\user\UI-TARS-desktop\public\kelly\phases\109",IMPOSTER,29.5,120,"neutral face with hair.png",1344x768,1113.96,a565a585d8daf8fb2d1d32f355eb8b1411ebf2b8b94452eeab44182883475a6c
"C:\Users\user\UI-TARS-desktop\public\kelly\phases\110\hook.png","hook.png","C:\Users\user\UI-TARS-desktop\public\kelly\phases\110",SUSPICIOUS,52.25,97,"Curious Kelly in final pose in Chair - UI elements will go on the side rails - Copy.png",1344x768,1119.97,e319e6399a660dc6526d6e2ea1e65e08e8664782a63dd99379801ebbc1f41f99
"C:\Users\user\UI-TARS-desktop\public\kelly\phases\110\q1.png","q1.png","C:\Users\user\UI-TARS-desktop\public\kelly\phases\110",IMPOSTER,38.75,111,"head and shoulders without chair.png",1344x768,1139.89,95b1b9cfc94c5e004584a47dcb71943246f3b975ac3b0ff03586294db1da33ce
"C:\Users\user\UI-TARS-desktop\public\kelly\phases\110\q3.png","q3.png","C:\Users\user\UI-TARS-desktop\public\kelly\phases\110",SUSPICIOUS,55.75,94,"Curious Kelly in final pose in Chair - UI elements will go on the side rails - Copy.png",1344x768,1183.18,b5d9a6394c2604f73626f80719faacc65e1999f8dd8dc8d891965889e95c57a1
"C:\Users\user\UI-TARS-desktop\public\kelly\phases\110\q2.png","q2.png","C:\Users\user\UI-TARS-desktop\public\kelly\phases\110",SUSPICIOUS,43.25,106,"head and shoulders without chair.png",1344x768,1145.29,f3ccf33cd6374a570f32f602b0f70433ff1005cbe8ec9c87c8cb0ac8dde8088e
"C:\Users\user\UI-TARS-desktop\public\kelly\phases\110\wisdom.png","wisdom.png","C:\Users\user\UI-TARS-desktop\public\kelly\phases\110",SUSPICIOUS,45.5,104,"slightly turning her head.png",1344x768,1144.0,f1e0f1828ed9885656cf9d19f0a2af495af1f80bd1640727bc66d0258366bf74
"C:\Users\user\UI-TARS-desktop\public\kelly\phases\111\q1.png","q1.png","C:\Users\user\UI-TARS-desktop\public\kelly\phases\111",SUSPICIOUS,49.5,100,"facing to the left.png",1344x768,1160.68,f7dcf73892232e242df6d80702cedc7325c8de870d9899c5849b88bc4e585dc7
"C:\Users\user\UI-TARS-desktop\public\kelly\phases\111\hook.png","hook.png","C:\Users\user\UI-TARS-desktop\public\kelly\phases\111",IMPOSTER,35.5,114,"head and shoulders without chair.png",1344x768,1172.63,a1cca5b4da73866f67364ab21de114670a83e5d894bde8dd8d5ad889d8d41f88
"C:\Users\user\UI-TARS-desktop\public\kelly\phases\111\q3.png","q3.png","C:\Users\user\UI-TARS-desktop\public\kelly\phases\111",IMPOSTER,32.75,117,"close up of face.jpeg",1344x768,1123.61,a52eace41899e9bb6c911c8be1f31f19e9530eb0e30f7073830cd1659b2cd375
"C:\Users\user\UI-TARS-desktop\public\kelly\phases\111\q2.png","q2.png","C:\Users\user\UI-TARS-desktop\public\kelly\phases\111",SUSPICIOUS,47.25,102,"Curious Kelly in final pose in Chair - UI elements will go on the side rails - Copy.png",1344x768,1112.25,e518e458a6e1bc67904c9be4592e0999d93c599098bf1db1a1d3b6bf8c52bb83
"C:\Users\user\UI-TARS-desktop\public\kelly\phases\111\wisdom.png","wisdom.png","C:\Users\user\UI-TARS-desktop\public\kelly\phases\111",SUSPICIOUS,51.0,99,"facing to the left.png",1344x768,1153.58,a19baf2bfc664e82af675d36c7e6cb46a426d0694a8e851dd9c299c9d885d150
"C:\Users\user\UI-TARS-desktop\public\kelly\phases\112\q1.png","q1.png","C:\Users\user\UI-TARS-desktop\public\kelly\phases\112",SUSPICIOUS,55.0,95,"Curious Kelly in final pose in Chair - UI elements will go on the side rails - Copy.png",1344x768,1110.05,f61de2798b63b43672788fa7a9c4fdb31dfa948cc89d08cddc084898c9890bd5
"C:\Users\user\UI-TARS-desktop\public\kelly\phases\112\hook.png","hook.png","C:\Users\user\UI-TARS-desktop\public\kelly\phases\112",IMPOSTER,34.25,115,"profile of kelly.png",1344x768,1162.49,d436e41681d95bc92c0aa85d1f38f1c1d1ef0f269b3e7b30916783e6fb26603c
"C:\Users\user\UI-TARS-desktop\public\kelly\phases\112\q2.png","q2.png","C:\Users\user\UI-TARS-desktop\public\kelly\phases\112",SUSPICIOUS,44.0,106,"facing to the left.png",1344x768,1091.37,f49bf8f0976744e69984b93a58ca8d95d199a9991f99f0c1250e276ab6c45e0e
"C:\Users\user\UI-TARS-desktop\public\kelly\phases\112\wisdom.png","wisdom.png","C:\Users\user\UI-TARS-desktop\public\kelly\phases\112",SUSPICIOUS,40.5,109,"Curious Kelly in final pose in Chair - UI elements will go on the side rails - Copy.png",1344x768,1105.06,f2cda32c063674b9aa73413b9423ead34709bce24851ddef8c88dcdd8dccda84
"C:\Users\user\UI-TARS-desktop\public\kelly\phases\112\q3.png","q3.png","C:\Users\user\UI-TARS-desktop\public\kelly\phases\112",SUSPICIOUS,51.75,98,"neutral face with hair.png",1344x768,1133.48,a1cce39c57990069a61656bbaf6fc2f35d71825e9964984adc86897cd4c6e86c
"C:\Users\user\UI-TARS-desktop\public\kelly\phases\113\hook.png","hook.png","C:\Users\user\UI-TARS-desktop\public\kelly\phases\113",SUSPICIOUS,44.25,105,"facing to the left.png",1344x768,1148.02,b0daba28de2663c78720caa2c82bc5e7ceb8c1a94fdadca809d7d5c8caad8555
"C:\Users\user\UI-TARS-desktop\public\kelly\phases\113\q1.png","q1.png","C:\Users\user\UI-TARS-desktop\public\kelly\phases\113",SUSPICIOUS,50.75,99,"Curious Kelly in final pose in Chair - UI elements will go on the side rails - Copy.png",1344x768,1153.45,a199a33dde66b6c0e565582e09dadc455498a9595992a999dd19b998da5595b5
"C:\Users\user\UI-TARS-desktop\public\kelly\phases\113\q2.png","q2.png","C:\Users\user\UI-TARS-desktop\public\kelly\phases\113",IMPOSTER,35.0,115,"head and shoulders without chair.png",1344x768,1174.79,e04ceb1c963976608113d473fed34eed8d80d8cf8cc4fdce488e8dc4f4a424de
"C:\Users\user\UI-TARS-desktop\public\kelly\phases\113\q3.png","q3.png","C:\Users\user\UI-TARS-desktop\public\kelly\phases\113",SUSPICIOUS,46.25,103,"Curious Kelly in final pose in Chair - UI elements will go on the side rails - Copy.png",1344x768,1195.81,a7b2af2f94656e52c26ea764c0079d6ce87ec39081865cafb990c9b29f13d895
"C:\Users\user\UI-TARS-desktop\public\kelly\phases\113\wisdom.png","wisdom.png","C:\Users\user\UI-TARS-desktop\public\kelly\phases\113",IMPOSTER,37.75,112,"slightly turning her head.png",1344x768,1158.96,e534f07f1ecb0ee1a44ad39d3d198bc1a57c18230b00db265832db36dd36d7a6
"C:\Users\user\UI-TARS-desktop\public\kelly\phases\114\hook.png","hook.png","C:\Users\user\UI-TARS-desktop\public\kelly\phases\114",SUSPICIOUS,49.75,100,"Curious Kelly in final pose in Chair - UI elements will go on the side rails - Copy.png",1344x768,1147.81,f7d9f6790866a8e67f0a476689e2f89cc80e959748f18d08de9c81f98a1d9784
"C:\Users\user\UI-TARS-desktop\public\kelly\phases\114\q2.png","q2.png","C:\Users\user\UI-TARS-desktop\public\kelly\phases\114",SUSPICIOUS,45.75,104,"head and shoulders without chair.png",1344x768,1135.45,f0e4e209e76457328a39dd330d13fcc98cefcc460ce5f8c80cc2ecce06c7f8ec
"C:\Users\user\UI-TARS-desktop\public\kelly\phases\114\q1.png","q1.png","C:\Users\user\UI-TARS-desktop\public\kelly\phases\114",SUSPICIOUS,49.25,100,"Curious Kelly in final pose in Chair - UI elements will go on the side rails - Copy.png",1344x768,1138.75,a093a2795e6448c675cfaa646b94954e78868d73d11b8a85955bdaf58595daaa
"C:\Users\user\UI-TARS-desktop\public\kelly\phases\114\q3.png","q3.png","C:\Users\user\UI-TARS-desktop\public\kelly\phases\114",SUSPICIOUS,39.5,110,"profile of kelly.png",1344x768,1141.65,e164eb9c9e9b14251483abd39f7984ce904f8f549f63811f90861e35e7781ca7
"C:\Users\user\UI-TARS-desktop\public\kelly\phases\114\wisdom.png","wisdom.png","C:\Users\user\UI-TARS-desktop\public\kelly\phases\114",SUSPICIOUS,50.0,100,"facing to the left.png",1344x768,1161.39,bbd9aeb142665fc62ea54946a4da5b8eac865191f8f9c819dd01d99f8d994149
"C:\Users\user\UI-TARS-desktop\public\kelly\phases\115\hook.png","hook.png","C:\Users\user\UI-TARS-desktop\public\kelly\phases\115",SUSPICIOUS,56.5,93,"Curious Kelly in final pose in Chair - UI elements will go on the side rails - Copy.png",1344x768,1142.47,a3d8aa31dc267eed0606d0e7d5ecda8685db529db9894d88cd1549bb5d518c89
"C:\Users\user\UI-TARS-desktop\public\kelly\phases\115\q2.png","q2.png","C:\Users\user\UI-TARS-desktop\public\kelly\phases\115",SUSPICIOUS,47.0,103,"head and shoulders without chair.png",1344x768,1156.81,b3cda7190c266a32e7f11c26b87347b37e1f90ecdfd50ccac8941d9f28184bc4
"C:\Users\user\UI-TARS-desktop\public\kelly\phases\115\q1.png","q1.png","C:\Users\user\UI-TARS-desktop\public\kelly\phases\115",SUSPICIOUS,50.25,99,"Curious Kelly in final pose in Chair - UI elements will go on the side rails - Copy.png",1344x768,1135.48,a389a338d4722ee06b26f036fe7f54a30b54d8075c8d895dd88bc8ddfc9c09d8
"C:\Users\user\UI-TARS-desktop\public\kelly\phases\115\q3.png","q3.png","C:\Users\user\UI-TARS-desktop\public\kelly\phases\115",SUSPICIOUS,41.25,108,"neutral face with hair.png",1344x768,1158.65,b061b1c34b9c7f248118af1dafb4d21c2d6c8b4bd6be0df2c64bdc264ae1ac66
"C:\Users\user\UI-TARS-desktop\public\kelly\phases\115\wisdom.png","wisdom.png","C:\Users\user\UI-TARS-desktop\public\kelly\phases\115",IMPOSTER,37.25,112,"facing to the left.png",1344x768,1191.22,e7cdf72d0e3313d2f662c07e8fec5852a5f9880cc9de8cada8d8dc08a50d5278
"C:\Users\user\UI-TARS-desktop\public\kelly\phases\116\hook.png","hook.png","C:\Users\user\UI-TARS-desktop\public\kelly\phases\116",SUSPICIOUS,40.75,109,"Curious Kelly in final pose in Chair - UI elements will go on the side rails - Copy.png",1344x768,1160.25,e28da348df324e73130295a3085ff5f70f89fc000dffc88d9cca8dd9f88500fd
"C:\Users\user\UI-TARS-desktop\public\kelly\phases\116\q1.png","q1.png","C:\Users\user\UI-TARS-desktop\public\kelly\phases\116",SUSPICIOUS,39.5,110,"Curious Kelly in final pose in Chair - UI elements will go on the side rails - Copy.png",1344x768,1112.1,e46baca813923b560cba939a1a47de58736e8fc35259aa4cd15953abea54715a
"C:\Users\user\UI-TARS-desktop\public\kelly\phases\116\q2.png","q2.png","C:\Users\user\UI-TARS-desktop\public\kelly\phases\116",SUSPICIOUS,45.5,104,"neutral face with hair.png",1344x768,1180.94,a165e895d69a2e701e99c0d95ecb2359542da837d97e9129ab735126ab65546e
"C:\Users\user\UI-TARS-desktop\public\kelly\phases\116\q3.png","q3.png","C:\Users\user\UI-TARS-desktop\public\kelly\phases\116",IMPOSTER,38.25,111,"facing to the left.png",1344x768,1128.21,e14df1b31e965f78f203136c5459be6d83f53c120192afb7a0801f76fa090fe1
"C:\Users\user\UI-TARS-desktop\public\kelly\phases\116\wisdom.png","wisdom.png","C:\Users\user\UI-TARS-desktop\public\kelly\phases\116",SUSPICIOUS,52.75,97,"facing to the left.png",1344x768,1144.27,f098e6710f6e7ad41267a5245a9609e6b54650adafd0d88995d6d91988bb9dd9
"C:\Users\user\UI-TARS-desktop\public\kelly\phases\117\hook.png","hook.png","C:\Users\user\UI-TARS-desktop\public\kelly\phases\117",IMPOSTER,38.0,112,"facing to the left.png",1344x768,1092.07,e39de27d1c2661fbd6a6099af8fb80971858c8cc5c90ae7d531237a776722322
"C:\Users\user\UI-TARS-desktop\public\kelly\phases\117\q1.png","q1.png","C:\Users\user\UI-TARS-desktop\public\kelly\phases\117",SUSPICIOUS,48.0,102,"Curious Kelly in final pose in Chair - UI elements will go on the side rails - Copy.png",1344x768,1152.06,e52bad6b91a5bcb444b6bb5216d472d6aa59964a92c592cab25a924f5649aacb
"C:\Users\user\UI-TARS-desktop\public\kelly\phases\117\q2.png","q2.png","C:\Users\user\UI-TARS-desktop\public\kelly\phases\117",SUSPICIOUS,43.0,107,"neutral face with hair.png",1344x768,1130.56,f0cffb0683322f9cdf3101e1dc390ed9c8ecccc68c4e8ce58fc4500e2fe67526
"C:\Users\user\UI-TARS-desktop\public\kelly\phases\117\q3.png","q3.png","C:\Users\user\UI-TARS-desktop\public\kelly\phases\117",SUSPICIOUS,43.5,106,"neutral face with hair.png",1344x768,1180.49,b163b1c1438f671ea598548caf3d5530a2498bd1fc1e8a40ed80d4eecee6e8df
"C:\Users\user\UI-TARS-desktop\public\kelly\phases\118\hook.png","hook.png","C:\Users\user\UI-TARS-desktop\public\kelly\phases\118",IMPOSTER,34.5,115,"profile of kelly.png",1344x768,1143.73,a76eae901c9367a9141b03ebfe1ba145d7648a35bbe4d3368a059a7ee20528e7
"C:\Users\user\UI-TARS-desktop\public\kelly\phases\117\wisdom.png","wisdom.png","C:\Users\user\UI-TARS-desktop\public\kelly\phases\117",SUSPICIOUS,44.75,105,"Curious Kelly in final pose in Chair - UI elements will go on the side rails - Copy.png",1344x768,1146.75,a208b712d8779ca2654a0b538887548aebcedcfdfa881ddcf98d98dcc54a0aed
"C:\Users\user\UI-TARS-desktop\public\kelly\phases\118\q1.png","q1.png","C:\Users\user\UI-TARS-desktop\public\kelly\phases\118",SUSPICIOUS,43.25,106,"profile of kelly.png",1344x768,1159.38,e762a9e4549a66ced9d9921b55c9de26ab575129b924ab735126a77454a5c131
"C:\Users\user\UI-TARS-desktop\public\kelly\phases\118\q2.png","q2.png","C:\Users\user\UI-TARS-desktop\public\kelly\phases\118",SUSPICIOUS,47.5,102,"Curious Kelly in final pose in Chair - UI elements will go on the side rails - Copy.png",1344x768,1140.39,a110e2371fee1cda88499ddc5bd91df04813db92193f99b1db93223ee00356f9
"C:\Users\user\UI-TARS-desktop\public\kelly\phases\118\q3.png","q3.png","C:\Users\user\UI-TARS-desktop\public\kelly\phases\118",SUSPICIOUS,57.25,92,"facing to the left.png",1344x768,1156.61,a29ba339de662f44942b4a5694a60ce6ef0ad5ad3dc4dda8ebda18891d95a1b8
"C:\Users\user\UI-TARS-desktop\public\kelly\phases\118\wisdom.png","wisdom.png","C:\Users\user\UI-TARS-desktop\public\kelly\phases\118",SUSPICIOUS,56.5,93,"facing to the left.png",1344x768,1203.18,b59be7114a6620a45466bf0682e45966edb653c9bdd44fab0197b95b5a998992
"C:\Users\user\UI-TARS-desktop\public\kelly\phases\119\hook.png","hook.png","C:\Users\user\UI-TARS-desktop\public\kelly\phases\119",IMPOSTER,36.0,114,"facing to the left.png",1344x768,1157.01,f1c9f3289e3206f7f02188f3940e5e92e1c81ecdc89e95e07fc1e07e37a42b47
"C:\Users\user\UI-TARS-desktop\public\kelly\phases\119\q1.png","q1.png","C:\Users\user\UI-TARS-desktop\public\kelly\phases\119",SUSPICIOUS,51.25,98,"Curious Kelly in final pose in Chair - UI elements will go on the side rails - Copy.png",1344x768,1116.93,b55ba7591a66e8e6275cd22668d29d244256bda20addbd8e5e99895d1d8ac895
"C:\Users\user\UI-TARS-desktop\public\kelly\phases\119\q2.png","q2.png","C:\Users\user\UI-TARS-desktop\public\kelly\phases\119",SUSPICIOUS,43.75,106,"neutral face with hair.png",1344x768,1123.66,a047b727d3b87b5225b954a9d95d0e9915a3e8784a7cc443ace1c8fecc448ced
"C:\Users\user\UI-TARS-desktop\public\kelly\phases\119\q3.png","q3.png","C:\Users\user\UI-TARS-desktop\public\kelly\phases\119",IMPOSTER,37.25,112,"neutral face with hair.png",1344x768,1135.17,f1c4f1865f390f8cf6730f93cdbd0e0be0730785886080c35efec8e70ceef8c0
"C:\Users\user\UI-TARS-desktop\public\kelly\phases\119\wisdom.png","wisdom.png","C:\Users\user\UI-TARS-desktop\public\kelly\phases\119",SUSPICIOUS,44.75,105,"facing to the left.png",1344x768,1152.2,b2dda415ca2304e97466eb23ae07487455e3e4fa0a0da1f48de8debeddc98c0d
"C:\Users\user\UI-TARS-desktop\public\kelly\phases\120\hook.png","hook.png","C:\Users\user\UI-TARS-desktop\public\kelly\phases\120",IMPOSTER,39.0,111,"head and shoulders without chair.png",1344x768,1141.77,a1cca33d1e3343626b4aaeb3503b8f26dfc1e44b4eaea0d448cd8d8d5dda88ad
"C:\Users\user\UI-TARS-desktop\public\kelly\phases\120\q1.png","q1.png","C:\Users\user\UI-TARS-desktop\public\kelly\phases\120",SUSPICIOUS,42.0,108,"facing to the left.png",1344x768,1145.92,a39db72bdd32cac3a0f31e06c1f8ac4f58c3a5985a1ca5984bd8b18717e0ea7a
"C:\Users\user\UI-TARS-desktop\public\kelly\phases\120\q2.png","q2.png","C:\Users\user\UI-TARS-desktop\public\kelly\phases\120",SUSPICIOUS,52.5,97,"Curious Kelly in final pose in Chair - UI elements will go on the side rails - Copy.png",1344x768,1158.63,ed33e643c6cc36fe184cf300186de3865f88a97b599f99001931dba3119ee29f
"C:\Users\user\UI-TARS-desktop\public\kelly\phases\120\q3.png","q3.png","C:\Users\user\UI-TARS-desktop\public\kelly\phases\120",SUSPICIOUS,42.25,107,"neutral face with hair.png",1344x768,1164.51,ee66e41e81d83ec37c19ca5901ebf9591f81a40c91b7fb601b07d3f09b16d962
"C:\Users\user\UI-TARS-desktop\public\kelly\phases\120\wisdom.png","wisdom.png","C:\Users\user\UI-TARS-desktop\public\kelly\phases\120",GOOD,61.5,88,"Curious Kelly in final pose in Chair - UI elements will go on the side rails - Copy.png",1344x768,1135.47,e729a22916e21c4660ec2f261dc630d999ec4d831c9d99f9598d9d9b2a99fd8b
"C:\Users\user\UI-TARS-desktop\public\kelly\phases\121\hook.png","hook.png","C:\Users\user\UI-TARS-desktop\public\kelly\phases\121",SUSPICIOUS,45.25,104,"facing to the left.png",1344x768,1201.17,f398ef61166606dfe667800487ee585ee1711918e9de59b87d1619da79826991
"C:\Users\user\UI-TARS-desktop\public\kelly\phases\121\q1.png","q1.png","C:\Users\user\UI-TARS-desktop\public\kelly\phases\121",IMPOSTER,31.25,118,"profile of kelly.png",1344x768,1172.67,c76dee8415b3103a7c1c809ac4c31cea85571ddb23c7f333f820d33b1b27137d
"C:\Users\user\UI-TARS-desktop\public\kelly\phases\121\q2.png","q2.png","C:\Users\user\UI-TARS-desktop\public\kelly\phases\121",IMPOSTER,25.25,124,"neutral face with hair.png",1344x768,1171.22,a526a46e52d82b957c8110dd1b8855eb813b7f043d07ab77db158d66db365b30
"C:\Users\user\UI-TARS-desktop\public\kelly\phases\121\q3.png","q3.png","C:\Users\user\UI-TARS-desktop\public\kelly\phases\121",IMPOSTER,33.75,116,"profile of kelly.png",1344x768,1217.21,eb64aaeb549226dc1adbb39256fbc209d524136d9b8c9b448a651accaa7c15ee
"C:\Users\user\UI-TARS-desktop\public\kelly\phases\121\wisdom.png","wisdom.png","C:\Users\user\UI-TARS-desktop\public\kelly\phases\121",SUSPICIOUS,43.75,106,"Curious Kelly in final pose in Chair - UI elements will go on the side rails - Copy.png",1344x768,1209.92,e1dae279c767b79c16108006c1264f36f2523de3b9eb1ca4f99e859899dc1c3a
"C:\Users\user\UI-TARS-desktop\public\kelly\phases\122\hook.png","hook.png","C:\Users\user\UI-TARS-desktop\public\kelly\phases\122",SUSPICIOUS,53.0,97,"facing to the left.png",1344x768,1121.6,f619f6390b676bc617681c36ebc88987fc1e01e9f68599de0dd8d885095991d8
"C:\Users\user\UI-TARS-desktop\public\kelly\phases\122\q1.png","q1.png","C:\Users\user\UI-TARS-desktop\public\kelly\phases\122",SUSPICIOUS,40.25,109,"facing to the left.png",1344x768,1134.36,c4f8f26d59064d7778f8a11768bf0d525cb72f1849c90f8754d8a9dd589981d8
"C:\Users\user\UI-TARS-desktop\public\kelly\phases\122\q2.png","q2.png","C:\Users\user\UI-TARS-desktop\public\kelly\phases\122",SUSPICIOUS,53.0,97,"Curious Kelly in final pose in Chair - UI elements will go on the side rails - Copy.png",1344x768,1161.4,a29186211e6f7fef0a648645f0e65d0e88145a9ed9eaa91f5db0c9f2f9075499
"C:\Users\user\UI-TARS-desktop\public\kelly\phases\122\q3.png","q3.png","C:\Users\user\UI-TARS-desktop\public\kelly\phases\122",SUSPICIOUS,50.0,100,"facing to the left.png",1344x768,1110.47,f599e47b0a66bdc42e0988e6d5b8090e1dd645d1895d9d9d89998fb9c99a88b9
"C:\Users\user\UI-TARS-desktop\public\kelly\phases\122\wisdom.png","wisdom.png","C:\Users\user\UI-TARS-desktop\public\kelly\phases\122",SUSPICIOUS,52.0,98,"neutral face with hair.png",1344x768,1125.4,b0a7e3a70f992633011ce88c17f9cc180622f9f58ee24e67fc470fe1fc160e67
"C:\Users\user\UI-TARS-desktop\public\kelly\phases\123\hook.png","hook.png","C:\Users\user\UI-TARS-desktop\public\kelly\phases\123",IMPOSTER,36.25,113,"head and shoulders without chair.png",1344x768,1075.44,f3d8f7210c776892f227951649e1ea8a9c03c3f9bcdcd9cd86fc9c8ca1c01c1b
"C:\Users\user\UI-TARS-desktop\public\kelly\phases\123\q1.png","q1.png","C:\Users\user\UI-TARS-desktop\public\kelly\phases\123",SUSPICIOUS,48.5,101,"close up of face.jpeg",1344x768,1187.05,bc1cd8e8c5e703637081d0c74ef3ffa302cdff0303f8c37cee0e0310871cef19
"C:\Users\user\UI-TARS-desktop\public\kelly\phases\123\q2.png","q2.png","C:\Users\user\UI-TARS-desktop\public\kelly\phases\123",SUSPICIOUS,39.5,110,"close up of face.jpeg",1344x768,1204.52,ae65a4315ef664c4c488fcd95edae289e613f5fad19b09158b4ad745f2a00f30
"C:\Users\user\UI-TARS-desktop\public\kelly\phases\123\wisdom.png","wisdom.png","C:\Users\user\UI-TARS-desktop\public\kelly\phases\123",SUSPICIOUS,42.75,107,"Curious Kelly in final pose in Chair - UI elements will go on the side rails - Copy.png",1344x768,1154.99,f718f3308a3749c67f6a0277e1a63e74eb42454bf6f70586f8088e4af5c318a8
"C:\Users\user\UI-TARS-desktop\public\kelly\phases\124\hook.png","hook.png","C:\Users\user\UI-TARS-desktop\public\kelly\phases\124",SUSPICIOUS,44.0,106,"Curious Kelly in final pose in Chair - UI elements will go on the side rails - Copy.png",1344x768,1176.8,d619f669ce665bf221e488665c02d80703be9a99f98addbd9dd0839bc18b21f1
"C:\Users\user\UI-TARS-desktop\public\kelly\phases\123\q3.png","q3.png","C:\Users\user\UI-TARS-desktop\public\kelly\phases\123",SUSPICIOUS,43.5,106,"Curious Kelly in final pose in Chair - UI elements will go on the side rails - Copy.png",1344x768,1185.63,b5d8a331be27506509725de3fea20ac7a4bd58dc5dc8dc8008dfb09c4ba9b574
"C:\Users\user\UI-TARS-desktop\public\kelly\phases\124\q2.png","q2.png","C:\Users\user\UI-TARS-desktop\public\kelly\phases\124",SUSPICIOUS,43.75,106,"facing to the left.png",1344x768,1131.07,8288f2b1dd764a4f16b59ca6c14f9aeaf491c94d889c9d88d5d3490da2fc5774
"C:\Users\user\UI-TARS-desktop\public\kelly\phases\124\q1.png","q1.png","C:\Users\user\UI-TARS-desktop\public\kelly\phases\124",IMPOSTER,34.25,115,"Curious Kelly in final pose in Chair - UI elements will go on the side rails - Copy.png",1344x768,1182.21,d019f01055e683fa6ba745a75ab68bd0b852948f94bd94b59c999c5ad94d9c8b
"C:\Users\user\UI-TARS-desktop\public\kelly\phases\124\q3.png","q3.png","C:\Users\user\UI-TARS-desktop\public\kelly\phases\124",IMPOSTER,36.0,114,"Curious Kelly in final pose in Chair - UI elements will go on the side rails - Copy.png",1344x768,1139.2,9299f7310b663ca8ab7f0fe13c183a8505f81ffd181ddd80c07c1c3f2b71c770
"C:\Users\user\UI-TARS-desktop\public\kelly\phases\125\hook.png","hook.png","C:\Users\user\UI-TARS-desktop\public\kelly\phases\125",SUSPICIOUS,52.25,97,"head and shoulders without chair.png",1344x768,1155.65,b0dba31c4f26607cf72325667a630733f27f25665a7b86a50843ddd3888aea91
"C:\Users\user\UI-TARS-desktop\public\kelly\phases\124\wisdom.png","wisdom.png","C:\Users\user\UI-TARS-desktop\public\kelly\phases\124",IMPOSTER,29.0,121,"facing to the left.png",1344x768,1205.42,c47ce043cf23fdfc7fd08fc6c9cc98bd08c918091c0cc3c8e530cb24b69e6f3d
"C:\Users\user\UI-TARS-desktop\public\kelly\phases\125\q1.png","q1.png","C:\Users\user\UI-TARS-desktop\public\kelly\phases\125",SUSPICIOUS,41.75,108,"neutral face with hair.png",1344x768,1096.52,ba66b187459da7ac691b4b180788f81c07bcfb2a0859f77ccaab8e54dc708ae3
"C:\Users\user\UI-TARS-desktop\public\kelly\phases\125\q2.png","q2.png","C:\Users\user\UI-TARS-desktop\public\kelly\phases\125",IMPOSTER,38.5,111,"Curious Kelly in final pose in Chair - UI elements will go on the side rails - Copy.png",1344x768,1203.39,bbebbdbdc654432e3c2fab505206ac2f5b7994865a94cd0a48bd94d88bd85915
"C:\Users\user\UI-TARS-desktop\public\kelly\phases\125\q3.png","q3.png","C:\Users\user\UI-TARS-desktop\public\kelly\phases\125",SUSPICIOUS,42.5,107,"facing to the left.png",1344x768,1137.34,e619f27f0e661906f5bd0a26186617fccb6a9cb6486237d4d00e38bbc7d51958
"C:\Users\user\UI-TARS-desktop\public\kelly\phases\126\q1.png","q1.png","C:\Users\user\UI-TARS-desktop\public\kelly\phases\126",IMPOSTER,26.25,123,"close up of face.jpeg",1344x768,1160.02,e4c8c9fb913687e29b52b255aae5524950695668e89be41764b5e9b66d36ae06
"C:\Users\user\UI-TARS-desktop\public\kelly\phases\125\wisdom.png","wisdom.png","C:\Users\user\UI-TARS-desktop\public\kelly\phases\125",SUSPICIOUS,45.0,105,"Curious Kelly in final pose in Chair - UI elements will go on the side rails - Copy.png",1344x768,1122.37,f699be68c1665b9ebaa7994e0f98e8b20f99f9c90c18f1913b0ea43323667644
"C:\Users\user\UI-TARS-desktop\public\kelly\phases\126\hook.png","hook.png","C:\Users\user\UI-TARS-desktop\public\kelly\phases\126",SUSPICIOUS,44.75,105,"Curious Kelly in final pose in Chair - UI elements will go on the side rails - Copy.png",1344x768,1106.9,a2d9e23c9f237cc73e6628a6150ab8c75cc2a588d0cdad595cb9898bc1ddddc8
"C:\Users\user\UI-TARS-desktop\public\kelly\phases\126\q2.png","q2.png","C:\Users\user\UI-TARS-desktop\public\kelly\phases\126",SUSPICIOUS,39.25,110,"head and shoulders without chair.png",1344x768,1177.04,f1dce65812741331b562a1771a31ad8280cbfd5609d2f89b0f99f06906cdbeed
"C:\Users\user\UI-TARS-desktop\public\kelly\phases\126\q3.png","q3.png","C:\Users\user\UI-TARS-desktop\public\kelly\phases\126",SUSPICIOUS,52.5,97,"facing to the left.png",1344x768,1163.81,b29ba633cb440dae74ebba4678c40c2ac3ee3cf48a19d1818f9ad1d71df8e918
"C:\Users\user\UI-TARS-desktop\public\kelly\phases\126\wisdom.png","wisdom.png","C:\Users\user\UI-TARS-desktop\public\kelly\phases\126",SUSPICIOUS,49.0,101,"Curious Kelly in final pose in Chair - UI elements will go on the side rails - Copy.png",1344x768,1192.6,a11da5195e62066673e5d626d86e2da6f7819a1dadc8899b985d89d9809dab5d
"C:\Users\user\UI-TARS-desktop\public\kelly\phases\127\hook.png","hook.png","C:\Users\user\UI-TARS-desktop\public\kelly\phases\127",SUSPICIOUS,56.5,93,"Curious Kelly in final pose in Chair - UI elements will go on the side rails - Copy.png",1344x768,1085.35,f791e66188661dae7a40c0765bde9510d036afead40989d1ddbad9891999f998
"C:\Users\user\UI-TARS-desktop\public\kelly\phases\127\q1.png","q1.png","C:\Users\user\UI-TARS-desktop\public\kelly\phases\127",SUSPICIOUS,52.25,97,"facing to the left.png",1344x768,1204.95,e2d8f7a5c2a65e12787ddf22d7ca80140c42f8f88f85809e0dd9dcb9fd988c8d
"C:\Users\user\UI-TARS-desktop\public\kelly\phases\127\q3.png","q3.png","C:\Users\user\UI-TARS-desktop\public\kelly\phases\127",SUSPICIOUS,48.25,101,"facing to the left.png",1344x768,1145.47,a68ab5b0db632c2d40368ed3d4ed0b8cf95c18adedd4074af2c5363660723f65
"C:\Users\user\UI-TARS-desktop\public\kelly\phases\127\wisdom.png","wisdom.png","C:\Users\user\UI-TARS-desktop\public\kelly\phases\127",IMPOSTER,35.75,114,"head and shoulders without chair.png",1344x768,1189.02,b2ccb26cd53343b7737595230529ed73423bb8350debf40488e35dcfcc8c0ac9
"C:\Users\user\UI-TARS-desktop\public\kelly\phases\127\q2.png","q2.png","C:\Users\user\UI-TARS-desktop\public\kelly\phases\127",SUSPICIOUS,44.5,105,"facing to the left.png",1344x768,1147.96,b3ccb534cf136c211f2be1fb85d758caa569ebc448ca1cde68dd43a8f0093a23
"C:\Users\user\UI-TARS-desktop\public\kelly\phases\128\hook.png","hook.png","C:\Users\user\UI-TARS-desktop\public\kelly\phases\128",SUSPICIOUS,41.5,108,"Curious Kelly in final pose in Chair - UI elements will go on the side rails - Copy.png",1344x768,1129.96,b3c8a729a8768966e2225c271d4789c34c9d89dd95e88b98add955df9b998d18
"C:\Users\user\UI-TARS-desktop\public\kelly\phases\128\q2.png","q2.png","C:\Users\user\UI-TARS-desktop\public\kelly\phases\128",SUSPICIOUS,49.25,100,"neutral face with hair.png",1344x768,1122.13,aa6a91d3438d6f38c5989e6c8c59ce729c658c66cce1ce72959332ed7313319a
"C:\Users\user\UI-TARS-desktop\public\kelly\phases\128\q1.png","q1.png","C:\Users\user\UI-TARS-desktop\public\kelly\phases\128",IMPOSTER,33.25,116,"profile of kelly.png",1344x768,1124.35,efccefa588b375c8219b8e12556eb2d3ce39866c916396649324d76c9049abac
"C:\Users\user\UI-TARS-desktop\public\kelly\phases\128\q3.png","q3.png","C:\Users\user\UI-TARS-desktop\public\kelly\phases\128",GOOD,68.25,81,"Curious Kelly in final pose in Chair - UI elements will go on the side rails - Copy.png",1344x768,1100.65,e01ba7285e62e4453a4cc9aa8ef4c98c089ed99989bbd990d9998891fddb17dd
"C:\Users\user\UI-TARS-desktop\public\kelly\phases\128\wisdom.png","wisdom.png","C:\Users\user\UI-TARS-desktop\public\kelly\phases\128",GOOD,64.75,85,"facing to the left.png",1344x768,1114.95,b39be239d8660e86766781664ef690674e169198dbc08c9dd99bd9889c99c9cb
"C:\Users\user\UI-TARS-desktop\public\kelly\phases\129\q1.png","q1.png","C:\Users\user\UI-TARS-desktop\public\kelly\phases\129",IMPOSTER,38.25,111,"head and shoulders without chair.png",1344x768,1094.56,b348b71448334ef326a7f93044effcab8cc54d5ad0cc0ce4fc4f8accdca409ce
"C:\Users\user\UI-TARS-desktop\public\kelly\phases\129\hook.png","hook.png","C:\Users\user\UI-TARS-desktop\public\kelly\phases\129",SUSPICIOUS,42.5,107,"facing to the left.png",1344x768,1143.75,b10cf73c437b0ac36b44b43fc2eb08004d27d4fbff6843e32c84c07cdfdd88c9
"C:\Users\user\UI-TARS-desktop\public\kelly\phases\129\q2.png","q2.png","C:\Users\user\UI-TARS-desktop\public\kelly\phases\129",SUSPICIOUS,57.0,93,"Curious Kelly in final pose in Chair - UI elements will go on the side rails - Copy.png",1344x768,1186.2,e7d9a77c5663700f8f70fe8603e6fd2268300feff40609d0dc8bcd9c89911c8a
"C:\Users\user\UI-TARS-desktop\public\kelly\phases\129\wisdom.png","wisdom.png","C:\Users\user\UI-TARS-desktop\public\kelly\phases\129",SUSPICIOUS,54.25,95,"Curious Kelly in final pose in Chair - UI elements will go on the side rails - Copy.png",1344x768,1075.49,a753a7571aec989c694dd6e69994819a19a1e9980d33d2931933e59b1e63f991
"C:\Users\user\UI-TARS-desktop\public\kelly\phases\129\q3.png","q3.png","C:\Users\user\UI-TARS-desktop\public\kelly\phases\129",IMPOSTER,34.25,115,"Curious Kelly in final pose in Chair - UI elements will go on the side rails - Copy.png",1344x768,1161.47,8859b8a2c5e66744024e8e9fd736cf6d7258ae10077f8aad49b4f9c8aac435a7
"C:\Users\user\UI-TARS-desktop\public\kelly\phases\130\hook.png","hook.png","C:\Users\user\UI-TARS-desktop\public\kelly\phases\130",IMPOSTER,31.75,118,"profile of kelly.png",1344x768,1119.2,ed6cec781d9302c77eb901171bf656a1115e5a85455d5a64024ddf68c22dbb6d
"C:\Users\user\UI-TARS-desktop\public\kelly\phases\130\q1.png","q1.png","C:\Users\user\UI-TARS-desktop\public\kelly\phases\130",SUSPICIOUS,39.25,110,"Curious Kelly in final pose in Chair - UI elements will go on the side rails - Copy.png",1344x768,1180.88,e8d2afbb11215de9293417e5d5219f240e9cd74ab2c8955992db16d6a2c655d3
"C:\Users\user\UI-TARS-desktop\public\kelly\phases\130\q3.png","q3.png","C:\Users\user\UI-TARS-desktop\public\kelly\phases\130",SUSPICIOUS,39.5,110,"facing to the left.png",1344x768,1141.32,85298d979bf63126c51a9867e3cd1b7ee208102daa4d536d9979532d1876e759
"C:\Users\user\UI-TARS-desktop\public\kelly\phases\130\wisdom.png","wisdom.png","C:\Users\user\UI-TARS-desktop\public\kelly\phases\130",IMPOSTER,34.75,115,"neutral face with hair.png",1344x768,1128.38,ed05eca010ba3952aec79423837c1be3db4b18ed87ac3a47e06ac5b83c87e79a
"C:\Users\user\UI-TARS-desktop\public\kelly\phases\130\q2.png","q2.png","C:\Users\user\UI-TARS-desktop\public\kelly\phases\130",IMPOSTER,36.25,113,"head and shoulders without chair.png",1344x768,1199.42,a946a98e97b91670dd11acb80eb9dc114964fc274eeafcfe0466c8c4e4aad476
"C:\Users\user\UI-TARS-desktop\public\kelly\phases\131\hook.png","hook.png","C:\Users\user\UI-TARS-desktop\public\kelly\phases\131",SUSPICIOUS,46.0,104,"Curious Kelly in final pose in Chair - UI elements will go on the side rails - Copy.png",1344x768,1183.47,b09de7195e740366063daa6255e688b345fbdc8e8bc6cd9c98d89985c989adf0
"C:\Users\user\UI-TARS-desktop\public\kelly\phases\131\q1.png","q1.png","C:\Users\user\UI-TARS-desktop\public\kelly\phases\131",SUSPICIOUS,40.0,110,"profile of kelly.png",1344x768,1192.15,e026bf8814d34e3c92cd99771b984bb75532abb3d1f68a26d476a0d4645a7c0b
"C:\Users\user\UI-TARS-desktop\public\kelly\phases\131\wisdom.png","wisdom.png","C:\Users\user\UI-TARS-desktop\public\kelly\phases\131",SUSPICIOUS,53.75,96,"head and shoulders without chair.png",1344x768,1144.12,b5cdf27d4f623d37b63291e7f1270c23f6704a4705a7fa580ac28187ddda08c8
"C:\Users\user\UI-TARS-desktop\public\kelly\phases\131\q2.png","q2.png","C:\Users\user\UI-TARS-desktop\public\kelly\phases\131",SUSPICIOUS,47.5,102,"Curious Kelly in final pose in Chair - UI elements will go on the side rails - Copy.png",1344x768,1205.87,a0caa339d3347ef51f6f4232e27095e30e17f57d5a028dc858db8cab0895dcca
"C:\Users\user\UI-TARS-desktop\public\kelly\phases\131\q3.png","q3.png","C:\Users\user\UI-TARS-desktop\public\kelly\phases\131",SUSPICIOUS,55.0,95,"Curious Kelly in final pose in Chair - UI elements will go on the side rails - Copy.png",1344x768,1165.88,b289a379c2223c5e30755aa33f5ef03c0d8bdd55da959988d5d8889dcd098cbd
"C:\Users\user\UI-TARS-desktop\public\kelly\phases\132\hook.png","hook.png","C:\Users\user\UI-TARS-desktop\public\kelly\phases\132",SUSPICIOUS,56.5,93,"facing to the left.png",1344x768,1169.78,f1d9f739ca2604474a46e866fc8785e04c16c9d8b9ad8d91919a59ddfda80e95
"C:\Users\user\UI-TARS-desktop\public\kelly\phases\132\q2.png","q2.png","C:\Users\user\UI-TARS-desktop\public\kelly\phases\132",SUSPICIOUS,39.5,110,"neutral face with hair.png",1344x768,1172.79,b27af8c2a5c67311038f807cff90a71c11af44ecae44ef42de668c660c73c6eb
"C:\Users\user\UI-TARS-desktop\public\kelly\phases\132\q3.png","q3.png","C:\Users\user\UI-TARS-desktop\public\kelly\phases\132",SUSPICIOUS,43.25,106,"neutral face with hair.png",1344x768,1114.08,a973b943d78c56932d1ed9ac12584d1aaf645633ac51c663de358d725643847d
"C:\Users\user\UI-TARS-desktop\public\kelly\phases\132\q1.png","q1.png","C:\Users\user\UI-TARS-desktop\public\kelly\phases\132",IMPOSTER,34.25,115,"slightly turning her head.png",1344x768,1163.71,e136aace94c954bd186a19314a36bd635ab6ac622ed4446a62d5ad4b5cddd6b4
"C:\Users\user\UI-TARS-desktop\public\kelly\phases\132\wisdom.png","wisdom.png","C:\Users\user\UI-TARS-desktop\public\kelly\phases\132",IMPOSTER,37.25,112,"facing to the left.png",1344x768,1092.68,b146b3ca1e980c3572f1e90b1eddd6f42c061ef7ed6a0b0cd4f62c0eda690c56
"C:\Users\user\UI-TARS-desktop\public\kelly\phases\133\hook.png","hook.png","C:\Users\user\UI-TARS-desktop\public\kelly\phases\133",SUSPICIOUS,39.25,110,"neutral face with hair.png",1344x768,1135.59,a04ca32e17bb5e71e132d7b3da2dbc4354a3ae8d586e84ce494c84fe0fc6c05e
"C:\Users\user\UI-TARS-desktop\public\kelly\phases\133\q2.png","q2.png","C:\Users\user\UI-TARS-desktop\public\kelly\phases\133",SUSPICIOUS,47.0,103,"Curious Kelly in final pose in Chair - UI elements will go on the side rails - Copy.png",1344x768,1150.34,e4bbe1d982603ec617efd2045df00f8f3f91d1da8b919d195f83071b56c0af40
"C:\Users\user\UI-TARS-desktop\public\kelly\phases\133\q1.png","q1.png","C:\Users\user\UI-TARS-desktop\public\kelly\phases\133",SUSPICIOUS,56.25,93,"Curious Kelly in final pose in Chair - UI elements will go on the side rails - Copy.png",1344x768,1111.36,e513a6535e6d2ce4d7489ce458aca9129592999b8993ddbba9d25a2b2c29a95b
"C:\Users\user\UI-TARS-desktop\public\kelly\phases\134\q1.png","q1.png","C:\Users\user\UI-TARS-desktop\public\kelly\phases\134",SUSPICIOUS,41.0,109,"profile of kelly.png",1344x768,1211.01,e5a9a909929525b66cc6953a319652a6acdab2665569aad6d663aa4c536dd26e
"C:\Users\user\UI-TARS-desktop\public\kelly\phases\133\wisdom.png","wisdom.png","C:\Users\user\UI-TARS-desktop\public\kelly\phases\133",GOOD,64.0,86,"Curious Kelly in final pose in Chair - UI elements will go on the side rails - Copy.png",1344x768,1146.22,e3d9f628de261ff60a63d426dbfc9d0250939d89d9989891499ba9e91f986231
"C:\Users\user\UI-TARS-desktop\public\kelly\phases\134\hook.png","hook.png","C:\Users\user\UI-TARS-desktop\public\kelly\phases\134",IMPOSTER,34.75,115,"neutral face with hair.png",1344x768,1142.46,a3ccb52c5b3b46732276fdb1854b4a33abf655e0a83b4f53a8c00cef5c898a94
"C:\Users\user\UI-TARS-desktop\public\kelly\phases\134\q2.png","q2.png","C:\Users\user\UI-TARS-desktop\public\kelly\phases\134",SUSPICIOUS,48.0,102,"Curious Kelly in final pose in Chair - UI elements will go on the side rails - Copy.png",1344x768,1155.39,a5b2a663dccf16c3e86c578ca9445abdbb1ab94459b519b6a930559305bba913
"C:\Users\user\UI-TARS-desktop\public\kelly\phases\133\q3.png","q3.png","C:\Users\user\UI-TARS-desktop\public\kelly\phases\133",SUSPICIOUS,40.0,110,"neutral face with hair.png",1344x768,1189.37,a126a0fed6997c8098cfc8734ef9835f19e7f13033219b3e8a26996411e6aa3f
"C:\Users\user\UI-TARS-desktop\public\kelly\phases\134\q3.png","q3.png","C:\Users\user\UI-TARS-desktop\public\kelly\phases\134",SUSPICIOUS,43.5,106,"facing to the left.png",1344x768,1111.45,e7b0e5b88acf3f675d60c21d182eebc40fb1d99791138930e38211f7fcf0005f
"C:\Users\user\UI-TARS-desktop\public\kelly\phases\135\hook.png","hook.png","C:\Users\user\UI-TARS-desktop\public\kelly\phases\135",SUSPICIOUS,44.25,105,"head and shoulders without chair.png",1344x768,1122.03,f0ccfe7c0f7742829060fdb70bd6081354a99deec8d780cd9c88d8dc98df85c5
"C:\Users\user\UI-TARS-desktop\public\kelly\phases\134\wisdom.png","wisdom.png","C:\Users\user\UI-TARS-desktop\public\kelly\phases\134",SUSPICIOUS,54.5,95,"Curious Kelly in final pose in Chair - UI elements will go on the side rails - Copy.png",1344x768,1157.24,b3d9ab90dc2670ef436f8226d6aed545c28b838858995d5c098b69da1d1d5dda
"C:\Users\user\UI-TARS-desktop\public\kelly\phases\135\q2.png","q2.png","C:\Users\user\UI-TARS-desktop\public\kelly\phases\135",SUSPICIOUS,53.0,97,"facing to the left.png",1344x768,1134.61,a09da3295e2668630377a9735e82eca3a09d19ceade85e9bb9c985dc5a9ca097
"C:\Users\user\UI-TARS-desktop\public\kelly\phases\135\q1.png","q1.png","C:\Users\user\UI-TARS-desktop\public\kelly\phases\135",GOOD,62.0,88,"Curious Kelly in final pose in Chair - UI elements will go on the side rails - Copy.png",1344x768,1104.59,e799f7f05a623c6f03a6de64ed661194070cf9b188939998581f81f1fe18d1b1
"C:\Users\user\UI-TARS-desktop\public\kelly\phases\135\q3.png","q3.png","C:\Users\user\UI-TARS-desktop\public\kelly\phases\135",SUSPICIOUS,42.0,108,"Curious Kelly in final pose in Chair - UI elements will go on the side rails - Copy.png",1344x768,1127.53,b08ce31c4f31bceb013389579ee78843af4cca8cc8c8ed9e74ad7ca9245a76aa
"C:\Users\user\UI-TARS-desktop\public\kelly\phases\135\wisdom.png","wisdom.png","C:\Users\user\UI-TARS-desktop\public\kelly\phases\135",SUSPICIOUS,52.0,98,"facing to the left.png",1344x768,1193.29,b499a669de665bc20427f8e60f5ad0f40902f4a91bdfdd91d98181894b1bbc7d
"C:\Users\user\UI-TARS-desktop\public\kelly\phases\136\hook.png","hook.png","C:\Users\user\UI-TARS-desktop\public\kelly\phases\136",SUSPICIOUS,54.75,95,"facing to the left.png",1344x768,1090.82,b699a7354b664ce62c5ad367c593684efca20499fb2919c89c8d9db90989999d
"C:\Users\user\UI-TARS-desktop\public\kelly\phases\136\q1.png","q1.png","C:\Users\user\UI-TARS-desktop\public\kelly\phases\136",SUSPICIOUS,47.25,102,"Curious Kelly in final pose in Chair - UI elements will go on the side rails - Copy.png",1344x768,1189.4,a1b3af22d0440ccd3fe9895c9a155dae49eb8935923fd1a2892ac9179bfbd432
"C:\Users\user\UI-TARS-desktop\public\kelly\phases\136\q3.png","q3.png","C:\Users\user\UI-TARS-desktop\public\kelly\phases\136",IMPOSTER,39.0,111,"facing to the left.png",1344x768,1126.75,e39bf6a7886e03005d26e9e4aa5f80a77b5a9df54998b08b9e8b4bd89588c81f
"C:\Users\user\UI-TARS-desktop\public\kelly\phases\136\q2.png","q2.png","C:\Users\user\UI-TARS-desktop\public\kelly\phases\136",SUSPICIOUS,54.5,95,"Curious Kelly in final pose in Chair - UI elements will go on the side rails - Copy.png",1344x768,1158.25,a1d4b239c62562ca9e669c06ceeac1d6d9839d3b5898a9d1419ea9e97ed92c9a
"C:\Users\user\UI-TARS-desktop\public\kelly\phases\136\wisdom.png","wisdom.png","C:\Users\user\UI-TARS-desktop\public\kelly\phases\136",IMPOSTER,34.75,115,"head and shoulders without chair.png",1344x768,1115.21,e7cee2bd123b4341b236f0b80943bc02e0a55f5a5a40f9ad9cded7c09c8dacec
"C:\Users\user\UI-TARS-desktop\public\kelly\phases\137\hook.png","hook.png","C:\Users\user\UI-TARS-desktop\public\kelly\phases\137",SUSPICIOUS,44.25,105,"facing to the left.png",1344x768,1106.95,b298a67509275cd6fe8c0366a99a58c9e58e89dd5c39abbd41489c9dd5690a9d
"C:\Users\user\UI-TARS-desktop\public\kelly\phases\137\q3.png","q3.png","C:\Users\user\UI-TARS-desktop\public\kelly\phases\137",IMPOSTER,29.75,120,"neutral face with hair.png",1344x768,1127.48,a526aca25ad96f5c24c9fd591ac5c3192dc052bcfb638a361be7d3339b249146
"C:\Users\user\UI-TARS-desktop\public\kelly\phases\137\q1.png","q1.png","C:\Users\user\UI-TARS-desktop\public\kelly\phases\137",SUSPICIOUS,40.5,109,"head and shoulders without chair.png",1344x768,1207.07,91c4a32ecb395290973af01b0fb10f91f50b596d4e948f83bc69ccde5cc48de9
"C:\Users\user\UI-TARS-desktop\public\kelly\phases\137\q2.png","q2.png","C:\Users\user\UI-TARS-desktop\public\kelly\phases\137",SUSPICIOUS,43.25,106,"head and shoulders without chair.png",1344x768,1163.04,b289f38e07be067843304af3553707f9da21c0939ddedcd988855cc9fc0407ef
"C:\Users\user\UI-TARS-desktop\public\kelly\phases\138\hook.png","hook.png","C:\Users\user\UI-TARS-desktop\public\kelly\phases\138",SUSPICIOUS,55.5,94,"Curious Kelly in final pose in Chair - UI elements will go on the side rails - Copy.png",1344x768,1143.19,f499f679ce670b667a6480e649ef0df660038c884b9fc9b95d90c8990f955a8b
"C:\Users\user\UI-TARS-desktop\public\kelly\phases\137\wisdom.png","wisdom.png","C:\Users\user\UI-TARS-desktop\public\kelly\phases\137",SUSPICIOUS,47.75,102,"facing to the left.png",1344x768,1127.86,a61aa7721d64488c7e2481d4ad0f588c2b74d3d1bd1b5bb9a9315a9bd59baea1
"C:\Users\user\UI-TARS-desktop\public\kelly\phases\138\q1.png","q1.png","C:\Users\user\UI-TARS-desktop\public\kelly\phases\138",SUSPICIOUS,41.25,108,"facing to the left.png",1344x768,1177.02,a03ba66297c438d81a2991f81f951b94a123973bcb9785afbc70e7c4e6e4e24e
"C:\Users\user\UI-TARS-desktop\public\kelly\phases\138\q2.png","q2.png","C:\Users\user\UI-TARS-desktop\public\kelly\phases\138",IMPOSTER,37.0,113,"slightly turning her head.png",1344x768,1173.81,f86cf3a0b383019f6f99439cbe8c8766ccb18c7edc44de84a5724e768c639229
"C:\Users\user\UI-TARS-desktop\public\kelly\phases\138\wisdom.png","wisdom.png","C:\Users\user\UI-TARS-desktop\public\kelly\phases\138",SUSPICIOUS,40.75,109,"slightly turning her head.png",1344x768,1092.43,aab6e76714cc0c99624dff290cd5f1880f7cc0279fbe90339bb619328bb71930
"C:\Users\user\UI-TARS-desktop\public\kelly\phases\139\hook.png","hook.png","C:\Users\user\UI-TARS-desktop\public\kelly\phases\139",IMPOSTER,33.5,116,"facing to the left.png",1344x768,1095.64,e0ccd30cfc33ae7319f68ddba8df089fc88de88c4888d888a49a1b6c7732a773
"C:\Users\user\UI-TARS-desktop\public\kelly\phases\138\q3.png","q3.png","C:\Users\user\UI-TARS-desktop\public\kelly\phases\138",IMPOSTER,34.25,115,"Curious Kelly in final pose in Chair - UI elements will go on the side rails - Copy.png",1344x768,1162.13,9558f569d2e364860dcdef979a068256ec3d271e649707f0f824da2fa493c661
"C:\Users\user\UI-TARS-desktop\public\kelly\phases\139\q1.png","q1.png","C:\Users\user\UI-TARS-desktop\public\kelly\phases\139",SUSPICIOUS,43.25,106,"facing to the left.png",1344x768,1078.42,c31bc633f466d0ce3f669d848dbc9fbaec93b17f989b8109999b298099190c93
"C:\Users\user\UI-TARS-desktop\public\kelly\phases\139\q2.png","q2.png","C:\Users\user\UI-TARS-desktop\public\kelly\phases\139",SUSPICIOUS,49.25,100,"Curious Kelly in final pose in Chair - UI elements will go on the side rails - Copy.png",1344x768,1143.57,e1b2d66bb4cfe6ea1b6d815cd92418521996d91099971933e713665116d3e5b9
"C:\Users\user\UI-TARS-desktop\public\kelly\phases\139\q3.png","q3.png","C:\Users\user\UI-TARS-desktop\public\kelly\phases\139",SUSPICIOUS,58.75,91,"Curious Kelly in final pose in Chair - UI elements will go on the side rails - Copy.png",1344x768,1075.99,a19ac629fe61a6611e665da6c89f998f5d8ed9ca89d95918761da68d0fa85a28
"C:\Users\user\UI-TARS-desktop\public\kelly\phases\139\wisdom.png","wisdom.png","C:\Users\user\UI-TARS-desktop\public\kelly\phases\139",IMPOSTER,31.0,119,"profile of kelly.png",1344x768,1125.12,c56d9494f4939526fe129b62a7689b6dc3ec1a6d236f38153d176c906c96e492
"C:\Users\user\UI-TARS-desktop\public\kelly\phases\140\q1.png","q1.png","C:\Users\user\UI-TARS-desktop\public\kelly\phases\140",IMPOSTER,38.25,111,"profile of kelly.png",1344x768,1161.99,e041accd519271366cd1aa925752aa93e85bd70dab6cd169ba2cd36e9b4d8a69
"C:\Users\user\UI-TARS-desktop\public\kelly\phases\140\hook.png","hook.png","C:\Users\user\UI-TARS-desktop\public\kelly\phases\140",SUSPICIOUS,42.75,107,"neutral face with hair.png",1344x768,1205.86,b2c4b386c01b4a393790da0103fdd439ab56d4b0caefcd42dce0c8ef4d6eaeca
"C:\Users\user\UI-TARS-desktop\public\kelly\phases\140\q2.png","q2.png","C:\Users\user\UI-TARS-desktop\public\kelly\phases\140",SUSPICIOUS,51.25,98,"Curious Kelly in final pose in Chair - UI elements will go on the side rails - Copy.png",1344x768,1168.74,b68da339d270ff62e82785abdce2c98d9d8f0cd80ded68951ed46640032fb4b8
"C:\Users\user\UI-TARS-desktop\public\kelly\phases\140\q3.png","q3.png","C:\Users\user\UI-TARS-desktop\public\kelly\phases\140",IMPOSTER,33.75,116,"facing to the left.png",1344x768,1140.33,91e9f0ab85066aec178cd55a4eafe7636cf49728601a93156ae597584ee99233
"C:\Users\user\UI-TARS-desktop\public\kelly\phases\140\wisdom.png","wisdom.png","C:\Users\user\UI-TARS-desktop\public\kelly\phases\140",SUSPICIOUS,53.0,97,"facing to the left.png",1344x768,1166.84,e1c8f23cde32052ce92718c6b7f24eb74d00881f9eaddd8a89d85d9f8989fe80
"C:\Users\user\UI-TARS-desktop\public\kelly\phases\141\hook.png","hook.png","C:\Users\user\UI-TARS-desktop\public\kelly\phases\141",IMPOSTER,30.75,119,"neutral face with hair.png",1344x768,1168.68,ffccfa34c0338182b710de3182cf97abf870050df4ac08dcf85408cbfcdd6dd8
"C:\Users\user\UI-TARS-desktop\public\kelly\phases\141\q2.png","q2.png","C:\Users\user\UI-TARS-desktop\public\kelly\phases\141",SUSPICIOUS,47.0,103,"slightly turning her head.png",1344x768,1106.84,b0e4e9940f1b142e9f19166b9da90a4595eedcc6c12effca5056bd1a535ab512
"C:\Users\user\UI-TARS-desktop\public\kelly\phases\141\q1.png","q1.png","C:\Users\user\UI-TARS-desktop\public\kelly\phases\141",IMPOSTER,38.0,112,"Curious Kelly in final pose in Chair - UI elements will go on the side rails - Copy.png",1344x768,1112.72,a012a04f5ecd0d39408819dd59b50a3be9b751921bb9dd12dff20fa157c2bf95
"C:\Users\user\UI-TARS-desktop\public\kelly\phases\141\q3.png","q3.png","C:\Users\user\UI-TARS-desktop\public\kelly\phases\141",SUSPICIOUS,44.0,106,"Curious Kelly in final pose in Chair - UI elements will go on the side rails - Copy.png",1344x768,1210.97,f0c9e3149f733e4440b295eb9f5e4c1041ea888f8fd4d9dd5a898d8aded5a740
"C:\Users\user\UI-TARS-desktop\public\kelly\phases\141\wisdom.png","wisdom.png","C:\Users\user\UI-TARS-desktop\public\kelly\phases\141",IMPOSTER,35.25,114,"neutral face with hair.png",1344x768,1098.15,a56eaec4529951d3aecac21951a257cbe83d1364137e9b64ba05936e8d64f2ae
"C:\Users\user\UI-TARS-desktop\public\kelly\phases\142\hook.png","hook.png","C:\Users\user\UI-TARS-desktop\public\kelly\phases\142",SUSPICIOUS,41.5,108,"head and shoulders without chair.png",1344x768,1116.8,a2cea31c4d319e317a4383b3dce5aae3d8d7adc458ce84c55ece858e49847d46
"C:\Users\user\UI-TARS-desktop\public\kelly\phases\142\q2.png","q2.png","C:\Users\user\UI-TARS-desktop\public\kelly\phases\142",SUSPICIOUS,42.5,107,"slightly turning her head.png",1344x768,1185.74,e19ee6fe0e6b2653465d56affa612265ff67740a00e40fc5d805817aff620216
"C:\Users\user\UI-TARS-desktop\public\kelly\phases\142\q1.png","q1.png","C:\Users\user\UI-TARS-desktop\public\kelly\phases\142",SUSPICIOUS,51.0,99,"Curious Kelly in final pose in Chair - UI elements will go on the side rails - Copy.png",1344x768,1136.05,a359a33d9c620ce45866a9da14bced826b595098bd8b4394ea7db56b5760e636
"C:\Users\user\UI-TARS-desktop\public\kelly\phases\142\q3.png","q3.png","C:\Users\user\UI-TARS-desktop\public\kelly\phases\142",SUSPICIOUS,53.25,96,"Curious Kelly in final pose in Chair - UI elements will go on the side rails - Copy.png",1344x768,1118.6,a299a6715d6648c6260cd3621f9ef844c0a6ef8b1dfdd98a8889dd59d99b88b9
"C:\Users\user\UI-TARS-desktop\public\kelly\phases\143\hook.png","hook.png","C:\Users\user\UI-TARS-desktop\public\kelly\phases\143",SUSPICIOUS,46.25,103,"Curious Kelly in final pose in Chair - UI elements will go on the side rails - Copy.png",1344x768,1170.68,e4fbf0794e644ee531624ac4cf2495e23a57c120add8d81ec9d99d90d01febe1
"C:\Users\user\UI-TARS-desktop\public\kelly\phases\142\wisdom.png","wisdom.png","C:\Users\user\UI-TARS-desktop\public\kelly\phases\142",SUSPICIOUS,40.0,110,"neutral face with hair.png",1344x768,1167.66,a56ded95d4924c7b8593de5bdb9f019a09ac9b46db2c38e1f3459060e6650d54
"C:\Users\user\UI-TARS-desktop\public\kelly\phases\143\q2.png","q2.png","C:\Users\user\UI-TARS-desktop\public\kelly\phases\143",IMPOSTER,36.25,113,"Curious Kelly in final pose in Chair - UI elements will go on the side rails - Copy.png",1344x768,1178.15,a3b3aeebd64c3d645acd0104fc689bafd5509139c9aadd33d994913b1ba3e240
"C:\Users\user\UI-TARS-desktop\public\kelly\phases\143\q1.png","q1.png","C:\Users\user\UI-TARS-desktop\public\kelly\phases\143",SUSPICIOUS,40.25,109,"close up of face.jpeg",1344x768,1141.68,b011f83844cc61877f04cecf03e7f81c07beee10c43f0738ff1885fbb52805fe
"C:\Users\user\UI-TARS-desktop\public\kelly\phases\143\q3.png","q3.png","C:\Users\user\UI-TARS-desktop\public\kelly\phases\143",IMPOSTER,35.75,114,"slightly turning her head.png",1344x768,1146.62,b0e5b38c979b661c413a979beb35a41263412b3baf915268849b097ddc9197eb
"C:\Users\user\UI-TARS-desktop\public\kelly\phases\143\wisdom.png","wisdom.png","C:\Users\user\UI-TARS-desktop\public\kelly\phases\143",SUSPICIOUS,43.5,106,"Curious Kelly in final pose in Chair - UI elements will go on the side rails - Copy.png",1344x768,1138.15,b532a5d25ec9ad6770cc364de0e0be4d4ce4a4ec435e1ce5c39c18798b0ed8b5
"C:\Users\user\UI-TARS-desktop\public\kelly\phases\144\hook.png","hook.png","C:\Users\user\UI-TARS-desktop\public\kelly\phases\144",IMPOSTER,36.0,114,"head and shoulders without chair.png",1344x768,1139.95,b2d9a4a1d636cb4c9766da32ed47dc5709e9b4d418dea88d09c99cae0bdcf808
"C:\Users\user\UI-TARS-desktop\public\kelly\phases\144\q3.png","q3.png","C:\Users\user\UI-TARS-desktop\public\kelly\phases\144",IMPOSTER,35.5,114,"profile of kelly.png",1344x768,1120.98,ce48e9b91c9705abf9f405167ab6ef9007761f6f9054ba0613ea9740907f380f
"C:\Users\user\UI-TARS-desktop\public\kelly\phases\144\q2.png","q2.png","C:\Users\user\UI-TARS-desktop\public\kelly\phases\144",SUSPICIOUS,43.5,106,"Curious Kelly in final pose in Chair - UI elements will go on the side rails - Copy.png",1344x768,1107.39,e173a3b85ce41eced2ed892cc8d8978db1704b12c99b9b93d0f28d234b1665e3
"C:\Users\user\UI-TARS-desktop\public\kelly\phases\144\q1.png","q1.png","C:\Users\user\UI-TARS-desktop\public\kelly\phases\144",IMPOSTER,36.5,113,"Curious Kelly in final pose in Chair - UI elements will go on the side rails - Copy.png",1344x768,1185.47,b533f854c0c163cb0ecee666c11bff0b0e77073bc61cde3086310f3f205ef348
"C:\Users\user\UI-TARS-desktop\public\kelly\phases\144\wisdom.png","wisdom.png","C:\Users\user\UI-TARS-desktop\public\kelly\phases\144",SUSPICIOUS,44.75,105,"facing to the left.png",1344x768,1134.76,f0dcf73c48231e87fc7088e65d068ce56dd818cc8fdcddc990cc4fd02d8da0ae
"C:\Users\user\UI-TARS-desktop\public\kelly\phases\145\hook.png","hook.png","C:\Users\user\UI-TARS-desktop\public\kelly\phases\145",SUSPICIOUS,48.75,101,"Curious Kelly in final pose in Chair - UI elements will go on the side rails - Copy.png",1344x768,1136.73,a358a23954e61c44abaed5cf08818bea5f99d1595b986d8f837932e272672f26
"C:\Users\user\UI-TARS-desktop\public\kelly\phases\145\q2.png","q2.png","C:\Users\user\UI-TARS-desktop\public\kelly\phases\145",SUSPICIOUS,45.5,104,"Curious Kelly in final pose in Chair - UI elements will go on the side rails - Copy.png",1344x768,1153.21,b5dda73d8c222f52caf59c83d02a4c9f8df899c8c8ddc8951c8d5de856aa7422
"C:\Users\user\UI-TARS-desktop\public\kelly\phases\145\q1.png","q1.png","C:\Users\user\UI-TARS-desktop\public\kelly\phases\145",IMPOSTER,21.5,128,"neutral face with hair.png",1344x768,1126.25,a765ec8d18926f953c9b18307382d8ba770e8be363489957f22d1b6cd22913ee
"C:\Users\user\UI-TARS-desktop\public\kelly\phases\145\q3.png","q3.png","C:\Users\user\UI-TARS-desktop\public\kelly\phases\145",SUSPICIOUS,40.0,110,"neutral face with hair.png",1344x768,1071.96,b073f1994a8ccf44353a4aae95454e36866c4e6354738e79de274c73c671ec23
"C:\Users\user\UI-TARS-desktop\public\kelly\phases\145\wisdom.png","wisdom.png","C:\Users\user\UI-TARS-desktop\public\kelly\phases\145",SUSPICIOUS,40.75,109,"Curious Kelly in final pose in Chair - UI elements will go on the side rails - Copy.png",1344x768,1142.49,f7d9f2e50b665a3eb717c7470aaaeb5c440241ef5a14e1e1140fcbfd1c48c981
"C:\Users\user\UI-TARS-desktop\public\kelly\phases\146\q1.png","q1.png","C:\Users\user\UI-TARS-desktop\public\kelly\phases\146",SUSPICIOUS,42.5,107,"facing to the left.png",1344x768,1104.37,a38ca33a9e330cc3257eddb60ccdadedde86ac944d6cb4884a4d949460ec2f97
"C:\Users\user\UI-TARS-desktop\public\kelly\phases\146\hook.png","hook.png","C:\Users\user\UI-TARS-desktop\public\kelly\phases\146",SUSPICIOUS,45.25,104,"Curious Kelly in final pose in Chair - UI elements will go on the side rails - Copy.png",1344x768,1135.35,a349af38dc224aefa565dd36c9e7d0d98d4e5818b5dd4988a4974979b691134a
"C:\Users\user\UI-TARS-desktop\public\kelly\phases\146\q2.png","q2.png","C:\Users\user\UI-TARS-desktop\public\kelly\phases\146",SUSPICIOUS,52.75,97,"head and shoulders without chair.png",1344x768,1154.12,b0d5b3140f2a7671aae7e6664eb6a4615a4707a6f8148bd2dcab8993f95d06a2
"C:\Users\user\UI-TARS-desktop\public\kelly\phases\146\wisdom.png","wisdom.png","C:\Users\user\UI-TARS-desktop\public\kelly\phases\146",SUSPICIOUS,40.25,109,"head and shoulders without chair.png",1344x768,1145.37,e0cfe30cdb32362e03330183df3ffc3383ccdc870880dccf0c81f8de0fc1f8cf
"C:\Users\user\UI-TARS-desktop\public\kelly\phases\146\q3.png","q3.png","C:\Users\user\UI-TARS-desktop\public\kelly\phases\146",SUSPICIOUS,49.5,100,"Curious Kelly in final pose in Chair - UI elements will go on the side rails - Copy.png",1344x768,1157.24,d69da77998237b76522587669f6e5816a5f78c284bd6fd8009c8c98358981dda
"C:\Users\user\UI-TARS-desktop\public\kelly\phases\147\hook.png","hook.png","C:\Users\user\UI-TARS-desktop\public\kelly\phases\147",SUSPICIOUS,51.0,99,"facing to the left.png",1344x768,1118.08,f09de271de220df7a261d806a5f84ec7c4f940ccbeccc0c88cddf8dc0d89f85c
"C:\Users\user\UI-TARS-desktop\public\kelly\phases\147\q1.png","q1.png","C:\Users\user\UI-TARS-desktop\public\kelly\phases\147",SUSPICIOUS,42.0,108,"profile of kelly.png",1344x768,1170.61,e649ef811127749748928524d4a4f3923a963f6e9b648a5cd2ee92499359bf6b
"C:\Users\user\UI-TARS-desktop\public\kelly\phases\147\q3.png","q3.png","C:\Users\user\UI-TARS-desktop\public\kelly\phases\147",SUSPICIOUS,47.0,103,"facing to the left.png",1344x768,1149.77,e39bf6791d640bce227fb5240a920bcf9d160e3b03810b9fc5db9eb94191095f
"C:\Users\user\UI-TARS-desktop\public\kelly\phases\147\q2.png","q2.png","C:\Users\user\UI-TARS-desktop\public\kelly\phases\147",SUSPICIOUS,50.0,100,"Curious Kelly in final pose in Chair - UI elements will go on the side rails - Copy.png",1344x768,1202.84,e0b9fe60be66034fd864d0a41deef8b389d1d9988998d9b11db0f2fb61502f81
"C:\Users\user\UI-TARS-desktop\public\kelly\phases\147\wisdom.png","wisdom.png","C:\Users\user\UI-TARS-desktop\public\kelly\phases\147",IMPOSTER,36.5,113,"facing to the left.png",1344x768,1155.9,b2d8b608df23c0f7267e1df31dcdfcc048cee599958cc8dca8dc158d0bc9a614
"C:\Users\user\UI-TARS-desktop\public\kelly\phases\148\hook.png","hook.png","C:\Users\user\UI-TARS-desktop\public\kelly\phases\148",SUSPICIOUS,46.25,103,"Curious Kelly in final pose in Chair - UI elements will go on the side rails - Copy.png",1344x768,1132.76,b619a63151e6c0e22e0e1f26fe100beef5560ad8d1f9999c5fd9d49b19985989
"C:\Users\user\UI-TARS-desktop\public\kelly\phases\148\q1.png","q1.png","C:\Users\user\UI-TARS-desktop\public\kelly\phases\148",IMPOSTER,35.75,114,"profile of kelly.png",1344x768,1157.07,e892a97a156d7ea10d2415450eb9372c55e589a457344e8999e9877d96cd92df
"C:\Users\user\UI-TARS-desktop\public\kelly\phases\148\q2.png","q2.png","C:\Users\user\UI-TARS-desktop\public\kelly\phases\148",IMPOSTER,30.75,119,"neutral face with hair.png",1344x768,1147.0,e56fe4d9dcb8158ea1d39532d8120896a7d33ce2d6deb853d77e126093ce9801
"C:\Users\user\UI-TARS-desktop\public\kelly\phases\148\q3.png","q3.png","C:\Users\user\UI-TARS-desktop\public\kelly\phases\148",SUSPICIOUS,46.0,104,"Curious Kelly in final pose in Chair - UI elements will go on the side rails - Copy.png",1344x768,1189.43,f512e6568ecd7ee13a4ed1381ab589a299339930d1831e17e1eb251c769747c3
"C:\Users\user\UI-TARS-desktop\public\kelly\phases\148\wisdom.png","wisdom.png","C:\Users\user\UI-TARS-desktop\public\kelly\phases\148",SUSPICIOUS,47.0,103,"Curious Kelly in final pose in Chair - UI elements will go on the side rails - Copy.png",1344x768,1192.69,b5dce474e376430196e61e1ba8441cbafdf199cfc9898d0c5888a8047f7c76ae
"C:\Users\user\UI-TARS-desktop\public\kelly\phases\149\q2.png","q2.png","C:\Users\user\UI-TARS-desktop\public\kelly\phases\149",SUSPICIOUS,43.25,106,"profile of kelly.png",1344x768,1108.12,e766ec961c9923f0aadad4138b9b9b6ceba68a33f324136edb600720f07e2784
"C:\Users\user\UI-TARS-desktop\public\kelly\phases\149\hook.png","hook.png","C:\Users\user\UI-TARS-desktop\public\kelly\phases\149",SUSPICIOUS,57.0,93,"Curious Kelly in final pose in Chair - UI elements will go on the side rails - Copy.png",1344x768,1118.68,a3dca358dd3218e32b5cd5a20ad71c0885d65c89afdcd5dd08c8da95a54f5bd8
"C:\Users\user\UI-TARS-desktop\public\kelly\phases\149\q1.png","q1.png","C:\Users\user\UI-TARS-desktop\public\kelly\phases\149",SUSPICIOUS,44.75,105,"neutral face with hair.png",1344x768,1194.03,a1effb480b122a357b72829b8e21f9f9848bc9f6dcd5c88f0ccdf89f0404f864
"C:\Users\user\UI-TARS-desktop\public\kelly\phases\149\wisdom.png","wisdom.png","C:\Users\user\UI-TARS-desktop\public\kelly\phases\149",SUSPICIOUS,51.25,98,"facing to the left.png",1344x768,1135.76,b5dda21d4a234d5a3434ca32836bd24564330dbd68f095dfca4d0dcfecb89c9c
"C:\Users\user\UI-TARS-desktop\public\kelly\phases\149\q3.png","q3.png","C:\Users\user\UI-TARS-desktop\public\kelly\phases\149",IMPOSTER,32.25,117,"head and shoulders without chair.png",1344x768,1157.76,a42fa08d1f987f24b8f206cbfca340533d251fa4a84addd11dc95c0b9ed45de6
"C:\Users\user\UI-TARS-desktop\public\kelly\phases\150\q1.png","q1.png","C:\Users\user\UI-TARS-desktop\public\kelly\phases\150",IMPOSTER,36.0,114,"Curious Kelly in final pose in Chair - UI elements will go on the side rails - Copy.png",1344x768,1191.61,ec5b89b31324734c513db74da2add244ccd3959a8ec3949396d2b65a26da7453
"C:\Users\user\UI-TARS-desktop\public\kelly\phases\150\hook.png","hook.png","C:\Users\user\UI-TARS-desktop\public\kelly\phases\150",SUSPICIOUS,45.25,104,"facing to the left.png",1344x768,1165.81,e7b0e6e3824c140fdeec81e05c0c03ace853191be9fb1d11d9b34133fe17e78b
"C:\Users\user\UI-TARS-desktop\public\kelly\phases\150\q2.png","q2.png","C:\Users\user\UI-TARS-desktop\public\kelly\phases\150",SUSPICIOUS,51.0,99,"facing to the left.png",1344x768,1191.25,b58da335e434566b0527f866ec5203ffdd0b8b50e8958ddcd81a0a4ded9581f8
"C:\Users\user\UI-TARS-desktop\public\kelly\phases\150\q3.png","q3.png","C:\Users\user\UI-TARS-desktop\public\kelly\phases\150",SUSPICIOUS,39.75,110,"head and shoulders without chair.png",1344x768,1147.12,a1cca71c9a7352e3ef37a83356f38a617692106d4a42d5bca84fdcd488cddd88
"C:\Users\user\UI-TARS-desktop\public\kelly\phases\150\wisdom.png","wisdom.png","C:\Users\user\UI-TARS-desktop\public\kelly\phases\150",GOOD,62.0,88,"Curious Kelly in final pose in Chair - UI elements will go on the side rails - Copy.png",1344x768,1100.91,b39ba271de6654bfab67cb82d4e4acfb508da91850f9bd81419bed58342142d4
"C:\Users\user\UI-TARS-desktop\public\kelly\phases\151\hook.png","hook.png","C:\Users\user\UI-TARS-desktop\public\kelly\phases\151",SUSPICIOUS,49.75,100,"Curious Kelly in final pose in Chair - UI elements will go on the side rails - Copy.png",1344x768,1105.94,a2c9a3b95e36e8b66b6dd2221a908d865da6485f85dd998cffd8c858088fa9dc
"C:\Users\user\UI-TARS-desktop\public\kelly\phases\151\q1.png","q1.png","C:\Users\user\UI-TARS-desktop\public\kelly\phases\151",IMPOSTER,29.5,120,"neutral face with hair.png",1344x768,1151.82,92e7b08f0d9c5b38b2998d9c6e5a961c66c0ba925ce9bee74ca496424da5ea4e
"C:\Users\user\UI-TARS-desktop\public\kelly\phases\151\q2.png","q2.png","C:\Users\user\UI-TARS-desktop\public\kelly\phases\151",GOOD,66.5,83,"Curious Kelly in final pose in Chair - UI elements will go on the side rails - Copy.png",1344x768,1171.95,a19ba2358e647f6b5fe6b88699e7cd9a98b90d9af899109aa899055816c4f83e
"C:\Users\user\UI-TARS-desktop\public\kelly\phases\151\q3.png","q3.png","C:\Users\user\UI-TARS-desktop\public\kelly\phases\151",IMPOSTER,37.5,112,"facing to the left.png",1344x768,1162.3,f432ee4ac2cd076878ce11e5af2b01dcf9b40403dbf299375ba3c912d91399b6
"C:\Users\user\UI-TARS-desktop\public\kelly\phases\151\wisdom.png","wisdom.png","C:\Users\user\UI-TARS-desktop\public\kelly\phases\151",IMPOSTER,35.0,115,"close up of face.jpeg",1344x768,1167.18,b8b1b28b45d062cd670ddbceeb90a74c534b99ba5ad2a4454afea52b4a62ac66
"C:\Users\user\UI-TARS-desktop\public\kelly\phases\152\hook.png","hook.png","C:\Users\user\UI-TARS-desktop\public\kelly\phases\152",SUSPICIOUS,46.75,103,"facing to the left.png",1344x768,1153.59,b29df238df262d7be033bf02416b0d27e4901acdc90f8de8d848dd8989fd5a0d
"C:\Users\user\UI-TARS-desktop\public\kelly\phases\152\q1.png","q1.png","C:\Users\user\UI-TARS-desktop\public\kelly\phases\152",SUSPICIOUS,43.75,106,"neutral face with hair.png",1344x768,1164.48,ff33fc02c2cd43fc66c4f14d03a99af4bc1495e739b98b639813d5378bb08822
"C:\Users\user\UI-TARS-desktop\public\kelly\phases\152\q2.png","q2.png","C:\Users\user\UI-TARS-desktop\public\kelly\phases\152",SUSPICIOUS,48.5,101,"slightly turning her head.png",1344x768,1150.32,ad76b496d6c97270b6cd0b29d35db900fa26c9121ba7d1220b74e5aa1efce243
"C:\Users\user\UI-TARS-desktop\public\kelly\phases\152\q3.png","q3.png","C:\Users\user\UI-TARS-desktop\public\kelly\phases\152",IMPOSTER,34.5,115,"neutral face with hair.png",1344x768,1109.44,bae6b3d2859d4f4dab9c55986909bf9022587baeb6d04aacf44a8ab4cc418eea
"C:\Users\user\UI-TARS-desktop\public\kelly\phases\152\wisdom.png","wisdom.png","C:\Users\user\UI-TARS-desktop\public\kelly\phases\152",SUSPICIOUS,50.25,99,"facing to the left.png",1344x768,1154.04,e19ff59f8660f64e6eed186c5f0c00d8bd12f837d920191fc9b0199bb2f1ac03
"C:\Users\user\UI-TARS-desktop\public\kelly\phases\153\hook.png","hook.png","C:\Users\user\UI-TARS-desktop\public\kelly\phases\153",SUSPICIOUS,52.75,97,"facing to the left.png",1344x768,1148.63,a49ba7111a6654eae2541a3454eed9e60fd6d0bea90a1d1f91bd9d1a89f9a919
"C:\Users\user\UI-TARS-desktop\public\kelly\phases\153\q1.png","q1.png","C:\Users\user\UI-TARS-desktop\public\kelly\phases\153",SUSPICIOUS,47.0,103,"facing to the left.png",1344x768,1163.03,a596e61384e478d8aa7cd484a5895accad0917a55a1fd95391bedab189709fba
"C:\Users\user\UI-TARS-desktop\public\kelly\phases\153\q2.png","q2.png","C:\Users\user\UI-TARS-desktop\public\kelly\phases\153",SUSPICIOUS,55.0,95,"facing to the left.png",1344x768,1156.9,f58fe329de730c45a8221c86fcef4ad9bd89d89089c9bd8d2bf07c0b25687a48
"C:\Users\user\UI-TARS-desktop\public\kelly\phases\153\wisdom.png","wisdom.png","C:\Users\user\UI-TARS-desktop\public\kelly\phases\153",SUSPICIOUS,48.75,101,"head and shoulders without chair.png",1344x768,1157.24,b58de17cda361e0987715bb29c630e13e45bdce70cc88dccc88f0cc5bd5c1ad4
"C:\Users\user\UI-TARS-desktop\public\kelly\phases\153\q3.png","q3.png","C:\Users\user\UI-TARS-desktop\public\kelly\phases\153",SUSPICIOUS,44.0,106,"neutral face with hair.png",1344x768,1150.44,fa60f9c1c08f071f5f898864029cee0c8cf64ee8c424c87eeee3cf63f630a2f3
"C:\Users\user\UI-TARS-desktop\public\kelly\phases\154\hook.png","hook.png","C:\Users\user\UI-TARS-desktop\public\kelly\phases\154",SUSPICIOUS,57.5,92,"facing to the left.png",1344x768,1113.46,a519e13596761acab4e44536c8bade898dc614b9cb5ab9bd18d19d83a8989d5d
"C:\Users\user\UI-TARS-desktop\public\kelly\phases\154\q1.png","q1.png","C:\Users\user\UI-TARS-desktop\public\kelly\phases\154",IMPOSTER,35.75,114,"head and shoulders without chair.png",1344x768,1143.82,bc0ab8f94be9e3a76c8ed2ccc793d5265466c7e1840bcd32876b254a7778011b
"C:\Users\user\UI-TARS-desktop\public\kelly\phases\154\q2.png","q2.png","C:\Users\user\UI-TARS-desktop\public\kelly\phases\154",GOOD,60.0,90,"Curious Kelly in final pose in Chair - UI elements will go on the side rails - Copy.png",1344x768,1097.55,f119e6710ee63e0ec0641d8ec8f099ce9d9d58d981995b9abc1fc1f83e1f240d
"C:\Users\user\UI-TARS-desktop\public\kelly\phases\154\q3.png","q3.png","C:\Users\user\UI-TARS-desktop\public\kelly\phases\154",SUSPICIOUS,51.25,98,"head and shoulders without chair.png",1344x768,1135.74,f033b267ca4c0696fecce00c5d49a89c4ddefb088b81d1ffa9905981ff738037
"C:\Users\user\UI-TARS-desktop\public\kelly\phases\154\wisdom.png","wisdom.png","C:\Users\user\UI-TARS-desktop\public\kelly\phases\154",IMPOSTER,33.5,116,"Curious Kelly in final pose in Chair - UI elements will go on the side rails - Copy.png",1344x768,1100.63,ad49add213b6100ca8f47d8ed26683f9d60e82f97d511248ea693b47c67b3ac9
"C:\Users\user\UI-TARS-desktop\public\kelly\phases\155\hook.png","hook.png","C:\Users\user\UI-TARS-desktop\public\kelly\phases\155",IMPOSTER,31.5,118,"facing to the left.png",1344x768,1147.45,a6ddb33459330e73f7468983d49f08ecf5c81dbce80d15c8e38c6617767ca302
"C:\Users\user\UI-TARS-desktop\public\kelly\phases\155\q2.png","q2.png","C:\Users\user\UI-TARS-desktop\public\kelly\phases\155",IMPOSTER,38.75,111,"profile of kelly.png",1344x768,1110.21,f530f4b096ca266ff84c8d45fb4c0b6de93189949933d93009e7bf12a531d8b3
"C:\Users\user\UI-TARS-desktop\public\kelly\phases\155\q3.png","q3.png","C:\Users\user\UI-TARS-desktop\public\kelly\phases\155",SUSPICIOUS,41.75,108,"neutral face with hair.png",1344x768,1147.61,f06df304cb9a6d0a07b9e85987d0cc987dd489e7cced8c44dcc6c5c6482d1fe8
"C:\Users\user\UI-TARS-desktop\public\kelly\phases\155\q1.png","q1.png","C:\Users\user\UI-TARS-desktop\public\kelly\phases\155",IMPOSTER,36.75,113,"slightly turning her head.png",1344x768,1169.86,e504adcf98130fb22899154b83b61acf8f71d57c9334d376986a8b6d9a649b1c
"C:\Users\user\UI-TARS-desktop\public\kelly\phases\155\wisdom.png","wisdom.png","C:\Users\user\UI-TARS-desktop\public\kelly\phases\155",SUSPICIOUS,51.5,98,"facing to the left.png",1344x768,1156.39,a198a3384f766ec1be675838ce26c5a74ee3fc155c888a38ddc1008ffddd9d08
"C:\Users\user\UI-TARS-desktop\public\kelly\phases\156\hook.png","hook.png","C:\Users\user\UI-TARS-desktop\public\kelly\phases\156",SUSPICIOUS,40.25,109,"Curious Kelly in final pose in Chair - UI elements will go on the side rails - Copy.png",1344x768,1145.64,a733e66a1ecc50de46e9ad4c54d798c9450c9f41011c5d958973db94b9331bb7
"C:\Users\user\UI-TARS-desktop\public\kelly\phases\156\q1.png","q1.png","C:\Users\user\UI-TARS-desktop\public\kelly\phases\156",SUSPICIOUS,48.0,102,"facing to the left.png",1344x768,1129.45,e432ae7fda4c71cd560dcaac3951d95c56a94a2b391e91159b3299ab99b29133
"C:\Users\user\UI-TARS-desktop\public\kelly\phases\156\q2.png","q2.png","C:\Users\user\UI-TARS-desktop\public\kelly\phases\156",IMPOSTER,37.75,112,"neutral face with hair.png",1344x768,1204.73,ed2ce4dddc990b97d09ef4329f93301ae3881823ff0790289a5fdb401e29e3d5
"C:\Users\user\UI-TARS-desktop\public\kelly\phases\156\q3.png","q3.png","C:\Users\user\UI-TARS-desktop\public\kelly\phases\156",SUSPICIOUS,46.5,103,"Curious Kelly in final pose in Chair - UI elements will go on the side rails - Copy.png",1344x768,1131.4,a18fa31d4a73de730467de620ef6ace7c0625f869c0dc9dcd9c88cce9d8c40d8
"C:\Users\user\UI-TARS-desktop\public\kelly\phases\156\wisdom.png","wisdom.png","C:\Users\user\UI-TARS-desktop\public\kelly\phases\156",SUSPICIOUS,54.5,95,"Curious Kelly in final pose in Chair - UI elements will go on the side rails - Copy.png",1344x768,1139.15,a3c9a219987614a76b6fe15456aeb8615c86f49d1accbd88d4b089dfbc894799
"C:\Users\user\UI-TARS-desktop\public\kelly\phases\157\q2.png","q2.png","C:\Users\user\UI-TARS-desktop\public\kelly\phases\157",SUSPICIOUS,50.5,99,"facing to the left.png",1344x768,1191.01,b1d9b339c5b766690e70e36e85465c622ff14372e00c18abebd08d97d829fa61
"C:\Users\user\UI-TARS-desktop\public\kelly\phases\157\hook.png","hook.png","C:\Users\user\UI-TARS-desktop\public\kelly\phases\157",SUSPICIOUS,50.25,99,"facing to the left.png",1344x768,1173.02,f39bf93b0664a5114675a366ae5ab0ea0e66e1a45b080bb4dd69590449bf9fd2
"C:\Users\user\UI-TARS-desktop\public\kelly\phases\157\q1.png","q1.png","C:\Users\user\UI-TARS-desktop\public\kelly\phases\157",SUSPICIOUS,57.0,93,"facing to the left.png",1344x768,1100.32,a0bba7631f6c59ea38b4c3450f9ad82a08a4e5c79a3bd1991912c9b39d99db99
"C:\Users\user\UI-TARS-desktop\public\kelly\phases\157\q3.png","q3.png","C:\Users\user\UI-TARS-desktop\public\kelly\phases\157",SUSPICIOUS,52.25,97,"Curious Kelly in final pose in Chair - UI elements will go on the side rails - Copy.png",1344x768,1109.33,b599a6359c665ccde205db84794c99ee4895c9315893b1b84b93edb04a1bb597
"C:\Users\user\UI-TARS-desktop\public\kelly\phases\157\wisdom.png","wisdom.png","C:\Users\user\UI-TARS-desktop\public\kelly\phases\157",SUSPICIOUS,58.25,91,"Curious Kelly in final pose in Chair - UI elements will go on the side rails - Copy.png",1344x768,1129.32,a399a6291e662cd6ea6609721ccef8a6159ab0895ddcc8b909cbd8db95bd5a52
"C:\Users\user\UI-TARS-desktop\public\kelly\phases\158\q1.png","q1.png","C:\Users\user\UI-TARS-desktop\public\kelly\phases\158",IMPOSTER,32.5,117,"head and shoulders without chair.png",1344x768,1101.18,b2c6ab164919067333364b1910af57fb0ff1e21f15e02e8ac977148a8beabcdc
"C:\Users\user\UI-TARS-desktop\public\kelly\phases\158\hook.png","hook.png","C:\Users\user\UI-TARS-desktop\public\kelly\phases\158",SUSPICIOUS,40.75,109,"head and shoulders without chair.png",1344x768,1176.11,f788b76c8b3750f2b6208972fa1704a3e4f9cbddd880889dcdc2ad880289f5fd
"C:\Users\user\UI-TARS-desktop\public\kelly\phases\158\q2.png","q2.png","C:\Users\user\UI-TARS-desktop\public\kelly\phases\158",SUSPICIOUS,50.0,100,"neutral face with hair.png",1344x768,1177.61,b1cbb33dd4346649aa57d2e6a464623716029f47caa09df2d9a48b4f42d2a5db
"C:\Users\user\UI-TARS-desktop\public\kelly\phases\159\hook.png","hook.png","C:\Users\user\UI-TARS-desktop\public\kelly\phases\159",GOOD,60.25,89,"facing to the left.png",1344x768,1208.48,b099a339d5666a451b66d4828f46487f1ea19ddac999899d99da5e99aa952768
"C:\Users\user\UI-TARS-desktop\public\kelly\phases\158\wisdom.png","wisdom.png","C:\Users\user\UI-TARS-desktop\public\kelly\phases\158",SUSPICIOUS,42.25,107,"neutral face with hair.png",1344x768,1110.5,a1a6b983425c4e9c74b9af5d0cc8866f6f7288f72f0292fb0c9292674fa701be
"C:\Users\user\UI-TARS-desktop\public\kelly\phases\158\q3.png","q3.png","C:\Users\user\UI-TARS-desktop\public\kelly\phases\158",IMPOSTER,37.0,113,"facing to the left.png",1344x768,1159.64,f54bf57902b65a8e6b51f0a2064cf83873463f5ef3e937cdf3c11748424810d9
"C:\Users\user\UI-TARS-desktop\public\kelly\phases\159\q1.png","q1.png","C:\Users\user\UI-TARS-desktop\public\kelly\phases\159",IMPOSTER,26.75,123,"close up of kellys eyes.png",1344x768,1137.73,9bddaf25da26c25ad750da72804fd562a8d4d3193dc8885c76dc8f2921805f77
"C:\Users\user\UI-TARS-desktop\public\kelly\phases\159\q2.png","q2.png","C:\Users\user\UI-TARS-desktop\public\kelly\phases\159",IMPOSTER,34.25,115,"neutral face with hair.png",1344x768,1253.66,8164a8b6b59a6618d2f0c3c99639a10b8f3e50b1dbb7f36281c47dd00c177fbe
"C:\Users\user\UI-TARS-desktop\public\kelly\phases\159\q3.png","q3.png","C:\Users\user\UI-TARS-desktop\public\kelly\phases\159",IMPOSTER,25.0,125,"close up of kellys eyes.png",1344x768,1227.49,8bb2a976accc12c870db8fedc860ae38cb9c0162cab2d5a3abbac13f9c72d932
"C:\Users\user\UI-TARS-desktop\public\kelly\phases\159\wisdom.png","wisdom.png","C:\Users\user\UI-TARS-desktop\public\kelly\phases\159",IMPOSTER,23.25,126,"slightly turning her head.png",1344x768,1176.5,c8f1babadb07914e274d529de92e815b4ed4f3218c8a88795672c4b5ae69fe20
"C:\Users\user\UI-TARS-desktop\public\kelly\phases\160\hook.png","hook.png","C:\Users\user\UI-TARS-desktop\public\kelly\phases\160",SUSPICIOUS,46.5,103,"Curious Kelly in final pose in Chair - UI elements will go on the side rails - Copy.png",1344x768,1132.18,f7d9e6058a261af6f40081ea587ee3869def58d8da8ddd8880dfd8c518988c9b
"C:\Users\user\UI-TARS-desktop\public\kelly\phases\160\q1.png","q1.png","C:\Users\user\UI-TARS-desktop\public\kelly\phases\160",IMPOSTER,34.5,115,"head and shoulders without chair.png",1344x768,1130.16,eacca32e1f3324656b3216971d734d6b96a60b41fcec8e8f0d49d4cc0fce08cd
"C:\Users\user\UI-TARS-desktop\public\kelly\phases\160\q2.png","q2.png","C:\Users\user\UI-TARS-desktop\public\kelly\phases\160",IMPOSTER,29.25,120,"facing to the left.png",1344x768,1160.62,a734ae76dccb0ba74c5080c9f4addbd9495a02a5b1b59a37db6a1b259126193e
"C:\Users\user\UI-TARS-desktop\public\kelly\phases\160\q3.png","q3.png","C:\Users\user\UI-TARS-desktop\public\kelly\phases\160",SUSPICIOUS,42.5,107,"Curious Kelly in final pose in Chair - UI elements will go on the side rails - Copy.png",1344x768,1125.54,a159e5671ea6104825575db6aad9585c85aeeb0991f94cc885b54a5fb6750b67
"C:\Users\user\UI-TARS-desktop\public\kelly\phases\160\wisdom.png","wisdom.png","C:\Users\user\UI-TARS-desktop\public\kelly\phases\160",SUSPICIOUS,53.75,96,"facing to the left.png",1344x768,1209.56,b799a739c06274692a7656aeaa660da6525809d7d2b58d8ad99b899a5c99aadc
"C:\Users\user\UI-TARS-desktop\public\kelly\phases\161\hook.png","hook.png","C:\Users\user\UI-TARS-desktop\public\kelly\phases\161",IMPOSTER,36.75,113,"neutral face with hair.png",1344x768,1124.44,f171b2d3039c5cac794903c694b8d854452aeb43fc348c21ce73d4234e7bfe67
"C:\Users\user\UI-TARS-desktop\public\kelly\phases\161\q1.png","q1.png","C:\Users\user\UI-TARS-desktop\public\kelly\phases\161",SUSPICIOUS,49.25,100,"neutral face with hair.png",1344x768,1118.3,b0e3f0e34fcc530f0f38e90c0692a63cff3b00a0c67f8e30c8678cf0de6fcc63
"C:\Users\user\UI-TARS-desktop\public\kelly\phases\161\q3.png","q3.png","C:\Users\user\UI-TARS-desktop\public\kelly\phases\161",IMPOSTER,32.75,117,"neutral face with hair.png",1344x768,1149.08,ba63a9c74b9cb334739ba48c2b5c5d9ca21cabe85c26aa58a4e04e6cae37cde0
"C:\Users\user\UI-TARS-desktop\public\kelly\phases\161\q2.png","q2.png","C:\Users\user\UI-TARS-desktop\public\kelly\phases\161",IMPOSTER,38.75,111,"close up of face.jpeg",1344x768,1139.42,af4fad5991b57494e911f026975672b0874bf305107ef349826d51e9a30d0ef5
"C:\Users\user\UI-TARS-desktop\public\kelly\phases\161\wisdom.png","wisdom.png","C:\Users\user\UI-TARS-desktop\public\kelly\phases\161",SUSPICIOUS,50.5,99,"Curious Kelly in final pose in Chair - UI elements will go on the side rails - Copy.png",1344x768,1108.66,a3cce33c963380d36e66ddb3085fbd440ab3add448e9bd8449c9b49c0ac9addc
"C:\Users\user\UI-TARS-desktop\public\kelly\phases\162\hook.png","hook.png","C:\Users\user\UI-TARS-desktop\public\kelly\phases\162",SUSPICIOUS,52.75,97,"Curious Kelly in final pose in Chair - UI elements will go on the side rails - Copy.png",1344x768,1112.32,f788e77c48633c27eb7288221cf6c963ae8858dca9cb9c9dc8cb1c9d89d85a0b
"C:\Users\user\UI-TARS-desktop\public\kelly\phases\162\q1.png","q1.png","C:\Users\user\UI-TARS-desktop\public\kelly\phases\162",IMPOSTER,33.0,117,"neutral face with hair.png",1344x768,1209.98,e956e965b634179b9861b63011d8d6179342da783a4055cb233764d96edb29e7
"C:\Users\user\UI-TARS-desktop\public\kelly\phases\162\q2.png","q2.png","C:\Users\user\UI-TARS-desktop\public\kelly\phases\162",IMPOSTER,34.0,116,"Curious Kelly in final pose in Chair - UI elements will go on the side rails - Copy.png",1344x768,1092.03,b3cca71c42337d593631e9335543aa63d55942e8edc708e9cc8c1ceeec8c7949
"C:\Users\user\UI-TARS-desktop\public\kelly\phases\162\q3.png","q3.png","C:\Users\user\UI-TARS-desktop\public\kelly\phases\162",SUSPICIOUS,48.0,102,"neutral face with hair.png",1344x768,1163.26,e86cf4b4c79148b707da7c93c0db3a1b71399b739027936eba07936c9a05a01f
"C:\Users\user\UI-TARS-desktop\public\kelly\phases\162\wisdom.png","wisdom.png","C:\Users\user\UI-TARS-desktop\public\kelly\phases\162",IMPOSTER,29.25,120,"close up of face.jpeg",1344x768,1079.62,acabad8911967b66694db992406eaad452c638ced7553aeac7551ae9d35ac241
"C:\Users\user\UI-TARS-desktop\public\kelly\phases\163\hook.png","hook.png","C:\Users\user\UI-TARS-desktop\public\kelly\phases\163",SUSPICIOUS,58.0,92,"Curious Kelly in final pose in Chair - UI elements will go on the side rails - Copy.png",1344x768,1137.95,ab59e338d6660a4267af4d6622bad4671f6620badb41b5bc0a1ad1d9588a9db9
"C:\Users\user\UI-TARS-desktop\public\kelly\phases\163\q1.png","q1.png","C:\Users\user\UI-TARS-desktop\public\kelly\phases\163",SUSPICIOUS,46.25,103,"head and shoulders without chair.png",1344x768,1150.42,f1b8fce2af57531427a31ca8f2030df5ef9588e9550fc8a0311faf7172340647
"C:\Users\user\UI-TARS-desktop\public\kelly\phases\163\q2.png","q2.png","C:\Users\user\UI-TARS-desktop\public\kelly\phases\163",SUSPICIOUS,44.5,105,"Curious Kelly in final pose in Chair - UI elements will go on the side rails - Copy.png",1344x768,1112.16,a590b67af24d066bea6517cce20c4c6f44e4be8c11c8f95c0aaebd7218f7eb0a
"C:\Users\user\UI-TARS-desktop\public\kelly\phases\163\q3.png","q3.png","C:\Users\user\UI-TARS-desktop\public\kelly\phases\163",IMPOSTER,36.5,113,"facing to the left.png",1344x768,1114.96,b89db8684ce1e3c931c65e65a5dbc1c6932fad194fc3aa25ce4b4a938e21c61b
"C:\Users\user\UI-TARS-desktop\public\kelly\phases\163\wisdom.png","wisdom.png","C:\Users\user\UI-TARS-desktop\public\kelly\phases\163",SUSPICIOUS,41.75,108,"neutral face with hair.png",1344x768,1168.2,b033ede2da6c019864c71eed8f1e5e1019bd817e51b29b32811f51f70b96bd13
"C:\Users\user\UI-TARS-desktop\public\kelly\phases\164\q1.png","q1.png","C:\Users\user\UI-TARS-desktop\public\kelly\phases\164",IMPOSTER,38.5,111,"Curious Kelly in final pose in Chair - UI elements will go on the side rails - Copy.png",1344x768,1114.13,f0d9f2714f2627949e63e1f20d9e85d2c9d992dd099c9e09a19c562bb817e06d
"C:\Users\user\UI-TARS-desktop\public\kelly\phases\164\hook.png","hook.png","C:\Users\user\UI-TARS-desktop\public\kelly\phases\164",SUSPICIOUS,49.25,100,"Curious Kelly in final pose in Chair - UI elements will go on the side rails - Copy.png",1344x768,1130.66,f799a375086674aa8a66bd94d9c29d9affd999cd5d98c98b05dd0a0920677620
"C:\Users\user\UI-TARS-desktop\public\kelly\phases\164\q2.png","q2.png","C:\Users\user\UI-TARS-desktop\public\kelly\phases\164",SUSPICIOUS,58.25,91,"Curious Kelly in final pose in Chair - UI elements will go on the side rails - Copy.png",1344x768,1157.27,b599a23186674e69fc66a484cec66f1a8178f0bc0bd2fd8d08dafcb98bf1054a
"C:\Users\user\UI-TARS-desktop\public\kelly\phases\164\q3.png","q3.png","C:\Users\user\UI-TARS-desktop\public\kelly\phases\164",SUSPICIOUS,40.0,110,"neutral face with hair.png",1344x768,1154.79,b084bd34855b424b06a050b1afe95a5e9ca14fe9901e8fc7e9eedc1c1aeeade4
"C:\Users\user\UI-TARS-desktop\public\kelly\phases\164\wisdom.png","wisdom.png","C:\Users\user\UI-TARS-desktop\public\kelly\phases\164",SUSPICIOUS,40.0,110,"profile of kelly.png",1344x768,1135.13,ede5e581109a584a2df2f003033eff4280633fc5d42cd3e40f47d078bf4743fd
"C:\Users\user\UI-TARS-desktop\public\kelly\phases\165\q1.png","q1.png","C:\Users\user\UI-TARS-desktop\public\kelly\phases\165",GOOD,61.25,88,"facing to the left.png",1344x768,1108.31,b399a3391e6668cea764dcc69a2c89c65c139d99c9921d9dc9b1999959bbe019
"C:\Users\user\UI-TARS-desktop\public\kelly\phases\165\hook.png","hook.png","C:\Users\user\UI-TARS-desktop\public\kelly\phases\165",SUSPICIOUS,46.0,104,"facing to the left.png",1344x768,1155.5,e0ccf63c0f232df77b2bd80317dee83f7d83085c89ee0e84f84c0ec9f01ce129
"C:\Users\user\UI-TARS-desktop\public\kelly\phases\165\q2.png","q2.png","C:\Users\user\UI-TARS-desktop\public\kelly\phases\165",SUSPICIOUS,48.0,102,"facing to the left.png",1344x768,1151.7,b25aa432ce43f54dc2acebc815c0fa9d01ecfb381bd798a1b9301bb69115cbba
"C:\Users\user\UI-TARS-desktop\public\kelly\phases\165\q3.png","q3.png","C:\Users\user\UI-TARS-desktop\public\kelly\phases\165",SUSPICIOUS,51.25,98,"facing to the left.png",1344x768,1143.12,b24ca31dd7b35cf30ff302a2f00a0dd4588fdcf9a50cd28858dcadccd89e5ec8
"C:\Users\user\UI-TARS-desktop\public\kelly\phases\165\wisdom.png","wisdom.png","C:\Users\user\UI-TARS-desktop\public\kelly\phases\165",SUSPICIOUS,56.5,93,"Curious Kelly in final pose in Chair - UI elements will go on the side rails - Copy.png",1344x768,1145.54,e598f640ca7370ae8ff4c946d8878ca259588d99599e9d18d5dd599df5582225
"C:\Users\user\UI-TARS-desktop\public\kelly\phases\166\hook.png","hook.png","C:\Users\user\UI-TARS-desktop\public\kelly\phases\166",SUSPICIOUS,44.25,105,"Curious Kelly in final pose in Chair - UI elements will go on the side rails - Copy.png",1344x768,1190.52,9219a5719a644b956e2e01ae16f8c344e9d60ff294a9489edd93e9bbdd198595
"C:\Users\user\UI-TARS-desktop\public\kelly\phases\166\q2.png","q2.png","C:\Users\user\UI-TARS-desktop\public\kelly\phases\166",SUSPICIOUS,43.75,106,"facing to the left.png",1344x768,1182.93,93b3ae6bc4f004d30a6cfcc9ddd6086e83a6df1019af9b361954fd08e2b283b6
"C:\Users\user\UI-TARS-desktop\public\kelly\phases\166\q1.png","q1.png","C:\Users\user\UI-TARS-desktop\public\kelly\phases\166",IMPOSTER,34.5,115,"facing to the left.png",1344x768,1149.69,928ca3b0852349677e809436c95d972e5ad2a4dd8d1ddbc4d49bc95d9c8ddad8
"C:\Users\user\UI-TARS-desktop\public\kelly\phases\166\q3.png","q3.png","C:\Users\user\UI-TARS-desktop\public\kelly\phases\166",IMPOSTER,39.0,111,"facing to the left.png",1344x768,1177.26,b519a0b346f6df4b02f7e42eff65524c014664b4fdcc5741e47635ea76041568
"C:\Users\user\UI-TARS-desktop\public\kelly\phases\166\wisdom.png","wisdom.png","C:\Users\user\UI-TARS-desktop\public\kelly\phases\166",IMPOSTER,26.75,123,"close up of kellys eyes.png",1344x768,1140.15,86f9cadf1f360b0709a79036b97cb67453a882dab25d562abb59b258566aa851
"C:\Users\user\UI-TARS-desktop\public\kelly\phases\167\hook.png","hook.png","C:\Users\user\UI-TARS-desktop\public\kelly\phases\167",SUSPICIOUS,44.0,106,"neutral face with hair.png",1344x768,1184.93,a863a1cb4f9c0d345b00b45d46e8da75ac12cee390754cb6ae67444bfe7484ef
"C:\Users\user\UI-TARS-desktop\public\kelly\phases\167\q1.png","q1.png","C:\Users\user\UI-TARS-desktop\public\kelly\phases\167",SUSPICIOUS,40.25,109,"facing to the left.png",1344x768,1177.79,f461e87157ce458f231cf4da41a5a7c8809c0befc0b40ffdf01a00b5de3f843f
"C:\Users\user\UI-TARS-desktop\public\kelly\phases\167\q2.png","q2.png","C:\Users\user\UI-TARS-desktop\public\kelly\phases\167",IMPOSTER,38.25,111,"Curious Kelly in final pose in Chair - UI elements will go on the side rails - Copy.png",1344x768,1199.13,a958a8a9d497cb2e9fbc17f2f224db589378167b935192498249565d08e3a3ed
"C:\Users\user\UI-TARS-desktop\public\kelly\phases\167\q3.png","q3.png","C:\Users\user\UI-TARS-desktop\public\kelly\phases\167",IMPOSTER,23.25,126,"profile of kelly.png",1344x768,1188.24,844daa959abaf5627997c7d6bf09c3ea1972c3dd3e45c36d9a0c9968d2011a4c
"C:\Users\user\UI-TARS-desktop\public\kelly\phases\168\hook.png","hook.png","C:\Users\user\UI-TARS-desktop\public\kelly\phases\168",SUSPICIOUS,54.0,96,"Curious Kelly in final pose in Chair - UI elements will go on the side rails - Copy.png",1344x768,1135.36,a7baa6635e6c6e8d864cd8c49e0ce1e45a03b9be5a94a92219bef91505ebe893
"C:\Users\user\UI-TARS-desktop\public\kelly\phases\167\wisdom.png","wisdom.png","C:\Users\user\UI-TARS-desktop\public\kelly\phases\167",IMPOSTER,38.75,111,"facing to the left.png",1344x768,1169.46,abdda2b4d723f62b56360b7354b20aee5de3a850d4af9485c94bdc9d888849d1
"C:\Users\user\UI-TARS-desktop\public\kelly\phases\168\q2.png","q2.png","C:\Users\user\UI-TARS-desktop\public\kelly\phases\168",SUSPICIOUS,41.75,108,"facing to the left.png",1344x768,1171.67,f789fe608277a3c58b60b07a94a25ddf4885099cfc8e49d1fd9d1098fd4802fd
"C:\Users\user\UI-TARS-desktop\public\kelly\phases\168\q1.png","q1.png","C:\Users\user\UI-TARS-desktop\public\kelly\phases\168",IMPOSTER,38.75,111,"Curious Kelly in final pose in Chair - UI elements will go on the side rails - Copy.png",1344x768,1152.96,e524acc2d3d939f35ca9d749db6631658a3a550639c4aa30df24f5880efa645d
"C:\Users\user\UI-TARS-desktop\public\kelly\phases\168\q3.png","q3.png","C:\Users\user\UI-TARS-desktop\public\kelly\phases\168",IMPOSTER,34.0,116,"close up of face.jpeg",1344x768,1194.7,a873b8cdc4c9d30e0995898e535afa1683274d368276d47bee644e71847fcea1
"C:\Users\user\UI-TARS-desktop\public\kelly\phases\169\hook.png","hook.png","C:\Users\user\UI-TARS-desktop\public\kelly\phases\169",SUSPICIOUS,50.5,99,"Curious Kelly in final pose in Chair - UI elements will go on the side rails - Copy.png",1344x768,1087.46,a7ddb62249664af7ac42c42258bdc8d29d0948f98b9599a9bd1b0fd9c9deb181
"C:\Users\user\UI-TARS-desktop\public\kelly\phases\168\wisdom.png","wisdom.png","C:\Users\user\UI-TARS-desktop\public\kelly\phases\168",SUSPICIOUS,52.5,97,"Curious Kelly in final pose in Chair - UI elements will go on the side rails - Copy.png",1344x768,1170.27,ab12e273d6e4149e666d0f44e5650ac4fd2c4606a2b1fd94416effa10955d9be
"C:\Users\user\UI-TARS-desktop\public\kelly\phases\169\q1.png","q1.png","C:\Users\user\UI-TARS-desktop\public\kelly\phases\169",SUSPICIOUS,41.0,109,"slightly turning her head.png",1344x768,1192.02,e0c4a8be18a30edb244d759dcaa0baeb1f4d73d184611af69f2e5b1395709a66
"C:\Users\user\UI-TARS-desktop\public\kelly\phases\169\q2.png","q2.png","C:\Users\user\UI-TARS-desktop\public\kelly\phases\169",SUSPICIOUS,45.0,105,"head and shoulders without chair.png",1344x768,1126.08,f848e01e17335269b7245033bf6308f3ed010bfba8fa4fc888fed8c88aadf81e
"C:\Users\user\UI-TARS-desktop\public\kelly\phases\169\wisdom.png","wisdom.png","C:\Users\user\UI-TARS-desktop\public\kelly\phases\169",SUSPICIOUS,49.75,100,"facing to the left.png",1344x768,1158.84,f00db60ccf620f8ef23294e72b4855b3aa1d15e7a8c85e1da1cf4bd0dd88c8fc
"C:\Users\user\UI-TARS-desktop\public\kelly\phases\169\q3.png","q3.png","C:\Users\user\UI-TARS-desktop\public\kelly\phases\169",SUSPICIOUS,44.25,105,"Curious Kelly in final pose in Chair - UI elements will go on the side rails - Copy.png",1344x768,1163.11,93e9b729c9661e46e503d2e60a16bdea09ffafd9181c91c9e819cf15351838d3
"C:\Users\user\UI-TARS-desktop\public\kelly\phases\170\hook.png","hook.png","C:\Users\user\UI-TARS-desktop\public\kelly\phases\170",SUSPICIOUS,42.0,108,"Curious Kelly in final pose in Chair - UI elements will go on the side rails - Copy.png",1344x768,1130.57,e34db610d833087ff5660797e87c0c0b94e30d4999ccd8eb909cdde80989b5fe
"C:\Users\user\UI-TARS-desktop\public\kelly\phases\170\q2.png","q2.png","C:\Users\user\UI-TARS-desktop\public\kelly\phases\170",IMPOSTER,35.25,114,"close up of face.jpeg",1344x768,1118.55,fc3bb8df8be42b0af48f974e4b34e49d265b8c310872f6230471ee119031ff98
"C:\Users\user\UI-TARS-desktop\public\kelly\phases\170\q1.png","q1.png","C:\Users\user\UI-TARS-desktop\public\kelly\phases\170",IMPOSTER,36.5,113,"close up of face.jpeg",1344x768,1148.94,ad69ada9d19333e6e5b7dc762ba41a026e32d98d7e02d10bbe45d0239ec85351
"C:\Users\user\UI-TARS-desktop\public\kelly\phases\170\q3.png","q3.png","C:\Users\user\UI-TARS-desktop\public\kelly\phases\170",SUSPICIOUS,47.75,102,"head and shoulders without chair.png",1344x768,1145.85,b0cda3194f320247e7268d724a878563ecdb8a8dd5dad88d8d98dcdb8dc8ea94
"C:\Users\user\UI-TARS-desktop\public\kelly\phases\170\wisdom.png","wisdom.png","C:\Users\user\UI-TARS-desktop\public\kelly\phases\170",IMPOSTER,27.5,122,"close up of face.jpeg",1344x768,1130.84,b971a9d3cd8e4a46a549d8ae8b5655000eadb6734f318a5927f5d6280af9b572
"C:\Users\user\UI-TARS-desktop\public\kelly\phases\171\hook.png","hook.png","C:\Users\user\UI-TARS-desktop\public\kelly\phases\171",SUSPICIOUS,39.75,110,"Curious Kelly in final pose in Chair - UI elements will go on the side rails - Copy.png",1344x768,1147.46,a233ea6414ce14c96a49ed4d1ea1a0dd5d4da1a65a93b1595ab7b9b2d1b71a36
"C:\Users\user\UI-TARS-desktop\public\kelly\phases\171\q1.png","q1.png","C:\Users\user\UI-TARS-desktop\public\kelly\phases\171",SUSPICIOUS,44.5,105,"close up of face.jpeg",1344x768,1136.22,ac6ab87ed1b1296151cd298cf4d6fb4d858c4af38c44cc66aad5752b0a93d56c
"C:\Users\user\UI-TARS-desktop\public\kelly\phases\171\q3.png","q3.png","C:\Users\user\UI-TARS-desktop\public\kelly\phases\171",GOOD,64.25,85,"Curious Kelly in final pose in Chair - UI elements will go on the side rails - Copy.png",1344x768,1190.92,b79ba63916642c274b67a1761e86c1e628185bd7a9185ba1a9d8899bdab8adc7
"C:\Users\user\UI-TARS-desktop\public\kelly\phases\171\q2.png","q2.png","C:\Users\user\UI-TARS-desktop\public\kelly\phases\171",SUSPICIOUS,40.75,109,"facing to the left.png",1344x768,1218.79,b5b1fe108ecd1a0f97dbdc1c9b051beebd341b1219371936cb92883541fa0787
"C:\Users\user\UI-TARS-desktop\public\kelly\phases\172\hook.png","hook.png","C:\Users\user\UI-TARS-desktop\public\kelly\phases\172",SUSPICIOUS,49.5,100,"Curious Kelly in final pose in Chair - UI elements will go on the side rails - Copy.png",1344x768,1051.57,bb44a275c2b3d4c66f602d7f10a6f9c9c3bcd2942c190de9df881c9dad5542aa
"C:\Users\user\UI-TARS-desktop\public\kelly\phases\171\wisdom.png","wisdom.png","C:\Users\user\UI-TARS-desktop\public\kelly\phases\171",IMPOSTER,32.0,118,"Curious Kelly in final pose in Chair - UI elements will go on the side rails - Copy.png",1344x768,1170.35,c8daeb06872d3d195125bac9c61d3c8ce2353f88c65211d39ff2ee8a13db86f0
"C:\Users\user\UI-TARS-desktop\public\kelly\phases\172\q1.png","q1.png","C:\Users\user\UI-TARS-desktop\public\kelly\phases\172",IMPOSTER,30.75,119,"profile of kelly.png",1344x768,1152.25,e400ad4d929074b2cc5b931db946d2abd158aa6fbb65566cab53546caaf55499
"C:\Users\user\UI-TARS-desktop\public\kelly\phases\172\q2.png","q2.png","C:\Users\user\UI-TARS-desktop\public\kelly\phases\172",SUSPICIOUS,40.25,109,"facing to the left.png",1344x768,1184.84,ee49eda88df70c2ffd9021bff3b20d828c36c0feef8201bbd4328c44c78c888f
"C:\Users\user\UI-TARS-desktop\public\kelly\phases\172\q3.png","q3.png","C:\Users\user\UI-TARS-desktop\public\kelly\phases\172",IMPOSTER,27.25,122,"profile of kelly.png",1344x768,1159.94,a56dedcc1892873645d257ba2f03b017583a05d23a97aa7555c09a2bab7593ee
"C:\Users\user\UI-TARS-desktop\public\kelly\phases\172\wisdom.png","wisdom.png","C:\Users\user\UI-TARS-desktop\public\kelly\phases\172",SUSPICIOUS,49.75,100,"Curious Kelly in final pose in Chair - UI elements will go on the side rails - Copy.png",1344x768,1120.15,f098f7210e362665d377ad460ce2ec9addc90d9ebd880d8be88905fd6e40e09f
"C:\Users\user\UI-TARS-desktop\public\kelly\phases\173\hook.png","hook.png","C:\Users\user\UI-TARS-desktop\public\kelly\phases\173",SUSPICIOUS,55.25,94,"Curious Kelly in final pose in Chair - UI elements will go on the side rails - Copy.png",1344x768,1170.89,a599a329de667e42e4660866a4f75a46e08385385adea19dcd18c89b99dcdd9d
"C:\Users\user\UI-TARS-desktop\public\kelly\phases\173\q1.png","q1.png","C:\Users\user\UI-TARS-desktop\public\kelly\phases\173",SUSPICIOUS,48.25,101,"Curious Kelly in final pose in Chair - UI elements will go on the side rails - Copy.png",1344x768,1123.65,b369a3735a271dd72a68b7b2485781a93ceac3c56c99417c1d9ec0c59d99d05c
"C:\Users\user\UI-TARS-desktop\public\kelly\phases\173\q2.png","q2.png","C:\Users\user\UI-TARS-desktop\public\kelly\phases\173",SUSPICIOUS,45.25,104,"Curious Kelly in final pose in Chair - UI elements will go on the side rails - Copy.png",1344x768,1173.0,a33deeb484d27c4aacdef4cd5acd4d68e95d1f08995d19619b1cc7281831d952
"C:\Users\user\UI-TARS-desktop\public\kelly\phases\173\q3.png","q3.png","C:\Users\user\UI-TARS-desktop\public\kelly\phases\173",IMPOSTER,37.5,112,"facing to the left.png",1344x768,1152.75,e16eedfc1e9324e6279dc0c31fd189b3018f1a2c8b61d4250b7f534dc1c82f37
"C:\Users\user\UI-TARS-desktop\public\kelly\phases\174\hook.png","hook.png","C:\Users\user\UI-TARS-desktop\public\kelly\phases\174",IMPOSTER,33.75,116,"head and shoulders without chair.png",1344x768,1113.99,b28ca11d4b335ea306e6f3334977b6b24d43e0a70f3ad45959c68c8bf0dc0dac
"C:\Users\user\UI-TARS-desktop\public\kelly\phases\173\wisdom.png","wisdom.png","C:\Users\user\UI-TARS-desktop\public\kelly\phases\173",SUSPICIOUS,51.0,99,"facing to the left.png",1344x768,1224.05,f59cf7790e6724c3f66502e65e66056642b20f8ee1790b94f8160bfbbc255063
"C:\Users\user\UI-TARS-desktop\public\kelly\phases\174\q2.png","q2.png","C:\Users\user\UI-TARS-desktop\public\kelly\phases\174",SUSPICIOUS,55.75,94,"Curious Kelly in final pose in Chair - UI elements will go on the side rails - Copy.png",1344x768,1136.34,e798f3790a673d645762aaaf0904dfe68059d997cd88998c599b89999d891a1b
"C:\Users\user\UI-TARS-desktop\public\kelly\phases\174\q1.png","q1.png","C:\Users\user\UI-TARS-desktop\public\kelly\phases\174",IMPOSTER,32.5,117,"slightly turning her head.png",1344x768,1136.28,af37acd5d04d76500ecbb1ad0c51f34d0e92b1211e33d3a6b9321326f4e11f3e
"C:\Users\user\UI-TARS-desktop\public\kelly\phases\174\q3.png","q3.png","C:\Users\user\UI-TARS-desktop\public\kelly\phases\174",IMPOSTER,39.0,111,"close up of face.jpeg",1344x768,1110.88,c82fad1d11b2ee4625d0d01a93f4364e965bf6318f4dd24b926dd3491a6bd345
"C:\Users\user\UI-TARS-desktop\public\kelly\phases\174\wisdom.png","wisdom.png","C:\Users\user\UI-TARS-desktop\public\kelly\phases\174",SUSPICIOUS,52.75,97,"facing to the left.png",1344x768,1174.28,f61bf71b1a6548623e6ca3c6a4e51e46e1ca07fcc0955d8989dad8bd0db1c81b
"C:\Users\user\UI-TARS-desktop\public\kelly\phases\175\hook.png","hook.png","C:\Users\user\UI-TARS-desktop\public\kelly\phases\175",IMPOSTER,28.5,121,"Curious Kelly in final pose in Chair - UI elements will go on the side rails - Copy.png",1344x768,1135.16,b2dca2bc9d335c6322d75a32b5407e9788fba5c35e102ff560aafc441f95a0c8
"C:\Users\user\UI-TARS-desktop\public\kelly\phases\175\q1.png","q1.png","C:\Users\user\UI-TARS-desktop\public\kelly\phases\175",SUSPICIOUS,53.75,96,"slightly turning her head.png",1344x768,1188.02,b0e7f1250b88239fff1903fc0f99f31807fdf0000fe9d81904ec8cc9cc7edfc0
"C:\Users\user\UI-TARS-desktop\public\kelly\phases\175\q2.png","q2.png","C:\Users\user\UI-TARS-desktop\public\kelly\phases\175",SUSPICIOUS,49.25,100,"Curious Kelly in final pose in Chair - UI elements will go on the side rails - Copy.png",1344x768,1145.58,e7c9f384d3320f73ed61c80210d75f5ba0f0dc480ec5f0f80e8ff8a10ffcb541
"C:\Users\user\UI-TARS-desktop\public\kelly\phases\175\q3.png","q3.png","C:\Users\user\UI-TARS-desktop\public\kelly\phases\175",SUSPICIOUS,47.5,102,"Curious Kelly in final pose in Chair - UI elements will go on the side rails - Copy.png",1344x768,1156.03,a2d9a31d5d277e72a367d1275e2689e35e9e9d6958aa8d1d598aa889c1d5c818
"C:\Users\user\UI-TARS-desktop\public\kelly\phases\176\q1.png","q1.png","C:\Users\user\UI-TARS-desktop\public\kelly\phases\176",IMPOSTER,30.25,119,"neutral face with hair.png",1344x768,1112.15,ef4da5fd58921692ed7e10b2127ecb52985adea9815dda64936c9065134cd26d
"C:\Users\user\UI-TARS-desktop\public\kelly\phases\176\hook.png","hook.png","C:\Users\user\UI-TARS-desktop\public\kelly\phases\176",SUSPICIOUS,52.0,98,"Curious Kelly in final pose in Chair - UI elements will go on the side rails - Copy.png",1344x768,1075.46,a789a67158666cc76f2cd8c61c99fde80999de999199091bd691a55b4a5527a6
"C:\Users\user\UI-TARS-desktop\public\kelly\phases\175\wisdom.png","wisdom.png","C:\Users\user\UI-TARS-desktop\public\kelly\phases\175",SUSPICIOUS,42.0,108,"head and shoulders without chair.png",1344x768,1143.27,e5c8e1615a2686929250f4371f0ef2d09eb7fbc15c9e87d899c918bea9d3058d
"C:\Users\user\UI-TARS-desktop\public\kelly\phases\176\q2.png","q2.png","C:\Users\user\UI-TARS-desktop\public\kelly\phases\176",IMPOSTER,36.75,113,"neutral face with hair.png",1344x768,1168.88,e745e12e913a5e180cd1fccb80e8ce6f58d64fc3d8268b6cfaf401067f10b33d
"C:\Users\user\UI-TARS-desktop\public\kelly\phases\176\q3.png","q3.png","C:\Users\user\UI-TARS-desktop\public\kelly\phases\176",SUSPICIOUS,46.0,104,"neutral face with hair.png",1344x768,1174.47,b089b32d87264750ba334ae3a4230fd3dccb88adc9ce9d995adbe86cb54c568c
"C:\Users\user\UI-TARS-desktop\public\kelly\phases\176\wisdom.png","wisdom.png","C:\Users\user\UI-TARS-desktop\public\kelly\phases\176",SUSPICIOUS,42.5,107,"neutral face with hair.png",1344x768,1143.66,a735a6e69ac9581de6d896e9e8915b595c29a3a11977891611298b751b2ef91e
"C:\Users\user\UI-TARS-desktop\public\kelly\phases\177\hook.png","hook.png","C:\Users\user\UI-TARS-desktop\public\kelly\phases\177",SUSPICIOUS,55.75,94,"facing to the left.png",1344x768,1130.66,a348a23816335ce76b6c84b25acd949dc98a4c9dd58958bc8c9555f9faad0dcd
"C:\Users\user\UI-TARS-desktop\public\kelly\phases\177\q1.png","q1.png","C:\Users\user\UI-TARS-desktop\public\kelly\phases\177",SUSPICIOUS,54.5,95,"Curious Kelly in final pose in Chair - UI elements will go on the side rails - Copy.png",1344x768,1095.9,8393a461946c4ac26eec916cba96d95c0da4e8b31f93e99d1993d1bb9f9348e1
"C:\Users\user\UI-TARS-desktop\public\kelly\phases\177\q2.png","q2.png","C:\Users\user\UI-TARS-desktop\public\kelly\phases\177",IMPOSTER,35.75,114,"facing to the left.png",1344x768,1166.85,e32de4309c96476606e6f8330592ba59176bf97c04a2fe0d17de60ec2e9e2d83
"C:\Users\user\UI-TARS-desktop\public\kelly\phases\177\wisdom.png","wisdom.png","C:\Users\user\UI-TARS-desktop\public\kelly\phases\177",GOOD,59.75,90,"Curious Kelly in final pose in Chair - UI elements will go on the side rails - Copy.png",1344x768,1125.27,e089f261db661f0f8262f9c60c36a8925fcff9880a9cfdc94d99bb81f01d07e8
"C:\Users\user\UI-TARS-desktop\public\kelly\phases\177\q3.png","q3.png","C:\Users\user\UI-TARS-desktop\public\kelly\phases\177",SUSPICIOUS,47.5,102,"facing to the left.png",1344x768,1121.35,a789a73948364867168cab675d54f0fc8d4f56d0aa5d4988f8991c5bc3a1e95d
"C:\Users\user\UI-TARS-desktop\public\kelly\phases\178\hook.png","hook.png","C:\Users\user\UI-TARS-desktop\public\kelly\phases\178",SUSPICIOUS,43.75,106,"facing to the left.png",1344x768,1153.53,e793e460586c098d77c98c6ac00559fc8d04bb8ad5719b97f9ba191388375bbb
"C:\Users\user\UI-TARS-desktop\public\kelly\phases\178\q1.png","q1.png","C:\Users\user\UI-TARS-desktop\public\kelly\phases\178",IMPOSTER,28.75,121,"profile of kelly.png",1344x768,1139.21,a360ee66dcc95699a85f1c9bd2999bf2191e57a69b32d9665b2183161936c06e
"C:\Users\user\UI-TARS-desktop\public\kelly\phases\178\q3.png","q3.png","C:\Users\user\UI-TARS-desktop\public\kelly\phases\178",SUSPICIOUS,45.0,105,"head and shoulders without chair.png",1344x768,1184.89,b4ceb11cc3b362363f39dd31c3b30673bf30486dac945acaace948858dcedc88
"C:\Users\user\UI-TARS-desktop\public\kelly\phases\178\q2.png","q2.png","C:\Users\user\UI-TARS-desktop\public\kelly\phases\178",SUSPICIOUS,46.75,103,"Curious Kelly in final pose in Chair - UI elements will go on the side rails - Copy.png",1344x768,1174.43,a8d9a33cc23465611f325c720b2ae09f14faaadfd8da9cd9be08e2c952c99c7c
"C:\Users\user\UI-TARS-desktop\public\kelly\phases\178\wisdom.png","wisdom.png","C:\Users\user\UI-TARS-desktop\public\kelly\phases\178",SUSPICIOUS,49.0,101,"Curious Kelly in final pose in Chair - UI elements will go on the side rails - Copy.png",1344x768,1143.02,b2dda21d97224debf227abf295a6f823ab73d422aac34b4ed42088d74a8a8d95
"C:\Users\user\UI-TARS-desktop\public\kelly\phases\179\hook.png","hook.png","C:\Users\user\UI-TARS-desktop\public\kelly\phases\179",SUSPICIOUS,55.75,94,"Curious Kelly in final pose in Chair - UI elements will go on the side rails - Copy.png",1344x768,1118.98,a3d9a379d826d8072f02d366e8d65cee08e65c8b88dd599c8f89db1589f8589c
"C:\Users\user\UI-TARS-desktop\public\kelly\phases\179\q2.png","q2.png","C:\Users\user\UI-TARS-desktop\public\kelly\phases\179",IMPOSTER,33.5,116,"head and shoulders without chair.png",1344x768,1156.2,b0c9b38ec71a0f61dcb2ca4981c75cde0d89a8cd5ece0dfea06e7a06352ea4f2
"C:\Users\user\UI-TARS-desktop\public\kelly\phases\179\q1.png","q1.png","C:\Users\user\UI-TARS-desktop\public\kelly\phases\179",SUSPICIOUS,43.0,107,"Curious Kelly in final pose in Chair - UI elements will go on the side rails - Copy.png",1344x768,1131.2,f4ccf27c4b32359fba73098f40f3ad1b50c98cdca8ce5e8d8d9d4019a0ac7707
"C:\Users\user\UI-TARS-desktop\public\kelly\phases\179\wisdom.png","wisdom.png","C:\Users\user\UI-TARS-desktop\public\kelly\phases\179",SUSPICIOUS,48.0,102,"facing to the left.png",1344x768,1092.68,b259b7795f6608d704665bb2adfeb5c20a0ab4954949b898e95504a9fa912f5d
"C:\Users\user\UI-TARS-desktop\public\kelly\phases\179\q3.png","q3.png","C:\Users\user\UI-TARS-desktop\public\kelly\phases\179",IMPOSTER,33.0,117,"facing to the left.png",1344x768,1152.05,a733af6694c972844cc88559d1fd5888b942c31f9b35d9239bb49b325ab67899
"C:\Users\user\UI-TARS-desktop\public\kelly\phases\180\hook.png","hook.png","C:\Users\user\UI-TARS-desktop\public\kelly\phases\180",IMPOSTER,36.5,113,"facing to the left.png",1344x768,1133.71,b5daa7189a765ea9a375e4326ea44a65e562423e7627a361763e34265a54a569
"C:\Users\user\UI-TARS-desktop\public\kelly\phases\180\q2.png","q2.png","C:\Users\user\UI-TARS-desktop\public\kelly\phases\180",SUSPICIOUS,44.5,105,"Curious Kelly in final pose in Chair - UI elements will go on the side rails - Copy.png",1344x768,1172.59,bbb6ea53046528e25aeee5e914f4a966578989b919d15b9e89911db0a92b4795
"C:\Users\user\UI-TARS-desktop\public\kelly\phases\180\q1.png","q1.png","C:\Users\user\UI-TARS-desktop\public\kelly\phases\180",SUSPICIOUS,45.75,104,"Curious Kelly in final pose in Chair - UI elements will go on the side rails - Copy.png",1344x768,1100.16,b14ca1108333cee67f77bc33496ad8834fc7b5889c9c489cb46c4bc9948ee97c
"C:\Users\user\UI-TARS-desktop\public\kelly\phases\180\q3.png","q3.png","C:\Users\user\UI-TARS-desktop\public\kelly\phases\180",IMPOSTER,36.25,113,"facing to the left.png",1344x768,1133.13,f38cf7924931787717730cf70e5eece106fc8f9cc8c8858dc49c0968f42547e4
"C:\Users\user\UI-TARS-desktop\public\kelly\phases\180\wisdom.png","wisdom.png","C:\Users\user\UI-TARS-desktop\public\kelly\phases\180",SUSPICIOUS,47.25,102,"Curious Kelly in final pose in Chair - UI elements will go on the side rails - Copy.png",1344x768,1123.08,e189e601d66212f67e688d66e1a716b4e8c2bd3b1699588d89e45e0dc9dbbc99
"C:\Users\user\UI-TARS-desktop\public\kelly\phases\181\hook.png","hook.png","C:\Users\user\UI-TARS-desktop\public\kelly\phases\181",IMPOSTER,36.25,113,"facing to the left.png",1344x768,1181.33,e7bbe61b984c0754a6edb44c7a961f6a69244ea7f95a00909fc30991c1bbdb31
"C:\Users\user\UI-TARS-desktop\public\kelly\phases\181\q3.png","q3.png","C:\Users\user\UI-TARS-desktop\public\kelly\phases\181",IMPOSTER,32.5,117,"profile of kelly.png",1344x768,1133.23,ec6deda51196225204e2bb9e5207c0023ffec3091bedf34c106f9be1524c7bf9
"C:\Users\user\UI-TARS-desktop\public\kelly\phases\181\wisdom.png","wisdom.png","C:\Users\user\UI-TARS-desktop\public\kelly\phases\181",SUSPICIOUS,48.75,101,"Curious Kelly in final pose in Chair - UI elements will go on the side rails - Copy.png",1344x768,1091.1,a149af39de3348e6b4665a368ace9dd0558ee8910d5cdc89889c55599ea8eadd
"C:\Users\user\UI-TARS-desktop\public\kelly\phases\181\q2.png","q2.png","C:\Users\user\UI-TARS-desktop\public\kelly\phases\181",SUSPICIOUS,41.25,108,"Curious Kelly in final pose in Chair - UI elements will go on the side rails - Copy.png",1344x768,1176.89,e5cce5dca2617e6e0b8cf2470c667b78c28b98af1dd04b91d98b4ae1f258105f
"C:\Users\user\UI-TARS-desktop\public\kelly\phases\181\q1.png","q1.png","C:\Users\user\UI-TARS-desktop\public\kelly\phases\181",IMPOSTER,34.75,115,"profile of kelly.png",1344x768,1156.29,e769a9ad1491569229dfdab21352d433a38caa43f34a9240bb65da2e955cbe56
"C:\Users\user\UI-TARS-desktop\public\kelly\phases\182\hook.png","hook.png","C:\Users\user\UI-TARS-desktop\public\kelly\phases\182",SUSPICIOUS,49.5,100,"Curious Kelly in final pose in Chair - UI elements will go on the side rails - Copy.png",1344x768,1102.74,b2dda6345b220cc642eeaf765d2bdc9c81eec889b41559a8bdd84ad9bc98d88a
"C:\Users\user\UI-TARS-desktop\public\kelly\phases\182\q1.png","q1.png","C:\Users\user\UI-TARS-desktop\public\kelly\phases\182",SUSPICIOUS,46.25,103,"Curious Kelly in final pose in Chair - UI elements will go on the side rails - Copy.png",1344x768,1199.93,e549a9f598b6552e44f28e3793e69318dd938a799e59926896589a49b24dd05d
"C:\Users\user\UI-TARS-desktop\public\kelly\phases\182\q2.png","q2.png","C:\Users\user\UI-TARS-desktop\public\kelly\phases\182",IMPOSTER,36.75,113,"neutral face with hair.png",1344x768,1110.38,e54be9b514b60c991d93f3921e7182723989d34e8a651f6cd36f3a4cc7691c61
"C:\Users\user\UI-TARS-desktop\public\kelly\phases\182\q3.png","q3.png","C:\Users\user\UI-TARS-desktop\public\kelly\phases\182",SUSPICIOUS,40.75,109,"Curious Kelly in final pose in Chair - UI elements will go on the side rails - Copy.png",1344x768,1149.03,a432a7665acc2c89e0c21f1caf1fd088ee97133b59b09d1718b2ebd7153aeaa5
"C:\Users\user\UI-TARS-desktop\public\kelly\phases\182\wisdom.png","wisdom.png","C:\Users\user\UI-TARS-desktop\public\kelly\phases\182",SUSPICIOUS,47.0,103,"Curious Kelly in final pose in Chair - UI elements will go on the side rails - Copy.png",1344x768,1106.57,e413e60bda641fc4e0671e24e3561d2c42a6e9531fb9f89cd58309d8e99fd0f1
"C:\Users\user\UI-TARS-desktop\public\kelly\phases\183\q1.png","q1.png","C:\Users\user\UI-TARS-desktop\public\kelly\phases\183",IMPOSTER,37.0,113,"Curious Kelly in final pose in Chair - UI elements will go on the side rails - Copy.png",1344x768,1165.91,e52da5ddb3925ab24e30939b5a633a545a69836b1aa9db44926d934d9a29d34d
"C:\Users\user\UI-TARS-desktop\public\kelly\phases\183\hook.png","hook.png","C:\Users\user\UI-TARS-desktop\public\kelly\phases\183",SUSPICIOUS,53.0,97,"Curious Kelly in final pose in Chair - UI elements will go on the side rails - Copy.png",1344x768,1143.65,a15ba7799e66a4c6eb4d4926a9d4890bda9989919db9d8981f8b40eb6f40746e
"C:\Users\user\UI-TARS-desktop\public\kelly\phases\183\q2.png","q2.png","C:\Users\user\UI-TARS-desktop\public\kelly\phases\183",SUSPICIOUS,47.5,102,"Curious Kelly in final pose in Chair - UI elements will go on the side rails - Copy.png",1344x768,1198.74,e19fef6bd26c1ec30e6ca9645c2c08561ff3ab801c1889f11e16c3b97a0b7cbc
"C:\Users\user\UI-TARS-desktop\public\kelly\phases\183\q3.png","q3.png","C:\Users\user\UI-TARS-desktop\public\kelly\phases\183",SUSPICIOUS,43.0,107,"Curious Kelly in final pose in Chair - UI elements will go on the side rails - Copy.png",1344x768,1184.55,a732f64b8aec5f84306c9c2c94151bcc09af957ab830d0d38b9f59b39d13dab2
"C:\Users\user\UI-TARS-desktop\public\kelly\phases\183\wisdom.png","wisdom.png","C:\Users\user\UI-TARS-desktop\public\kelly\phases\183",SUSPICIOUS,55.25,94,"facing to the left.png",1344x768,1119.34,a119a7695e6668c6b76042e7ad96886c6c96abd9998d5a9b88989d8bc89bbd19
"C:\Users\user\UI-TARS-desktop\public\kelly\phases\184\hook.png","hook.png","C:\Users\user\UI-TARS-desktop\public\kelly\phases\184",IMPOSTER,39.0,111,"Curious Kelly in final pose in Chair - UI elements will go on the side rails - Copy.png",1344x768,1121.99,83c9a671d8361de66dd68d2c5899089c5dcc289c51a9fd98ae91d3e3ae5e4267
"C:\Users\user\UI-TARS-desktop\public\kelly\phases\184\q1.png","q1.png","C:\Users\user\UI-TARS-desktop\public\kelly\phases\184",IMPOSTER,37.25,112,"profile of kelly.png",1344x768,1132.7,e041cdbd11b6b6d60c98b37bba47965a5a6b530db26d9b2c516483ac37648b4d
"C:\Users\user\UI-TARS-desktop\public\kelly\phases\184\q2.png","q2.png","C:\Users\user\UI-TARS-desktop\public\kelly\phases\184",IMPOSTER,34.25,115,"Curious Kelly in final pose in Chair - UI elements will go on the side rails - Copy.png",1344x768,1109.82,a24aa4a01db5749790bed6f21616be4ed3619a4d934cba6925cdac495d7caa8b
"C:\Users\user\UI-TARS-desktop\public\kelly\phases\184\wisdom.png","wisdom.png","C:\Users\user\UI-TARS-desktop\public\kelly\phases\184",IMPOSTER,35.25,114,"head and shoulders without chair.png",1344x768,1170.84,f0ccf23c4b3333a06f33f03b0fb3f5314b5bb437d0820fedec0b0cdc9c840d49
"C:\Users\user\UI-TARS-desktop\public\kelly\phases\184\q3.png","q3.png","C:\Users\user\UI-TARS-desktop\public\kelly\phases\184",SUSPICIOUS,47.25,102,"facing to the left.png",1344x768,1144.65,b5dcf238dd630a4746a6a9729dc8d0ad00c29ed8adff58899a1a0bc8b4df45f8
"C:\Users\user\UI-TARS-desktop\public\kelly\phases\185\hook.png","hook.png","C:\Users\user\UI-TARS-desktop\public\kelly\phases\185",GOOD,59.25,90,"Curious Kelly in final pose in Chair - UI elements will go on the side rails - Copy.png",1344x768,1177.38,b59aa359d6675c02e661d7e6ba064868bdaf13d3d898999e89909d9dcad92815
"C:\Users\user\UI-TARS-desktop\public\kelly\phases\185\q1.png","q1.png","C:\Users\user\UI-TARS-desktop\public\kelly\phases\185",IMPOSTER,32.25,117,"profile of kelly.png",1344x768,1109.5,e741eca9149f2fb747d2b837f0ae98b26b0256f2f06e984c9351136ab069986d
"C:\Users\user\UI-TARS-desktop\public\kelly\phases\185\q2.png","q2.png","C:\Users\user\UI-TARS-desktop\public\kelly\phases\185",IMPOSTER,37.75,112,"head and shoulders without chair.png",1344x768,1194.97,b530f44a8bcd4bd4f84d10a1dff0598c10339bb31b17c92c1bb497b27a1665eb
"C:\Users\user\UI-TARS-desktop\public\kelly\phases\185\wisdom.png","wisdom.png","C:\Users\user\UI-TARS-desktop\public\kelly\phases\185",SUSPICIOUS,53.0,97,"slightly turning her head.png",1344x768,1128.61,e191f6531e4b626f56e572048e6ee56406a5f08fa558845fd0ed9d3790430f6b
"C:\Users\user\UI-TARS-desktop\public\kelly\phases\185\q3.png","q3.png","C:\Users\user\UI-TARS-desktop\public\kelly\phases\185",SUSPICIOUS,42.75,107,"Curious Kelly in final pose in Chair - UI elements will go on the side rails - Copy.png",1344x768,1114.46,83dda335de365a62a56357a7dc22a4ed95765a988bd5998e4a9989910cd991a9
"C:\Users\user\UI-TARS-desktop\public\kelly\phases\186\hook.png","hook.png","C:\Users\user\UI-TARS-desktop\public\kelly\phases\186",SUSPICIOUS,50.5,99,"Curious Kelly in final pose in Chair - UI elements will go on the side rails - Copy.png",1344x768,1112.29,f79ce27848772fc71722e16708579da28159d48d8dce8589c8999dddfc0b02bc
"C:\Users\user\UI-TARS-desktop\public\kelly\phases\186\q1.png","q1.png","C:\Users\user\UI-TARS-desktop\public\kelly\phases\186",IMPOSTER,30.75,119,"profile of kelly.png",1344x768,1188.32,c049e9a98db60d07f9a1b4f4e82607177990cbfe07f4910797f4ba7c8253d41e
"C:\Users\user\UI-TARS-desktop\public\kelly\phases\186\q2.png","q2.png","C:\Users\user\UI-TARS-desktop\public\kelly\phases\186",GOOD,60.0,90,"facing to the left.png",1344x768,1215.17,b49aa66b86666e455c67a0e20a06edc551bfa9fec8b859bea9031a9dfcd16118
"C:\Users\user\UI-TARS-desktop\public\kelly\phases\186\q3.png","q3.png","C:\Users\user\UI-TARS-desktop\public\kelly\phases\186",IMPOSTER,39.0,111,"neutral face with hair.png",1344x768,1151.14,e1e6e4d6de991e0971ec8e59d63d1844d3df01281876d32481739bbe8132f177
"C:\Users\user\UI-TARS-desktop\public\kelly\phases\186\wisdom.png","wisdom.png","C:\Users\user\UI-TARS-desktop\public\kelly\phases\186",SUSPICIOUS,41.0,109,"neutral face with hair.png",1344x768,1172.32,b435acf68f8a529baeccd589032b5b59f97d0aa5d132b94e192483265b26a96e
"C:\Users\user\UI-TARS-desktop\public\kelly\phases\187\hook.png","hook.png","C:\Users\user\UI-TARS-desktop\public\kelly\phases\187",SUSPICIOUS,55.25,94,"head and shoulders without chair.png",1344x768,1173.0,f598f071962312367f65e9260f8f9eb3f5700a0fad8bc8d00dccd89add8988d8
"C:\Users\user\UI-TARS-desktop\public\kelly\phases\187\q1.png","q1.png","C:\Users\user\UI-TARS-desktop\public\kelly\phases\187",SUSPICIOUS,49.25,100,"Curious Kelly in final pose in Chair - UI elements will go on the side rails - Copy.png",1344x768,1163.1,b699a63bda6640cf570ea8343b9fc9e2111dc9591b90c8d9d1198d9bdb119d8d
"C:\Users\user\UI-TARS-desktop\public\kelly\phases\187\q2.png","q2.png","C:\Users\user\UI-TARS-desktop\public\kelly\phases\187",GOOD,61.25,88,"Curious Kelly in final pose in Chair - UI elements will go on the side rails - Copy.png",1344x768,1168.7,a19bab7856e42fdbcf67d8969dc3ea9a8999c9988b898896d4b90ba5f4480685
"C:\Users\user\UI-TARS-desktop\public\kelly\phases\187\q3.png","q3.png","C:\Users\user\UI-TARS-desktop\public\kelly\phases\187",SUSPICIOUS,47.5,102,"facing to the left.png",1344x768,1192.52,d3c9f3e19fa65846485443eabcbeed851c9043d9d859adad9db04497c08b295b
"C:\Users\user\UI-TARS-desktop\public\kelly\phases\187\wisdom.png","wisdom.png","C:\Users\user\UI-TARS-desktop\public\kelly\phases\187",IMPOSTER,34.75,115,"profile of kelly.png",1344x768,1154.63,e432e4c29ecc038f3f4fdc2897f09c0f039cd83399f29b97d0325fb298b7b500
"C:\Users\user\UI-TARS-desktop\public\kelly\phases\188\q1.png","q1.png","C:\Users\user\UI-TARS-desktop\public\kelly\phases\188",IMPOSTER,36.0,114,"neutral face with hair.png",1344x768,1147.98,b862f98f8b3c5e009699ccfcda62063d4ec29d6786fae6c35687b057a18a332a
"C:\Users\user\UI-TARS-desktop\public\kelly\phases\188\hook.png","hook.png","C:\Users\user\UI-TARS-desktop\public\kelly\phases\188",SUSPICIOUS,46.75,103,"Curious Kelly in final pose in Chair - UI elements will go on the side rails - Copy.png",1344x768,1159.54,e089e6209f66165e9226ffa249770df7fc0845f829df98b892d88d1f49bd4191
"C:\Users\user\UI-TARS-desktop\public\kelly\phases\188\q2.png","q2.png","C:\Users\user\UI-TARS-desktop\public\kelly\phases\188",SUSPICIOUS,50.25,99,"facing to the left.png",1344x768,1163.85,a299b721d0666d4b4a709c96d5df89e84ad89ddd589ca48d31497be866327636
"C:\Users\user\UI-TARS-desktop\public\kelly\phases\188\q3.png","q3.png","C:\Users\user\UI-TARS-desktop\public\kelly\phases\188",SUSPICIOUS,50.25,99,"Curious Kelly in final pose in Chair - UI elements will go on the side rails - Copy.png",1344x768,1123.29,b599a5549e706e49d4e6aa369dcc48f6a84b1598c8d99d9cc3c9bd1448f9a5c9
"C:\Users\user\UI-TARS-desktop\public\kelly\phases\188\wisdom.png","wisdom.png","C:\Users\user\UI-TARS-desktop\public\kelly\phases\188",SUSPICIOUS,42.5,107,"Curious Kelly in final pose in Chair - UI elements will go on the side rails - Copy.png",1344x768,1086.93,a74da5151c921ab6696114b25a848e6bf12e5eede299176df249c2ad1f49e86e
"C:\Users\user\UI-TARS-desktop\public\kelly\phases\189\hook.png","hook.png","C:\Users\user\UI-TARS-desktop\public\kelly\phases\189",IMPOSTER,38.0,112,"neutral face with hair.png",1344x768,1161.55,ec75f46686880da8f4db0e0a7a9983db60d9368aac1915f3e38f1c6bcbb85827
"C:\Users\user\UI-TARS-desktop\public\kelly\phases\189\q1.png","q1.png","C:\Users\user\UI-TARS-desktop\public\kelly\phases\189",SUSPICIOUS,53.0,97,"Curious Kelly in final pose in Chair - UI elements will go on the side rails - Copy.png",1344x768,1111.31,9519a7b5fa221feae2fa156681f5481b8cc5d812e5c998785b8accddc93435d8
"C:\Users\user\UI-TARS-desktop\public\kelly\phases\189\q2.png","q2.png","C:\Users\user\UI-TARS-desktop\public\kelly\phases\189",SUSPICIOUS,45.25,104,"head and shoulders without chair.png",1344x768,1203.94,a186a69bb6695f73ae43162ce46743e3d2268cc65d66e03685eb5a1f1c32a5e2
"C:\Users\user\UI-TARS-desktop\public\kelly\phases\189\wisdom.png","wisdom.png","C:\Users\user\UI-TARS-desktop\public\kelly\phases\189",SUSPICIOUS,39.5,110,"neutral face with hair.png",1344x768,1115.25,a4ece8cc959b1f3bec9247dbb944d03b096538aad3659b6418ee930cd3699b44
"C:\Users\user\UI-TARS-desktop\public\kelly\phases\189\q3.png","q3.png","C:\Users\user\UI-TARS-desktop\public\kelly\phases\189",SUSPICIOUS,42.0,108,"facing to the left.png",1344x768,1136.47,e189e301963616ee72cca9675e3643e8690624f7f36007eef0340f7f87e0d81b
"C:\Users\user\UI-TARS-desktop\public\kelly\phases\190\hook.png","hook.png","C:\Users\user\UI-TARS-desktop\public\kelly\phases\190",IMPOSTER,36.5,113,"neutral face with hair.png",1344x768,1137.28,f720ee6080d95e9b61431eb9a33d51c35859af3910265bfebb2483a6db26b926
"C:\Users\user\UI-TARS-desktop\public\kelly\phases\190\q1.png","q1.png","C:\Users\user\UI-TARS-desktop\public\kelly\phases\190",IMPOSTER,35.0,115,"profile of kelly.png",1344x768,1174.29,e46daec5179a2f1d0d931e9a19939b124de9b352526b9344d2699365d26f9271
"C:\Users\user\UI-TARS-desktop\public\kelly\phases\190\q2.png","q2.png","C:\Users\user\UI-TARS-desktop\public\kelly\phases\190",IMPOSTER,33.75,116,"facing to the left.png",1344x768,1173.23,a52da6aed49a2d545091b59bc0b25dd2e80bfca0f15fbd1ba1639b61904cbb2d
"C:\Users\user\UI-TARS-desktop\public\kelly\phases\190\q3.png","q3.png","C:\Users\user\UI-TARS-desktop\public\kelly\phases\190",IMPOSTER,38.75,111,"facing to the left.png",1344x768,1136.19,a0d9a2195c635e46e7844b368556d6ee0f43f4725b6ec188a9975dfacc9889d1
"C:\Users\user\UI-TARS-desktop\public\kelly\phases\190\wisdom.png","wisdom.png","C:\Users\user\UI-TARS-desktop\public\kelly\phases\190",SUSPICIOUS,46.5,103,"Curious Kelly in final pose in Chair - UI elements will go on the side rails - Copy.png",1344x768,1056.41,ff0db27943e2bd2612dbd3e20db79299089d899f000993dcdc08a9dc7e7103b7
"C:\Users\user\UI-TARS-desktop\public\kelly\phases\191\hook.png","hook.png","C:\Users\user\UI-TARS-desktop\public\kelly\phases\191",SUSPICIOUS,53.5,96,"Curious Kelly in final pose in Chair - UI elements will go on the side rails - Copy.png",1344x768,1169.04,b59fb2384f6263e5b660f84e4ab6bd02107bea85054e99c2d88d8ddaa9895fd1
"C:\Users\user\UI-TARS-desktop\public\kelly\phases\191\q2.png","q2.png","C:\Users\user\UI-TARS-desktop\public\kelly\phases\191",SUSPICIOUS,50.5,99,"neutral face with hair.png",1344x768,1134.6,bae6bb87c509a65a4bbcbc194725c6bae8448e63cea3cd67b4434a6eb59043b0
"C:\Users\user\UI-TARS-desktop\public\kelly\phases\191\q1.png","q1.png","C:\Users\user\UI-TARS-desktop\public\kelly\phases\191",SUSPICIOUS,49.5,100,"facing to the left.png",1344x768,1120.55,f418e2618fe6b1701ee0d15605d8f9b609d75f3948985fc188d89df50899b4fd
"C:\Users\user\UI-TARS-desktop\public\kelly\phases\191\q3.png","q3.png","C:\Users\user\UI-TARS-desktop\public\kelly\phases\191",SUSPICIOUS,46.75,103,"Curious Kelly in final pose in Chair - UI elements will go on the side rails - Copy.png",1344x768,1206.5,fa19a1f1cb721744062ee9679e1683f00d074479978d9e88c1a88cdf59ddddc9
"C:\Users\user\UI-TARS-desktop\public\kelly\phases\191\wisdom.png","wisdom.png","C:\Users\user\UI-TARS-desktop\public\kelly\phases\191",IMPOSTER,32.75,117,"head and shoulders without chair.png",1344x768,1143.81,f1cca31c9e33b4e36b22dcb30d539885ec5b154e5aec0dfef48c584d9c84e948
"C:\Users\user\UI-TARS-desktop\public\kelly\phases\192\hook.png","hook.png","C:\Users\user\UI-TARS-desktop\public\kelly\phases\192",SUSPICIOUS,43.25,106,"Curious Kelly in final pose in Chair - UI elements will go on the side rails - Copy.png",1344x768,1126.07,b289b7b9c376585676a11f27a95254f609ef6d1ddc8e89c8d8554d8cc8a905d8
"C:\Users\user\UI-TARS-desktop\public\kelly\phases\192\q1.png","q1.png","C:\Users\user\UI-TARS-desktop\public\kelly\phases\192",SUSPICIOUS,41.0,109,"head and shoulders without chair.png",1344x768,1100.86,b0c4f93e43934360773ff81105e1de332c3d07c4f87684cffcc408eebccc905e
"C:\Users\user\UI-TARS-desktop\public\kelly\phases\192\q2.png","q2.png","C:\Users\user\UI-TARS-desktop\public\kelly\phases\192",SUSPICIOUS,40.75,109,"profile of kelly.png",1344x768,1147.62,e920e4e6dcdc1cd0f8930d9bdb5b1f24d863936f1f2ee06602f1ff28404c51e6
"C:\Users\user\UI-TARS-desktop\public\kelly\phases\192\q3.png","q3.png","C:\Users\user\UI-TARS-desktop\public\kelly\phases\192",SUSPICIOUS,39.75,110,"Curious Kelly in final pose in Chair - UI elements will go on the side rails - Copy.png",1344x768,1122.5,a537a4dfd44d34675cccc3bc8ff0d025a95e59b3e113a91053b99d623e60e20d
"C:\Users\user\UI-TARS-desktop\public\kelly\phases\193\hook.png","hook.png","C:\Users\user\UI-TARS-desktop\public\kelly\phases\193",SUSPICIOUS,48.25,101,"Curious Kelly in final pose in Chair - UI elements will go on the side rails - Copy.png",1344x768,1173.15,b498a559cb671ca254619a77870bd6621cf6f84187fcc89f5dc0fc888ddcc951
"C:\Users\user\UI-TARS-desktop\public\kelly\phases\192\wisdom.png","wisdom.png","C:\Users\user\UI-TARS-desktop\public\kelly\phases\192",SUSPICIOUS,48.25,101,"facing to the left.png",1344x768,1132.83,e2d8e3d9d7665ba70720f0661f3e90a50b03a586dae90cbdf9cb5c988019d5da
"C:\Users\user\UI-TARS-desktop\public\kelly\phases\193\q1.png","q1.png","C:\Users\user\UI-TARS-desktop\public\kelly\phases\193",SUSPICIOUS,40.75,109,"Curious Kelly in final pose in Chair - UI elements will go on the side rails - Copy.png",1344x768,1152.38,e8db8b12176f34a19cb4376cd8d172959c4bb256a4d3a2d35e9a4d364d2a6195
"C:\Users\user\UI-TARS-desktop\public\kelly\phases\193\q2.png","q2.png","C:\Users\user\UI-TARS-desktop\public\kelly\phases\193",SUSPICIOUS,55.75,94,"facing to the left.png",1344x768,1108.57,a59aa3585e251e638f77d2a28d761eebf1c5489ac8d8099cc9d84999e8dcc1dc
"C:\Users\user\UI-TARS-desktop\public\kelly\phases\193\q3.png","q3.png","C:\Users\user\UI-TARS-desktop\public\kelly\phases\193",IMPOSTER,30.0,120,"neutral face with hair.png",1344x768,1166.59,a365aaced49a6d30dcd9a1b351131b1c8063d7679a4ed35cf3611f44710f2b6c
"C:\Users\user\UI-TARS-desktop\public\kelly\phases\193\wisdom.png","wisdom.png","C:\Users\user\UI-TARS-desktop\public\kelly\phases\193",SUSPICIOUS,52.75,97,"head and shoulders without chair.png",1344x768,1135.81,f0c9f30c4b32377c9332fa2307b2a43b5ac98d55dc8a08d1fc8d0beabe4fe045
"C:\Users\user\UI-TARS-desktop\public\kelly\phases\194\hook.png","hook.png","C:\Users\user\UI-TARS-desktop\public\kelly\phases\194",SUSPICIOUS,51.0,99,"facing to the left.png",1344x768,1159.68,a3c9a63cdd336ca764f485221e5e097dbd9750c2a958dedd9dd2488c8d5a9a88
"C:\Users\user\UI-TARS-desktop\public\kelly\phases\194\q1.png","q1.png","C:\Users\user\UI-TARS-desktop\public\kelly\phases\194",IMPOSTER,28.25,121,"neutral face with hair.png",1344x768,1129.1,a764adc41892a21bcccb8a35fe83dff9730d11a33334996783261e64eaec1e27
"C:\Users\user\UI-TARS-desktop\public\kelly\phases\194\q2.png","q2.png","C:\Users\user\UI-TARS-desktop\public\kelly\phases\194",IMPOSTER,34.5,115,"Curious Kelly in final pose in Chair - UI elements will go on the side rails - Copy.png",1344x768,1130.91,f18ee64d0e733532f2330b66ffe35eb3e07b0be6f0040c4e9cc4c8110d9afd81
"C:\Users\user\UI-TARS-desktop\public\kelly\phases\194\wisdom.png","wisdom.png","C:\Users\user\UI-TARS-desktop\public\kelly\phases\194",IMPOSTER,39.0,111,"Curious Kelly in final pose in Chair - UI elements will go on the side rails - Copy.png",1344x768,1184.55,f535a67388cf0c0cf6e918fde344afdd1470d9a90b16db16993691311b33c3a2
"C:\Users\user\UI-TARS-desktop\public\kelly\phases\194\q3.png","q3.png","C:\Users\user\UI-TARS-desktop\public\kelly\phases\194",SUSPICIOUS,47.5,102,"facing to the left.png",1344x768,1174.82,e799e659586642ee774485688acc81c495aaa05d5b8fa9d8589da9bb5990f99b
"C:\Users\user\UI-TARS-desktop\public\kelly\phases\195\hook.png","hook.png","C:\Users\user\UI-TARS-desktop\public\kelly\phases\195",SUSPICIOUS,47.75,102,"Curious Kelly in final pose in Chair - UI elements will go on the side rails - Copy.png",1344x768,1156.5,a14ce71c0a335ce26157b1275af2a94750a32e5e5aa1bc4f5e8d4fc8b48f4fc8
"C:\Users\user\UI-TARS-desktop\public\kelly\phases\195\q1.png","q1.png","C:\Users\user\UI-TARS-desktop\public\kelly\phases\195",SUSPICIOUS,40.75,109,"Curious Kelly in final pose in Chair - UI elements will go on the side rails - Copy.png",1344x768,1226.32,e71babaab1ad79b81734b245b2b2567092d2924bd659b2fa92599113aaba5554
"C:\Users\user\UI-TARS-desktop\public\kelly\phases\195\q2.png","q2.png","C:\Users\user\UI-TARS-desktop\public\kelly\phases\195",SUSPICIOUS,49.5,100,"head and shoulders without chair.png",1344x768,1147.92,f2c7f306d51842bf83bdf919df21075b42bced599402cc618cf78cdcdc09a452
"C:\Users\user\UI-TARS-desktop\public\kelly\phases\195\q3.png","q3.png","C:\Users\user\UI-TARS-desktop\public\kelly\phases\195",SUSPICIOUS,58.25,91,"facing to the left.png",1344x768,1196.61,e59eb37dc6650e4b0240d6e6876cd0000a92d87ad9acd995d990f939f0f1f99d
"C:\Users\user\UI-TARS-desktop\public\kelly\phases\195\wisdom.png","wisdom.png","C:\Users\user\UI-TARS-desktop\public\kelly\phases\195",SUSPICIOUS,39.25,110,"neutral face with hair.png",1344x768,1160.51,e736a2621ecd659a62ca2e9df0a90dd8fa6981b51c18d0eb8d71daa78b3ed141
"C:\Users\user\UI-TARS-desktop\public\kelly\phases\196\q1.png","q1.png","C:\Users\user\UI-TARS-desktop\public\kelly\phases\196",SUSPICIOUS,41.25,108,"Curious Kelly in final pose in Chair - UI elements will go on the side rails - Copy.png",1344x768,1107.48,ec18895b872e71a7d871b22c91a6de5136499e5992dab64b92cb92db66534d8c
"C:\Users\user\UI-TARS-desktop\public\kelly\phases\196\q3.png","q3.png","C:\Users\user\UI-TARS-desktop\public\kelly\phases\196",SUSPICIOUS,52.0,98,"Curious Kelly in final pose in Chair - UI elements will go on the side rails - Copy.png",1344x768,1128.59,f41cf26c1a725da37b22853652cacb0d88d25da5e94958dc9dcdd8988dcdd8d8
"C:\Users\user\UI-TARS-desktop\public\kelly\phases\196\hook.png","hook.png","C:\Users\user\UI-TARS-desktop\public\kelly\phases\196",SUSPICIOUS,48.75,101,"facing to the left.png",1344x768,1206.96,f79be673086458ed2f05834e49f8d03daf8284529eb389dbf8b80d1749b1199b
"C:\Users\user\UI-TARS-desktop\public\kelly\phases\196\q2.png","q2.png","C:\Users\user\UI-TARS-desktop\public\kelly\phases\196",IMPOSTER,38.75,111,"profile of kelly.png",1344x768,1137.98,e97de33d049a2d22a5b60712a2da00d2f29542d6f06a013af176916cde7df2ef
"C:\Users\user\UI-TARS-desktop\public\kelly\phases\196\wisdom.png","wisdom.png","C:\Users\user\UI-TARS-desktop\public\kelly\phases\196",IMPOSTER,33.5,116,"neutral face with hair.png",1344x768,1187.99,a560ae86149a21f49edbd3091bb9c06f1f26d32d9b261b7ab3043c3e47aa3b74
"C:\Users\user\UI-TARS-desktop\public\kelly\phases\197\hook.png","hook.png","C:\Users\user\UI-TARS-desktop\public\kelly\phases\197",SUSPICIOUS,44.25,105,"facing to the left.png",1344x768,1095.17,ff1da729c372c1c634681a7acd874888d81c08cbe9c88ddcf9899cd0f5f80fa7
"C:\Users\user\UI-TARS-desktop\public\kelly\phases\197\q1.png","q1.png","C:\Users\user\UI-TARS-desktop\public\kelly\phases\197",GOOD,59.25,90,"facing to the left.png",1344x768,1124.8,e3bbee32144d07f56e0210451fb4d8c678140df6ba8ad91988af99d9d999c9b3
"C:\Users\user\UI-TARS-desktop\public\kelly\phases\197\q2.png","q2.png","C:\Users\user\UI-TARS-desktop\public\kelly\phases\197",IMPOSTER,37.25,112,"Curious Kelly in final pose in Chair - UI elements will go on the side rails - Copy.png",1344x768,1152.93,f40cf07083334b2f3e2690f3acd59cc3943da5cd98dc5ccf4d8dcc8c40fa5a74
"C:\Users\user\UI-TARS-desktop\public\kelly\phases\197\q3.png","q3.png","C:\Users\user\UI-TARS-desktop\public\kelly\phases\197",IMPOSTER,34.25,115,"Curious Kelly in final pose in Chair - UI elements will go on the side rails - Copy.png",1344x768,1138.21,ad59bd9992a4127e41efb830d24392efba501e01d60ba2cd9a59d25b764f0af9
"C:\Users\user\UI-TARS-desktop\public\kelly\phases\197\wisdom.png","wisdom.png","C:\Users\user\UI-TARS-desktop\public\kelly\phases\197",SUSPICIOUS,44.0,106,"facing to the left.png",1344x768,1154.04,b14df71c4a334c425764fab35e0bb5b24e67e1d31608c8d78d4cdaa0a88f5cd5
"C:\Users\user\UI-TARS-desktop\public\kelly\phases\198\q1.png","q1.png","C:\Users\user\UI-TARS-desktop\public\kelly\phases\198",SUSPICIOUS,41.5,108,"neutral face with hair.png",1344x768,1236.46,b476f8bc0f8d039b1920c87bcf3f07c8c0248e4dcffe86448c01cef64eff6033
"C:\Users\user\UI-TARS-desktop\public\kelly\phases\198\hook.png","hook.png","C:\Users\user\UI-TARS-desktop\public\kelly\phases\198",SUSPICIOUS,55.75,94,"Curious Kelly in final pose in Chair - UI elements will go on the side rails - Copy.png",1344x768,1102.87,a12da329dff21ec6a00c4926d0f23e88c0cf0e9dedd89d8c498f9e9d1d59d0f9
"C:\Users\user\UI-TARS-desktop\public\kelly\phases\198\q2.png","q2.png","C:\Users\user\UI-TARS-desktop\public\kelly\phases\198",SUSPICIOUS,46.5,103,"Curious Kelly in final pose in Chair - UI elements will go on the side rails - Copy.png",1344x768,1099.03,f789f62848760fc7ff000bf6a596d88b0fd9c80d1dc8c8d10dcdf8980bfdf120
"C:\Users\user\UI-TARS-desktop\public\kelly\phases\198\q3.png","q3.png","C:\Users\user\UI-TARS-desktop\public\kelly\phases\198",SUSPICIOUS,52.25,97,"facing to the left.png",1344x768,1172.42,f599f6495e66013e3e63f1e4034cfcb60172d6834b689c3e19e7181c9d988d1f
"C:\Users\user\UI-TARS-desktop\public\kelly\phases\198\wisdom.png","wisdom.png","C:\Users\user\UI-TARS-desktop\public\kelly\phases\198",SUSPICIOUS,48.5,101,"Curious Kelly in final pose in Chair - UI elements will go on the side rails - Copy.png",1344x768,1086.93,a11bad22d2664cd904c1b9e45d9ea11ffdc8ebda9533e9109db6aa138fd2f084
"C:\Users\user\UI-TARS-desktop\public\kelly\phases\199\hook.png","hook.png","C:\Users\user\UI-TARS-desktop\public\kelly\phases\199",SUSPICIOUS,41.0,109,"head and shoulders without chair.png",1344x768,1189.12,f0c0f3245f337902a120ded3801ba9397b6dd6924acfcd24dcc784decdfcbc04
"C:\Users\user\UI-TARS-desktop\public\kelly\phases\199\q1.png","q1.png","C:\Users\user\UI-TARS-desktop\public\kelly\phases\199",IMPOSTER,29.75,120,"facing to the left.png",1344x768,1146.53,a62de48cd59b58d240d2d193fc2351da3a735505332ed7a4bb759525b16c8d8d
"C:\Users\user\UI-TARS-desktop\public\kelly\phases\199\q2.png","q2.png","C:\Users\user\UI-TARS-desktop\public\kelly\phases\199",SUSPICIOUS,49.0,101,"facing to the left.png",1344x768,1156.74,e593f25986755cce1feda174c0041da7f99399399990d9939c1bd9c30ae06751
"C:\Users\user\UI-TARS-desktop\public\kelly\phases\200\hook.png","hook.png","C:\Users\user\UI-TARS-desktop\public\kelly\phases\200",SUSPICIOUS,43.25,106,"profile of kelly.png",1344x768,1097.92,e430e0960ad93839a6c11e9fb1611bbd5bf4d90d5a36ab0798e68fa69d4689f4
"C:\Users\user\UI-TARS-desktop\public\kelly\phases\199\wisdom.png","wisdom.png","C:\Users\user\UI-TARS-desktop\public\kelly\phases\199",SUSPICIOUS,43.5,106,"facing to the left.png",1344x768,1101.69,f7c8ff290a772c92572ace2688dddc82c8511da898dcdbcd9498c9d9d881a55d
"C:\Users\user\UI-TARS-desktop\public\kelly\phases\199\q3.png","q3.png","C:\Users\user\UI-TARS-desktop\public\kelly\phases\199",IMPOSTER,37.5,112,"facing to the left.png",1344x768,1167.71,e778e7250c5340c62f2696d604db60dc644e0459e7db3ed8c0c99ffdbe4d8249
"C:\Users\user\UI-TARS-desktop\public\kelly\phases\200\q1.png","q1.png","C:\Users\user\UI-TARS-desktop\public\kelly\phases\200",IMPOSTER,33.0,117,"head and shoulders without chair.png",1344x768,1222.81,ebd2a9b6d52d4dc9a3b896c5b089b6b515d2a6b2d6719a9630dacc53698c4923
"C:\Users\user\UI-TARS-desktop\public\kelly\phases\200\q2.png","q2.png","C:\Users\user\UI-TARS-desktop\public\kelly\phases\200",SUSPICIOUS,52.0,98,"Curious Kelly in final pose in Chair - UI elements will go on the side rails - Copy.png",1344x768,1126.5,b089a3795e766461db2795c2c85e5dd3aa9dd1ccad88c89dd0d0af5a72352744
"C:\Users\user\UI-TARS-desktop\public\kelly\phases\200\q3.png","q3.png","C:\Users\user\UI-TARS-desktop\public\kelly\phases\200",SUSPICIOUS,41.25,108,"head and shoulders without chair.png",1344x768,1173.13,b4c1a1e5c35e5acca5224b336f7d237852b3072b6af6a5b95ada0513fa21a05e
"C:\Users\user\UI-TARS-desktop\public\kelly\phases\200\wisdom.png","wisdom.png","C:\Users\user\UI-TARS-desktop\public\kelly\phases\200",SUSPICIOUS,56.5,93,"Curious Kelly in final pose in Chair - UI elements will go on the side rails - Copy.png",1344x768,1171.44,a099e22b9f663d481ea5d0d69f8a5d96a8f9dd89a894d58808cd7c5d67aae216
"C:\Users\user\UI-TARS-desktop\public\kelly\phases\201\hook.png","hook.png","C:\Users\user\UI-TARS-desktop\public\kelly\phases\201",SUSPICIOUS,55.0,95,"facing to the left.png",1344x768,1197.09,e3dbf735842668c47b64942f5f9c89e24ad9b591d9998b95d15b1e815580e26a
"C:\Users\user\UI-TARS-desktop\public\kelly\phases\201\q1.png","q1.png","C:\Users\user\UI-TARS-desktop\public\kelly\phases\201",SUSPICIOUS,40.75,109,"profile of kelly.png",1344x768,1174.14,e8e9ada953924b528cb736125326ab36554cba2c12699b4d576eaa4d57499aad
"C:\Users\user\UI-TARS-desktop\public\kelly\phases\201\q3.png","q3.png","C:\Users\user\UI-TARS-desktop\public\kelly\phases\201",IMPOSTER,28.25,121,"facing to the left.png",1344x768,1067.57,c00be09d1db6fe16e6223fe2fa5d02c9bbd2566f3f599a495649be090047146b
"C:\Users\user\UI-TARS-desktop\public\kelly\phases\201\wisdom.png","wisdom.png","C:\Users\user\UI-TARS-desktop\public\kelly\phases\201",SUSPICIOUS,45.5,104,"Curious Kelly in final pose in Chair - UI elements will go on the side rails - Copy.png",1344x768,1128.47,ad4bad19d1a61b366f3c85e45aa64f1413f6582ed08113de563d96e8f843125f
"C:\Users\user\UI-TARS-desktop\public\kelly\phases\201\q2.png","q2.png","C:\Users\user\UI-TARS-desktop\public\kelly\phases\201",SUSPICIOUS,42.25,107,"profile of kelly.png",1344x768,1153.0,ec60ecb45c9b27dcfed870bb07d91ac9e06c0537f03a1b80d0769b6cbb45506c
"C:\Users\user\UI-TARS-desktop\public\kelly\phases\202\hook.png","hook.png","C:\Users\user\UI-TARS-desktop\public\kelly\phases\202",SUSPICIOUS,51.0,99,"Curious Kelly in final pose in Chair - UI elements will go on the side rails - Copy.png",1344x768,1133.31,f009f7388bf50a46f608a7f556a2a807d6f60deaa2f1089d0dcad8bdacb8c999
"C:\Users\user\UI-TARS-desktop\public\kelly\phases\202\q1.png","q1.png","C:\Users\user\UI-TARS-desktop\public\kelly\phases\202",IMPOSTER,39.0,111,"Curious Kelly in final pose in Chair - UI elements will go on the side rails - Copy.png",1344x768,1152.02,ef5aede8b2341c87e742be14d0cf9e47f25851cb0a49f65813cde6a83c5e0530
"C:\Users\user\UI-TARS-desktop\public\kelly\phases\202\q2.png","q2.png","C:\Users\user\UI-TARS-desktop\public\kelly\phases\202",IMPOSTER,35.0,115,"close up of face.jpeg",1344x768,1181.68,e858f96e84ab5db1c096ac5268ba1b95d033bf62bb50d07b5609a770ea2f528d
"C:\Users\user\UI-TARS-desktop\public\kelly\phases\202\wisdom.png","wisdom.png","C:\Users\user\UI-TARS-desktop\public\kelly\phases\202",GOOD,60.25,89,"facing to the left.png",1344x768,1208.97,b29ba729c77642ef0e6095a6e94ed4e664f28d078892d93d89d29d99dc9d88a2
"C:\Users\user\UI-TARS-desktop\public\kelly\phases\202\q3.png","q3.png","C:\Users\user\UI-TARS-desktop\public\kelly\phases\202",SUSPICIOUS,57.75,92,"facing to the left.png",1344x768,1162.06,a3d9a3395a27f8e747a6dc22aa55da87a5fa0ab8d98581c8da9989d3d988d898
"C:\Users\user\UI-TARS-desktop\public\kelly\phases\203\hook.png","hook.png","C:\Users\user\UI-TARS-desktop\public\kelly\phases\203",SUSPICIOUS,40.25,109,"profile of kelly.png",1344x768,1128.0,ec32f4f20fcd7b6d6ed4504c07fbad0c58f42f8c1c78e1835a3e9dc3813a18b0
"C:\Users\user\UI-TARS-desktop\public\kelly\phases\203\q2.png","q2.png","C:\Users\user\UI-TARS-desktop\public\kelly\phases\203",SUSPICIOUS,49.0,101,"Curious Kelly in final pose in Chair - UI elements will go on the side rails - Copy.png",1344x768,1186.07,a0bbb34fd6340e634e66a196d49648e09d19c89f1d98a8f0570beb0904fff4f6
"C:\Users\user\UI-TARS-desktop\public\kelly\phases\203\q1.png","q1.png","C:\Users\user\UI-TARS-desktop\public\kelly\phases\203",SUSPICIOUS,39.5,110,"neutral face with hair.png",1344x768,1174.05,e74fa8e1189247981cb2935a8b755362d32c1364db65d22c3b6ed70d7cd46d86
"C:\Users\user\UI-TARS-desktop\public\kelly\phases\203\q3.png","q3.png","C:\Users\user\UI-TARS-desktop\public\kelly\phases\203",SUSPICIOUS,52.5,97,"facing to the left.png",1344x768,1200.42,a199a73ada666ec5722585665ace84247ea651bf9d54d88a8b9151959598af79
"C:\Users\user\UI-TARS-desktop\public\kelly\phases\203\wisdom.png","wisdom.png","C:\Users\user\UI-TARS-desktop\public\kelly\phases\203",IMPOSTER,36.25,113,"facing to the left.png",1344x768,1098.64,a3c8a31c543768a326f2a5374aa3afcb1d36c0a62f2cd0960bcfd8b88da4b9f9
"C:\Users\user\UI-TARS-desktop\public\kelly\phases\204\hook.png","hook.png","C:\Users\user\UI-TARS-desktop\public\kelly\phases\204",SUSPICIOUS,52.0,98,"Curious Kelly in final pose in Chair - UI elements will go on the side rails - Copy.png",1344x768,1110.01,ef89e73992f696476f2e0936a598484f8dff1698d1c9098fe5b84a9281cd1694
"C:\Users\user\UI-TARS-desktop\public\kelly\phases\204\q1.png","q1.png","C:\Users\user\UI-TARS-desktop\public\kelly\phases\204",IMPOSTER,26.25,123,"neutral face with hair.png",1344x768,1105.22,a6b4aecc99d951936412a4c95bdfe1731a69ed0c1053e3e65814bae5d345f836
"C:\Users\user\UI-TARS-desktop\public\kelly\phases\204\q2.png","q2.png","C:\Users\user\UI-TARS-desktop\public\kelly\phases\204",SUSPICIOUS,48.5,101,"Curious Kelly in final pose in Chair - UI elements will go on the side rails - Copy.png",1344x768,1169.94,a9b5a651c4c372d71e6ca84d5f30988699add91043bff7a0295d5aafaa44c173
"C:\Users\user\UI-TARS-desktop\public\kelly\phases\204\q3.png","q3.png","C:\Users\user\UI-TARS-desktop\public\kelly\phases\204",IMPOSTER,35.0,115,"facing to the left.png",1344x768,1195.37,cd49eca1dfb20c1804b7fb96056cfa721f87f1dd0b60d62ff3e21a08d259024f
"C:\Users\user\UI-TARS-desktop\public\kelly\phases\204\wisdom.png","wisdom.png","C:\Users\user\UI-TARS-desktop\public\kelly\phases\204",SUSPICIOUS,42.0,108,"Curious Kelly in final pose in Chair - UI elements will go on the side rails - Copy.png",1344x768,1121.58,b573e5260e640eedf481274c5accb431434a8c3c6a95506937fef9a81da75a7a
"C:\Users\user\UI-TARS-desktop\public\kelly\phases\205\hook.png","hook.png","C:\Users\user\UI-TARS-desktop\public\kelly\phases\205",IMPOSTER,38.25,111,"neutral face with hair.png",1344x768,1158.03,a0e3b5b6571d0b1977aa995d9795c82ae47d8a45f863c4a3cc6b8d66f4220563
"C:\Users\user\UI-TARS-desktop\public\kelly\phases\205\q1.png","q1.png","C:\Users\user\UI-TARS-desktop\public\kelly\phases\205",SUSPICIOUS,51.5,98,"Curious Kelly in final pose in Chair - UI elements will go on the side rails - Copy.png",1344x768,1174.36,b1dba35ade2476e18370adf65802acb30b9bbc0e5d8da8da5991c6c8e9b9844d
"C:\Users\user\UI-TARS-desktop\public\kelly\phases\205\q2.png","q2.png","C:\Users\user\UI-TARS-desktop\public\kelly\phases\205",SUSPICIOUS,44.5,105,"slightly turning her head.png",1344x768,1151.4,b19ff5c1b7106a50126597eee646aa245a62949b0b76fc3c19e0d8170b76b4bb
"C:\Users\user\UI-TARS-desktop\public\kelly\phases\205\q3.png","q3.png","C:\Users\user\UI-TARS-desktop\public\kelly\phases\205",IMPOSTER,34.25,115,"slightly turning her head.png",1344x768,1167.82,b0a1e1c5d5de063e2239bdc5c3f0a038467fbd81ec040ffd90535eaaec64cc67
"C:\Users\user\UI-TARS-desktop\public\kelly\phases\205\wisdom.png","wisdom.png","C:\Users\user\UI-TARS-desktop\public\kelly\phases\205",SUSPICIOUS,43.5,106,"head and shoulders without chair.png",1344x768,1193.04,e190ef111e6d00f17e0b3f6400f63e067ef43ecf300cf0c0bdf4f0fc980ef1f0
"C:\Users\user\UI-TARS-desktop\public\kelly\phases\206\hook.png","hook.png","C:\Users\user\UI-TARS-desktop\public\kelly\phases\206",SUSPICIOUS,51.5,98,"facing to the left.png",1344x768,1121.94,b349a739d66618c65cf9af66d18848edbc5e549185d9481c1c9dbdd148b9a3d8
"C:\Users\user\UI-TARS-desktop\public\kelly\phases\206\q2.png","q2.png","C:\Users\user\UI-TARS-desktop\public\kelly\phases\206",SUSPICIOUS,49.5,100,"close up of face.jpeg",1344x768,1201.74,b800b02350f979c58181babe738ca35478abfba6a4d8dee48466df5e91076cf3
"C:\Users\user\UI-TARS-desktop\public\kelly\phases\206\q1.png","q1.png","C:\Users\user\UI-TARS-desktop\public\kelly\phases\206",IMPOSTER,34.25,115,"profile of kelly.png",1344x768,1126.11,e564e69e18db12f04ed8a15b01f7fa184b3df0d61b25d3b69826bb27a9661a28
"C:\Users\user\UI-TARS-desktop\public\kelly\phases\206\wisdom.png","wisdom.png","C:\Users\user\UI-TARS-desktop\public\kelly\phases\206",SUSPICIOUS,46.25,103,"facing to the left.png",1344x768,1164.44,929de22dd7664eda3c601f97e87e1dc27cb0a8981d8a5d99a89889c155993e3e
"C:\Users\user\UI-TARS-desktop\public\kelly\phases\206\q3.png","q3.png","C:\Users\user\UI-TARS-desktop\public\kelly\phases\206",SUSPICIOUS,46.5,103,"facing to the left.png",1344x768,1154.17,f791e73b966c38f638635864058e10e67876009bf18f0f81c8b7df90819bfdb0
"C:\Users\user\UI-TARS-desktop\public\kelly\phases\207\q1.png","q1.png","C:\Users\user\UI-TARS-desktop\public\kelly\phases\207",IMPOSTER,38.0,112,"facing to the left.png",1344x768,1072.9,a536a6455ec960cabe4da3d55ec829cd1472f98d1caab93599a6592cad5650ba
"C:\Users\user\UI-TARS-desktop\public\kelly\phases\207\hook.png","hook.png","C:\Users\user\UI-TARS-desktop\public\kelly\phases\207",IMPOSTER,29.75,120,"facing to the left.png",1344x768,1143.44,e529ae1154b31bd2eeb4b0d6d78a13f2f043962d91edb744b24d9469b749aa05
"C:\Users\user\UI-TARS-desktop\public\kelly\phases\207\q2.png","q2.png","C:\Users\user\UI-TARS-desktop\public\kelly\phases\207",SUSPICIOUS,43.25,106,"Curious Kelly in final pose in Chair - UI elements will go on the side rails - Copy.png",1344x768,1132.51,f473ea040eca1569586d83801cb109fc1bb689b28bb319bbdbf487726f9f20f8
"C:\Users\user\UI-TARS-desktop\public\kelly\phases\207\q3.png","q3.png","C:\Users\user\UI-TARS-desktop\public\kelly\phases\207",SUSPICIOUS,52.25,97,"Curious Kelly in final pose in Chair - UI elements will go on the side rails - Copy.png",1344x768,1129.18,f793e4630cec7cce524edf049cec89c4189209dadb93ad1a89b3bdf3001707f8
"C:\Users\user\UI-TARS-desktop\public\kelly\phases\207\wisdom.png","wisdom.png","C:\Users\user\UI-TARS-desktop\public\kelly\phases\207",IMPOSTER,35.5,114,"profile of kelly.png",1344x768,1157.2,f473f45f8e0c47a4e06f14cee1605e70a12c1f7ef60c8c097e739e84509b99f1
"C:\Users\user\UI-TARS-desktop\public\kelly\phases\208\hook.png","hook.png","C:\Users\user\UI-TARS-desktop\public\kelly\phases\208",SUSPICIOUS,44.0,106,"Curious Kelly in final pose in Chair - UI elements will go on the side rails - Copy.png",1344x768,1157.25,f5ddb77c4b632e16b67cc1627f23083647eafc03001ddfe80807f8a80dc0e8bd
"C:\Users\user\UI-TARS-desktop\public\kelly\phases\208\q2.png","q2.png","C:\Users\user\UI-TARS-desktop\public\kelly\phases\208",SUSPICIOUS,45.75,104,"Curious Kelly in final pose in Chair - UI elements will go on the side rails - Copy.png",1344x768,1171.67,aba0e27314ee1dc0ce4ce0fd54e8afc65125e9369939d9821337f830059f75a7
"C:\Users\user\UI-TARS-desktop\public\kelly\phases\208\q1.png","q1.png","C:\Users\user\UI-TARS-desktop\public\kelly\phases\208",IMPOSTER,37.25,112,"facing to the left.png",1344x768,1081.21,b79c936cd8b3c9933599dcf7888c5f49848e4d9c2268d9ec20916d3773933233
"C:\Users\user\UI-TARS-desktop\public\kelly\phases\208\q3.png","q3.png","C:\Users\user\UI-TARS-desktop\public\kelly\phases\208",IMPOSTER,30.75,119,"facing to the left.png",1344x768,1158.59,e06de8f986b21f0871d5eab20d8ae5353ab241933e32e39e1cf1c5163de2e23c
"C:\Users\user\UI-TARS-desktop\public\kelly\phases\208\wisdom.png","wisdom.png","C:\Users\user\UI-TARS-desktop\public\kelly\phases\208",IMPOSTER,36.75,113,"profile of kelly.png",1344x768,1112.19,cc4dedbd11b23c42e5de9f32804adbd2505d53c9d64f125cf209164bf1d1ec15
"C:\Users\user\UI-TARS-desktop\public\kelly\phases\209\hook.png","hook.png","C:\Users\user\UI-TARS-desktop\public\kelly\phases\209",SUSPICIOUS,48.5,101,"Curious Kelly in final pose in Chair - UI elements will go on the side rails - Copy.png",1344x768,1190.0,a59da73dd062124397fefd2a4bc00996e989ddd888951dcb7d98a77562683644
"C:\Users\user\UI-TARS-desktop\public\kelly\phases\209\q1.png","q1.png","C:\Users\user\UI-TARS-desktop\public\kelly\phases\209",SUSPICIOUS,39.75,110,"close up of face.jpeg",1344x768,1182.76,bcb8b82a85e761d2718cfd2700ebf6c42d8f23c318e08f17e7cf0034ef33861b
"C:\Users\user\UI-TARS-desktop\public\kelly\phases\209\q3.png","q3.png","C:\Users\user\UI-TARS-desktop\public\kelly\phases\209",SUSPICIOUS,50.75,99,"facing to the left.png",1344x768,1121.76,a289b7315c262d76172fe1f75f5ebc8242d9bc1c09c8c8f9bd0c5888a4fc5743
"C:\Users\user\UI-TARS-desktop\public\kelly\phases\209\q2.png","q2.png","C:\Users\user\UI-TARS-desktop\public\kelly\phases\209",IMPOSTER,37.25,112,"neutral face with hair.png",1344x768,1205.31,f8ebe706833c7999079f1ef9501558180fc35a6ccd67dab2dc4444e4fe56b00a
"C:\Users\user\UI-TARS-desktop\public\kelly\phases\210\hook.png","hook.png","C:\Users\user\UI-TARS-desktop\public\kelly\phases\210",SUSPICIOUS,51.75,98,"facing to the left.png",1344x768,1137.48,f389f75b48260e4277ed90360aea9fc5903608dbdfe1999f89909db98199189b
"C:\Users\user\UI-TARS-desktop\public\kelly\phases\209\wisdom.png","wisdom.png","C:\Users\user\UI-TARS-desktop\public\kelly\phases\209",SUSPICIOUS,46.75,103,"slightly turning her head.png",1344x768,1198.98,b134e04e8e5d4fb246e9f8290957f91d03ae1a23c137593691771b70e8a6eaae
"C:\Users\user\UI-TARS-desktop\public\kelly\phases\210\q2.png","q2.png","C:\Users\user\UI-TARS-desktop\public\kelly\phases\210",SUSPICIOUS,42.5,107,"facing to the left.png",1344x768,1149.98,a1cdb5285b622b13ccb3a8539dcb488ceccf04efb9c840c803bdff4b10f1ff12
"C:\Users\user\UI-TARS-desktop\public\kelly\phases\210\q1.png","q1.png","C:\Users\user\UI-TARS-desktop\public\kelly\phases\210",IMPOSTER,39.0,111,"slightly turning her head.png",1344x768,1134.63,e41eaecc939b4353aa8c52cbbd715b6bbe68db75b722c3fd9304512610229964
"C:\Users\user\UI-TARS-desktop\public\kelly\phases\210\q3.png","q3.png","C:\Users\user\UI-TARS-desktop\public\kelly\phases\210",SUSPICIOUS,40.0,110,"slightly turning her head.png",1344x768,1108.66,a5b6a0de5ad9cf81f7080fb0f869f123b336f9265724db34e1175182e8c426cd
"C:\Users\user\UI-TARS-desktop\public\kelly\phases\210\wisdom.png","wisdom.png","C:\Users\user\UI-TARS-desktop\public\kelly\phases\210",SUSPICIOUS,39.25,110,"Curious Kelly in final pose in Chair - UI elements will go on the side rails - Copy.png",1344x768,1126.1,a73ae46b18cc199ce1dcbe6a59a10a9f81585c238f9319f3841b5fc3a7aa50f5
"C:\Users\user\UI-TARS-desktop\public\kelly\phases\211\q1.png","q1.png","C:\Users\user\UI-TARS-desktop\public\kelly\phases\211",SUSPICIOUS,43.5,106,"slightly turning her head.png",1344x768,1208.91,bcdfef4516ac53cc904ba6b073a8211e77352135fea19292833902bffad016ab
"C:\Users\user\UI-TARS-desktop\public\kelly\phases\211\hook.png","hook.png","C:\Users\user\UI-TARS-desktop\public\kelly\phases\211",SUSPICIOUS,40.5,109,"facing to the left.png",1344x768,1163.54,fb8df73dc7720a14fe3a85f75be30c17e0f207cf980480101fcfd880089dffc0
"C:\Users\user\UI-TARS-desktop\public\kelly\phases\211\q2.png","q2.png","C:\Users\user\UI-TARS-desktop\public\kelly\phases\211",SUSPICIOUS,45.0,105,"head and shoulders without chair.png",1344x768,1187.1,f187e389873868114765b746aa7b6c260364fe4b225a67654a2699ba8956c7ef
"C:\Users\user\UI-TARS-desktop\public\kelly\phases\211\q3.png","q3.png","C:\Users\user\UI-TARS-desktop\public\kelly\phases\211",SUSPICIOUS,48.75,101,"head and shoulders without chair.png",1344x768,1178.36,b59ab65bda6d66511667eff64164e4220fe7e06ec600c986d9abd93ed80469c0
"C:\Users\user\UI-TARS-desktop\public\kelly\phases\211\wisdom.png","wisdom.png","C:\Users\user\UI-TARS-desktop\public\kelly\phases\211",IMPOSTER,37.5,112,"facing to the left.png",1344x768,1132.03,a132ae425ecd28dce6cfd82cf8cc013fe9301ab7f9029bb259bfa3021c5966a7
"C:\Users\user\UI-TARS-desktop\public\kelly\phases\212\hook.png","hook.png","C:\Users\user\UI-TARS-desktop\public\kelly\phases\212",SUSPICIOUS,50.0,100,"Curious Kelly in final pose in Chair - UI elements will go on the side rails - Copy.png",1344x768,1162.77,a25dabd8972254cbae35c1e2f4a90b579c9a4df8f0018ddd49e8fc9009ddb48d
"C:\Users\user\UI-TARS-desktop\public\kelly\phases\212\q1.png","q1.png","C:\Users\user\UI-TARS-desktop\public\kelly\phases\212",SUSPICIOUS,40.5,109,"profile of kelly.png",1344x768,1143.63,e2a6ae2c54c946932b585ec4b5395a59b15dc26db1347af69924bab89b669aa4
"C:\Users\user\UI-TARS-desktop\public\kelly\phases\212\q3.png","q3.png","C:\Users\user\UI-TARS-desktop\public\kelly\phases\212",SUSPICIOUS,49.25,100,"Curious Kelly in final pose in Chair - UI elements will go on the side rails - Copy.png",1344x768,1187.01,f6c8ef10c1727eff5f01a006c5ffbc009aef9ec489acbcc890cc9ecd2e69041c
"C:\Users\user\UI-TARS-desktop\public\kelly\phases\212\q2.png","q2.png","C:\Users\user\UI-TARS-desktop\public\kelly\phases\212",IMPOSTER,39.0,111,"neutral face with hair.png",1344x768,1184.26,e192f4c1c2790e61374de0c142e6bc2e4a5da4ec5ae6bd0cd03f53f3af0a741e
"C:\Users\user\UI-TARS-desktop\public\kelly\phases\213\hook.png","hook.png","C:\Users\user\UI-TARS-desktop\public\kelly\phases\213",GOOD,62.25,87,"Curious Kelly in final pose in Chair - UI elements will go on the side rails - Copy.png",1344x768,1161.85,a1d8eb314f666445d223fdd658269cf39958c88dddd8889959dd88a90759e2ab
"C:\Users\user\UI-TARS-desktop\public\kelly\phases\212\wisdom.png","wisdom.png","C:\Users\user\UI-TARS-desktop\public\kelly\phases\212",SUSPICIOUS,41.75,108,"Curious Kelly in final pose in Chair - UI elements will go on the side rails - Copy.png",1344x768,1117.47,a549a42a1db2a91e5997aa12727ed429bb76d4691ec9ba4c5a4d134bee6b81c9
"C:\Users\user\UI-TARS-desktop\public\kelly\phases\213\q1.png","q1.png","C:\Users\user\UI-TARS-desktop\public\kelly\phases\213",IMPOSTER,32.5,117,"slightly turning her head.png",1344x768,1166.76,8437a616d44b1d4a62b5d29dbd57c3481ccee3bd1ea5d133b9d69f0ac1221837
"C:\Users\user\UI-TARS-desktop\public\kelly\phases\213\q2.png","q2.png","C:\Users\user\UI-TARS-desktop\public\kelly\phases\213",IMPOSTER,36.75,113,"close up of face.jpeg",1344x768,1177.65,a76dac88c5d21d85f29b1c32d9528b87d0cc532b1a2eba51936dd3ef0e07a955
"C:\Users\user\UI-TARS-desktop\public\kelly\phases\213\q3.png","q3.png","C:\Users\user\UI-TARS-desktop\public\kelly\phases\213",SUSPICIOUS,47.25,102,"Curious Kelly in final pose in Chair - UI elements will go on the side rails - Copy.png",1344x768,1192.74,b2dda5358f236a4e5a3088a3a76fca5656d158ad18d58deacddf588898858dc9
"C:\Users\user\UI-TARS-desktop\public\kelly\phases\213\wisdom.png","wisdom.png","C:\Users\user\UI-TARS-desktop\public\kelly\phases\213",SUSPICIOUS,51.0,99,"facing to the left.png",1344x768,1139.5,f099e6358b7641e246200166b7524ae6adb0525abd8dddf91d98f89f49d91d19
"C:\Users\user\UI-TARS-desktop\public\kelly\phases\214\hook.png","hook.png","C:\Users\user\UI-TARS-desktop\public\kelly\phases\214",SUSPICIOUS,46.5,103,"facing to the left.png",1344x768,1191.43,e048e7b0c6374662297758739c62d887859dcb8c0dc9d89bb8d91fcdf01c2b1f
"C:\Users\user\UI-TARS-desktop\public\kelly\phases\214\q1.png","q1.png","C:\Users\user\UI-TARS-desktop\public\kelly\phases\214",SUSPICIOUS,46.0,104,"Curious Kelly in final pose in Chair - UI elements will go on the side rails - Copy.png",1344x768,1133.99,e15ce22d02a39f63a0f11e27b5d45a63e8f2d6511ac9b8c6619d8de4fc9cc8c9
"C:\Users\user\UI-TARS-desktop\public\kelly\phases\214\q2.png","q2.png","C:\Users\user\UI-TARS-desktop\public\kelly\phases\214",IMPOSTER,37.0,113,"Curious Kelly in final pose in Chair - UI elements will go on the side rails - Copy.png",1344x768,1179.56,e3ccf030c93307df0a92bd289217a9470cf87e803cec79cedcea1d84d37c935a
"C:\Users\user\UI-TARS-desktop\public\kelly\phases\214\q3.png","q3.png","C:\Users\user\UI-TARS-desktop\public\kelly\phases\214",IMPOSTER,31.0,119,"profile of kelly.png",1344x768,1140.14,c049edac1fb766462994fc2717de9ff2c70b99f9b25e97c99208120ff3415009
"C:\Users\user\UI-TARS-desktop\public\kelly\phases\214\wisdom.png","wisdom.png","C:\Users\user\UI-TARS-desktop\public\kelly\phases\214",SUSPICIOUS,50.25,99,"Curious Kelly in final pose in Chair - UI elements will go on the side rails - Copy.png",1344x768,1147.62,f699f679c3663ec42063daa7e5ce80663cb6c15d538c8df048f8dd8aa995009b
"C:\Users\user\UI-TARS-desktop\public\kelly\phases\215\q1.png","q1.png","C:\Users\user\UI-TARS-desktop\public\kelly\phases\215",IMPOSTER,39.0,111,"Curious Kelly in final pose in Chair - UI elements will go on the side rails - Copy.png",1344x768,1130.26,ed4d8d7b53b27c841bd312a616d25ad652ce13cb52cb52c3d2cad20950b87fc3
"C:\Users\user\UI-TARS-desktop\public\kelly\phases\215\hook.png","hook.png","C:\Users\user\UI-TARS-desktop\public\kelly\phases\215",IMPOSTER,38.75,111,"head and shoulders without chair.png",1344x768,1179.94,b0ccab53c5134daa3772d8830a8fc5ef1dc7b84c988ac9cc9544bedcaaf23526
"C:\Users\user\UI-TARS-desktop\public\kelly\phases\215\q2.png","q2.png","C:\Users\user\UI-TARS-desktop\public\kelly\phases\215",SUSPICIOUS,40.25,109,"neutral face with hair.png",1344x768,1154.92,a1a6f3195a510ea7547babc8160be4ec2657760686dc4d4df606d1f5de4e2354
"C:\Users\user\UI-TARS-desktop\public\kelly\phases\215\q3.png","q3.png","C:\Users\user\UI-TARS-desktop\public\kelly\phases\215",SUSPICIOUS,55.0,95,"Curious Kelly in final pose in Chair - UI elements will go on the side rails - Copy.png",1344x768,1101.05,e09be66158665da6076e0836bd88f91a0fb1b9195b98b5995819ad911ff9f80b
"C:\Users\user\UI-TARS-desktop\public\kelly\phases\215\wisdom.png","wisdom.png","C:\Users\user\UI-TARS-desktop\public\kelly\phases\215",IMPOSTER,32.75,117,"neutral face with hair.png",1344x768,1113.7,a2e4e55a5c993db3e38e5c5b8b35d286bb75432c9ae483641a25976cba24523d
"C:\Users\user\UI-TARS-desktop\public\kelly\phases\216\q1.png","q1.png","C:\Users\user\UI-TARS-desktop\public\kelly\phases\216",SUSPICIOUS,40.0,110,"slightly turning her head.png",1344x768,1174.57,e737e6c780c820fcc64da3bdc0411f0dfb8209b7f971090e9fb0b1329f367782
"C:\Users\user\UI-TARS-desktop\public\kelly\phases\216\hook.png","hook.png","C:\Users\user\UI-TARS-desktop\public\kelly\phases\216",GOOD,59.75,90,"Curious Kelly in final pose in Chair - UI elements will go on the side rails - Copy.png",1344x768,1173.68,b599a775cf664aae3c74d0a48bdf958658ba1d59d18b0ad99c8149dbbd090aa1
"C:\Users\user\UI-TARS-desktop\public\kelly\phases\216\q2.png","q2.png","C:\Users\user\UI-TARS-desktop\public\kelly\phases\216",SUSPICIOUS,46.0,104,"neutral face with hair.png",1344x768,1137.84,e537e7e6acc8385016dfe2a91151ff498b059b31997f9326d3601c46ad44073f
"C:\Users\user\UI-TARS-desktop\public\kelly\phases\216\q3.png","q3.png","C:\Users\user\UI-TARS-desktop\public\kelly\phases\216",IMPOSTER,38.0,112,"facing to the left.png",1344x768,1081.76,b5e4a31d4a9b5d6cbc1182ebc5cedc61a8e4c21edd8f1af0103f531a17b11b39
"C:\Users\user\UI-TARS-desktop\public\kelly\phases\216\wisdom.png","wisdom.png","C:\Users\user\UI-TARS-desktop\public\kelly\phases\216",SUSPICIOUS,40.5,109,"facing to the left.png",1344x768,1077.92,e7d8e37d5827b81217f1fb670832d5e6ea4294b3e7580b89f4bc0e18e1c51c1c
"C:\Users\user\UI-TARS-desktop\public\kelly\phases\217\q1.png","q1.png","C:\Users\user\UI-TARS-desktop\public\kelly\phases\217",SUSPICIOUS,45.5,104,"close up of face.jpeg",1344x768,1155.22,bd39b85440e3b3a99a4443f6e988b243dcfb86278f79c621af234675669a059d
"C:\Users\user\UI-TARS-desktop\public\kelly\phases\217\hook.png","hook.png","C:\Users\user\UI-TARS-desktop\public\kelly\phases\217",SUSPICIOUS,45.25,104,"facing to the left.png",1344x768,1159.26,d219f637da630be270e49c16e3881c19a8c7bfd9dd88c9988cd5f9e90f98e007
"C:\Users\user\UI-TARS-desktop\public\kelly\phases\217\q2.png","q2.png","C:\Users\user\UI-TARS-desktop\public\kelly\phases\217",SUSPICIOUS,52.5,97,"Curious Kelly in final pose in Chair - UI elements will go on the side rails - Copy.png",1344x768,1132.27,f310eab086e75ae63d56c8789584c8d6bd8ae9791bd9bd3958119591e11b5a86
"C:\Users\user\UI-TARS-desktop\public\kelly\phases\217\wisdom.png","wisdom.png","C:\Users\user\UI-TARS-desktop\public\kelly\phases\217",SUSPICIOUS,39.5,110,"facing to the left.png",1344x768,1118.37,b45db4755837086653ce8337b4664b80ad0f90df496abf95c48869b99d8d49b9
"C:\Users\user\UI-TARS-desktop\public\kelly\phases\217\q3.png","q3.png","C:\Users\user\UI-TARS-desktop\public\kelly\phases\217",IMPOSTER,25.0,125,"neutral face with hair.png",1344x768,1163.83,ffeded10d092f0b23957f782a0621b972a0bdc6dc7471b08c3ec9e45c7cc1861
"C:\Users\user\UI-TARS-desktop\public\kelly\phases\218\hook.png","hook.png","C:\Users\user\UI-TARS-desktop\public\kelly\phases\218",IMPOSTER,36.25,113,"head and shoulders without chair.png",1344x768,1163.9,f7bbf0cf58444b7462401fcef91d1610d5a61a8587f9581bcba3998a583ec1d3
"C:\Users\user\UI-TARS-desktop\public\kelly\phases\218\q2.png","q2.png","C:\Users\user\UI-TARS-desktop\public\kelly\phases\218",GOOD,61.75,88,"Curious Kelly in final pose in Chair - UI elements will go on the side rails - Copy.png",1344x768,1105.46,a319ab61946634e55a26a9d65f9cd88bab995999ad995e91a18b2f591610e66e
"C:\Users\user\UI-TARS-desktop\public\kelly\phases\218\q1.png","q1.png","C:\Users\user\UI-TARS-desktop\public\kelly\phases\218",SUSPICIOUS,55.0,95,"Curious Kelly in final pose in Chair - UI elements will go on the side rails - Copy.png",1344x768,1154.72,e718e7a0d267506e3e0486a491ca5fe0bd348c9e199addd11d9dd8db5b83945c
"C:\Users\user\UI-TARS-desktop\public\kelly\phases\218\wisdom.png","wisdom.png","C:\Users\user\UI-TARS-desktop\public\kelly\phases\218",SUSPICIOUS,53.25,96,"Curious Kelly in final pose in Chair - UI elements will go on the side rails - Copy.png",1344x768,1108.08,a39daab1dc660d8b6a269bd69489fc0209fdf9d89499e891cd5a14bdea496362
"C:\Users\user\UI-TARS-desktop\public\kelly\phases\219\hook.png","hook.png","C:\Users\user\UI-TARS-desktop\public\kelly\phases\219",SUSPICIOUS,46.25,103,"facing to the left.png",1344x768,1125.65,e71fe27b1e66bdb652088ff2d88e0fd88da350198dc8188dc1f01c1de1d30d6f
"C:\Users\user\UI-TARS-desktop\public\kelly\phases\218\q3.png","q3.png","C:\Users\user\UI-TARS-desktop\public\kelly\phases\218",IMPOSTER,38.25,111,"Curious Kelly in final pose in Chair - UI elements will go on the side rails - Copy.png",1344x768,1127.09,a616a5ea57c95a11a1ebdf1cdba74a301132dfa6c7561b301522d3d61f3e3071
"C:\Users\user\UI-TARS-desktop\public\kelly\phases\219\q1.png","q1.png","C:\Users\user\UI-TARS-desktop\public\kelly\phases\219",IMPOSTER,38.25,111,"Curious Kelly in final pose in Chair - UI elements will go on the side rails - Copy.png",1344x768,1179.01,e152b902976c4d6bcd2cb35db19f54adc835a654961ad60f92d996d2969aa692
"C:\Users\user\UI-TARS-desktop\public\kelly\phases\219\q2.png","q2.png","C:\Users\user\UI-TARS-desktop\public\kelly\phases\219",IMPOSTER,34.5,115,"neutral face with hair.png",1344x768,1119.02,bc37b9e0d1c143a9a58fba4c53a4068e014fee56c62b8e74cc6ece155722a577
"C:\Users\user\UI-TARS-desktop\public\kelly\phases\219\q3.png","q3.png","C:\Users\user\UI-TARS-desktop\public\kelly\phases\219",IMPOSTER,38.25,111,"neutral face with hair.png",1344x768,1147.86,eb35eebfdcde1d80a4c899d950dbf8c90f29f1b31b1db1351b02d821a0371b22
"C:\Users\user\UI-TARS-desktop\public\kelly\phases\220\hook.png","hook.png","C:\Users\user\UI-TARS-desktop\public\kelly\phases\220",SUSPICIOUS,47.25,102,"facing to the left.png",1344x768,1132.0,a1cdf30c94335ee665325e0394ff5cf32b889c9c5c4dadd855d8a88d54d88b4c
"C:\Users\user\UI-TARS-desktop\public\kelly\phases\219\wisdom.png","wisdom.png","C:\Users\user\UI-TARS-desktop\public\kelly\phases\219",IMPOSTER,35.5,114,"neutral face with hair.png",1344x768,1198.38,a726ecc651d91a382458d7c9f8031b1b8d60d206fb07dd225aa59f365a36fa3e
"C:\Users\user\UI-TARS-desktop\public\kelly\phases\220\q1.png","q1.png","C:\Users\user\UI-TARS-desktop\public\kelly\phases\220",SUSPICIOUS,52.75,97,"facing to the left.png",1344x768,1155.43,a299a731d9621a4c2e6751f2a81a5fede8d00a8b995bdd9dcbb11e924949e29e
"C:\Users\user\UI-TARS-desktop\public\kelly\phases\220\q2.png","q2.png","C:\Users\user\UI-TARS-desktop\public\kelly\phases\220",SUSPICIOUS,44.5,105,"Curious Kelly in final pose in Chair - UI elements will go on the side rails - Copy.png",1344x768,1250.67,a5b4a65b9e4d40ee964ef84cc8eea82c57d7f9cedb00a9b451b68d02da91292b
"C:\Users\user\UI-TARS-desktop\public\kelly\phases\221\hook.png","hook.png","C:\Users\user\UI-TARS-desktop\public\kelly\phases\221",IMPOSTER,36.5,113,"facing to the left.png",1344x768,1096.45,e3cdf7771c333cd4e85d49cebec0007cb7e51003e0735f77c0031f7cc4c40c1d
"C:\Users\user\UI-TARS-desktop\public\kelly\phases\220\wisdom.png","wisdom.png","C:\Users\user\UI-TARS-desktop\public\kelly\phases\220",SUSPICIOUS,52.0,98,"Curious Kelly in final pose in Chair - UI elements will go on the side rails - Copy.png",1344x768,1110.54,f7d9a7ebc0662bb63f66c22e1f96f014192bdfd004199d998abb94110a69e592
"C:\Users\user\UI-TARS-desktop\public\kelly\phases\220\q3.png","q3.png","C:\Users\user\UI-TARS-desktop\public\kelly\phases\220",SUSPICIOUS,55.25,94,"Curious Kelly in final pose in Chair - UI elements will go on the side rails - Copy.png",1344x768,1123.51,b598b7630e646a83a5664ad4dda6add2d8bd89c95f8da9d8588909a9fa59216c
"C:\Users\user\UI-TARS-desktop\public\kelly\phases\221\q1.png","q1.png","C:\Users\user\UI-TARS-desktop\public\kelly\phases\221",IMPOSTER,33.0,117,"profile of kelly.png",1344x768,1154.03,e564a9ce1c936d324cdab83b528a9b5b559b9a2cbb32de669f491a24130d1f64
"C:\Users\user\UI-TARS-desktop\public\kelly\phases\221\q2.png","q2.png","C:\Users\user\UI-TARS-desktop\public\kelly\phases\221",IMPOSTER,35.0,115,"Curious Kelly in final pose in Chair - UI elements will go on the side rails - Copy.png",1344x768,1167.83,ce4deb8598b2753e157e03c6fe0002527169ba5dd3c9b3c8ba51c78b2d1d61a3
"C:\Users\user\UI-TARS-desktop\public\kelly\phases\221\q3.png","q3.png","C:\Users\user\UI-TARS-desktop\public\kelly\phases\221",IMPOSTER,30.25,119,"neutral face with hair.png",1344x768,1143.94,a534a6a6dccb40d47f9e84cbf0895fda04cdf4a90a5f43499bbd9524da4b83d0
"C:\Users\user\UI-TARS-desktop\public\kelly\phases\221\wisdom.png","wisdom.png","C:\Users\user\UI-TARS-desktop\public\kelly\phases\221",SUSPICIOUS,41.75,108,"Curious Kelly in final pose in Chair - UI elements will go on the side rails - Copy.png",1344x768,1148.42,b19aa53a1e263cf12f62f93304d41de2bcdb4ac498cd1ddc9c95c80a0fd9b4b6
"C:\Users\user\UI-TARS-desktop\public\kelly\phases\222\hook.png","hook.png","C:\Users\user\UI-TARS-desktop\public\kelly\phases\222",SUSPICIOUS,51.0,99,"Curious Kelly in final pose in Chair - UI elements will go on the side rails - Copy.png",1344x768,1231.6,81994b7b8f66a4ad1462558acaa76a969e19b89e8898c8dfd9b955b8a75ba618
"C:\Users\user\UI-TARS-desktop\public\kelly\phases\222\q3.png","q3.png","C:\Users\user\UI-TARS-desktop\public\kelly\phases\222",SUSPICIOUS,41.5,108,"close up of kellys eyes.png",1344x768,1210.05,b19b18638c64b749b6ef18c4a509d826245fb42985bba92d5935db929b9b61d7
"C:\Users\user\UI-TARS-desktop\public\kelly\phases\222\q2.png","q2.png","C:\Users\user\UI-TARS-desktop\public\kelly\phases\222",SUSPICIOUS,40.25,109,"profile of kelly.png",1344x768,1234.61,da733cc4e98dec6be0994d346486f093d2639b1f1973e1add264189b9a24f386
"C:\Users\user\UI-TARS-desktop\public\kelly\phases\222\q1.png","q1.png","C:\Users\user\UI-TARS-desktop\public\kelly\phases\222",IMPOSTER,38.5,111,"close up of face.jpeg",1344x768,1203.1,84298cbd8c3690feeca035929b97b0d8d754f3121ccae3139ddaf269839a9a73
"C:\Users\user\UI-TARS-desktop\public\kelly\phases\222\wisdom.png","wisdom.png","C:\Users\user\UI-TARS-desktop\public\kelly\phases\222",IMPOSTER,35.75,114,"close up of kellys eyes.png",1344x768,1154.13,92dd789ab54297f56a306d32f08fd2c9bf006c9ec897b3549f8820cf07331f68
"C:\Users\user\UI-TARS-desktop\public\kelly\phases\223\q1.png","q1.png","C:\Users\user\UI-TARS-desktop\public\kelly\phases\223",IMPOSTER,37.25,112,"Curious Kelly in final pose in Chair - UI elements will go on the side rails - Copy.png",1344x768,1147.57,e527ad59139635660c74bb98d2a25b54b75152aaa55bc25bd06da24f52cdb549
"C:\Users\user\UI-TARS-desktop\public\kelly\phases\223\hook.png","hook.png","C:\Users\user\UI-TARS-desktop\public\kelly\phases\223",GOOD,60.25,89,"facing to the left.png",1344x768,1191.38,a29da2395e667c42f625ab6657fca8666cb813dca98a5819bd1809935999bd1d
"C:\Users\user\UI-TARS-desktop\public\kelly\phases\223\q2.png","q2.png","C:\Users\user\UI-TARS-desktop\public\kelly\phases\223",SUSPICIOUS,44.25,105,"Curious Kelly in final pose in Chair - UI elements will go on the side rails - Copy.png",1344x768,1172.0,b1c5a11cd252f518ea3787d3ca33be114a5d94a2cd789c8d0efc1d888cf94af6
"C:\Users\user\UI-TARS-desktop\public\kelly\phases\223\q3.png","q3.png","C:\Users\user\UI-TARS-desktop\public\kelly\phases\223",SUSPICIOUS,58.5,91,"Curious Kelly in final pose in Chair - UI elements will go on the side rails - Copy.png",1344x768,1195.79,b59bbe55d6ec43e90b46853cdbe4d8839b52c9b85c19991b19c3f19a07dd200d
"C:\Users\user\UI-TARS-desktop\public\kelly\phases\223\wisdom.png","wisdom.png","C:\Users\user\UI-TARS-desktop\public\kelly\phases\223",IMPOSTER,36.25,113,"profile of kelly.png",1344x768,1134.42,d733f6c3884c187c662c87cd9848a1f65f8c812059bf1993f923193681fbfb17
"C:\Users\user\UI-TARS-desktop\public\kelly\phases\224\hook.png","hook.png","C:\Users\user\UI-TARS-desktop\public\kelly\phases\224",SUSPICIOUS,41.75,108,"facing to the left.png",1344x768,1133.13,b3cca238cd334a4326f685e3de1ad8a7b560068ecbccb4dcddc9489c4a9565ea
"C:\Users\user\UI-TARS-desktop\public\kelly\phases\224\q1.png","q1.png","C:\Users\user\UI-TARS-desktop\public\kelly\phases\224",IMPOSTER,29.5,120,"Curious Kelly in final pose in Chair - UI elements will go on the side rails - Copy.png",1344x768,1111.58,951dd9b2fe60638101c7df43e6bf418eef03021dec3e43b8ef9ce0be41b0e980
"C:\Users\user\UI-TARS-desktop\public\kelly\phases\224\q2.png","q2.png","C:\Users\user\UI-TARS-desktop\public\kelly\phases\224",SUSPICIOUS,45.75,104,"Curious Kelly in final pose in Chair - UI elements will go on the side rails - Copy.png",1344x768,1107.17,b4cea79a8f332f655a33a4f35ae3ad156acc84d6dcc840ac8dccf81c071573e0
"C:\Users\user\UI-TARS-desktop\public\kelly\phases\224\q3.png","q3.png","C:\Users\user\UI-TARS-desktop\public\kelly\phases\224",SUSPICIOUS,49.75,100,"Curious Kelly in final pose in Chair - UI elements will go on the side rails - Copy.png",1344x768,1162.06,f709f77149f640ab3e4a9ff64bcde0ca08efbddd4098898c5089bc50dcbd2098
"C:\Users\user\UI-TARS-desktop\public\kelly\phases\224\wisdom.png","wisdom.png","C:\Users\user\UI-TARS-desktop\public\kelly\phases\224",IMPOSTER,39.0,111,"head and shoulders without chair.png",1344x768,1179.96,b066bb8ec7196037a1b9f9b8835906996d040dc3dc67cc440ce4cc6cdce6eaf7
"C:\Users\user\UI-TARS-desktop\public\kelly\phases\225\hook.png","hook.png","C:\Users\user\UI-TARS-desktop\public\kelly\phases\225",SUSPICIOUS,51.0,99,"Curious Kelly in final pose in Chair - UI elements will go on the side rails - Copy.png",1344x768,1136.15,b289a7299436c8d6e9685b669ddae8cd1c945cda01ddd9890dddd480c19d1f9d
"C:\Users\user\UI-TARS-desktop\public\kelly\phases\225\q2.png","q2.png","C:\Users\user\UI-TARS-desktop\public\kelly\phases\225",IMPOSTER,29.75,120,"close up of face.jpeg",1344x768,1213.64,be6ab1d9b58275a58bce4a5c464e8e56c424ce2b8f73cff24ed4625ba411842b
"C:\Users\user\UI-TARS-desktop\public\kelly\phases\225\q3.png","q3.png","C:\Users\user\UI-TARS-desktop\public\kelly\phases\225",SUSPICIOUS,40.0,110,"Curious Kelly in final pose in Chair - UI elements will go on the side rails - Copy.png",1344x768,1129.67,a7b2a66a584d648095ce5b5d99cd55a28b92d93598b3d99289b55fa2e01376b9
"C:\Users\user\UI-TARS-desktop\public\kelly\phases\225\q1.png","q1.png","C:\Users\user\UI-TARS-desktop\public\kelly\phases\225",IMPOSTER,31.0,119,"close up of face.jpeg",1344x768,1084.36,9872b1c249c6ee87333614cee90612e6ee8d0b7ef58f0ad45036af68d4b64a75
"C:\Users\user\UI-TARS-desktop\public\kelly\phases\225\wisdom.png","wisdom.png","C:\Users\user\UI-TARS-desktop\public\kelly\phases\225",SUSPICIOUS,53.5,96,"Curious Kelly in final pose in Chair - UI elements will go on the side rails - Copy.png",1344x768,1131.07,a68bb631d8765aaea462d47f0b22a5905adef1f85409a91a159da9995bf9b192
"C:\Users\user\UI-TARS-desktop\public\kelly\phases\226\hook.png","hook.png","C:\Users\user\UI-TARS-desktop\public\kelly\phases\226",IMPOSTER,38.25,111,"neutral face with hair.png",1344x768,1152.28,9163b3a7cd9c6e995384de9c00f64e6886b45063dea30ef75d6382b36d639452
"C:\Users\user\UI-TARS-desktop\public\kelly\phases\226\q1.png","q1.png","C:\Users\user\UI-TARS-desktop\public\kelly\phases\226",SUSPICIOUS,53.25,96,"Curious Kelly in final pose in Chair - UI elements will go on the side rails - Copy.png",1344x768,1110.43,a299a33290724e6da92cd6d2bcd949ac6d99d9d98d91499fd4b10bd9762626a9
"C:\Users\user\UI-TARS-desktop\public\kelly\phases\226\q2.png","q2.png","C:\Users\user\UI-TARS-desktop\public\kelly\phases\226",SUSPICIOUS,46.25,103,"facing to the left.png",1344x768,1157.65,d759f623c026095a70a01d67c5861e8efce37d58d80dbd9e8d8a49d850a95f57
"C:\Users\user\UI-TARS-desktop\public\kelly\phases\226\q3.png","q3.png","C:\Users\user\UI-TARS-desktop\public\kelly\phases\226",SUSPICIOUS,40.75,109,"close up of face.jpeg",1344x768,1165.95,f039b8a941c665d7fb8682ec6ad3e5262b8b52ed2dd2810612c96c368573fe17
"C:\Users\user\UI-TARS-desktop\public\kelly\phases\227\hook.png","hook.png","C:\Users\user\UI-TARS-desktop\public\kelly\phases\227",IMPOSTER,38.0,112,"Curious Kelly in final pose in Chair - UI elements will go on the side rails - Copy.png",1344x768,1155.81,a51da73dde22c0c7f7ecea26885ae0ecdadca4db0b89009cc94d9c8a4ad9b587
"C:\Users\user\UI-TARS-desktop\public\kelly\phases\226\wisdom.png","wisdom.png","C:\Users\user\UI-TARS-desktop\public\kelly\phases\226",IMPOSTER,34.5,115,"Curious Kelly in final pose in Chair - UI elements will go on the side rails - Copy.png",1344x768,1173.97,a12aa6e4d8cb08b615d8afc6089df08baed954f20e9cf48b24cbea7e17e8b1d1
"C:\Users\user\UI-TARS-desktop\public\kelly\phases\227\q1.png","q1.png","C:\Users\user\UI-TARS-desktop\public\kelly\phases\227",SUSPICIOUS,40.75,109,"profile of kelly.png",1344x768,1201.49,e428ac7a9a965c965c50bb9b52ab0a55505b9b6e52665a395247536e936d56ad
"C:\Users\user\UI-TARS-desktop\public\kelly\phases\227\q2.png","q2.png","C:\Users\user\UI-TARS-desktop\public\kelly\phases\227",SUSPICIOUS,43.75,106,"Curious Kelly in final pose in Chair - UI elements will go on the side rails - Copy.png",1344x768,1146.77,a4bba2635f4418f88ae49d04cb8dd832a953d191d1abcd73e054d58be6ab765c
"C:\Users\user\UI-TARS-desktop\public\kelly\phases\227\q3.png","q3.png","C:\Users\user\UI-TARS-desktop\public\kelly\phases\227",SUSPICIOUS,46.25,103,"Curious Kelly in final pose in Chair - UI elements will go on the side rails - Copy.png",1344x768,1105.52,a2b2e2560e4d5ef8a0cc92ddd42d0d5952a42d63529aa9939df2db13893f5ba3
"C:\Users\user\UI-TARS-desktop\public\kelly\phases\228\hook.png","hook.png","C:\Users\user\UI-TARS-desktop\public\kelly\phases\228",SUSPICIOUS,41.25,108,"close up of kellys eyes.png",1344x768,1091.56,c419c661b866c08cbb61d90a9199df33a18bb5f9cb8131582eeea4d3366e67e6
"C:\Users\user\UI-TARS-desktop\public\kelly\phases\227\wisdom.png","wisdom.png","C:\Users\user\UI-TARS-desktop\public\kelly\phases\227",SUSPICIOUS,47.0,103,"Curious Kelly in final pose in Chair - UI elements will go on the side rails - Copy.png",1344x768,1184.07,f589b6398377638e2a24bd2652ea96926d638d295adc8cdd4911eddd00ddda48
"C:\Users\user\UI-TARS-desktop\public\kelly\phases\228\q1.png","q1.png","C:\Users\user\UI-TARS-desktop\public\kelly\phases\228",IMPOSTER,29.75,120,"close up of kellys eyes.png",1344x768,1106.9,d16493988533f671bd020c4cded6f14516d64db4b349b6b46b292333b523cb6b
"C:\Users\user\UI-TARS-desktop\public\kelly\phases\228\q3.png","q3.png","C:\Users\user\UI-TARS-desktop\public\kelly\phases\228",IMPOSTER,31.75,118,"profile of kelly.png",1344x768,1094.31,c4db9523fa24d5d23526965cb75bba02c75329c2365b68dc4d34ef970d3501a5
"C:\Users\user\UI-TARS-desktop\public\kelly\phases\228\wisdom.png","wisdom.png","C:\Users\user\UI-TARS-desktop\public\kelly\phases\228",IMPOSTER,31.0,119,"close up of kellys eyes.png",1344x768,1078.74,c44bd5b3f526fc643d339e46fe5a1bdb9356ee5912791219ee4704411521e854
"C:\Users\user\UI-TARS-desktop\public\kelly\phases\228\q2.png","q2.png","C:\Users\user\UI-TARS-desktop\public\kelly\phases\228",IMPOSTER,36.25,113,"Curious Kelly in final pose in Chair - UI elements will go on the side rails - Copy.png",1344x768,1114.07,e1cc933c8932b4759e730c33e887e8875ed918ecbccccdec5cca08c8bc88e5da
"C:\Users\user\UI-TARS-desktop\public\kelly\phases\229\hook.png","hook.png","C:\Users\user\UI-TARS-desktop\public\kelly\phases\229",IMPOSTER,27.75,122,"neutral face with hair.png",1344x768,1109.37,a7cdaf8398b61b7e5370ab37902f57ead740c20d98e9c6c8c74512b360aa7543
"C:\Users\user\UI-TARS-desktop\public\kelly\phases\229\q1.png","q1.png","C:\Users\user\UI-TARS-desktop\public\kelly\phases\229",SUSPICIOUS,57.0,93,"profile of kelly.png",1344x768,1216.91,e669aecc55b65c34669aa562a54caabb7a96514dba6492749245ba4daa69155d
"C:\Users\user\UI-TARS-desktop\public\kelly\phases\229\q2.png","q2.png","C:\Users\user\UI-TARS-desktop\public\kelly\phases\229",IMPOSTER,38.75,111,"head and shoulders without chair.png",1344x768,1189.63,f8cdf76e15b5b3148b7376fb6b10aa554d5e9c9189f8dcc4a40992595c8088d3
"C:\Users\user\UI-TARS-desktop\public\kelly\phases\229\q3.png","q3.png","C:\Users\user\UI-TARS-desktop\public\kelly\phases\229",SUSPICIOUS,50.0,100,"neutral face with hair.png",1344x768,1200.38,b0e5f38545984a25053bffb05e090c5346becf5494e10a2fc4d4ddb6cec9d4ce
"C:\Users\user\UI-TARS-desktop\public\kelly\phases\229\wisdom.png","wisdom.png","C:\Users\user\UI-TARS-desktop\public\kelly\phases\229",SUSPICIOUS,51.5,98,"head and shoulders without chair.png",1344x768,1120.32,b7c8f358c2332d27b2705f27ab075c2228f3c05d1f83f84009fff89e0fd8d898
"C:\Users\user\UI-TARS-desktop\public\kelly\phases\230\hook.png","hook.png","C:\Users\user\UI-TARS-desktop\public\kelly\phases\230",GOOD,65.0,85,"facing to the left.png",1344x768,1118.76,f49fb27987677a2c1f72d0c6cf26c0709d9d999a89d9c982d8981f99e041075d
"C:\Users\user\UI-TARS-desktop\public\kelly\phases\230\q1.png","q1.png","C:\Users\user\UI-TARS-desktop\public\kelly\phases\230",SUSPICIOUS,41.0,109,"facing to the left.png",1344x768,1158.68,a5b3be73facc1d4aa45516fcf749c98ce62303aac11cc3d5d1a89910d983c9b3
"C:\Users\user\UI-TARS-desktop\public\kelly\phases\230\q2.png","q2.png","C:\Users\user\UI-TARS-desktop\public\kelly\phases\230",IMPOSTER,33.5,116,"close up of face.jpeg",1344x768,1131.46,a42525e3d9c6d91d51c8daced50483dcda0ca7534cd1fe6786714e33acb34e31
"C:\Users\user\UI-TARS-desktop\public\kelly\phases\230\q3.png","q3.png","C:\Users\user\UI-TARS-desktop\public\kelly\phases\230",SUSPICIOUS,55.75,94,"Curious Kelly in final pose in Chair - UI elements will go on the side rails - Copy.png",1344x768,1163.84,a19ba321ce641f602e67da3ea5f489e45a009c878c1f5f8f81f9bd18cb99c4ad
"C:\Users\user\UI-TARS-desktop\public\kelly\phases\231\hook.png","hook.png","C:\Users\user\UI-TARS-desktop\public\kelly\phases\231",SUSPICIOUS,45.0,105,"Curious Kelly in final pose in Chair - UI elements will go on the side rails - Copy.png",1344x768,1107.99,f4cdf23c0b337d3e143389d79c0798fbb4c8484e8cdc5c48a98d4d9c20297777
"C:\Users\user\UI-TARS-desktop\public\kelly\phases\231\q1.png","q1.png","C:\Users\user\UI-TARS-desktop\public\kelly\phases\231",SUSPICIOUS,48.75,101,"head and shoulders without chair.png",1344x768,1147.36,e199f2c11f66433ebee1d1462b031c3ee0f69f82d81cc1e31d9198f89991c1fb
"C:\Users\user\UI-TARS-desktop\public\kelly\phases\230\wisdom.png","wisdom.png","C:\Users\user\UI-TARS-desktop\public\kelly\phases\230",SUSPICIOUS,39.5,110,"facing to the left.png",1344x768,1108.35,f789f76048762f837e64c0fe5d82aafddf83801d89dc5588bc1501c85abfb501
"C:\Users\user\UI-TARS-desktop\public\kelly\phases\231\q2.png","q2.png","C:\Users\user\UI-TARS-desktop\public\kelly\phases\231",SUSPICIOUS,45.5,104,"facing to the left.png",1344x768,1105.66,b2cabb7a5227a446d6708830a99a4e9fa949199df9cb89885bcfb63872733634
"C:\Users\user\UI-TARS-desktop\public\kelly\phases\231\q3.png","q3.png","C:\Users\user\UI-TARS-desktop\public\kelly\phases\231",SUSPICIOUS,56.75,93,"Curious Kelly in final pose in Chair - UI elements will go on the side rails - Copy.png",1344x768,1157.32,e19af67986645bb7da66a98e9cb4d99b089b9988bd912a9105787ea8e41507f8
"C:\Users\user\UI-TARS-desktop\public\kelly\phases\231\wisdom.png","wisdom.png","C:\Users\user\UI-TARS-desktop\public\kelly\phases\231",SUSPICIOUS,49.25,100,"neutral face with hair.png",1344x768,1131.84,b0a7eb860f1936396718c88917f1cc180688efe796c34e67ec070fe1ec664ee6
"C:\Users\user\UI-TARS-desktop\public\kelly\phases\232\hook.png","hook.png","C:\Users\user\UI-TARS-desktop\public\kelly\phases\232",SUSPICIOUS,48.25,101,"Curious Kelly in final pose in Chair - UI elements will go on the side rails - Copy.png",1344x768,1070.99,a358e7105f37cde2700d57639ef30909f6fe0947f4a84b0cb4d90fc8c4950ddc
"C:\Users\user\UI-TARS-desktop\public\kelly\phases\232\q1.png","q1.png","C:\Users\user\UI-TARS-desktop\public\kelly\phases\232",SUSPICIOUS,39.25,110,"neutral face with hair.png",1344x768,1137.68,fc26ec7480d9539b3e8fc053533fab525e25812edb60db67183cd3e659640c16
"C:\Users\user\UI-TARS-desktop\public\kelly\phases\233\hook.png","hook.png","C:\Users\user\UI-TARS-desktop\public\kelly\phases\233",SUSPICIOUS,42.25,107,"Curious Kelly in final pose in Chair - UI elements will go on the side rails - Copy.png",1344x768,1058.51,b2cda729483248c7f6e809769ac95c9caccd4ad9d6b829dcd18cee38a76d5512
"C:\Users\user\UI-TARS-desktop\public\kelly\phases\232\q2.png","q2.png","C:\Users\user\UI-TARS-desktop\public\kelly\phases\232",SUSPICIOUS,56.75,93,"Curious Kelly in final pose in Chair - UI elements will go on the side rails - Copy.png",1344x768,1206.58,b39ba21c0e657f67e06285e75f83e86653d0ac895d8ac89cd9889d99e18d47d8
"C:\Users\user\UI-TARS-desktop\public\kelly\phases\232\wisdom.png","wisdom.png","C:\Users\user\UI-TARS-desktop\public\kelly\phases\232",IMPOSTER,34.5,115,"head and shoulders without chair.png",1344x768,1164.04,b1cebb1e07b10375b6b2d8190ff5fcb8f20b1dc60ca24d4c80df0de0fc44b85e
"C:\Users\user\UI-TARS-desktop\public\kelly\phases\232\q3.png","q3.png","C:\Users\user\UI-TARS-desktop\public\kelly\phases\232",SUSPICIOUS,43.25,106,"close up of face.jpeg",1344x768,1164.92,ac14bc3e80fa43c03b659053e5e226cd7913d173a6c6aeb64aad455baa33b572
"C:\Users\user\UI-TARS-desktop\public\kelly\phases\233\q1.png","q1.png","C:\Users\user\UI-TARS-desktop\public\kelly\phases\233",SUSPICIOUS,44.75,105,"neutral face with hair.png",1344x768,1130.99,b8b1b1c50bc7f7085b8ccb54e608c73e56b88e55cd4a82f5eec08623ce51ef23
"C:\Users\user\UI-TARS-desktop\public\kelly\phases\233\q2.png","q2.png","C:\Users\user\UI-TARS-desktop\public\kelly\phases\233",SUSPICIOUS,40.75,109,"neutral face with hair.png",1344x768,1196.54,f187faf7c64c2291f6e7be8908c7fa040031bbb1900e9bb6bb96742aaaf6d900
"C:\Users\user\UI-TARS-desktop\public\kelly\phases\233\q3.png","q3.png","C:\Users\user\UI-TARS-desktop\public\kelly\phases\233",SUSPICIOUS,45.0,105,"head and shoulders without chair.png",1344x768,1188.46,a4d0b9a653171f39ee188d9050a1bfab5a5e8591c4abe8e6cdced4ace2624f43
"C:\Users\user\UI-TARS-desktop\public\kelly\phases\233\wisdom.png","wisdom.png","C:\Users\user\UI-TARS-desktop\public\kelly\phases\233",GOOD,60.25,89,"Curious Kelly in final pose in Chair - UI elements will go on the side rails - Copy.png",1344x768,1180.41,b19ba37957644e138a66bdf24ea7a91bdca9899edcc90988145f768cad55580a
"C:\Users\user\UI-TARS-desktop\public\kelly\phases\234\q2.png","q2.png","C:\Users\user\UI-TARS-desktop\public\kelly\phases\234",SUSPICIOUS,49.0,101,"neutral face with hair.png",1344x768,1129.4,fc62f181c21f2b1d97884934a419ea749e2e8ec1cfe1cc36cc67cee996a23353
"C:\Users\user\UI-TARS-desktop\public\kelly\phases\234\hook.png","hook.png","C:\Users\user\UI-TARS-desktop\public\kelly\phases\234",SUSPICIOUS,47.25,102,"Curious Kelly in final pose in Chair - UI elements will go on the side rails - Copy.png",1344x768,1128.06,a095a615df275e49a076d9f2af2c18f194a74b59958c1c89c84d9d9e5ad9a995
"C:\Users\user\UI-TARS-desktop\public\kelly\phases\234\q3.png","q3.png","C:\Users\user\UI-TARS-desktop\public\kelly\phases\234",SUSPICIOUS,44.25,105,"facing to the left.png",1344x768,1081.13,f3cefb3c0fb3f873062789b18ccadce58cc85c0c9ce40ccedc4c0dc6584dafc0
"C:\Users\user\UI-TARS-desktop\public\kelly\phases\234\q1.png","q1.png","C:\Users\user\UI-TARS-desktop\public\kelly\phases\234",IMPOSTER,35.5,114,"facing to the left.png",1344x768,1149.92,f1c9f3efcb770e573e60b863089effce1803e0e11a1dbc18d1cd083fa19d4809
"C:\Users\user\UI-TARS-desktop\public\kelly\phases\234\wisdom.png","wisdom.png","C:\Users\user\UI-TARS-desktop\public\kelly\phases\234",SUSPICIOUS,45.75,104,"facing to the left.png",1344x768,1148.97,a6bba6271c442d7aea815a35d5ea9910a9175ab099b2f93b859759b8391b2a73
"C:\Users\user\UI-TARS-desktop\public\kelly\phases\235\hook.png","hook.png","C:\Users\user\UI-TARS-desktop\public\kelly\phases\235",IMPOSTER,34.25,115,"head and shoulders without chair.png",1344x768,1120.51,b2ccb33c4f336a22813148db5d730cc9d48e496fb4945fcda88c15f4fb4b53b0
"C:\Users\user\UI-TARS-desktop\public\kelly\phases\235\q1.png","q1.png","C:\Users\user\UI-TARS-desktop\public\kelly\phases\235",SUSPICIOUS,44.25,105,"close up of face.jpeg",1344x768,1171.41,bd8cfc04407368f90ee1f632e4f121f1ff10f75c8087e383c78ec31a8707571d
"C:\Users\user\UI-TARS-desktop\public\kelly\phases\235\q2.png","q2.png","C:\Users\user\UI-TARS-desktop\public\kelly\phases\235",SUSPICIOUS,58.25,91,"facing to the left.png",1344x768,1200.0,a59aa63995e76c562e4ef7e8814ffea624744a84f1684bcef41d1890f9368b03
"C:\Users\user\UI-TARS-desktop\public\kelly\phases\235\wisdom.png","wisdom.png","C:\Users\user\UI-TARS-desktop\public\kelly\phases\235",IMPOSTER,33.25,116,"Curious Kelly in final pose in Chair - UI elements will go on the side rails - Copy.png",1344x768,1053.89,f618f6705a6601b6f5e21a06d1bb0bd9d802a1d91d9da9894bf9fa9301587e37
"C:\Users\user\UI-TARS-desktop\public\kelly\phases\235\q3.png","q3.png","C:\Users\user\UI-TARS-desktop\public\kelly\phases\235",SUSPICIOUS,42.5,107,"Curious Kelly in final pose in Chair - UI elements will go on the side rails - Copy.png",1344x768,1128.26,adc8ed9b11b612265c2383b6b9d446079aa05948dff9138c5e659aa9d37dd34c
"C:\Users\user\UI-TARS-desktop\public\kelly\phases\236\hook.png","hook.png","C:\Users\user\UI-TARS-desktop\public\kelly\phases\236",SUSPICIOUS,44.5,105,"neutral face with hair.png",1344x768,1154.15,b2e6b38e45990f797223cb39a4d5dc130969fa2504c2ed2e5ac4accc4cee5ec6
"C:\Users\user\UI-TARS-desktop\public\kelly\phases\236\q1.png","q1.png","C:\Users\user\UI-TARS-desktop\public\kelly\phases\236",SUSPICIOUS,47.5,102,"Curious Kelly in final pose in Chair - UI elements will go on the side rails - Copy.png",1344x768,1152.15,f7c8f77c08377f03f0fe0f46588c81f35893c148da9ec1fdc8488f9dd0988958
"C:\Users\user\UI-TARS-desktop\public\kelly\phases\236\q2.png","q2.png","C:\Users\user\UI-TARS-desktop\public\kelly\phases\236",SUSPICIOUS,52.25,97,"Curious Kelly in final pose in Chair - UI elements will go on the side rails - Copy.png",1344x768,1206.72,b196a51da67576367f61ee260662f46809e4be829953d9abd890ee91ae03d40f
"C:\Users\user\UI-TARS-desktop\public\kelly\phases\236\q3.png","q3.png","C:\Users\user\UI-TARS-desktop\public\kelly\phases\236",IMPOSTER,29.5,120,"profile of kelly.png",1344x768,1133.42,cd69ed4db1961ea16ee1899c95163c60fff20796ec171ca0e836478e0590fce6
"C:\Users\user\UI-TARS-desktop\public\kelly\phases\236\wisdom.png","wisdom.png","C:\Users\user\UI-TARS-desktop\public\kelly\phases\236",SUSPICIOUS,50.75,99,"head and shoulders without chair.png",1344x768,1180.3,f59ff608cf620377f425a3e64ba6b42a0acbe1f78e88d8da8185c5df3810b4a8
"C:\Users\user\UI-TARS-desktop\public\kelly\phases\237\hook.png","hook.png","C:\Users\user\UI-TARS-desktop\public\kelly\phases\237",SUSPICIOUS,46.75,103,"facing to the left.png",1344x768,1147.48,b698a738c166a997522bd126a957d0e74f88825dddea0fd8c1c99c9cc899dd19
"C:\Users\user\UI-TARS-desktop\public\kelly\phases\237\q1.png","q1.png","C:\Users\user\UI-TARS-desktop\public\kelly\phases\237",IMPOSTER,37.5,112,"facing to the left.png",1344x768,1152.15,e049bd91d6b68e326d9cb1925238b95652aea94db3195269bb5552a9b259366d
"C:\Users\user\UI-TARS-desktop\public\kelly\phases\237\q2.png","q2.png","C:\Users\user\UI-TARS-desktop\public\kelly\phases\237",SUSPICIOUS,47.75,102,"neutral face with hair.png",1344x768,1169.01,f1b9ecf393475b8cae18417cae2c465ace79cca28c57c472ca638e3146616376
"C:\Users\user\UI-TARS-desktop\public\kelly\phases\237\q3.png","q3.png","C:\Users\user\UI-TARS-desktop\public\kelly\phases\237",IMPOSTER,28.75,121,"head and shoulders without chair.png",1344x768,1196.07,81eca32cf9324d2307a3bb16c873d6a38d63589f2d2de0f04e148dab5a9cf0f9
"C:\Users\user\UI-TARS-desktop\public\kelly\phases\237\wisdom.png","wisdom.png","C:\Users\user\UI-TARS-desktop\public\kelly\phases\237",SUSPICIOUS,42.75,107,"Curious Kelly in final pose in Chair - UI elements will go on the side rails - Copy.png",1344x768,1136.54,e3ddf3c98e665d327071ae865b26e0c11c76e1ca5a1989cc5c98c8ebc998dc99
"C:\Users\user\UI-TARS-desktop\public\kelly\phases\238\hook.png","hook.png","C:\Users\user\UI-TARS-desktop\public\kelly\phases\238",SUSPICIOUS,55.0,95,"facing to the left.png",1344x768,1053.63,f04cf7704b330cc72244f9e301fedc9ca181dcfcf6cb090cf4820becfc1c0fe3
"C:\Users\user\UI-TARS-desktop\public\kelly\phases\238\q1.png","q1.png","C:\Users\user\UI-TARS-desktop\public\kelly\phases\238",IMPOSTER,29.25,120,"facing to the left.png",1344x768,1172.1,fa17eb7e955b15a1040f959fb5a104be1422a3dd147ea8a68109a9fbab0f292f
"C:\Users\user\UI-TARS-desktop\public\kelly\phases\238\q2.png","q2.png","C:\Users\user\UI-TARS-desktop\public\kelly\phases\238",GOOD,61.0,89,"facing to the left.png",1344x768,1218.51,f19fe37d96202a69db7684269e2791db99f609949d83989a89394ddd4285ad89
"C:\Users\user\UI-TARS-desktop\public\kelly\phases\238\q3.png","q3.png","C:\Users\user\UI-TARS-desktop\public\kelly\phases\238",SUSPICIOUS,53.25,96,"Curious Kelly in final pose in Chair - UI elements will go on the side rails - Copy.png",1344x768,1156.08,b39faf0cd46c0cb35a22a597dac98de2fc8800ccddddc880bd9c5f89a00f7656
"C:\Users\user\UI-TARS-desktop\public\kelly\phases\238\wisdom.png","wisdom.png","C:\Users\user\UI-TARS-desktop\public\kelly\phases\238",IMPOSTER,38.5,111,"Curious Kelly in final pose in Chair - UI elements will go on the side rails - Copy.png",1344x768,1114.11,ba3df8e445e34267b3877de3822549d393274d93199195236951953acb796718
"C:\Users\user\UI-TARS-desktop\public\kelly\phases\239\q2.png","q2.png","C:\Users\user\UI-TARS-desktop\public\kelly\phases\239",SUSPICIOUS,41.25,108,"neutral face with hair.png",1344x768,1128.71,a524acc4719b66c3bddd53ef0a51c408d52c193183429b23bb75d3ceac6973b6
"C:\Users\user\UI-TARS-desktop\public\kelly\phases\239\q1.png","q1.png","C:\Users\user\UI-TARS-desktop\public\kelly\phases\239",IMPOSTER,35.75,114,"neutral face with hair.png",1344x768,1172.01,b564e3ac1e930cda21f1d7121c7fe300873afa55872c0366f20d0778f2edc56d
"C:\Users\user\UI-TARS-desktop\public\kelly\phases\239\hook.png","hook.png","C:\Users\user\UI-TARS-desktop\public\kelly\phases\239",SUSPICIOUS,50.25,99,"Curious Kelly in final pose in Chair - UI elements will go on the side rails - Copy.png",1344x768,1112.44,a05ca734db23147f07f1e403de8f88f45c99a98d594c8c9c48f9ad4db6a552bc
"C:\Users\user\UI-TARS-desktop\public\kelly\phases\239\q3.png","q3.png","C:\Users\user\UI-TARS-desktop\public\kelly\phases\239",SUSPICIOUS,40.25,109,"neutral face with hair.png",1344x768,1132.85,e764ec9490db12c8fc91b05f11d35a2981f7b376532099678b6cdb441e20c77f
"C:\Users\user\UI-TARS-desktop\public\kelly\phases\239\wisdom.png","wisdom.png","C:\Users\user\UI-TARS-desktop\public\kelly\phases\239",IMPOSTER,35.75,114,"head and shoulders without chair.png",1344x768,1186.11,a1c4abb6df3bd7712b38d1b3905fda2c98e1564c98ee0cc5cca20dc458c7accc
"C:\Users\user\UI-TARS-desktop\public\kelly\phases\240\hook.png","hook.png","C:\Users\user\UI-TARS-desktop\public\kelly\phases\240",SUSPICIOUS,43.75,106,"facing to the left.png",1344x768,1126.54,a3dda3b4dc2378d3ec4e03a68d9989c68ad7d4a98a9c99cf1c9cdce8b8884555
"C:\Users\user\UI-TARS-desktop\public\kelly\phases\240\q1.png","q1.png","C:\Users\user\UI-TARS-desktop\public\kelly\phases\240",SUSPICIOUS,45.0,105,"slightly turning her head.png",1344x768,1169.16,b837f8fc67c05393008dc3464795f66fc600c60cc67fc235d628de30f7fd201d
"C:\Users\user\UI-TARS-desktop\public\kelly\phases\240\q2.png","q2.png","C:\Users\user\UI-TARS-desktop\public\kelly\phases\240",IMPOSTER,38.75,111,"Curious Kelly in final pose in Chair - UI elements will go on the side rails - Copy.png",1344x768,1173.98,a2c8bb1fd7310e63c156ae15ce2b00f7ee06fbacd1ba4d93c895d98811cd4cd2
"C:\Users\user\UI-TARS-desktop\public\kelly\phases\240\q3.png","q3.png","C:\Users\user\UI-TARS-desktop\public\kelly\phases\240",SUSPICIOUS,39.5,110,"neutral face with hair.png",1344x768,1212.06,e026e4a29ed9c7ff0740f4786aff5ad12759020de0ec6f5970595e810ac5783b
"C:\Users\user\UI-TARS-desktop\public\kelly\phases\240\wisdom.png","wisdom.png","C:\Users\user\UI-TARS-desktop\public\kelly\phases\240",IMPOSTER,37.75,112,"slightly turning her head.png",1344x768,1153.21,b166b7964a992c2557194bf08715fe2b00e8f7d40a475d6ac4f68a47dc684ee6
"C:\Users\user\UI-TARS-desktop\public\kelly\phases\241\hook.png","hook.png","C:\Users\user\UI-TARS-desktop\public\kelly\phases\241",SUSPICIOUS,44.0,106,"head and shoulders without chair.png",1344x768,1227.09,f5ccf2100f32161bbf2ab7a70872fff3085948da8dc18dcfd88800dd8f68b70e
"C:\Users\user\UI-TARS-desktop\public\kelly\phases\241\q1.png","q1.png","C:\Users\user\UI-TARS-desktop\public\kelly\phases\241",IMPOSTER,31.25,118,"facing to the left.png",1344x768,1185.2,e49c1b7cf0275f827e1cc023970f07c88d6b28c1c981a7fc8dcead059ccdc7da
"C:\Users\user\UI-TARS-desktop\public\kelly\phases\241\q2.png","q2.png","C:\Users\user\UI-TARS-desktop\public\kelly\phases\241",IMPOSTER,32.5,117,"profile of kelly.png",1344x768,1203.16,cc786b2c15ad61120032d40a7096de96fb589ad6faccb2d19efa5199c5af7da0
"C:\Users\user\UI-TARS-desktop\public\kelly\phases\241\q3.png","q3.png","C:\Users\user\UI-TARS-desktop\public\kelly\phases\241",IMPOSTER,25.5,124,"facing to the left.png",1344x768,1204.38,a132ae4a14c92cc03acefb8d0929d9dc5fa78333d138d8c71fa3d71f2a702d4b
"C:\Users\user\UI-TARS-desktop\public\kelly\phases\241\wisdom.png","wisdom.png","C:\Users\user\UI-TARS-desktop\public\kelly\phases\241",SUSPICIOUS,44.0,106,"Curious Kelly in final pose in Chair - UI elements will go on the side rails - Copy.png",1344x768,1194.04,b59db6354a224ee236215b3252dfa0c73fde791fb8dc8d4f0f98c0d10f394250
"C:\Users\user\UI-TARS-desktop\public\kelly\phases\242\hook.png","hook.png","C:\Users\user\UI-TARS-desktop\public\kelly\phases\242",IMPOSTER,37.0,113,"profile of kelly.png",1344x768,1166.9,f5f2f1d08a4d4a268f4c9e30f0951b8caf12f86303fef58436052e7f71c875c1
"C:\Users\user\UI-TARS-desktop\public\kelly\phases\242\q1.png","q1.png","C:\Users\user\UI-TARS-desktop\public\kelly\phases\242",SUSPICIOUS,40.0,110,"Curious Kelly in final pose in Chair - UI elements will go on the side rails - Copy.png",1344x768,1207.68,e0cda27cd73221154b763d02fa32e59316e9bcdb900cc8ef0d9d5caaa8fd43c4
"C:\Users\user\UI-TARS-desktop\public\kelly\phases\242\q2.png","q2.png","C:\Users\user\UI-TARS-desktop\public\kelly\phases\242",SUSPICIOUS,47.25,102,"facing to the left.png",1344x768,1220.24,f39ee5b906443677e266e0a44c5fe82257b0f8db9dfd9d1e89c101bf685042a8
"C:\Users\user\UI-TARS-desktop\public\kelly\phases\242\q3.png","q3.png","C:\Users\user\UI-TARS-desktop\public\kelly\phases\242",IMPOSTER,37.25,112,"close up of face.jpeg",1344x768,1163.79,c968ecf800375cae26db319fe1be1c5fc6c210f3e31d32471ae1de0e9067bf00
"C:\Users\user\UI-TARS-desktop\public\kelly\phases\243\hook.png","hook.png","C:\Users\user\UI-TARS-desktop\public\kelly\phases\243",SUSPICIOUS,51.0,99,"Curious Kelly in final pose in Chair - UI elements will go on the side rails - Copy.png",1344x768,1123.21,a1cda30d1a324efaaf77d0338ef7dd67a5b8d8488c87cd88889c08cbd4c80fae
"C:\Users\user\UI-TARS-desktop\public\kelly\phases\242\wisdom.png","wisdom.png","C:\Users\user\UI-TARS-desktop\public\kelly\phases\242",IMPOSTER,28.5,121,"head and shoulders without chair.png",1344x768,1181.18,d4f7f97b159c871c4735bb59b848821f6fb946c82568d8a7c85abfc144e08466
"C:\Users\user\UI-TARS-desktop\public\kelly\phases\243\q1.png","q1.png","C:\Users\user\UI-TARS-desktop\public\kelly\phases\243",SUSPICIOUS,43.75,106,"neutral face with hair.png",1344x768,1091.59,a5a4a6c6c2db783bfc5f0338d0a7a977d4263a3691645926ae4e552426d155eb
"C:\Users\user\UI-TARS-desktop\public\kelly\phases\243\q2.png","q2.png","C:\Users\user\UI-TARS-desktop\public\kelly\phases\243",IMPOSTER,35.5,114,"neutral face with hair.png",1344x768,1155.73,ad6ea5fd849361b67e9018b292d65e1bc27c1a42d36d137ff0c11b001efc7c89
"C:\Users\user\UI-TARS-desktop\public\kelly\phases\243\q3.png","q3.png","C:\Users\user\UI-TARS-desktop\public\kelly\phases\243",SUSPICIOUS,44.25,105,"neutral face with hair.png",1344x768,1174.2,b871e8c597965a99e55ea338dd59a4bc552a8d74dc2a4c7aac645446e6b54266
"C:\Users\user\UI-TARS-desktop\public\kelly\phases\243\wisdom.png","wisdom.png","C:\Users\user\UI-TARS-desktop\public\kelly\phases\243",SUSPICIOUS,44.25,105,"facing to the left.png",1344x768,1134.8,f410f029026ecd6420ed5ace9d260bccf107519e8fb1d83f9999599b89bbd993
"C:\Users\user\UI-TARS-desktop\public\kelly\phases\244\hook.png","hook.png","C:\Users\user\UI-TARS-desktop\public\kelly\phases\244",IMPOSTER,39.0,111,"neutral face with hair.png",1344x768,1198.48,a7b6ee5690c95bbdac49d068e0231bddad2a82f0f9371ba79a369b301822c38f
"C:\Users\user\UI-TARS-desktop\public\kelly\phases\244\q1.png","q1.png","C:\Users\user\UI-TARS-desktop\public\kelly\phases\244",SUSPICIOUS,39.75,110,"Curious Kelly in final pose in Chair - UI elements will go on the side rails - Copy.png",1344x768,1104.64,b28db26d1e36593662dc9c27759889f1e0148dcdf7998992062968cf2f76f489
"C:\Users\user\UI-TARS-desktop\public\kelly\phases\244\q3.png","q3.png","C:\Users\user\UI-TARS-desktop\public\kelly\phases\244",SUSPICIOUS,41.5,108,"head and shoulders without chair.png",1344x768,1125.37,b146f19e0f994a29a539df9120b7de312d69d3f25493a928ddd55ec1ac54544a
"C:\Users\user\UI-TARS-desktop\public\kelly\phases\244\q2.png","q2.png","C:\Users\user\UI-TARS-desktop\public\kelly\phases\244",IMPOSTER,27.5,122,"close up of face.jpeg",1344x768,1182.82,a56dacd55192093bbc1b93f0bb12d123ad543a65d3389b4783659a7d9268ba65
"C:\Users\user\UI-TARS-desktop\public\kelly\phases\244\wisdom.png","wisdom.png","C:\Users\user\UI-TARS-desktop\public\kelly\phases\244",SUSPICIOUS,40.25,109,"neutral face with hair.png",1344x768,1173.02,a72ea4229c5852cf2bcb9519da41e1271b2e9b759b6698367826e5ce0f504fe3
"C:\Users\user\UI-TARS-desktop\public\kelly\phases\245\hook.png","hook.png","C:\Users\user\UI-TARS-desktop\public\kelly\phases\245",SUSPICIOUS,57.75,92,"facing to the left.png",1344x768,1144.13,a188e33116335e60a1675636ab619ca6edcbdabc1c88d9dfdd9989da5d898095
"C:\Users\user\UI-TARS-desktop\public\kelly\phases\245\q2.png","q2.png","C:\Users\user\UI-TARS-desktop\public\kelly\phases\245",SUSPICIOUS,48.5,101,"facing to the left.png",1344x768,1168.49,f959fd718227b5605462aba7d71cd2f69e06c0ab9fc5c0c38cf1d48196995958
"C:\Users\user\UI-TARS-desktop\public\kelly\phases\245\q1.png","q1.png","C:\Users\user\UI-TARS-desktop\public\kelly\phases\245",SUSPICIOUS,51.75,98,"Curious Kelly in final pose in Chair - UI elements will go on the side rails - Copy.png",1344x768,1085.34,a21ba66358e49ccc65dade6cd984099fd9ca1c93f11b198b18b9ca95d15b1cba
"C:\Users\user\UI-TARS-desktop\public\kelly\phases\245\q3.png","q3.png","C:\Users\user\UI-TARS-desktop\public\kelly\phases\245",SUSPICIOUS,41.25,108,"head and shoulders without chair.png",1344x768,1187.78,b0cdabb5c5324a7daf21bf4340f20d633ea5d80a05ccc9f8dc89ccce0dccccf8
"C:\Users\user\UI-TARS-desktop\public\kelly\phases\245\wisdom.png","wisdom.png","C:\Users\user\UI-TARS-desktop\public\kelly\phases\245",SUSPICIOUS,49.0,101,"Curious Kelly in final pose in Chair - UI elements will go on the side rails - Copy.png",1344x768,1201.08,a199a7799466b4f256e48aa6fd1e54b6ad5bf909c8dd9d19fc81498981d5b410
"C:\Users\user\UI-TARS-desktop\public\kelly\phases\246\q2.png","q2.png","C:\Users\user\UI-TARS-desktop\public\kelly\phases\246",SUSPICIOUS,42.25,107,"facing to the left.png",1344x768,1183.76,a537a4470ecb7ef3e060554c5ccd64b3abcf59e1d93c99b6991418b32211d716
"C:\Users\user\UI-TARS-desktop\public\kelly\phases\246\q1.png","q1.png","C:\Users\user\UI-TARS-desktop\public\kelly\phases\246",SUSPICIOUS,48.0,102,"facing to the left.png",1344x768,1083.69,b00ca2b14e330cef676daa92178ce9ed145efdc083be5f0da5d45e8fe1d07005
"C:\Users\user\UI-TARS-desktop\public\kelly\phases\246\hook.png","hook.png","C:\Users\user\UI-TARS-desktop\public\kelly\phases\246",SUSPICIOUS,40.0,110,"Curious Kelly in final pose in Chair - UI elements will go on the side rails - Copy.png",1344x768,1173.46,b2dca310d13354af6f6058f3948b8b75c8e17c9a08fda9d4d58cac8d48c9f4dc
"C:\Users\user\UI-TARS-desktop\public\kelly\phases\246\q3.png","q3.png","C:\Users\user\UI-TARS-desktop\public\kelly\phases\246",SUSPICIOUS,50.25,99,"neutral face with hair.png",1344x768,1120.65,f1e6f3ad02199a520f23c4b948c9ee210d27da4690ee0d07fe5e0de56dae239d
"C:\Users\user\UI-TARS-desktop\public\kelly\phases\247\q1.png","q1.png","C:\Users\user\UI-TARS-desktop\public\kelly\phases\247",SUSPICIOUS,55.0,95,"Curious Kelly in final pose in Chair - UI elements will go on the side rails - Copy.png",1344x768,1145.73,e0dde71ec3231a784876a5a7f2a21a7af8755fd0849fd181085cd8bd8fca948c
"C:\Users\user\UI-TARS-desktop\public\kelly\phases\246\wisdom.png","wisdom.png","C:\Users\user\UI-TARS-desktop\public\kelly\phases\246",IMPOSTER,37.25,112,"facing to the left.png",1344x768,1132.25,b51de557dca20bec0ad49781d0890a5e0fe47a2995062d7a76277b62f607947e
"C:\Users\user\UI-TARS-desktop\public\kelly\phases\247\hook.png","hook.png","C:\Users\user\UI-TARS-desktop\public\kelly\phases\247",IMPOSTER,32.75,117,"close up of face.jpeg",1344x768,1220.15,e424e4ee119b1a19e0ddde8bd259aa59c38bb4a1839eb4729ca1873f1d62d71c
"C:\Users\user\UI-TARS-desktop\public\kelly\phases\247\q2.png","q2.png","C:\Users\user\UI-TARS-desktop\public\kelly\phases\247",SUSPICIOUS,56.75,93,"facing to the left.png",1344x768,1188.83,a691a661de6e7fce0c64c0a58843fd4af5fca9950781d83ba91399b0e9030ff9
"C:\Users\user\UI-TARS-desktop\public\kelly\phases\248\hook.png","hook.png","C:\Users\user\UI-TARS-desktop\public\kelly\phases\248",SUSPICIOUS,48.75,101,"head and shoulders without chair.png",1344x768,1174.24,e1c8e6000a337f40a0371fa6a87395b79ec8c8cf8d8cd8cc8d8bcfd8f04d27bd
"C:\Users\user\UI-TARS-desktop\public\kelly\phases\247\q3.png","q3.png","C:\Users\user\UI-TARS-desktop\public\kelly\phases\247",SUSPICIOUS,51.75,98,"Curious Kelly in final pose in Chair - UI elements will go on the side rails - Copy.png",1344x768,1158.79,a39da329fe22257342375fb3ae23fc67061181eadcf5cc88c88d89d88dd8d994
"C:\Users\user\UI-TARS-desktop\public\kelly\phases\247\wisdom.png","wisdom.png","C:\Users\user\UI-TARS-desktop\public\kelly\phases\247",SUSPICIOUS,42.0,108,"Curious Kelly in final pose in Chair - UI elements will go on the side rails - Copy.png",1344x768,1149.59,a359a3125e6616922c637d27479ac94ebcb1c1d31e9ef9850859f5870a796557
"C:\Users\user\UI-TARS-desktop\public\kelly\phases\248\q1.png","q1.png","C:\Users\user\UI-TARS-desktop\public\kelly\phases\248",SUSPICIOUS,39.75,110,"Curious Kelly in final pose in Chair - UI elements will go on the side rails - Copy.png",1344x768,1136.57,a13b256edacc6cb33bc8b5545aab3d59e1a68b22d1339946d0ab0fd4e44bc68c
"C:\Users\user\UI-TARS-desktop\public\kelly\phases\248\q3.png","q3.png","C:\Users\user\UI-TARS-desktop\public\kelly\phases\248",SUSPICIOUS,40.25,109,"head and shoulders without chair.png",1344x768,1053.88,f5f1a66b184cf1e42a2adfee99719f9b81163f9310b3af915833a1b1180e6463
"C:\Users\user\UI-TARS-desktop\public\kelly\phases\248\q2.png","q2.png","C:\Users\user\UI-TARS-desktop\public\kelly\phases\248",IMPOSTER,37.75,112,"neutral face with hair.png",1344x768,1170.03,a842b4dac29c8733069be8d9fd29c853a646dee6e9660da616031bf7553eb229
"C:\Users\user\UI-TARS-desktop\public\kelly\phases\248\wisdom.png","wisdom.png","C:\Users\user\UI-TARS-desktop\public\kelly\phases\248",IMPOSTER,34.75,115,"Curious Kelly in final pose in Chair - UI elements will go on the side rails - Copy.png",1344x768,1110.64,a52ca53a5edb4dc821b2bf5b53fdb92603315ee5854653241d5c8aa555522ab7
"C:\Users\user\UI-TARS-desktop\public\kelly\phases\249\hook.png","hook.png","C:\Users\user\UI-TARS-desktop\public\kelly\phases\249",IMPOSTER,36.5,113,"Curious Kelly in final pose in Chair - UI elements will go on the side rails - Copy.png",1344x768,1158.47,e549ad155ab61cfa4121ba04c2ea1d7be3e03a0ff37c144dba25830f7e2dc3e8
"C:\Users\user\UI-TARS-desktop\public\kelly\phases\249\q2.png","q2.png","C:\Users\user\UI-TARS-desktop\public\kelly\phases\249",IMPOSTER,35.75,114,"neutral face with hair.png",1344x768,1104.12,fd36f4dc86c96a5b91c91a25db39bb66d02781b67cc6660c2cc8649f24f85f80
"C:\Users\user\UI-TARS-desktop\public\kelly\phases\249\q1.png","q1.png","C:\Users\user\UI-TARS-desktop\public\kelly\phases\249",SUSPICIOUS,46.75,103,"head and shoulders without chair.png",1344x768,1174.56,a9cca38e173926745b32e9510623ea516c9addf388cddc8ae8fd0c8ff14482ed
"C:\Users\user\UI-TARS-desktop\public\kelly\phases\249\q3.png","q3.png","C:\Users\user\UI-TARS-desktop\public\kelly\phases\249",SUSPICIOUS,40.0,110,"facing to the left.png",1344x768,1138.13,b5dcbf54c823e06be7d7c8e3e0daa0edcbeae0b0e959d9988988cc181a9c1dc8
"C:\Users\user\UI-TARS-desktop\public\kelly\phases\249\wisdom.png","wisdom.png","C:\Users\user\UI-TARS-desktop\public\kelly\phases\249",SUSPICIOUS,45.0,105,"facing to the left.png",1344x768,1140.07,e733ee6316cc54d2a6cd9d6451fa9aa42d3a0931519999ba8951dbbb9482b157
"C:\Users\user\UI-TARS-desktop\public\kelly\phases\250\hook.png","hook.png","C:\Users\user\UI-TARS-desktop\public\kelly\phases\250",SUSPICIOUS,52.5,97,"Curious Kelly in final pose in Chair - UI elements will go on the side rails - Copy.png",1344x768,1187.42,a1d9a2798f265c2af863aa56950508e22fe0949788d8d589e9dbbdddcd9da988
"C:\Users\user\UI-TARS-desktop\public\kelly\phases\250\q1.png","q1.png","C:\Users\user\UI-TARS-desktop\public\kelly\phases\250",SUSPICIOUS,39.25,110,"Curious Kelly in final pose in Chair - UI elements will go on the side rails - Copy.png",1344x768,1121.16,e4018d1b52b6a9e65e33938e12f752ea5aca1adb52cd92e81ac35a4b52c970ef
"C:\Users\user\UI-TARS-desktop\public\kelly\phases\250\q2.png","q2.png","C:\Users\user\UI-TARS-desktop\public\kelly\phases\250",SUSPICIOUS,49.25,100,"neutral face with hair.png",1344x768,1161.15,b1a6a4db264a721d50e8ea6407757f21760d266a2e75f572d22203f7b911f556
"C:\Users\user\UI-TARS-desktop\public\kelly\phases\250\wisdom.png","wisdom.png","C:\Users\user\UI-TARS-desktop\public\kelly\phases\250",SUSPICIOUS,51.75,98,"facing to the left.png",1344x768,1159.38,a5bbe62b1e6c08cdd62ca9645a9a81c45a9bd1b51b98c1b39d1b5b93e1971e31
"C:\Users\user\UI-TARS-desktop\public\kelly\phases\250\q3.png","q3.png","C:\Users\user\UI-TARS-desktop\public\kelly\phases\250",SUSPICIOUS,46.25,103,"Curious Kelly in final pose in Chair - UI elements will go on the side rails - Copy.png",1344x768,1128.82,a299a33996675ec7a426c1f6434e9ce768d2a581598da8bc1edb81c84f9da8b5
"C:\Users\user\UI-TARS-desktop\public\kelly\phases\251\hook.png","hook.png","C:\Users\user\UI-TARS-desktop\public\kelly\phases\251",SUSPICIOUS,51.0,99,"Curious Kelly in final pose in Chair - UI elements will go on the side rails - Copy.png",1344x768,1119.88,e79cf778de2200976f67e8a602dbfcd20a1de9e80894dcddd8888c9ff8d80c0c
"C:\Users\user\UI-TARS-desktop\public\kelly\phases\251\q1.png","q1.png","C:\Users\user\UI-TARS-desktop\public\kelly\phases\251",SUSPICIOUS,40.25,109,"slightly turning her head.png",1344x768,1122.25,e537e2c7de480578e2c7fa899c081fdd05a29b831b2091349193d8279b369ff7
"C:\Users\user\UI-TARS-desktop\public\kelly\phases\251\q2.png","q2.png","C:\Users\user\UI-TARS-desktop\public\kelly\phases\251",SUSPICIOUS,50.75,99,"facing to the left.png",1344x768,1174.36,a332a273dfc97e853e4c80ad91c41d28d09799999d1259b889b39d1b5e8aafd3
"C:\Users\user\UI-TARS-desktop\public\kelly\phases\251\q3.png","q3.png","C:\Users\user\UI-TARS-desktop\public\kelly\phases\251",SUSPICIOUS,41.0,109,"head and shoulders without chair.png",1344x768,1115.98,93dff35c0d314a23606e0d26c8e0485f0fe2f4ad9c5697a8d81b95ad9eddd980
"C:\Users\user\UI-TARS-desktop\public\kelly\phases\252\hook.png","hook.png","C:\Users\user\UI-TARS-desktop\public\kelly\phases\252",SUSPICIOUS,52.75,97,"Curious Kelly in final pose in Chair - UI elements will go on the side rails - Copy.png",1344x768,1143.2,a3d8a318de7705ef2e688762d5f60a675c262fe0d3e22917782f0b018ddbd885
"C:\Users\user\UI-TARS-desktop\public\kelly\phases\251\wisdom.png","wisdom.png","C:\Users\user\UI-TARS-desktop\public\kelly\phases\251",IMPOSTER,34.25,115,"neutral face with hair.png",1344x768,1176.93,e720e4c6d0d9781907f4d399f00318fdaf4b542e3b313becd1068a36197f53a6
"C:\Users\user\UI-TARS-desktop\public\kelly\phases\252\q1.png","q1.png","C:\Users\user\UI-TARS-desktop\public\kelly\phases\252",SUSPICIOUS,53.25,96,"neutral face with hair.png",1344x768,1099.97,b0e6b1914b0c56aea5314cd9d62ccd7bd675e5aa9d4bec748c6a8de28c4680e5
"C:\Users\user\UI-TARS-desktop\public\kelly\phases\252\q2.png","q2.png","C:\Users\user\UI-TARS-desktop\public\kelly\phases\252",SUSPICIOUS,41.0,109,"neutral face with hair.png",1344x768,1190.13,f46cf8d98592e69699a6fb068343d36c9a2ed361d209cf6cc634c7996e31066c
"C:\Users\user\UI-TARS-desktop\public\kelly\phases\252\wisdom.png","wisdom.png","C:\Users\user\UI-TARS-desktop\public\kelly\phases\252",SUSPICIOUS,39.25,110,"Curious Kelly in final pose in Chair - UI elements will go on the side rails - Copy.png",1344x768,1161.13,f099f5e10a262fb774600e6617cdd42616d6f2e135eef0518d6c50963f15d1e8
"C:\Users\user\UI-TARS-desktop\public\kelly\phases\252\q3.png","q3.png","C:\Users\user\UI-TARS-desktop\public\kelly\phases\252",SUSPICIOUS,52.0,98,"Curious Kelly in final pose in Chair - UI elements will go on the side rails - Copy.png",1344x768,1119.74,a3dda73588665eae2d06c1f31ed0dc2449dff0481a9dad89deb0b41958890f5f
"C:\Users\user\UI-TARS-desktop\public\kelly\phases\253\hook.png","hook.png","C:\Users\user\UI-TARS-desktop\public\kelly\phases\253",SUSPICIOUS,53.25,96,"Curious Kelly in final pose in Chair - UI elements will go on the side rails - Copy.png",1344x768,1169.18,b288b7394b765807a6fad1664a979c2629d34aa58a9615cac8a5dcbc9d8dd9d8
"C:\Users\user\UI-TARS-desktop\public\kelly\phases\253\q2.png","q2.png","C:\Users\user\UI-TARS-desktop\public\kelly\phases\253",SUSPICIOUS,41.25,108,"neutral face with hair.png",1344x768,1164.97,a424b39952db0e589ecd9129d19f3861dda4d3360bb4f83ec1261ce2eade45d9
"C:\Users\user\UI-TARS-desktop\public\kelly\phases\253\q1.png","q1.png","C:\Users\user\UI-TARS-desktop\public\kelly\phases\253",SUSPICIOUS,55.75,94,"Curious Kelly in final pose in Chair - UI elements will go on the side rails - Copy.png",1344x768,1160.35,f0d8a7195c36ac6672c495274a56fd865ea6adc7561a8f9511cf49988899dc99
"C:\Users\user\UI-TARS-desktop\public\kelly\phases\253\q3.png","q3.png","C:\Users\user\UI-TARS-desktop\public\kelly\phases\253",IMPOSTER,29.5,120,"Curious Kelly in final pose in Chair - UI elements will go on the side rails - Copy.png",1344x768,1158.21,a766a8c4dc9a78c82fcac4131a99e849179bdea3bb01913ad22f1aedf7555720
"C:\Users\user\UI-TARS-desktop\public\kelly\phases\253\wisdom.png","wisdom.png","C:\Users\user\UI-TARS-desktop\public\kelly\phases\253",SUSPICIOUS,39.5,110,"Curious Kelly in final pose in Chair - UI elements will go on the side rails - Copy.png",1344x768,1108.6,a2d8a319fc3758c2acee5761d9175cd8b5c8dbc44589ac714b8da4d10b55a4de
"C:\Users\user\UI-TARS-desktop\public\kelly\phases\254\hook.png","hook.png","C:\Users\user\UI-TARS-desktop\public\kelly\phases\254",SUSPICIOUS,53.25,96,"Curious Kelly in final pose in Chair - UI elements will go on the side rails - Copy.png",1344x768,1131.64,f789b660c363403e7e344d62a1ee0e0bf4f248198f8f989adce0819fc9dc5d99
"C:\Users\user\UI-TARS-desktop\public\kelly\phases\254\q1.png","q1.png","C:\Users\user\UI-TARS-desktop\public\kelly\phases\254",SUSPICIOUS,45.0,105,"neutral face with hair.png",1344x768,1138.83,b875f8bb4dccf6c6013a7c4892e4ed230658ec36006bfeb44e29ce73ec210ef2
"C:\Users\user\UI-TARS-desktop\public\kelly\phases\254\q2.png","q2.png","C:\Users\user\UI-TARS-desktop\public\kelly\phases\254",IMPOSTER,32.5,117,"slightly turning her head.png",1344x768,1157.54,e733fe428ecd19f8a4425f9da00118ed7fe0e00e5ff90863d3afd1001837bbe2
"C:\Users\user\UI-TARS-desktop\public\kelly\phases\254\q3.png","q3.png","C:\Users\user\UI-TARS-desktop\public\kelly\phases\254",SUSPICIOUS,49.75,100,"Curious Kelly in final pose in Chair - UI elements will go on the side rails - Copy.png",1344x768,1159.29,a1b1af4f466d24d25e46a1ae5c5cebc21a9bf19a88905b95a97a5ab851c3ad59
"C:\Users\user\UI-TARS-desktop\public\kelly\phases\254\wisdom.png","wisdom.png","C:\Users\user\UI-TARS-desktop\public\kelly\phases\254",IMPOSTER,31.0,119,"facing to the left.png",1344x768,1147.69,a3b6a0a2dc4b4f737e5ce1c657cdf0d9a5cd54c1e44b0e15c5493508014bfb57
"C:\Users\user\UI-TARS-desktop\public\kelly\phases\255\hook.png","hook.png","C:\Users\user\UI-TARS-desktop\public\kelly\phases\255",IMPOSTER,28.25,121,"close up of kellys eyes.png",1344x768,1169.45,a565ac4cd093e3be3d96fc1312abb943db4597648364196e8b3c52e5a96c5f80
"C:\Users\user\UI-TARS-desktop\public\kelly\phases\255\q1.png","q1.png","C:\Users\user\UI-TARS-desktop\public\kelly\phases\255",SUSPICIOUS,52.75,97,"Curious Kelly in final pose in Chair - UI elements will go on the side rails - Copy.png",1344x768,1182.91,f299a7f99866b946434d9ca6987ad0e989464c92ad5998c95899bdb9d9895999
"C:\Users\user\UI-TARS-desktop\public\kelly\phases\255\q2.png","q2.png","C:\Users\user\UI-TARS-desktop\public\kelly\phases\255",SUSPICIOUS,57.75,92,"Curious Kelly in final pose in Chair - UI elements will go on the side rails - Copy.png",1344x768,1156.57,a599a32c86745ee18726fc564c221fc38c3ec9ded8158d8bf9d809ddfc0981d9
"C:\Users\user\UI-TARS-desktop\public\kelly\phases\255\q3.png","q3.png","C:\Users\user\UI-TARS-desktop\public\kelly\phases\255",SUSPICIOUS,44.5,105,"Curious Kelly in final pose in Chair - UI elements will go on the side rails - Copy.png",1344x768,1147.35,f0cdf60c88730fa2ea219c1719caafd35aa9ad6c5ac794a8c8c8c9ccddc89cdc
"C:\Users\user\UI-TARS-desktop\public\kelly\phases\255\wisdom.png","wisdom.png","C:\Users\user\UI-TARS-desktop\public\kelly\phases\255",SUSPICIOUS,44.75,105,"Curious Kelly in final pose in Chair - UI elements will go on the side rails - Copy.png",1344x768,1094.88,a2b3e6631a4c6899c6e49d0ddacc99ac16279bbadd118bb2d93199821b3ff183
"C:\Users\user\UI-TARS-desktop\public\kelly\phases\256\hook.png","hook.png","C:\Users\user\UI-TARS-desktop\public\kelly\phases\256",IMPOSTER,38.75,111,"facing to the left.png",1344x768,1151.87,f299e779812748c6527a25e7af034226fef666792070d7842a2f57c3fc8680d9
"C:\Users\user\UI-TARS-desktop\public\kelly\phases\256\q1.png","q1.png","C:\Users\user\UI-TARS-desktop\public\kelly\phases\256",SUSPICIOUS,42.75,107,"head and shoulders without chair.png",1344x768,1117.68,a1dca32c5e327643f3211d13faf19dc3ad5900df8dceacccc8caac8ccac8e88d
"C:\Users\user\UI-TARS-desktop\public\kelly\phases\256\q2.png","q2.png","C:\Users\user\UI-TARS-desktop\public\kelly\phases\256",SUSPICIOUS,51.0,99,"Curious Kelly in final pose in Chair - UI elements will go on the side rails - Copy.png",1344x768,1146.57,f7cff13856733e04df16e0e31db4fc1f000e8df9c8889d9f0889fadd2300270b
"C:\Users\user\UI-TARS-desktop\public\kelly\phases\256\q3.png","q3.png","C:\Users\user\UI-TARS-desktop\public\kelly\phases\256",GOOD,63.75,86,"Curious Kelly in final pose in Chair - UI elements will go on the side rails - Copy.png",1344x768,1187.85,b599a771ca662e699677d6864a66ac221bd5f89fcd081d9aa8185a9707e1a41f
"C:\Users\user\UI-TARS-desktop\public\kelly\phases\256\wisdom.png","wisdom.png","C:\Users\user\UI-TARS-desktop\public\kelly\phases\256",IMPOSTER,35.25,114,"neutral face with hair.png",1344x768,1119.37,a756e5541aed58d9275954e4fa8d44d3ca21d9ac7634cb221a32d3a49ab6d966
"C:\Users\user\UI-TARS-desktop\public\kelly\phases\257\hook.png","hook.png","C:\Users\user\UI-TARS-desktop\public\kelly\phases\257",IMPOSTER,30.75,119,"slightly turning her head.png",1344x768,1189.74,f45879710d77a3c676a452b702fef20a09f7b48f80fc5f1e48d884a5b84fa1c8
"C:\Users\user\UI-TARS-desktop\public\kelly\phases\257\q1.png","q1.png","C:\Users\user\UI-TARS-desktop\public\kelly\phases\257",IMPOSTER,31.25,118,"close up of kellys eyes.png",1344x768,1190.98,98f3208bd68c6b77333ca888b2d1bdb7230095abeeda87ad4f464c6c6e478856
"C:\Users\user\UI-TARS-desktop\public\kelly\phases\257\q2.png","q2.png","C:\Users\user\UI-TARS-desktop\public\kelly\phases\257",IMPOSTER,35.75,114,"slightly turning her head.png",1344x768,1215.1,e533fcc7164c666017c5a16c014ddf4443f4113dd993991bb93f81a3b837bc36
"C:\Users\user\UI-TARS-desktop\public\kelly\phases\257\q3.png","q3.png","C:\Users\user\UI-TARS-desktop\public\kelly\phases\257",IMPOSTER,36.5,113,"Curious Kelly in final pose in Chair - UI elements will go on the side rails - Copy.png",1344x768,1233.46,e59b6dffdec5067064c994607ac8c9450fec7c0f2b5078031cfb1bc3883a1f93
"C:\Users\user\UI-TARS-desktop\public\kelly\phases\257\wisdom.png","wisdom.png","C:\Users\user\UI-TARS-desktop\public\kelly\phases\257",IMPOSTER,23.75,126,"head and shoulders without chair.png",1344x768,1219.46,a14dab1a853356e76bb0141b1f6b90736c33f686996ad6c4dc8c0ccadc4dd8ec
"C:\Users\user\UI-TARS-desktop\public\kelly\phases\258\hook.png","hook.png","C:\Users\user\UI-TARS-desktop\public\kelly\phases\258",SUSPICIOUS,43.0,107,"facing to the left.png",1344x768,1138.68,f198e2309e32b74756248be2b41dd2c3ade696d9914f49cc9c9889cd9d899cdc
"C:\Users\user\UI-TARS-desktop\public\kelly\phases\258\q1.png","q1.png","C:\Users\user\UI-TARS-desktop\public\kelly\phases\258",SUSPICIOUS,56.0,94,"facing to the left.png",1344x768,1152.93,b38de23dce224c791f70f883834a5c277c594bc8e88f449edd5894cccbc9d49c
"C:\Users\user\UI-TARS-desktop\public\kelly\phases\258\q2.png","q2.png","C:\Users\user\UI-TARS-desktop\public\kelly\phases\258",IMPOSTER,33.75,116,"neutral face with hair.png",1344x768,1207.63,e425e4e65cde179a2cc1b5fa161b0ec90dc91cf2851fd8218304fb739b2efa15
"C:\Users\user\UI-TARS-desktop\public\kelly\phases\258\q3.png","q3.png","C:\Users\user\UI-TARS-desktop\public\kelly\phases\258",SUSPICIOUS,48.0,102,"facing to the left.png",1344x768,1126.19,e73be6671ce4185effcc82e53ddc084befa41410d91bdf818931f9b20b9be001
"C:\Users\user\UI-TARS-desktop\public\kelly\phases\258\wisdom.png","wisdom.png","C:\Users\user\UI-TARS-desktop\public\kelly\phases\258",IMPOSTER,37.25,112,"Curious Kelly in final pose in Chair - UI elements will go on the side rails - Copy.png",1344x768,1138.14,b2c8a33c1d336ce3e2350f23f5fb0e0348df8f22bcae0acddc8ac89d0dc8d88e
"C:\Users\user\UI-TARS-desktop\public\kelly\phases\259\hook.png","hook.png","C:\Users\user\UI-TARS-desktop\public\kelly\phases\259",SUSPICIOUS,44.75,105,"Curious Kelly in final pose in Chair - UI elements will go on the side rails - Copy.png",1344x768,1085.93,a319a760582690cf6b0cf5e05c9fa95943acf5bd095b42b809f97f89964e1af4
"C:\Users\user\UI-TARS-desktop\public\kelly\phases\259\q2.png","q2.png","C:\Users\user\UI-TARS-desktop\public\kelly\phases\259",SUSPICIOUS,55.25,94,"Curious Kelly in final pose in Chair - UI elements will go on the side rails - Copy.png",1344x768,1172.49,a599ae6b174c6271ee67a5061286f9780fa3998cc95a0bb9b9951a9ef978aa41
"C:\Users\user\UI-TARS-desktop\public\kelly\phases\259\q1.png","q1.png","C:\Users\user\UI-TARS-desktop\public\kelly\phases\259",IMPOSTER,34.75,115,"head and shoulders without chair.png",1344x768,1169.99,b3c4b1148d3b0f7a23d19b31a53bad734ed90ec1f8654c0e4aea9ec4d5ecc40d
"C:\Users\user\UI-TARS-desktop\public\kelly\phases\259\wisdom.png","wisdom.png","C:\Users\user\UI-TARS-desktop\public\kelly\phases\259",IMPOSTER,38.0,112,"slightly turning her head.png",1344x768,1145.95,e5a0a7d0dedd047376ca3b9981d35e091ce3835e54339b229b5711a3bb3c9964
"C:\Users\user\UI-TARS-desktop\public\kelly\phases\259\q3.png","q3.png","C:\Users\user\UI-TARS-desktop\public\kelly\phases\259",IMPOSTER,33.0,117,"Curious Kelly in final pose in Chair - UI elements will go on the side rails - Copy.png",1344x768,1160.53,8d49a999d1b2a5220dd71c1e5217f3a212b7c1cb9e70ab6eba09d36d126dd369
"C:\Users\user\UI-TARS-desktop\public\kelly\phases\260\hook.png","hook.png","C:\Users\user\UI-TARS-desktop\public\kelly\phases\260",SUSPICIOUS,48.25,101,"Curious Kelly in final pose in Chair - UI elements will go on the side rails - Copy.png",1344x768,1154.27,b08da37d5e32042fff6780d35eee04a7e8499a98d9c88d8548ddd5c8c528e65d
"C:\Users\user\UI-TARS-desktop\public\kelly\phases\260\q1.png","q1.png","C:\Users\user\UI-TARS-desktop\public\kelly\phases\260",SUSPICIOUS,51.75,98,"Curious Kelly in final pose in Chair - UI elements will go on the side rails - Copy.png",1344x768,1130.83,f7dde37d85721e875a57803085ea9e074887f8588dc9d89c0d89f9dc0c88f8da
"C:\Users\user\UI-TARS-desktop\public\kelly\phases\260\q2.png","q2.png","C:\Users\user\UI-TARS-desktop\public\kelly\phases\260",SUSPICIOUS,56.0,94,"Curious Kelly in final pose in Chair - UI elements will go on the side rails - Copy.png",1344x768,1173.27,a59faf7dd620607ddc669496f8625092b0d6cd1cd98990929e99a97d465d8e89
"C:\Users\user\UI-TARS-desktop\public\kelly\phases\260\q3.png","q3.png","C:\Users\user\UI-TARS-desktop\public\kelly\phases\260",SUSPICIOUS,47.0,103,"facing to the left.png",1344x768,1095.17,e398e7311866e0dee765083cf787b8c4ee12e1f9fd8e01b9f999089b8199089b
"C:\Users\user\UI-TARS-desktop\public\kelly\phases\260\wisdom.png","wisdom.png","C:\Users\user\UI-TARS-desktop\public\kelly\phases\260",SUSPICIOUS,55.25,94,"Curious Kelly in final pose in Chair - UI elements will go on the side rails - Copy.png",1344x768,1084.1,a7b3a2635e64adac6642d66c81e41cc8d08cadf2521ba99d59d2adbb5b92899b
"C:\Users\user\UI-TARS-desktop\public\kelly\phases\261\hook.png","hook.png","C:\Users\user\UI-TARS-desktop\public\kelly\phases\261",SUSPICIOUS,51.5,98,"Curious Kelly in final pose in Chair - UI elements will go on the side rails - Copy.png",1344x768,1134.99,a299a7295d6640c672e78f2e5508add65a939558bd9a50b9b9d15189a8bd734b
"C:\Users\user\UI-TARS-desktop\public\kelly\phases\261\q2.png","q2.png","C:\Users\user\UI-TARS-desktop\public\kelly\phases\261",SUSPICIOUS,44.75,105,"Curious Kelly in final pose in Chair - UI elements will go on the side rails - Copy.png",1344x768,1132.63,f298e285ca275d7e2bf0ac07484f5ffabcf60e19b5af1898b5e00a19f48d1d08
"C:\Users\user\UI-TARS-desktop\public\kelly\phases\261\q1.png","q1.png","C:\Users\user\UI-TARS-desktop\public\kelly\phases\261",IMPOSTER,38.75,111,"close up of face.jpeg",1344x768,1172.49,b535b17c48ca5981b5e604936f47902d27a3df58a535ce29a75ac96ca53b5a4c
"C:\Users\user\UI-TARS-desktop\public\kelly\phases\261\q3.png","q3.png","C:\Users\user\UI-TARS-desktop\public\kelly\phases\261",SUSPICIOUS,46.75,103,"Curious Kelly in final pose in Chair - UI elements will go on the side rails - Copy.png",1344x768,1179.45,a2c9ab599d265aac2b63be065a1408eb3e50e1524a9d85ad9d58d9ddc89d9dd9
"C:\Users\user\UI-TARS-desktop\public\kelly\phases\261\wisdom.png","wisdom.png","C:\Users\user\UI-TARS-desktop\public\kelly\phases\261",SUSPICIOUS,45.75,104,"Curious Kelly in final pose in Chair - UI elements will go on the side rails - Copy.png",1344x768,1124.56,b3c8b73948720d974656e32709698e465e9da8294ad6a9ac5c8d4adcada95ddc
"C:\Users\user\UI-TARS-desktop\public\kelly\phases\262\hook.png","hook.png","C:\Users\user\UI-TARS-desktop\public\kelly\phases\262",SUSPICIOUS,47.75,102,"facing to the left.png",1344x768,1101.15,b28de22997730ce6a4041fa2e0f75d38ec865e8fa1d9593c2dc488db4c9dd1f8
"C:\Users\user\UI-TARS-desktop\public\kelly\phases\262\q1.png","q1.png","C:\Users\user\UI-TARS-desktop\public\kelly\phases\262",SUSPICIOUS,40.5,109,"head and shoulders without chair.png",1344x768,1204.75,e122bef25c494f0c4e4d494c5b97d788ad7653b3991b98a291d6991c8eeba4d4
"C:\Users\user\UI-TARS-desktop\public\kelly\phases\262\q2.png","q2.png","C:\Users\user\UI-TARS-desktop\public\kelly\phases\262",SUSPICIOUS,50.5,99,"head and shoulders without chair.png",1344x768,1143.63,b1d5ad8df7160299a775d23294099ef548eb8c56dca9d8c209e5d4eefc461b20
"C:\Users\user\UI-TARS-desktop\public\kelly\phases\262\q3.png","q3.png","C:\Users\user\UI-TARS-desktop\public\kelly\phases\262",SUSPICIOUS,41.25,108,"facing to the left.png",1344x768,1209.12,a212e225dc6c5ef23e8d9c4d4e7981c81f149b035b1fa1f05b3899e65a870fdd
"C:\Users\user\UI-TARS-desktop\public\kelly\phases\262\wisdom.png","wisdom.png","C:\Users\user\UI-TARS-desktop\public\kelly\phases\262",SUSPICIOUS,45.5,104,"Curious Kelly in final pose in Chair - UI elements will go on the side rails - Copy.png",1344x768,1123.16,a399a6215d66498cf450d3afdbd09ccb88b89d515b8999577db86bc523cb2644
"C:\Users\user\UI-TARS-desktop\public\kelly\phases\263\hook.png","hook.png","C:\Users\user\UI-TARS-desktop\public\kelly\phases\263",SUSPICIOUS,44.25,105,"Curious Kelly in final pose in Chair - UI elements will go on the side rails - Copy.png",1344x768,1094.3,b749b712c07748e427c61f26bceb5091ad4c55994a48d98d0fd8dc3deb8852fa
"C:\Users\user\UI-TARS-desktop\public\kelly\phases\263\q3.png","q3.png","C:\Users\user\UI-TARS-desktop\public\kelly\phases\263",SUSPICIOUS,52.0,98,"facing to the left.png",1344x768,1084.45,e619e64b03e4097e343cc26d0fd8f5a45a5207bff8481bf5a523db90c99bf830
"C:\Users\user\UI-TARS-desktop\public\kelly\phases\263\q1.png","q1.png","C:\Users\user\UI-TARS-desktop\public\kelly\phases\263",SUSPICIOUS,49.5,100,"Curious Kelly in final pose in Chair - UI elements will go on the side rails - Copy.png",1344x768,1129.77,b07cf81e47e101e179c1c69b03f7ff40001fbfdc800e0f988f9fc60c0332ff7a
"C:\Users\user\UI-TARS-desktop\public\kelly\phases\263\q2.png","q2.png","C:\Users\user\UI-TARS-desktop\public\kelly\phases\263",IMPOSTER,38.75,111,"slightly turning her head.png",1344x768,1187.77,b871a9cbdb8c9614409dadd84b26fe220664d453cd6bce73a440575620bfaff1
"C:\Users\user\UI-TARS-desktop\public\kelly\phases\263\wisdom.png","wisdom.png","C:\Users\user\UI-TARS-desktop\public\kelly\phases\263",SUSPICIOUS,41.0,109,"profile of kelly.png",1344x768,1189.09,e566f58c0c91e257ac99aa37d3d9f8498f6d9b26992813a81367836c1567e03e
"C:\Users\user\UI-TARS-desktop\public\kelly\phases\264\hook.png","hook.png","C:\Users\user\UI-TARS-desktop\public\kelly\phases\264",SUSPICIOUS,45.75,104,"Curious Kelly in final pose in Chair - UI elements will go on the side rails - Copy.png",1344x768,1127.75,f45db27dcf2269b6010bf8635ec6ed58052b0a86fde91eb8a9945bcd9488f094
"C:\Users\user\UI-TARS-desktop\public\kelly\phases\264\q1.png","q1.png","C:\Users\user\UI-TARS-desktop\public\kelly\phases\264",IMPOSTER,36.75,113,"head and shoulders without chair.png",1344x768,1167.3,f543ba974db87b4d22bad51100ddef50117c2e35587d08e1c477cee2c4638ae6
"C:\Users\user\UI-TARS-desktop\public\kelly\phases\264\q2.png","q2.png","C:\Users\user\UI-TARS-desktop\public\kelly\phases\264",SUSPICIOUS,46.75,103,"facing to the left.png",1344x768,1155.1,b1a8e138065a2a36c52348df8ee3dde5c8ce1ccd5ec498825fd8a5a47a4e37ec
"C:\Users\user\UI-TARS-desktop\public\kelly\phases\264\q3.png","q3.png","C:\Users\user\UI-TARS-desktop\public\kelly\phases\264",IMPOSTER,28.75,121,"profile of kelly.png",1344x768,1195.35,b272b8b2858d430f319afbce4b84a59c790cb3d85906a5d556eece4d8c3ade30
"C:\Users\user\UI-TARS-desktop\public\kelly\phases\264\wisdom.png","wisdom.png","C:\Users\user\UI-TARS-desktop\public\kelly\phases\264",IMPOSTER,34.0,116,"close up of face.jpeg",1344x768,1087.65,e54cf1bc11b21af6ed195292bdf7d2483e16c7fa3909c6e43a0d816953c3a03d
"C:\Users\user\UI-TARS-desktop\public\kelly\phases\265\q1.png","q1.png","C:\Users\user\UI-TARS-desktop\public\kelly\phases\265",IMPOSTER,31.75,118,"facing to the left.png",1344x768,1083.48,a616a4eedfc94b99a46756edf1510b8791a982beca929f0290b29d565aa2b933
"C:\Users\user\UI-TARS-desktop\public\kelly\phases\265\hook.png","hook.png","C:\Users\user\UI-TARS-desktop\public\kelly\phases\265",SUSPICIOUS,50.75,99,"Curious Kelly in final pose in Chair - UI elements will go on the side rails - Copy.png",1344x768,1141.96,b0c8b2294b365c77e632a1275e1fadf24817ad4f58f8a89d15c8e9cf9c8909d8
"C:\Users\user\UI-TARS-desktop\public\kelly\phases\265\q3.png","q3.png","C:\Users\user\UI-TARS-desktop\public\kelly\phases\265",IMPOSTER,36.0,114,"Curious Kelly in final pose in Chair - UI elements will go on the side rails - Copy.png",1344x768,1096.53,e18fb6675a74478b98060d9b589dadd994ac4361367627a27666d1a09d93d9b8
"C:\Users\user\UI-TARS-desktop\public\kelly\phases\265\q2.png","q2.png","C:\Users\user\UI-TARS-desktop\public\kelly\phases\265",SUSPICIOUS,46.5,103,"Curious Kelly in final pose in Chair - UI elements will go on the side rails - Copy.png",1344x768,1210.2,a594a67046ee24cb7464594c8eeea0f156aca9d49dbcc9b7190ae0f557a33917
"C:\Users\user\UI-TARS-desktop\public\kelly\phases\265\wisdom.png","wisdom.png","C:\Users\user\UI-TARS-desktop\public\kelly\phases\265",SUSPICIOUS,46.0,104,"facing to the left.png",1344x768,1162.57,b2c9a729d0766ac3b4261ed25e26c8f2f5a99b9c1d88d18d1d8ba8dc1dd9d0a9
"C:\Users\user\UI-TARS-desktop\public\kelly\phases\266\hook.png","hook.png","C:\Users\user\UI-TARS-desktop\public\kelly\phases\266",SUSPICIOUS,44.75,105,"facing to the left.png",1344x768,1118.96,a289b73d5a324f63f62680725fc3a84654b15ac8a94dd4b48fd9dca95ddd8898
"C:\Users\user\UI-TARS-desktop\public\kelly\phases\266\q1.png","q1.png","C:\Users\user\UI-TARS-desktop\public\kelly\phases\266",IMPOSTER,31.0,119,"neutral face with hair.png",1344x768,1166.77,a52aaee252d99dc9e2911ec9ed4dc2998ecbe45dc28db8a3f114c3299930b3b5
"C:\Users\user\UI-TARS-desktop\public\kelly\phases\266\q2.png","q2.png","C:\Users\user\UI-TARS-desktop\public\kelly\phases\266",SUSPICIOUS,47.5,102,"Curious Kelly in final pose in Chair - UI elements will go on the side rails - Copy.png",1344x768,1140.17,b7d8b22b587422f51f66d895dc8e8d875a989d8ec89dcd28f0d9026df1786262
"C:\Users\user\UI-TARS-desktop\public\kelly\phases\266\wisdom.png","wisdom.png","C:\Users\user\UI-TARS-desktop\public\kelly\phases\266",SUSPICIOUS,41.75,108,"Curious Kelly in final pose in Chair - UI elements will go on the side rails - Copy.png",1344x768,1119.77,d29de23d8a223dc660e4be361ed8f1a6498ff6921fc0e8cd1d9cc2c01dd9e88d
"C:\Users\user\UI-TARS-desktop\public\kelly\phases\266\q3.png","q3.png","C:\Users\user\UI-TARS-desktop\public\kelly\phases\266",SUSPICIOUS,45.75,104,"Curious Kelly in final pose in Chair - UI elements will go on the side rails - Copy.png",1344x768,1154.71,a2cca3349d7364613d234ad3aca75d4b5af5ad8a51cccdde289c58c9859cae94
"C:\Users\user\UI-TARS-desktop\public\kelly\phases\267\hook.png","hook.png","C:\Users\user\UI-TARS-desktop\public\kelly\phases\267",SUSPICIOUS,52.0,98,"facing to the left.png",1344x768,1102.73,f71de5594b633aa6366c83271f8e80728fe3f03f094fb5d19c1d09c9d4d50c09
"C:\Users\user\UI-TARS-desktop\public\kelly\phases\267\q1.png","q1.png","C:\Users\user\UI-TARS-desktop\public\kelly\phases\267",IMPOSTER,34.25,115,"profile of kelly.png",1344x768,1114.77,ed68e58d1b9318d225f9fc9302f6bfffda0210f9834c9a2f83e09a6c9a6f8240
"C:\Users\user\UI-TARS-desktop\public\kelly\phases\267\q2.png","q2.png","C:\Users\user\UI-TARS-desktop\public\kelly\phases\267",SUSPICIOUS,48.5,101,"slightly turning her head.png",1344x768,1166.6,e7b2e6ce5c5906ef8e6ed0cc0aaca9961d80d93511f2fd1fc284c5938b91da8a
"C:\Users\user\UI-TARS-desktop\public\kelly\phases\267\wisdom.png","wisdom.png","C:\Users\user\UI-TARS-desktop\public\kelly\phases\267",SUSPICIOUS,48.25,101,"Curious Kelly in final pose in Chair - UI elements will go on the side rails - Copy.png",1344x768,1109.08,b3c9a3284b322df05a07a8a34aea2c13d59dd98ca8e45fdcbd0d0a9ceafea568
"C:\Users\user\UI-TARS-desktop\public\kelly\phases\267\q3.png","q3.png","C:\Users\user\UI-TARS-desktop\public\kelly\phases\267",IMPOSTER,37.25,112,"neutral face with hair.png",1344x768,1184.49,f3e3fb87879c683c2598de9888754cacf64540b79ee06822865f4ce2dc2b0f66
"C:\Users\user\UI-TARS-desktop\public\kelly\phases\268\hook.png","hook.png","C:\Users\user\UI-TARS-desktop\public\kelly\phases\268",IMPOSTER,37.0,113,"facing to the left.png",1344x768,1185.76,a632a5e21ccd5849614da1e852b9e9cc07b6dc23bb2b5bb4f9321b37e1a20577
"C:\Users\user\UI-TARS-desktop\public\kelly\phases\268\q1.png","q1.png","C:\Users\user\UI-TARS-desktop\public\kelly\phases\268",IMPOSTER,32.25,117,"Curious Kelly in final pose in Chair - UI elements will go on the side rails - Copy.png",1344x768,1072.94,f430e44b1fccd8cc3c3917ccfa08fcc40f0cfc1403e3fa3005beda731999e13f
"C:\Users\user\UI-TARS-desktop\public\kelly\phases\268\q2.png","q2.png","C:\Users\user\UI-TARS-desktop\public\kelly\phases\268",IMPOSTER,31.0,119,"neutral face with hair.png",1344x768,1164.93,a06de8599c9c5da205c2ffb9a11356eabf4254a643ecba5b5661d3681b0e15e5
"C:\Users\user\UI-TARS-desktop\public\kelly\phases\268\q3.png","q3.png","C:\Users\user\UI-TARS-desktop\public\kelly\phases\268",SUSPICIOUS,43.25,106,"Curious Kelly in final pose in Chair - UI elements will go on the side rails - Copy.png",1344x768,1089.17,a58ca3a51e730a4df5220c5f5ae80da7ec981dcde9dc94ac5ad8e5cd471ab2a4
"C:\Users\user\UI-TARS-desktop\public\kelly\phases\268\wisdom.png","wisdom.png","C:\Users\user\UI-TARS-desktop\public\kelly\phases\268",IMPOSTER,34.25,115,"neutral face with hair.png",1344x768,1196.41,a7e2eee298d90f499ec9180910b89f5d0c63af1e5118aaa65f218b271b3bdb76
"C:\Users\user\UI-TARS-desktop\public\kelly\phases\269\hook.png","hook.png","C:\Users\user\UI-TARS-desktop\public\kelly\phases\269",SUSPICIOUS,52.0,98,"Curious Kelly in final pose in Chair - UI elements will go on the side rails - Copy.png",1344x768,1150.14,a2c9a31c8c7656e31f23a0f759f2ac83178de8db5fcc8d88c8dc8dcdd0b80f48
"C:\Users\user\UI-TARS-desktop\public\kelly\phases\269\q1.png","q1.png","C:\Users\user\UI-TARS-desktop\public\kelly\phases\269",SUSPICIOUS,47.75,102,"Curious Kelly in final pose in Chair - UI elements will go on the side rails - Copy.png",1344x768,1121.11,a312ee731ecc34cc884e2f4d9934c0cc892e5efaa99350a6f9ba89d75d9388ae
"C:\Users\user\UI-TARS-desktop\public\kelly\phases\269\q2.png","q2.png","C:\Users\user\UI-TARS-desktop\public\kelly\phases\269",IMPOSTER,34.5,115,"profile of kelly.png",1344x768,1174.98,ed3ffc9e0280f2c61c5bf14b83c88304f9331b27f0201fe66438f6451cfdff80
"C:\Users\user\UI-TARS-desktop\public\kelly\phases\269\wisdom.png","wisdom.png","C:\Users\user\UI-TARS-desktop\public\kelly\phases\269",GOOD,59.25,90,"Curious Kelly in final pose in Chair - UI elements will go on the side rails - Copy.png",1344x768,1099.2,b3d9e2309a2755e9cf66889cd46aa89989dd5d88d9d9889dc9d90d865348a67d
"C:\Users\user\UI-TARS-desktop\public\kelly\phases\269\q3.png","q3.png","C:\Users\user\UI-TARS-desktop\public\kelly\phases\269",SUSPICIOUS,47.75,102,"head and shoulders without chair.png",1344x768,1207.01,f5c8f33c8232627f0f70c7a3a237485bb6f1d5c3094f4cbec88a8cdd488c5de0
"C:\Users\user\UI-TARS-desktop\public\kelly\phases\270\q1.png","q1.png","C:\Users\user\UI-TARS-desktop\public\kelly\phases\270",SUSPICIOUS,42.75,107,"Curious Kelly in final pose in Chair - UI elements will go on the side rails - Copy.png",1344x768,1091.2,a149a6b95d660947be9adfb5095b9e8980f8df0d8232b2da75252f66221675e4
"C:\Users\user\UI-TARS-desktop\public\kelly\phases\270\hook.png","hook.png","C:\Users\user\UI-TARS-desktop\public\kelly\phases\270",SUSPICIOUS,51.75,98,"facing to the left.png",1344x768,1204.65,a188a70956763476e721aa6655762ea3f99318ddcd0a888dd9d99dab2ad5d548
"C:\Users\user\UI-TARS-desktop\public\kelly\phases\270\q3.png","q3.png","C:\Users\user\UI-TARS-desktop\public\kelly\phases\270",GOOD,59.75,90,"Curious Kelly in final pose in Chair - UI elements will go on the side rails - Copy.png",1344x768,1133.95,b099a6114f6644afee46186450a69fe645ebde00c9ce949bdff0e893958aca9d
"C:\Users\user\UI-TARS-desktop\public\kelly\phases\270\q2.png","q2.png","C:\Users\user\UI-TARS-desktop\public\kelly\phases\270",SUSPICIOUS,45.5,104,"neutral face with hair.png",1344x768,1157.23,e126f6610cc2409fe64d9dcccb3f4b66991cd9b11b26993ac1b31f96e9338589
"C:\Users\user\UI-TARS-desktop\public\kelly\phases\270\wisdom.png","wisdom.png","C:\Users\user\UI-TARS-desktop\public\kelly\phases\270",SUSPICIOUS,47.25,102,"facing to the left.png",1344x768,1173.62,e799f6200e261a4ef7200d665b0c8ff6ec8207f918bc1ddbd91118bff958489b
"C:\Users\user\UI-TARS-desktop\public\kelly\phases\271\hook.png","hook.png","C:\Users\user\UI-TARS-desktop\public\kelly\phases\271",SUSPICIOUS,44.0,106,"Curious Kelly in final pose in Chair - UI elements will go on the side rails - Copy.png",1344x768,1120.55,b589b73882765e47eda7c0b27a0bddc584b9ca99ad080581f8b8cb0ba5e87e2d
"C:\Users\user\UI-TARS-desktop\public\kelly\phases\271\q1.png","q1.png","C:\Users\user\UI-TARS-desktop\public\kelly\phases\271",SUSPICIOUS,46.0,104,"neutral face with hair.png",1344x768,1116.56,e5648ce41a9a6f7b80cb93291b51932ba86f5174ab279b26596cba275e245f85
"C:\Users\user\UI-TARS-desktop\public\kelly\phases\271\q2.png","q2.png","C:\Users\user\UI-TARS-desktop\public\kelly\phases\271",SUSPICIOUS,44.25,105,"Curious Kelly in final pose in Chair - UI elements will go on the side rails - Copy.png",1344x768,1138.36,e19be06f1e67221bf06e1f84f86601b75411198ad81d199ff9135fbba07b07c1
"C:\Users\user\UI-TARS-desktop\public\kelly\phases\271\q3.png","q3.png","C:\Users\user\UI-TARS-desktop\public\kelly\phases\271",SUSPICIOUS,41.0,109,"neutral face with hair.png",1344x768,1120.28,f1c4b11e4f19dee1642d87d34c49d6b2c96b86d2e80e1de2c44eec460ee6c86f
"C:\Users\user\UI-TARS-desktop\public\kelly\phases\271\wisdom.png","wisdom.png","C:\Users\user\UI-TARS-desktop\public\kelly\phases\271",SUSPICIOUS,57.0,93,"Curious Kelly in final pose in Chair - UI elements will go on the side rails - Copy.png",1344x768,1157.02,e089e67c4e222fcdd0769c8e8d23c09c9f8959cf89b85d9b2989b4fc7207256d
"C:\Users\user\UI-TARS-desktop\public\kelly\phases\272\q1.png","q1.png","C:\Users\user\UI-TARS-desktop\public\kelly\phases\272",SUSPICIOUS,57.0,93,"Curious Kelly in final pose in Chair - UI elements will go on the side rails - Copy.png",1344x768,1106.57,a359a330df337c67226695760e9df85a05c66dd19a3c89d1f8880e9df1cd0c99
"C:\Users\user\UI-TARS-desktop\public\kelly\phases\272\hook.png","hook.png","C:\Users\user\UI-TARS-desktop\public\kelly\phases\272",SUSPICIOUS,48.75,101,"Curious Kelly in final pose in Chair - UI elements will go on the side rails - Copy.png",1344x768,1108.5,9759e63ad86658c6077af964988608dce88d0baaee919959598a8999dd5195fb
"C:\Users\user\UI-TARS-desktop\public\kelly\phases\272\q2.png","q2.png","C:\Users\user\UI-TARS-desktop\public\kelly\phases\272",SUSPICIOUS,53.25,96,"Curious Kelly in final pose in Chair - UI elements will go on the side rails - Copy.png",1344x768,1165.14,b4cba31556340e6cef630036cce689cfd991089adc9f19d98d88c4dd774c3b8b
"C:\Users\user\UI-TARS-desktop\public\kelly\phases\272\q3.png","q3.png","C:\Users\user\UI-TARS-desktop\public\kelly\phases\272",SUSPICIOUS,46.0,104,"slightly turning her head.png",1344x768,1169.98,e531e4c21ee8676e044d827ddeccce6415449959889c9bb8993f99b491f5bf82
"C:\Users\user\UI-TARS-desktop\public\kelly\phases\272\wisdom.png","wisdom.png","C:\Users\user\UI-TARS-desktop\public\kelly\phases\272",IMPOSTER,32.0,118,"profile of kelly.png",1344x768,1074.5,a86ced285d9310332d895d923a6ee7db1863c3d92b64d26c8b3c3fe4c22e8a6d
"C:\Users\user\UI-TARS-desktop\public\kelly\phases\273\hook.png","hook.png","C:\Users\user\UI-TARS-desktop\public\kelly\phases\273",SUSPICIOUS,46.0,104,"Curious Kelly in final pose in Chair - UI elements will go on the side rails - Copy.png",1344x768,1167.38,b588a72c967678d1e962a4b24a83e9625c99b0c10bcced8cfcdd4adaa56c4f1e
"C:\Users\user\UI-TARS-desktop\public\kelly\phases\273\q1.png","q1.png","C:\Users\user\UI-TARS-desktop\public\kelly\phases\273",IMPOSTER,34.0,116,"head and shoulders without chair.png",1344x768,1149.77,e8dbfd01132e02ffed25073404ef87b57420aba410ff07e4b8ec07f002ff96f0
"C:\Users\user\UI-TARS-desktop\public\kelly\phases\273\q2.png","q2.png","C:\Users\user\UI-TARS-desktop\public\kelly\phases\273",SUSPICIOUS,58.75,91,"Curious Kelly in final pose in Chair - UI elements will go on the side rails - Copy.png",1344x768,1193.39,e198ae6de367027a1c3651808d67f5f80ad3ad1f5ad8bd590a99a5c12a1ea55d
"C:\Users\user\UI-TARS-desktop\public\kelly\phases\273\wisdom.png","wisdom.png","C:\Users\user\UI-TARS-desktop\public\kelly\phases\273",SUSPICIOUS,58.0,92,"Curious Kelly in final pose in Chair - UI elements will go on the side rails - Copy.png",1344x768,1178.96,b799a621c266ef5ffae4c94618de08a2595b999f59908d11c19a9d91fb91942b
"C:\Users\user\UI-TARS-desktop\public\kelly\phases\273\q3.png","q3.png","C:\Users\user\UI-TARS-desktop\public\kelly\phases\273",IMPOSTER,33.5,116,"Curious Kelly in final pose in Chair - UI elements will go on the side rails - Copy.png",1344x768,1164.79,a218a221956649de6ee0dca090dfd3c98d5e6db91bd195587ea9a54570f22f5c
"C:\Users\user\UI-TARS-desktop\public\kelly\phases\274\hook.png","hook.png","C:\Users\user\UI-TARS-desktop\public\kelly\phases\274",IMPOSTER,38.75,111,"neutral face with hair.png",1344x768,1068.65,a08eb1b0cb380f67ee73d4d94a641c676c5c4ae4b58e48e4d4fcad05565ba1b5
"C:\Users\user\UI-TARS-desktop\public\kelly\phases\274\q1.png","q1.png","C:\Users\user\UI-TARS-desktop\public\kelly\phases\274",SUSPICIOUS,42.0,108,"head and shoulders without chair.png",1344x768,1119.75,f1c8f3640f333d1b222117b3591b0fb9dcf327d81921a8fc0efadc4440eb0edc
"C:\Users\user\UI-TARS-desktop\public\kelly\phases\274\q2.png","q2.png","C:\Users\user\UI-TARS-desktop\public\kelly\phases\274",SUSPICIOUS,47.75,102,"facing to the left.png",1344x768,1105.73,e5bef6b91663a043966c5b4c80651f9df91c99ccd99989393d84099bd9011ef6
"C:\Users\user\UI-TARS-desktop\public\kelly\phases\274\q3.png","q3.png","C:\Users\user\UI-TARS-desktop\public\kelly\phases\274",SUSPICIOUS,44.5,105,"close up of face.jpeg",1344x768,1142.26,bd2cbe73c0d041eea363cc45c292a72b4263ce1d86df423aa73dca2dd39c3196
"C:\Users\user\UI-TARS-desktop\public\kelly\phases\274\wisdom.png","wisdom.png","C:\Users\user\UI-TARS-desktop\public\kelly\phases\274",SUSPICIOUS,53.5,96,"Curious Kelly in final pose in Chair - UI elements will go on the side rails - Copy.png",1344x768,1154.37,b799b67948640fc6fe259846abcc55aea8d251b99b9fcdd080b9b99d4393c021
"C:\Users\user\UI-TARS-desktop\public\kelly\phases\275\hook.png","hook.png","C:\Users\user\UI-TARS-desktop\public\kelly\phases\275",SUSPICIOUS,42.0,108,"facing to the left.png",1344x768,1193.59,a59da10556322e6b31e6a8b62f6748f4ad970cbc59cc9d8ad2d997d56912a52c
"C:\Users\user\UI-TARS-desktop\public\kelly\phases\275\q1.png","q1.png","C:\Users\user\UI-TARS-desktop\public\kelly\phases\275",IMPOSTER,34.25,115,"head and shoulders without chair.png",1344x768,1177.23,d5ccf39407332a6508f2ddbb9ece0d17f4f8abcd8b8ce0db0d0a269d68522721
"C:\Users\user\UI-TARS-desktop\public\kelly\phases\275\q2.png","q2.png","C:\Users\user\UI-TARS-desktop\public\kelly\phases\275",SUSPICIOUS,40.5,109,"profile of kelly.png",1344x768,1248.84,c130e5e684cc2c83fcc602d9f01bfecc2ff88b130121bbf1ff0fc1c72cfba284
"C:\Users\user\UI-TARS-desktop\public\kelly\phases\275\q3.png","q3.png","C:\Users\user\UI-TARS-desktop\public\kelly\phases\275",IMPOSTER,35.25,114,"slightly turning her head.png",1344x768,1212.39,95d6b556d299a12d42d9e5d80b4bd6b687fddbe5cc22cc42c4f70c6bace05420
"C:\Users\user\UI-TARS-desktop\public\kelly\phases\275\wisdom.png","wisdom.png","C:\Users\user\UI-TARS-desktop\public\kelly\phases\275",IMPOSTER,38.0,112,"neutral face with hair.png",1344x768,1208.96,e164f4a6d49a0e53e09c879bfc6148db4f53e835ea67f02407227b22d075ff48
"C:\Users\user\UI-TARS-desktop\public\kelly\phases\276\hook.png","hook.png","C:\Users\user\UI-TARS-desktop\public\kelly\phases\276",IMPOSTER,27.0,123,"Curious Kelly in final pose in Chair - UI elements will go on the side rails - Copy.png",1344x768,1220.42,a724ea6e1c9b0acd5890579ba8f99adb4a8fd417e0289be49a26c32582679afe
"C:\Users\user\UI-TARS-desktop\public\kelly\phases\276\q1.png","q1.png","C:\Users\user\UI-TARS-desktop\public\kelly\phases\276",IMPOSTER,31.25,118,"head and shoulders without chair.png",1344x768,1205.86,b4cca1824ba2ee695356d3b3e381da622c9553d6cc86a96dd7c6cc8d8a4d6d85
"C:\Users\user\UI-TARS-desktop\public\kelly\phases\276\q2.png","q2.png","C:\Users\user\UI-TARS-desktop\public\kelly\phases\276",SUSPICIOUS,41.0,109,"Curious Kelly in final pose in Chair - UI elements will go on the side rails - Copy.png",1344x768,1222.29,b19daa695764a5f3e26c5a36f5431704b5a158d959dc099f4b990f05e178568e
"C:\Users\user\UI-TARS-desktop\public\kelly\phases\277\hook.png","hook.png","C:\Users\user\UI-TARS-desktop\public\kelly\phases\277",SUSPICIOUS,45.5,104,"Curious Kelly in final pose in Chair - UI elements will go on the side rails - Copy.png",1344x768,1130.98,a18ae30cc03256318f73d2e38c23ecf5d8e80c8bfcfec8e81ec9fc5c4aed1748
"C:\Users\user\UI-TARS-desktop\public\kelly\phases\276\q3.png","q3.png","C:\Users\user\UI-TARS-desktop\public\kelly\phases\276",IMPOSTER,30.75,119,"profile of kelly.png",1344x768,1204.44,a56c2ff45e9b0a936587f593a1d3578349eb2a73d36038659045f325936cc564
"C:\Users\user\UI-TARS-desktop\public\kelly\phases\276\wisdom.png","wisdom.png","C:\Users\user\UI-TARS-desktop\public\kelly\phases\276",IMPOSTER,34.5,115,"profile of kelly.png",1344x768,1201.65,e533e34b5acd03a952ec32af13ffc245e662e110982d3f1fd41b98a31ba7112e
"C:\Users\user\UI-TARS-desktop\public\kelly\phases\277\q2.png","q2.png","C:\Users\user\UI-TARS-desktop\public\kelly\phases\277",SUSPICIOUS,43.25,106,"head and shoulders without chair.png",1344x768,1145.29,f3ccf33cd6374a570f32f602b0f70433ff1005cbe8ec9c87c8cb0ac8dde8088e
"C:\Users\user\UI-TARS-desktop\public\kelly\phases\277\q1.png","q1.png","C:\Users\user\UI-TARS-desktop\public\kelly\phases\277",IMPOSTER,37.0,113,"neutral face with hair.png",1344x768,1163.42,b568b9bd90b24f12ed95b096dc290336f8125e63b36593459a69fa6e934d0745
"C:\Users\user\UI-TARS-desktop\public\kelly\phases\277\q3.png","q3.png","C:\Users\user\UI-TARS-desktop\public\kelly\phases\277",IMPOSTER,32.25,117,"Curious Kelly in final pose in Chair - UI elements will go on the side rails - Copy.png",1344x768,1181.63,b1cdb7549c73ee4d47a6e8bbe84914e3aa9cd904d0a4adbd4908ddd0b592c12d
"C:\Users\user\UI-TARS-desktop\public\kelly\phases\277\wisdom.png","wisdom.png","C:\Users\user\UI-TARS-desktop\public\kelly\phases\277",GOOD,70.75,79,"Curious Kelly in final pose in Chair - UI elements will go on the side rails - Copy.png",1344x768,1151.5,b1d9a339de760425e825d5e6daf64c22019ddbd90d84e8d81e8de8b85f89b0dc
"C:\Users\user\UI-TARS-desktop\public\kelly\phases\278\hook.png","hook.png","C:\Users\user\UI-TARS-desktop\public\kelly\phases\278",SUSPICIOUS,50.25,99,"head and shoulders without chair.png",1344x768,1131.4,e591e6438b667b749e6cb98c0bd4f98690938999591188b9e9971fb1ea1b14b6
"C:\Users\user\UI-TARS-desktop\public\kelly\phases\278\q1.png","q1.png","C:\Users\user\UI-TARS-desktop\public\kelly\phases\278",SUSPICIOUS,48.75,101,"slightly turning her head.png",1344x768,1214.9,b166fbff439a3a0a9790daff0d1907106e181ffe48010fc98c6eced40ccc9f83
"C:\Users\user\UI-TARS-desktop\public\kelly\phases\278\q3.png","q3.png","C:\Users\user\UI-TARS-desktop\public\kelly\phases\278",SUSPICIOUS,53.0,97,"facing to the left.png",1344x768,1181.31,f493f4708e4726dc3aef58cc056d506c9528159ef8388bb791a2ddbb8031bf13
"C:\Users\user\UI-TARS-desktop\public\kelly\phases\278\q2.png","q2.png","C:\Users\user\UI-TARS-desktop\public\kelly\phases\278",IMPOSTER,38.5,111,"neutral face with hair.png",1344x768,1145.03,f464f8c8c69907375b438563f8e50b6cb8ee896283ce98aca5875ebea0932799
"C:\Users\user\UI-TARS-desktop\public\kelly\phases\278\wisdom.png","wisdom.png","C:\Users\user\UI-TARS-desktop\public\kelly\phases\278",SUSPICIOUS,47.0,103,"Curious Kelly in final pose in Chair - UI elements will go on the side rails - Copy.png",1344x768,1182.97,a9cce1259733524b2230fd3307b18757aae314b8fa47a5dd9c0cfa8589dd8c8d
"C:\Users\user\UI-TARS-desktop\public\kelly\phases\279\hook.png","hook.png","C:\Users\user\UI-TARS-desktop\public\kelly\phases\279",IMPOSTER,38.0,112,"neutral face with hair.png",1344x768,1178.44,a56cee9d9cb3513e2b90d37bee471a21a178826dba65516eab6802a52dc47ce2
"C:\Users\user\UI-TARS-desktop\public\kelly\phases\279\q1.png","q1.png","C:\Users\user\UI-TARS-desktop\public\kelly\phases\279",IMPOSTER,29.0,121,"facing to the left.png",1344x768,1161.62,b2cea31c4d312e299039ead39f2d5cf3fa4601ccccc6dcdcc0cfec4457c2a03d
"C:\Users\user\UI-TARS-desktop\public\kelly\phases\279\q2.png","q2.png","C:\Users\user\UI-TARS-desktop\public\kelly\phases\279",SUSPICIOUS,40.0,110,"head and shoulders without chair.png",1344x768,1163.34,f0ddfe634b2617bf91735e058df3c8918dcc8cdc8dc0c89f07f8702843fe2504
"C:\Users\user\UI-TARS-desktop\public\kelly\phases\279\q3.png","q3.png","C:\Users\user\UI-TARS-desktop\public\kelly\phases\279",IMPOSTER,34.75,115,"neutral face with hair.png",1344x768,1150.04,a425aec41dda408a0699bd53185bc3b91c65f1768b3dd32f9b659b263b64d12e
"C:\Users\user\UI-TARS-desktop\public\kelly\phases\279\wisdom.png","wisdom.png","C:\Users\user\UI-TARS-desktop\public\kelly\phases\279",SUSPICIOUS,43.0,107,"Curious Kelly in final pose in Chair - UI elements will go on the side rails - Copy.png",1344x768,1108.15,f798e3615a775546020bbda6f9d8058ae88d8df99d9dc81d85d8a687b0587670
"C:\Users\user\UI-TARS-desktop\public\kelly\phases\280\hook.png","hook.png","C:\Users\user\UI-TARS-desktop\public\kelly\phases\280",IMPOSTER,37.0,113,"facing to the left.png",1344x768,1136.6,ea18f87085e305973f24c84bc533825ddf12aa3cd4b8aff96f20932d6cfa26b0
"C:\Users\user\UI-TARS-desktop\public\kelly\phases\280\q1.png","q1.png","C:\Users\user\UI-TARS-desktop\public\kelly\phases\280",SUSPICIOUS,43.25,106,"head and shoulders without chair.png",1344x768,1107.64,f532a4d61ac90f0d8fc55b294bb5a9055ba6993259b38bb6492253ba24de42fd
"C:\Users\user\UI-TARS-desktop\public\kelly\phases\280\q2.png","q2.png","C:\Users\user\UI-TARS-desktop\public\kelly\phases\280",IMPOSTER,26.25,123,"slightly turning her head.png",1344x768,1208.71,f060fbe5c3870267871e53523b3367196730771351565a52adcadcb9d9145794
"C:\Users\user\UI-TARS-desktop\public\kelly\phases\280\wisdom.png","wisdom.png","C:\Users\user\UI-TARS-desktop\public\kelly\phases\280",SUSPICIOUS,39.25,110,"Curious Kelly in final pose in Chair - UI elements will go on the side rails - Copy.png",1344x768,1161.38,ff93f6fb804cbc6466e61a5c1b30ad2450ac2ea28bd1b91fd89a991999b189b3
"C:\Users\user\UI-TARS-desktop\public\kelly\phases\280\q3.png","q3.png","C:\Users\user\UI-TARS-desktop\public\kelly\phases\280",SUSPICIOUS,54.25,95,"Curious Kelly in final pose in Chair - UI elements will go on the side rails - Copy.png",1344x768,1089.13,e09df63cde7220435e27f0160adfdce2058af8cc0d9cdc89b9cc0d98f03d1f8e
"C:\Users\user\UI-TARS-desktop\public\kelly\phases\281\hook.png","hook.png","C:\Users\user\UI-TARS-desktop\public\kelly\phases\281",SUSPICIOUS,53.0,97,"Curious Kelly in final pose in Chair - UI elements will go on the side rails - Copy.png",1344x768,1109.07,a25da352cd625e8e76f4a1375ca7f55208aca09f4f5a9f89d495095c94d8caa9
"C:\Users\user\UI-TARS-desktop\public\kelly\phases\281\q1.png","q1.png","C:\Users\user\UI-TARS-desktop\public\kelly\phases\281",SUSPICIOUS,49.5,100,"facing to the left.png",1344x768,1111.31,a1dda739dd224c86587ebd720b89f4c64a8fb7d9492c9cd9c9b1a80d95904e2d
"C:\Users\user\UI-TARS-desktop\public\kelly\phases\281\q2.png","q2.png","C:\Users\user\UI-TARS-desktop\public\kelly\phases\281",IMPOSTER,38.0,112,"neutral face with hair.png",1344x768,1117.06,f46db987c6930c437edad21bbd531b21c1c932251f369364d96403ad5744be2e
"C:\Users\user\UI-TARS-desktop\public\kelly\phases\281\q3.png","q3.png","C:\Users\user\UI-TARS-desktop\public\kelly\phases\281",SUSPICIOUS,50.0,100,"Curious Kelly in final pose in Chair - UI elements will go on the side rails - Copy.png",1344x768,1074.2,e5b9fe610f6401fc14478bf059fca896159358da8db3991841fb8d13f0f30f19
"C:\Users\user\UI-TARS-desktop\public\kelly\phases\281\wisdom.png","wisdom.png","C:\Users\user\UI-TARS-desktop\public\kelly\phases\281",SUSPICIOUS,48.0,102,"Curious Kelly in final pose in Chair - UI elements will go on the side rails - Copy.png",1344x768,1172.75,e05cf0389723514bafb0d806c04b5fdb08d8d8cc958d0fd83c0c81ffff58b727
"C:\Users\user\UI-TARS-desktop\public\kelly\phases\282\hook.png","hook.png","C:\Users\user\UI-TARS-desktop\public\kelly\phases\282",SUSPICIOUS,45.5,104,"Curious Kelly in final pose in Chair - UI elements will go on the side rails - Copy.png",1344x768,1114.5,b59df73d483208e2f65602a6fd5215b6c9c156508abd89c9def8880959dddd98
"C:\Users\user\UI-TARS-desktop\public\kelly\phases\282\q1.png","q1.png","C:\Users\user\UI-TARS-desktop\public\kelly\phases\282",IMPOSTER,31.75,118,"neutral face with hair.png",1344x768,1111.95,d0e6f18c4f18247beb388193b709ad338f51b64490f7fe0496d692d58ec6fc44
"C:\Users\user\UI-TARS-desktop\public\kelly\phases\282\q2.png","q2.png","C:\Users\user\UI-TARS-desktop\public\kelly\phases\282",IMPOSTER,36.5,113,"head and shoulders without chair.png",1344x768,1196.63,a2dcb385de162e584521cab3f3774fd0e843d6fed80c4dd49cc9e8854d6854a6
"C:\Users\user\UI-TARS-desktop\public\kelly\phases\282\q3.png","q3.png","C:\Users\user\UI-TARS-desktop\public\kelly\phases\282",SUSPICIOUS,51.0,99,"Curious Kelly in final pose in Chair - UI elements will go on the side rails - Copy.png",1344x768,1156.91,a192a7635ef55ec9e844d1cc580e80f1fb311dbb9b32d9b719abd112aab2a461
"C:\Users\user\UI-TARS-desktop\public\kelly\phases\282\wisdom.png","wisdom.png","C:\Users\user\UI-TARS-desktop\public\kelly\phases\282",IMPOSTER,33.75,116,"Curious Kelly in final pose in Chair - UI elements will go on the side rails - Copy.png",1344x768,1146.96,f3cdf31e8a310ce03d30845359478cb91a4ef8ccec8d0cc8fddf5e84074ff232
"C:\Users\user\UI-TARS-desktop\public\kelly\phases\283\q1.png","q1.png","C:\Users\user\UI-TARS-desktop\public\kelly\phases\283",IMPOSTER,38.75,111,"profile of kelly.png",1344x768,1183.18,ed6aaf4d15b46ca7bc9115361e8a2593a4f41eaa5496fa92d26ab95493ec121e
"C:\Users\user\UI-TARS-desktop\public\kelly\phases\283\hook.png","hook.png","C:\Users\user\UI-TARS-desktop\public\kelly\phases\283",IMPOSTER,36.25,113,"neutral face with hair.png",1344x768,1184.1,b277e3c7c39c6d285798bd5c43b4e41843f9fd34ce0787e0c86544228e46dea9
"C:\Users\user\UI-TARS-desktop\public\kelly\phases\283\q2.png","q2.png","C:\Users\user\UI-TARS-desktop\public\kelly\phases\283",SUSPICIOUS,41.0,109,"facing to the left.png",1344x768,1156.49,f433ec9ae4481fe559ec801ddaec0144ff30f91019bbd9a3093adbb33d70e183
"C:\Users\user\UI-TARS-desktop\public\kelly\phases\283\q3.png","q3.png","C:\Users\user\UI-TARS-desktop\public\kelly\phases\283",SUSPICIOUS,53.75,96,"Curious Kelly in final pose in Chair - UI elements will go on the side rails - Copy.png",1344x768,1119.74,e499b5298e66046758a4eab6154e3dda51884a9d5ddd099bddd95a99638d628b
"C:\Users\user\UI-TARS-desktop\public\kelly\phases\283\wisdom.png","wisdom.png","C:\Users\user\UI-TARS-desktop\public\kelly\phases\283",IMPOSTER,34.5,115,"facing to the left.png",1344x768,1159.53,a3c8ab38de3746e2a7724a33f4b20a67fd5226b5180fb5525bacacc08d5cd88b
"C:\Users\user\UI-TARS-desktop\public\kelly\phases\284\q1.png","q1.png","C:\Users\user\UI-TARS-desktop\public\kelly\phases\284",IMPOSTER,37.5,112,"profile of kelly.png",1344x768,1131.86,e2b3e2c3dc4c129c2ffdc94c1849db8c19f4a0b71e8af1b1839e98a3b13389b7
"C:\Users\user\UI-TARS-desktop\public\kelly\phases\284\hook.png","hook.png","C:\Users\user\UI-TARS-desktop\public\kelly\phases\284",IMPOSTER,37.75,112,"facing to the left.png",1344x768,1104.12,a38da73d5c32c9d7b685c9729e92088d89ecbe4ad88d1ea889d85c8adaa5e1d6
"C:\Users\user\UI-TARS-desktop\public\kelly\phases\284\q2.png","q2.png","C:\Users\user\UI-TARS-desktop\public\kelly\phases\284",SUSPICIOUS,47.5,102,"facing to the left.png",1344x768,1141.32,e539e4f402d62ed61649f0c80a5baf8dd9899911d9a91b23f8711f83d938fa78
"C:\Users\user\UI-TARS-desktop\public\kelly\phases\284\q3.png","q3.png","C:\Users\user\UI-TARS-desktop\public\kelly\phases\284",SUSPICIOUS,54.25,95,"Curious Kelly in final pose in Chair - UI elements will go on the side rails - Copy.png",1344x768,1186.32,a398a771de6678ee8766dd06089cf8c21fd8989981d11f19f0981fd1f63de260
"C:\Users\user\UI-TARS-desktop\public\kelly\phases\284\wisdom.png","wisdom.png","C:\Users\user\UI-TARS-desktop\public\kelly\phases\284",SUSPICIOUS,51.25,98,"Curious Kelly in final pose in Chair - UI elements will go on the side rails - Copy.png",1344x768,1123.83,a29da72cda3224470976ec97094afe91ddde8199fe880959f5a50b6db6357850
"C:\Users\user\UI-TARS-desktop\public\kelly\phases\285\hook.png","hook.png","C:\Users\user\UI-TARS-desktop\public\kelly\phases\285",SUSPICIOUS,56.0,94,"Curious Kelly in final pose in Chair - UI elements will go on the side rails - Copy.png",1344x768,1177.0,a50de3700f63582ff5eac253bc9c58aea5d3d59c0a9d1d8b89d5c958480df94a
"C:\Users\user\UI-TARS-desktop\public\kelly\phases\285\q1.png","q1.png","C:\Users\user\UI-TARS-desktop\public\kelly\phases\285",IMPOSTER,31.75,118,"Curious Kelly in final pose in Chair - UI elements will go on the side rails - Copy.png",1344x768,1113.01,e802ad73162d5e0c2d9797a657dca2875753b28b92d396d392c312d092db5753
"C:\Users\user\UI-TARS-desktop\public\kelly\phases\285\q2.png","q2.png","C:\Users\user\UI-TARS-desktop\public\kelly\phases\285",SUSPICIOUS,47.25,102,"Curious Kelly in final pose in Chair - UI elements will go on the side rails - Copy.png",1344x768,1086.93,a1cda325db30067ebf33b493c8738d9c9c88c8cb8dcc9cdc5e0ce066b5e458cd
"C:\Users\user\UI-TARS-desktop\public\kelly\phases\286\hook.png","hook.png","C:\Users\user\UI-TARS-desktop\public\kelly\phases\286",SUSPICIOUS,49.75,100,"facing to the left.png",1344x768,1160.02,b299af3d95624a47023ffaf6ed0085c7480b0fa8d8bd8d8ac9588dfd5ad9d405
"C:\Users\user\UI-TARS-desktop\public\kelly\phases\285\wisdom.png","wisdom.png","C:\Users\user\UI-TARS-desktop\public\kelly\phases\285",IMPOSTER,36.0,114,"profile of kelly.png",1344x768,1121.1,fde4ece0529b131b3cc6f0c0031bfe26b96081027f6c1e34f3041b6dda2cff65
"C:\Users\user\UI-TARS-desktop\public\kelly\phases\285\q3.png","q3.png","C:\Users\user\UI-TARS-desktop\public\kelly\phases\285",IMPOSTER,35.5,114,"Curious Kelly in final pose in Chair - UI elements will go on the side rails - Copy.png",1344x768,1182.17,a0cca31cdfb3fc21732f83b3544babf694134a0b97f648c5ad0456ae8acdd0cc
"C:\Users\user\UI-TARS-desktop\public\kelly\phases\286\q1.png","q1.png","C:\Users\user\UI-TARS-desktop\public\kelly\phases\286",SUSPICIOUS,44.75,105,"Curious Kelly in final pose in Chair - UI elements will go on the side rails - Copy.png",1344x768,1131.17,e59cf278ca277b1384e71b86f8a205f7fc9a0fc9f8dc0c88d8c8c0d90d19e2ec
"C:\Users\user\UI-TARS-desktop\public\kelly\phases\286\q2.png","q2.png","C:\Users\user\UI-TARS-desktop\public\kelly\phases\286",IMPOSTER,38.0,112,"head and shoulders without chair.png",1344x768,1131.02,f18ca5b68b327a69d7330da3cc77ecc1d48cd8ee8cc4c8ce5ec4fa800d6ea04e
"C:\Users\user\UI-TARS-desktop\public\kelly\phases\286\q3.png","q3.png","C:\Users\user\UI-TARS-desktop\public\kelly\phases\286",IMPOSTER,38.5,111,"close up of face.jpeg",1344x768,1204.61,be28b86b84fa51a0ab795988a1e177bca3062b4310a5fb8c85676e728daefd49
"C:\Users\user\UI-TARS-desktop\public\kelly\phases\287\hook.png","hook.png","C:\Users\user\UI-TARS-desktop\public\kelly\phases\287",SUSPICIOUS,55.0,95,"Curious Kelly in final pose in Chair - UI elements will go on the side rails - Copy.png",1344x768,1143.21,b098b57942662e7e12230b66f1a203f7fca6d89d9dc9d8ac8fdaf1895a998151
"C:\Users\user\UI-TARS-desktop\public\kelly\phases\286\wisdom.png","wisdom.png","C:\Users\user\UI-TARS-desktop\public\kelly\phases\286",IMPOSTER,34.25,115,"profile of kelly.png",1344x768,1096.29,f434e41899c939edc63cda201b37f3281b14c23639e60bf2e69f04ede5592ccd
"C:\Users\user\UI-TARS-desktop\public\kelly\phases\287\q1.png","q1.png","C:\Users\user\UI-TARS-desktop\public\kelly\phases\287",IMPOSTER,38.0,112,"facing to the left.png",1344x768,1197.98,b81ff8adcdc003b36c27efd3c7810723c97fcf08c70a467c873bcb0969c8132c
"C:\Users\user\UI-TARS-desktop\public\kelly\phases\287\q3.png","q3.png","C:\Users\user\UI-TARS-desktop\public\kelly\phases\287",IMPOSTER,29.0,121,"close up of face.jpeg",1344x768,1172.29,adc9bd8bd0a77037e5b582b44576bab0cc2a1f47325cc74ba28a564783c9964b
"C:\Users\user\UI-TARS-desktop\public\kelly\phases\287\q2.png","q2.png","C:\Users\user\UI-TARS-desktop\public\kelly\phases\287",IMPOSTER,23.25,126,"Curious Kelly in final pose in Chair - UI elements will go on the side rails - Copy.png",1344x768,1133.02,e54cac59989a0bb445975577af62d2a38e7c954c33cd5738a3499249ba0d5769
"C:\Users\user\UI-TARS-desktop\public\kelly\phases\287\wisdom.png","wisdom.png","C:\Users\user\UI-TARS-desktop\public\kelly\phases\287",SUSPICIOUS,45.5,104,"slightly turning her head.png",1344x768,1128.24,f133f3cad6c904734ec9e83910e9fbc41af2f1321bae1016fb3212e7e05c16ad
"C:\Users\user\UI-TARS-desktop\public\kelly\phases\288\hook.png","hook.png","C:\Users\user\UI-TARS-desktop\public\kelly\phases\288",SUSPICIOUS,49.0,101,"neutral face with hair.png",1344x768,1151.62,fd37f49ec6c9ce5be4c207ccd8731f69b98d5930a3461b24e1061976d3209927
"C:\Users\user\UI-TARS-desktop\public\kelly\phases\288\q2.png","q2.png","C:\Users\user\UI-TARS-desktop\public\kelly\phases\288",SUSPICIOUS,50.75,99,"Curious Kelly in final pose in Chair - UI elements will go on the side rails - Copy.png",1344x768,1156.83,f19bee3406332641f669028e6ee4746d024ff74820e755169fa898fd1f47e51a
"C:\Users\user\UI-TARS-desktop\public\kelly\phases\288\q1.png","q1.png","C:\Users\user\UI-TARS-desktop\public\kelly\phases\288",SUSPICIOUS,47.0,103,"head and shoulders without chair.png",1344x768,1189.89,f0c8f3901f334c33f5651dfad81f84e0d5e6948fc1b185c99ddc959c89c98d48
"C:\Users\user\UI-TARS-desktop\public\kelly\phases\288\q3.png","q3.png","C:\Users\user\UI-TARS-desktop\public\kelly\phases\288",SUSPICIOUS,40.5,109,"Curious Kelly in final pose in Chair - UI elements will go on the side rails - Copy.png",1344x768,1102.08,a3c9a310ce377c6d8f335ae3aca4d55d0a8888efd50c4a9fa5c85308b7f76342
"C:\Users\user\UI-TARS-desktop\public\kelly\phases\289\hook.png","hook.png","C:\Users\user\UI-TARS-desktop\public\kelly\phases\289",SUSPICIOUS,42.75,107,"head and shoulders without chair.png",1344x768,1117.8,a0e4afca151b38175ee3bc0f93ac1b27bae2dd6c912cd264d14699ae8167c62e
"C:\Users\user\UI-TARS-desktop\public\kelly\phases\289\q1.png","q1.png","C:\Users\user\UI-TARS-desktop\public\kelly\phases\289",SUSPICIOUS,48.25,101,"facing to the left.png",1344x768,1152.47,f713e6611f6408de074ce8e50bd0dc1ec5b28a81b93d1992da339db2a993d83f
"C:\Users\user\UI-TARS-desktop\public\kelly\phases\288\wisdom.png","wisdom.png","C:\Users\user\UI-TARS-desktop\public\kelly\phases\288",IMPOSTER,32.75,117,"profile of kelly.png",1344x768,1215.54,e730fc9610c927c3f4da8ad981cfdc49e81d81e09debd51ecac65923c12e9b64
"C:\Users\user\UI-TARS-desktop\public\kelly\phases\289\q2.png","q2.png","C:\Users\user\UI-TARS-desktop\public\kelly\phases\289",SUSPICIOUS,52.25,97,"Curious Kelly in final pose in Chair - UI elements will go on the side rails - Copy.png",1344x768,1176.32,f79aa7785e77284cdaa2afd6c99618a0fb99dfdd88b8d891070be02d0650f0a2
"C:\Users\user\UI-TARS-desktop\public\kelly\phases\289\q3.png","q3.png","C:\Users\user\UI-TARS-desktop\public\kelly\phases\289",IMPOSTER,34.75,115,"slightly turning her head.png",1344x768,1139.52,b07ff1fd478eab8295478f3d8f4616024f150638ce330f0186b9ef510ff83685
"C:\Users\user\UI-TARS-desktop\public\kelly\phases\289\wisdom.png","wisdom.png","C:\Users\user\UI-TARS-desktop\public\kelly\phases\289",SUSPICIOUS,55.5,94,"facing to the left.png",1344x768,1187.1,f1dbe5790a6606a9f667f0f2d666e5e24f2108060d2b0f809d9a9d8bd0bd0fd4
"C:\Users\user\UI-TARS-desktop\public\kelly\phases\290\q1.png","q1.png","C:\Users\user\UI-TARS-desktop\public\kelly\phases\290",SUSPICIOUS,40.0,110,"Curious Kelly in final pose in Chair - UI elements will go on the side rails - Copy.png",1344x768,1083.48,e418e2710a67b506a7d71aa2780c4bc7587e2511cbcdb5fc8e91f9cc09fd498b
"C:\Users\user\UI-TARS-desktop\public\kelly\phases\290\hook.png","hook.png","C:\Users\user\UI-TARS-desktop\public\kelly\phases\290",SUSPICIOUS,45.75,104,"Curious Kelly in final pose in Chair - UI elements will go on the side rails - Copy.png",1344x768,1169.93,a3d9e75d14362ce760c04bf7ddeb5486cbc98598daadc9cc89c8ca899d578888
"C:\Users\user\UI-TARS-desktop\public\kelly\phases\290\q2.png","q2.png","C:\Users\user\UI-TARS-desktop\public\kelly\phases\290",IMPOSTER,33.25,116,"head and shoulders without chair.png",1344x768,1172.2,b1e6b19ec7896a709791a9290ebb4f74a631520aad75d6c849579cecea4e8ca4
"C:\Users\user\UI-TARS-desktop\public\kelly\phases\290\wisdom.png","wisdom.png","C:\Users\user\UI-TARS-desktop\public\kelly\phases\290",IMPOSTER,35.0,115,"Curious Kelly in final pose in Chair - UI elements will go on the side rails - Copy.png",1344x768,1142.48,f719f74d88660fb2f40b9beec1821cd58bcd5c1b81a85818af0f52d13a7567a2
"C:\Users\user\UI-TARS-desktop\public\kelly\phases\290\q3.png","q3.png","C:\Users\user\UI-TARS-desktop\public\kelly\phases\290",SUSPICIOUS,45.5,104,"Curious Kelly in final pose in Chair - UI elements will go on the side rails - Copy.png",1344x768,1133.82,e113e0631eec1f94d46e85da1fb4f9d4a5d1999a4989d839b5972e49662d2646
"C:\Users\user\UI-TARS-desktop\public\kelly\phases\291\hook.png","hook.png","C:\Users\user\UI-TARS-desktop\public\kelly\phases\291",SUSPICIOUS,39.5,110,"facing to the left.png",1344x768,1124.55,b55cb41c4c330fa36a6df6b21c2f4ae9bd710a9fe1ec0bccec1409ce028cfcd4
"C:\Users\user\UI-TARS-desktop\public\kelly\phases\291\q1.png","q1.png","C:\Users\user\UI-TARS-desktop\public\kelly\phases\291",SUSPICIOUS,40.75,109,"profile of kelly.png",1344x768,1148.15,ed598d5b14a63ca42f9c1326b4a4ad15554eaab5551eab171646529ff25e520f
"C:\Users\user\UI-TARS-desktop\public\kelly\phases\291\q2.png","q2.png","C:\Users\user\UI-TARS-desktop\public\kelly\phases\291",SUSPICIOUS,48.0,102,"slightly turning her head.png",1344x768,1160.74,f19df7cb865927155f2942ec02575e32f02547656fd2b03e0225c96f5b26b413
"C:\Users\user\UI-TARS-desktop\public\kelly\phases\291\q3.png","q3.png","C:\Users\user\UI-TARS-desktop\public\kelly\phases\291",IMPOSTER,38.0,112,"Curious Kelly in final pose in Chair - UI elements will go on the side rails - Copy.png",1344x768,1127.17,a71dae31dc76c1c243be81d7f8d95885c0de0d59908c48dd4f05b09e1f6df652
"C:\Users\user\UI-TARS-desktop\public\kelly\phases\291\wisdom.png","wisdom.png","C:\Users\user\UI-TARS-desktop\public\kelly\phases\291",SUSPICIOUS,46.5,103,"Curious Kelly in final pose in Chair - UI elements will go on the side rails - Copy.png",1344x768,1160.04,a391a633de6e5846f045952e5d14a99450a2ad9b1d79b98f599b85715b98b58b
"C:\Users\user\UI-TARS-desktop\public\kelly\phases\292\q1.png","q1.png","C:\Users\user\UI-TARS-desktop\public\kelly\phases\292",SUSPICIOUS,45.25,104,"profile of kelly.png",1344x768,1242.37,ea538d5a992f0c2a45a78ba44165a1a645f5c1e7eaaad175a2ecd05dd0ebba1c
"C:\Users\user\UI-TARS-desktop\public\kelly\phases\292\hook.png","hook.png","C:\Users\user\UI-TARS-desktop\public\kelly\phases\292",SUSPICIOUS,47.75,102,"Curious Kelly in final pose in Chair - UI elements will go on the side rails - Copy.png",1344x768,1141.61,a299a739de665dc7e64c15260c4449f6f4d47ea20b5de1d25e89a15b5999199a
"C:\Users\user\UI-TARS-desktop\public\kelly\phases\292\q2.png","q2.png","C:\Users\user\UI-TARS-desktop\public\kelly\phases\292",SUSPICIOUS,49.0,101,"Curious Kelly in final pose in Chair - UI elements will go on the side rails - Copy.png",1344x768,1191.01,b1d8a559c6f762241f63b8765fb6ea03c02989d68d935890bd9b58b7a48d45e8
"C:\Users\user\UI-TARS-desktop\public\kelly\phases\292\q3.png","q3.png","C:\Users\user\UI-TARS-desktop\public\kelly\phases\292",SUSPICIOUS,48.5,101,"Curious Kelly in final pose in Chair - UI elements will go on the side rails - Copy.png",1344x768,1151.97,a596a67114650cc9566ea9181acce9e5d23799545bf5f93a8f13d0b425525abb
"C:\Users\user\UI-TARS-desktop\public\kelly\phases\292\wisdom.png","wisdom.png","C:\Users\user\UI-TARS-desktop\public\kelly\phases\292",SUSPICIOUS,44.5,105,"facing to the left.png",1344x768,1104.34,b5d9a535bf2658ea5a76cb92b5ad190801d21edceac93c1a852016b77b7d6a22
"C:\Users\user\UI-TARS-desktop\public\kelly\phases\293\hook.png","hook.png","C:\Users\user\UI-TARS-desktop\public\kelly\phases\293",SUSPICIOUS,47.0,103,"slightly turning her head.png",1344x768,1123.72,f1ddf6310867d696471cc7768e0e82479f64d10f8e58c1591e80a9de5c8bb999
"C:\Users\user\UI-TARS-desktop\public\kelly\phases\293\q1.png","q1.png","C:\Users\user\UI-TARS-desktop\public\kelly\phases\293",SUSPICIOUS,44.5,105,"slightly turning her head.png",1344x768,1037.09,e1c4e4fe1d13531058ccac4f9ffc92265fc4fb4b042df880917f5a40a0077f9f
"C:\Users\user\UI-TARS-desktop\public\kelly\phases\293\wisdom.png","wisdom.png","C:\Users\user\UI-TARS-desktop\public\kelly\phases\293",SUSPICIOUS,42.5,107,"Curious Kelly in final pose in Chair - UI elements will go on the side rails - Copy.png",1344x768,1175.5,e38ce303943b1f64ae47d0370fe840c0e8efb50359e8e8b1d08fbdda4d89e89d
"C:\Users\user\UI-TARS-desktop\public\kelly\phases\293\q3.png","q3.png","C:\Users\user\UI-TARS-desktop\public\kelly\phases\293",IMPOSTER,28.5,121,"profile of kelly.png",1344x768,1131.4,c7f6e4d658495b2947bc8959fb135328d9258b76f3a21930f9061d32e1e25e34
"C:\Users\user\UI-TARS-desktop\public\kelly\phases\293\q2.png","q2.png","C:\Users\user\UI-TARS-desktop\public\kelly\phases\293",SUSPICIOUS,49.25,100,"head and shoulders without chair.png",1344x768,1170.21,b48cb338ef2156ea0a72d0e7ec231fdfd80089c39c9cd88a0fd1f8d814edad4e
"C:\Users\user\UI-TARS-desktop\public\kelly\phases\294\hook.png","hook.png","C:\Users\user\UI-TARS-desktop\public\kelly\phases\294",SUSPICIOUS,43.5,106,"Curious Kelly in final pose in Chair - UI elements will go on the side rails - Copy.png",1344x768,1113.88,f689fe61ca662b34e8608ffc9b9718e2fcb18799c18e1819f1d50d992a1f70e0
"C:\Users\user\UI-TARS-desktop\public\kelly\phases\294\q1.png","q1.png","C:\Users\user\UI-TARS-desktop\public\kelly\phases\294",IMPOSTER,35.75,114,"facing to the left.png",1344x768,1172.94,a6b2a6679c6e54d9cac54a8cdc695dcca1655e30ba2c51679ba0ab125137a9af
"C:\Users\user\UI-TARS-desktop\public\kelly\phases\294\q2.png","q2.png","C:\Users\user\UI-TARS-desktop\public\kelly\phases\294",SUSPICIOUS,41.25,108,"neutral face with hair.png",1344x768,1202.59,a91aea62a4e214b34acc4e4dad4956a8e2ec8e5dd7a5b144516cdbb9af165536
"C:\Users\user\UI-TARS-desktop\public\kelly\phases\294\q3.png","q3.png","C:\Users\user\UI-TARS-desktop\public\kelly\phases\294",IMPOSTER,28.75,121,"close up of face.jpeg",1344x768,1159.12,a769acd9189667a59d93f1561e33c3f89f64d02b8a4d9945c72938952155d768
"C:\Users\user\UI-TARS-desktop\public\kelly\phases\294\wisdom.png","wisdom.png","C:\Users\user\UI-TARS-desktop\public\kelly\phases\294",SUSPICIOUS,46.75,103,"Curious Kelly in final pose in Chair - UI elements will go on the side rails - Copy.png",1344x768,1147.99,8319a731c66af9667453e0439e2e52e60ff340519dadd8880ddee89c59d8f8d9
"C:\Users\user\UI-TARS-desktop\public\kelly\phases\295\hook.png","hook.png","C:\Users\user\UI-TARS-desktop\public\kelly\phases\295",SUSPICIOUS,49.75,100,"facing to the left.png",1344x768,1200.83,ed88f078d7230286ae74d5aa2a475db6fd22181a9dd50bd898dfd509ca910bdd
"C:\Users\user\UI-TARS-desktop\public\kelly\phases\295\q2.png","q2.png","C:\Users\user\UI-TARS-desktop\public\kelly\phases\295",IMPOSTER,32.5,117,"neutral face with hair.png",1344x768,1122.7,f84dbdc203335623a1260f1b5399bf3bc9bd669cdecea74d4c0cccc48ccc50d4
"C:\Users\user\UI-TARS-desktop\public\kelly\phases\295\q1.png","q1.png","C:\Users\user\UI-TARS-desktop\public\kelly\phases\295",IMPOSTER,26.0,124,"slightly turning her head.png",1344x768,1083.93,a676a6c658cdaf38551be0871f7821b68b373db4e0343a2fab407827abe03a0f
"C:\Users\user\UI-TARS-desktop\public\kelly\phases\295\q3.png","q3.png","C:\Users\user\UI-TARS-desktop\public\kelly\phases\295",SUSPICIOUS,56.0,94,"Curious Kelly in final pose in Chair - UI elements will go on the side rails - Copy.png",1344x768,1171.3,a391eb6014fe00fbe96c558ce8c45192dbb61970d9f389bbd9a0479be09b4783
"C:\Users\user\UI-TARS-desktop\public\kelly\phases\295\wisdom.png","wisdom.png","C:\Users\user\UI-TARS-desktop\public\kelly\phases\295",SUSPICIOUS,58.5,91,"Curious Kelly in final pose in Chair - UI elements will go on the side rails - Copy.png",1344x768,1141.68,b2d9a731d8662eeea7664ae2fca68cd642399d8058db8d98d8999d8bc8998d91
"C:\Users\user\UI-TARS-desktop\public\kelly\phases\296\hook.png","hook.png","C:\Users\user\UI-TARS-desktop\public\kelly\phases\296",SUSPICIOUS,45.5,104,"head and shoulders without chair.png",1344x768,1178.81,b0c9e3318a3716fd172af7f20b7fd0a70fc8f0980d4ff0e08d9c0dcce081bc1e
"C:\Users\user\UI-TARS-desktop\public\kelly\phases\296\q1.png","q1.png","C:\Users\user\UI-TARS-desktop\public\kelly\phases\296",SUSPICIOUS,43.5,106,"Curious Kelly in final pose in Chair - UI elements will go on the side rails - Copy.png",1344x768,1070.62,e109ab3514b3d8c2aeb45d2a48d09e8dc9cd5699d9b5598896d94b59f0ee3669
"C:\Users\user\UI-TARS-desktop\public\kelly\phases\296\q2.png","q2.png","C:\Users\user\UI-TARS-desktop\public\kelly\phases\296",SUSPICIOUS,46.75,103,"neutral face with hair.png",1344x768,1164.21,b524aaa4d0d90f8746cab459c28709697e0d857a5e31cb263b77f3b51932da27
"C:\Users\user\UI-TARS-desktop\public\kelly\phases\296\q3.png","q3.png","C:\Users\user\UI-TARS-desktop\public\kelly\phases\296",SUSPICIOUS,51.75,98,"Curious Kelly in final pose in Chair - UI elements will go on the side rails - Copy.png",1344x768,1164.39,b19ba62ede640e3b3a67a5345e5008af4d5799882999c5fdad0b5b90a1ad5273
"C:\Users\user\UI-TARS-desktop\public\kelly\phases\297\hook.png","hook.png","C:\Users\user\UI-TARS-desktop\public\kelly\phases\297",SUSPICIOUS,48.0,102,"facing to the left.png",1344x768,1138.43,e788f34548771caaafd5d0f7b86a1c9faf97048b380f0885e58048e8f8dc4bdc
"C:\Users\user\UI-TARS-desktop\public\kelly\phases\297\q1.png","q1.png","C:\Users\user\UI-TARS-desktop\public\kelly\phases\297",IMPOSTER,35.25,114,"head and shoulders without chair.png",1344x768,1111.76,80fc833e4d23c893786efc13c88f49c8bd105ac8b55c5dc8be1cd75ba363364e
"C:\Users\user\UI-TARS-desktop\public\kelly\phases\296\wisdom.png","wisdom.png","C:\Users\user\UI-TARS-desktop\public\kelly\phases\296",SUSPICIOUS,43.5,106,"facing to the left.png",1344x768,1136.64,b3c9ff30d83300eb8e665d8bc88488df8ddd998cd9dc4c0cd2bc2fd26624e332
"C:\Users\user\UI-TARS-desktop\public\kelly\phases\297\q2.png","q2.png","C:\Users\user\UI-TARS-desktop\public\kelly\phases\297",SUSPICIOUS,46.5,103,"Curious Kelly in final pose in Chair - UI elements will go on the side rails - Copy.png",1344x768,1150.95,f58bf63d43232bcd50301b7747266272173378320bf7f502089fddf5850ab417
"C:\Users\user\UI-TARS-desktop\public\kelly\phases\297\q3.png","q3.png","C:\Users\user\UI-TARS-desktop\public\kelly\phases\297",SUSPICIOUS,40.0,110,"Curious Kelly in final pose in Chair - UI elements will go on the side rails - Copy.png",1344x768,1188.8,b14cb2b45fb34b79726a803701594e695c7256c597e57ddb9caf07c894859c0a
"C:\Users\user\UI-TARS-desktop\public\kelly\phases\297\wisdom.png","wisdom.png","C:\Users\user\UI-TARS-desktop\public\kelly\phases\297",SUSPICIOUS,43.25,106,"facing to the left.png",1344x768,1146.08,e059f36d9e235c722d34cbae1f825856a589ced8d8d08d8dc078cf91e075e761
"C:\Users\user\UI-TARS-desktop\public\kelly\phases\298\q1.png","q1.png","C:\Users\user\UI-TARS-desktop\public\kelly\phases\298",SUSPICIOUS,45.0,105,"slightly turning her head.png",1344x768,1163.76,e037ae1ed6e8265606ec761b06c8724d06e778188fcff9189bf3d90c1d3cf0c1
"C:\Users\user\UI-TARS-desktop\public\kelly\phases\298\q2.png","q2.png","C:\Users\user\UI-TARS-desktop\public\kelly\phases\298",SUSPICIOUS,56.25,93,"Curious Kelly in final pose in Chair - UI elements will go on the side rails - Copy.png",1344x768,1140.37,a69db13c5a342663de27cdf20966d8af9589c8cb8dd4dc9c8a98bd8940d82f4d
"C:\Users\user\UI-TARS-desktop\public\kelly\phases\298\wisdom.png","wisdom.png","C:\Users\user\UI-TARS-desktop\public\kelly\phases\298",SUSPICIOUS,56.5,93,"Curious Kelly in final pose in Chair - UI elements will go on the side rails - Copy.png",1344x768,1192.47,a59aa711da65246a1e75a162e34eaf765e67286a0ab5ce8ec8a21e8d997259ab
"C:\Users\user\UI-TARS-desktop\public\kelly\phases\298\hook.png","hook.png","C:\Users\user\UI-TARS-desktop\public\kelly\phases\298",SUSPICIOUS,41.75,108,"neutral face with hair.png",1344x768,1180.03,f7b3e3ef9ecd481ca04e9ecdac23c3cd0d2cfc73c29b9911d81291b38b035e10
"C:\Users\user\UI-TARS-desktop\public\kelly\phases\298\q3.png","q3.png","C:\Users\user\UI-TARS-desktop\public\kelly\phases\298",SUSPICIOUS,47.0,103,"Curious Kelly in final pose in Chair - UI elements will go on the side rails - Copy.png",1344x768,1139.64,b3d9a721da36454b9b721e82d52fe89751daad884d8ddc8aa899514daf88267a
"C:\Users\user\UI-TARS-desktop\public\kelly\phases\299\hook.png","hook.png","C:\Users\user\UI-TARS-desktop\public\kelly\phases\299",SUSPICIOUS,53.0,97,"Curious Kelly in final pose in Chair - UI elements will go on the side rails - Copy.png",1344x768,1115.37,a3d9b63d5e2628c7162abd66d9f15c0e84a04d1bd0ec9ddacc8989d2dc09cbd5
"C:\Users\user\UI-TARS-desktop\public\kelly\phases\299\q1.png","q1.png","C:\Users\user\UI-TARS-desktop\public\kelly\phases\299",SUSPICIOUS,45.25,104,"Curious Kelly in final pose in Chair - UI elements will go on the side rails - Copy.png",1344x768,1103.99,b7dca71999330e6b6aa3ca67bd1b4ae9c0b6ac4d4b4894d46d1d484ca5945ecc
"C:\Users\user\UI-TARS-desktop\public\kelly\phases\299\q2.png","q2.png","C:\Users\user\UI-TARS-desktop\public\kelly\phases\299",SUSPICIOUS,42.0,108,"head and shoulders without chair.png",1344x768,1174.78,b1c3a7cc573e291856b0077b4e316c15fc2ffe6bad954c988c451cec4cbea844
"C:\Users\user\UI-TARS-desktop\public\kelly\phases\299\q3.png","q3.png","C:\Users\user\UI-TARS-desktop\public\kelly\phases\299",SUSPICIOUS,55.0,95,"Curious Kelly in final pose in Chair - UI elements will go on the side rails - Copy.png",1344x768,1152.89,b699a7394a667fc11d77c276f6a60b664157c38db89a58388994d5814ad99d92
"C:\Users\user\UI-TARS-desktop\public\kelly\phases\299\wisdom.png","wisdom.png","C:\Users\user\UI-TARS-desktop\public\kelly\phases\299",SUSPICIOUS,54.75,95,"Curious Kelly in final pose in Chair - UI elements will go on the side rails - Copy.png",1344x768,1139.62,a3d1b42009661efe60d48f0f58d92b9e5b8d34135a9f91911b99d5332b8bf1ab
"C:\Users\user\UI-TARS-desktop\public\kelly\phases\300\q1.png","q1.png","C:\Users\user\UI-TARS-desktop\public\kelly\phases\300",SUSPICIOUS,47.25,102,"facing to the left.png",1344x768,1141.54,e7b9e271df661d0f4874dd885a0a89e6559b19989801c1db5b9fbdb2f01106ea
"C:\Users\user\UI-TARS-desktop\public\kelly\phases\300\q2.png","q2.png","C:\Users\user\UI-TARS-desktop\public\kelly\phases\300",SUSPICIOUS,43.75,106,"Curious Kelly in final pose in Chair - UI elements will go on the side rails - Copy.png",1344x768,1162.35,a2ecb90dcd395663aa76d41795a28d5b2ac1dc9799e889c85c8d8ad85dcdac8c
"C:\Users\user\UI-TARS-desktop\public\kelly\phases\300\hook.png","hook.png","C:\Users\user\UI-TARS-desktop\public\kelly\phases\300",IMPOSTER,28.0,122,"head and shoulders without chair.png",1344x768,1183.14,c088e0885b734a776354f5230e77f1c07c1be3e1fe230fdcf4a00f5e83d41c2f
"C:\Users\user\UI-TARS-desktop\public\kelly\phases\300\q3.png","q3.png","C:\Users\user\UI-TARS-desktop\public\kelly\phases\300",SUSPICIOUS,57.25,92,"facing to the left.png",1344x768,1159.37,a799e713ca6768601e32c3f7cac6ada650b89dbfc9c08d8cd8a99d98c089ad4d
"C:\Users\user\UI-TARS-desktop\public\kelly\phases\301\hook.png","hook.png","C:\Users\user\UI-TARS-desktop\public\kelly\phases\301",IMPOSTER,32.0,118,"neutral face with hair.png",1344x768,1141.02,a6ececcc159b2b9bec32119b3b07d0330b47b8acd2618b6c99c4cb4dd36d8bc4
"C:\Users\user\UI-TARS-desktop\public\kelly\phases\300\wisdom.png","wisdom.png","C:\Users\user\UI-TARS-desktop\public\kelly\phases\300",SUSPICIOUS,51.5,98,"Curious Kelly in final pose in Chair - UI elements will go on the side rails - Copy.png",1344x768,1169.65,f798e6f1c2671f26a0630ecfd12c8116f8f75c1a818d5e9d81e35a9c9d11519b
"C:\Users\user\UI-TARS-desktop\public\kelly\phases\301\q2.png","q2.png","C:\Users\user\UI-TARS-desktop\public\kelly\phases\301",SUSPICIOUS,56.5,93,"Curious Kelly in final pose in Chair - UI elements will go on the side rails - Copy.png",1344x768,1109.8,f51cf27d92721f02e92509f698fa888a0cdddddd89acc8bdb9da5409277f6020
"C:\Users\user\UI-TARS-desktop\public\kelly\phases\301\q1.png","q1.png","C:\Users\user\UI-TARS-desktop\public\kelly\phases\301",IMPOSTER,34.75,115,"facing to the left.png",1344x768,1170.81,e8d5893ab32c6b0e5d6efb4daf292e2d292e5d1d664d9b2d8609968336829554
"C:\Users\user\UI-TARS-desktop\public\kelly\phases\301\q3.png","q3.png","C:\Users\user\UI-TARS-desktop\public\kelly\phases\301",SUSPICIOUS,43.5,106,"Curious Kelly in final pose in Chair - UI elements will go on the side rails - Copy.png",1344x768,1106.44,a1ccf314de9355688137ea83fcc3fdd4c97d84cfc8e6dcc85cec8ced000e148a
"C:\Users\user\UI-TARS-desktop\public\kelly\phases\302\hook.png","hook.png","C:\Users\user\UI-TARS-desktop\public\kelly\phases\302",IMPOSTER,26.5,123,"profile of kelly.png",1344x768,1086.56,e4a4aca9159be9b252d6870cdb2b1d64dbc410edb70d5aece35c1f28e0f22d83
"C:\Users\user\UI-TARS-desktop\public\kelly\phases\301\wisdom.png","wisdom.png","C:\Users\user\UI-TARS-desktop\public\kelly\phases\301",IMPOSTER,36.75,113,"close up of face.jpeg",1344x768,1102.45,b50da6b4cea2c949c2e192934d5d530aa09d3e3f3d802167f27bf27ea24bd263
"C:\Users\user\UI-TARS-desktop\public\kelly\phases\302\q2.png","q2.png","C:\Users\user\UI-TARS-desktop\public\kelly\phases\302",GOOD,64.25,85,"Curious Kelly in final pose in Chair - UI elements will go on the side rails - Copy.png",1344x768,1101.75,a3d9a73916666af38a6694a65cc6e9915d89b9d8499dbd994a49a5b55648226d
"C:\Users\user\UI-TARS-desktop\public\kelly\phases\302\q1.png","q1.png","C:\Users\user\UI-TARS-desktop\public\kelly\phases\302",SUSPICIOUS,58.0,92,"Curious Kelly in final pose in Chair - UI elements will go on the side rails - Copy.png",1344x768,1106.89,a149a7391eb6ed654a2697a6581b95e6688795e80b85d5da8a998d9cd0cb8f95
"C:\Users\user\UI-TARS-desktop\public\kelly\phases\302\q3.png","q3.png","C:\Users\user\UI-TARS-desktop\public\kelly\phases\302",SUSPICIOUS,46.75,103,"Curious Kelly in final pose in Chair - UI elements will go on the side rails - Copy.png",1344x768,1153.79,a399a639cd665a05252edbf20f95510b2bd5d478ab0554a9a657b7da262fa261
"C:\Users\user\UI-TARS-desktop\public\kelly\phases\303\hook.png","hook.png","C:\Users\user\UI-TARS-desktop\public\kelly\phases\303",SUSPICIOUS,48.5,101,"Curious Kelly in final pose in Chair - UI elements will go on the side rails - Copy.png",1344x768,1128.57,b2dda3385d264ce7a276f5275b89a1420adad298dbcb8dd0d4b84b8d85815ebc
"C:\Users\user\UI-TARS-desktop\public\kelly\phases\302\wisdom.png","wisdom.png","C:\Users\user\UI-TARS-desktop\public\kelly\phases\302",SUSPICIOUS,41.0,109,"neutral face with hair.png",1344x768,1197.53,e465e684da9a0fc854dbc6591f89838bac7193271978913cfb231b24e2fe1f54
"C:\Users\user\UI-TARS-desktop\public\kelly\phases\303\q1.png","q1.png","C:\Users\user\UI-TARS-desktop\public\kelly\phases\303",SUSPICIOUS,43.25,106,"close up of face.jpeg",1344x768,1154.45,b833b9e1c5cc2e06738f9accb52a4b9d256eeabc9f0847c6ec16d628bea14413
"C:\Users\user\UI-TARS-desktop\public\kelly\phases\303\q2.png","q2.png","C:\Users\user\UI-TARS-desktop\public\kelly\phases\303",SUSPICIOUS,48.25,101,"neutral face with hair.png",1344x768,1160.72,a95da2114c7264b7265674da06c7664b2dd9d8ad0a4db767508ca9757d7a0aab
"C:\Users\user\UI-TARS-desktop\public\kelly\phases\303\q3.png","q3.png","C:\Users\user\UI-TARS-desktop\public\kelly\phases\303",SUSPICIOUS,50.5,99,"Curious Kelly in final pose in Chair - UI elements will go on the side rails - Copy.png",1344x768,1142.17,b589ef55d8760ca2022ffd771fd0d0aa49eba85d9f86dd88489da8cc1dd89488
"C:\Users\user\UI-TARS-desktop\public\kelly\phases\303\wisdom.png","wisdom.png","C:\Users\user\UI-TARS-desktop\public\kelly\phases\303",SUSPICIOUS,40.0,110,"Curious Kelly in final pose in Chair - UI elements will go on the side rails - Copy.png",1344x768,1140.84,f29fe21d05621be26231a267133a94634393fc7313e4f5210fd6e07d5fc3059e
"C:\Users\user\UI-TARS-desktop\public\kelly\phases\304\hook.png","hook.png","C:\Users\user\UI-TARS-desktop\public\kelly\phases\304",SUSPICIOUS,44.25,105,"Curious Kelly in final pose in Chair - UI elements will go on the side rails - Copy.png",1344x768,1118.53,a1c8a338cb3254631237fd730b17d4a24a330f1bf5e30e57f4b84a9b1d0ed595
"C:\Users\user\UI-TARS-desktop\public\kelly\phases\304\q1.png","q1.png","C:\Users\user\UI-TARS-desktop\public\kelly\phases\304",SUSPICIOUS,46.5,103,"Curious Kelly in final pose in Chair - UI elements will go on the side rails - Copy.png",1344x768,1164.67,f3dbab645e24673b756398b64e8b95e44e51948cc8c89da459daa6a926a14373
"C:\Users\user\UI-TARS-desktop\public\kelly\phases\304\q2.png","q2.png","C:\Users\user\UI-TARS-desktop\public\kelly\phases\304",SUSPICIOUS,47.5,102,"slightly turning her head.png",1344x768,1164.71,a1b8b28d40de36231e67184e7f02f4e6ff1cc9390997db06c473c71fc190dc59
"C:\Users\user\UI-TARS-desktop\public\kelly\phases\304\q3.png","q3.png","C:\Users\user\UI-TARS-desktop\public\kelly\phases\304",SUSPICIOUS,39.75,110,"Curious Kelly in final pose in Chair - UI elements will go on the side rails - Copy.png",1344x768,1173.76,e39be7e996647613f0efaf3403440b6454e3a19ebd1d1cf9b9805992a91748b8
"C:\Users\user\UI-TARS-desktop\public\kelly\phases\305\hook.png","hook.png","C:\Users\user\UI-TARS-desktop\public\kelly\phases\305",IMPOSTER,36.75,113,"facing to the left.png",1344x768,1137.58,b28ca1200f335ee54762de3787e2480fd5c32e5c891dd8ce0ddd1c9ee8dd9c8a
"C:\Users\user\UI-TARS-desktop\public\kelly\phases\304\wisdom.png","wisdom.png","C:\Users\user\UI-TARS-desktop\public\kelly\phases\304",SUSPICIOUS,53.75,96,"Curious Kelly in final pose in Chair - UI elements will go on the side rails - Copy.png",1344x768,1160.74,e799e2799e645b8e037aa075dfa4a18b49f71cbef8401ed91598c9ddb80981d0
"C:\Users\user\UI-TARS-desktop\public\kelly\phases\305\q1.png","q1.png","C:\Users\user\UI-TARS-desktop\public\kelly\phases\305",IMPOSTER,38.0,112,"Curious Kelly in final pose in Chair - UI elements will go on the side rails - Copy.png",1344x768,1176.77,c3fbe67f886611ce4be5efa0d85e1493c3ac1de00a13851bd0db8dbb49b58903
"C:\Users\user\UI-TARS-desktop\public\kelly\phases\305\q3.png","q3.png","C:\Users\user\UI-TARS-desktop\public\kelly\phases\305",IMPOSTER,30.75,119,"close up of kellys eyes.png",1344x768,1209.25,bc3aa96ad1e453d124cbc147d1a7dbd1b76ac095af18c70acf35877902a4a758
"C:\Users\user\UI-TARS-desktop\public\kelly\phases\305\q2.png","q2.png","C:\Users\user\UI-TARS-desktop\public\kelly\phases\305",SUSPICIOUS,43.25,106,"neutral face with hair.png",1344x768,1127.83,ee23fc94c0d61ecaf6db3c0143e8b87dfd1f0b199aa191339930c3863e75a113
"C:\Users\user\UI-TARS-desktop\public\kelly\phases\306\hook.png","hook.png","C:\Users\user\UI-TARS-desktop\public\kelly\phases\306",IMPOSTER,38.25,111,"neutral face with hair.png",1344x768,1167.66,ed61ecdd80be01127190c21fcce65b125b08d625fa6cca0eda61df69db2d5a78
"C:\Users\user\UI-TARS-desktop\public\kelly\phases\305\wisdom.png","wisdom.png","C:\Users\user\UI-TARS-desktop\public\kelly\phases\305",IMPOSTER,37.5,112,"facing to the left.png",1344x768,1158.73,fe19b7dfc1664924e0f65b6785024a10c6b8081ab55d5fb9b8980bfbfd0511f8
"C:\Users\user\UI-TARS-desktop\public\kelly\phases\306\q1.png","q1.png","C:\Users\user\UI-TARS-desktop\public\kelly\phases\306",SUSPICIOUS,54.75,95,"Curious Kelly in final pose in Chair - UI elements will go on the side rails - Copy.png",1344x768,1117.35,e9198b9255642c255696b2e5d699b65636d9924b96cb96da935a54cb2a935d16
"C:\Users\user\UI-TARS-desktop\public\kelly\phases\306\q2.png","q2.png","C:\Users\user\UI-TARS-desktop\public\kelly\phases\306",SUSPICIOUS,56.75,93,"Curious Kelly in final pose in Chair - UI elements will go on the side rails - Copy.png",1344x768,1149.39,b499a6218e664aef142cbc5409c6e9d607bbd990181dd9b1079bf5ab4b58a4fd
"C:\Users\user\UI-TARS-desktop\public\kelly\phases\306\q3.png","q3.png","C:\Users\user\UI-TARS-desktop\public\kelly\phases\306",SUSPICIOUS,50.0,100,"Curious Kelly in final pose in Chair - UI elements will go on the side rails - Copy.png",1344x768,1123.81,b798e369ca36ac06066fcb360542dce7abd05d0d889eccc859cca8d8dcd9dd8c
"C:\Users\user\UI-TARS-desktop\public\kelly\phases\306\wisdom.png","wisdom.png","C:\Users\user\UI-TARS-desktop\public\kelly\phases\306",SUSPICIOUS,45.0,105,"facing to the left.png",1344x768,1125.36,b6a9b02d526e0fc601ae393ed5d6ce1a853405b9ea99159bf8954999f4b9b1d0
"C:\Users\user\UI-TARS-desktop\public\kelly\phases\307\hook.png","hook.png","C:\Users\user\UI-TARS-desktop\public\kelly\phases\307",GOOD,61.5,88,"facing to the left.png",1344x768,1035.98,f119aa69dc6623a39c4659a68d8ec9c65c9b89d9d998d9899998c99b1f19a66c
"C:\Users\user\UI-TARS-desktop\public\kelly\phases\307\q1.png","q1.png","C:\Users\user\UI-TARS-desktop\public\kelly\phases\307",SUSPICIOUS,39.5,110,"head and shoulders without chair.png",1344x768,1157.96,f0bbf4c3876c66b0ae67017c5a443b6486528b18893199dbd9b9a93391f3794e
"C:\Users\user\UI-TARS-desktop\public\kelly\phases\307\q2.png","q2.png","C:\Users\user\UI-TARS-desktop\public\kelly\phases\307",SUSPICIOUS,48.75,101,"neutral face with hair.png",1344x768,1167.6,a194a67946792ec3fe466268cc44de86990fd1f49b949d12d2a7a1d45dbaaba4
"C:\Users\user\UI-TARS-desktop\public\kelly\phases\307\q3.png","q3.png","C:\Users\user\UI-TARS-desktop\public\kelly\phases\307",SUSPICIOUS,49.0,101,"head and shoulders without chair.png",1344x768,1127.24,f5ccf34cca332bf32333f8230807c7b3e81385f4e88b9f8cc8eeac818cdc8ccc
"C:\Users\user\UI-TARS-desktop\public\kelly\phases\307\wisdom.png","wisdom.png","C:\Users\user\UI-TARS-desktop\public\kelly\phases\307",SUSPICIOUS,51.0,99,"Curious Kelly in final pose in Chair - UI elements will go on the side rails - Copy.png",1344x768,1071.72,f789a678c0776bc7a2229c76599b85e60f918d8958dc9c98c8999dd24999b4ad
"C:\Users\user\UI-TARS-desktop\public\kelly\phases\308\q1.png","q1.png","C:\Users\user\UI-TARS-desktop\public\kelly\phases\308",SUSPICIOUS,49.75,100,"slightly turning her head.png",1344x768,1152.2,f146b2a74f99735c84b1f209c491fe3806f0e8250ec6d8730e67cce60ee7c87d
"C:\Users\user\UI-TARS-desktop\public\kelly\phases\308\hook.png","hook.png","C:\Users\user\UI-TARS-desktop\public\kelly\phases\308",IMPOSTER,38.0,112,"slightly turning her head.png",1344x768,1168.02,f864e0d09f1987dfb4a2a8db93a1bf3c81f7f8390bc4f92600760b6ef82c1f01
"C:\Users\user\UI-TARS-desktop\public\kelly\phases\308\q2.png","q2.png","C:\Users\user\UI-TARS-desktop\public\kelly\phases\308",SUSPICIOUS,52.75,97,"facing to the left.png",1344x768,1123.98,b159d5388e3608fb0f669583494fc8d68c99e9cd9ece498d9cdcc1d8495c3f05
"C:\Users\user\UI-TARS-desktop\public\kelly\phases\308\q3.png","q3.png","C:\Users\user\UI-TARS-desktop\public\kelly\phases\308",SUSPICIOUS,41.5,108,"slightly turning her head.png",1344x768,1168.83,b0c4b3d4cf93e42aef15dff16f5ecfe8847f4924c89e4c4ec2c44c0c94c6486a
"C:\Users\user\UI-TARS-desktop\public\kelly\phases\308\wisdom.png","wisdom.png","C:\Users\user\UI-TARS-desktop\public\kelly\phases\308",SUSPICIOUS,46.75,103,"Curious Kelly in final pose in Chair - UI elements will go on the side rails - Copy.png",1344x768,1117.21,a199a73dd222f6d14665183605425ae70dbbdcc8dbcad8dcd889ddc8e95d0aaa
"C:\Users\user\UI-TARS-desktop\public\kelly\phases\309\hook.png","hook.png","C:\Users\user\UI-TARS-desktop\public\kelly\phases\309",SUSPICIOUS,39.75,110,"facing to the left.png",1344x768,1111.67,f3ccc33cb433b4730c32ad33c983494cbcfd8cdf4a5c8cd6bc8c4ca48ccc9ccc
"C:\Users\user\UI-TARS-desktop\public\kelly\phases\309\q2.png","q2.png","C:\Users\user\UI-TARS-desktop\public\kelly\phases\309",SUSPICIOUS,47.0,103,"close up of kellys eyes.png",1344x768,1098.37,c190c679b46db3369c669986bc16c902d981fd98cd91c999d9b1cab97a29666d
"C:\Users\user\UI-TARS-desktop\public\kelly\phases\309\q1.png","q1.png","C:\Users\user\UI-TARS-desktop\public\kelly\phases\309",IMPOSTER,37.0,113,"close up of face.jpeg",1344x768,1202.16,f849dcbd93168f4f841313723669ad59875d3a557314ad148d95659478b6ed90
"C:\Users\user\UI-TARS-desktop\public\kelly\phases\309\wisdom.png","wisdom.png","C:\Users\user\UI-TARS-desktop\public\kelly\phases\309",SUSPICIOUS,51.25,98,"Curious Kelly in final pose in Chair - UI elements will go on the side rails - Copy.png",1344x768,1114.0,e1998679a46698ce7a66d986df888d9935f9d999c95998dfb255720162216666
"C:\Users\user\UI-TARS-desktop\public\kelly\phases\309\q3.png","q3.png","C:\Users\user\UI-TARS-desktop\public\kelly\phases\309",IMPOSTER,28.75,121,"profile of kelly.png",1344x768,1137.36,c74d0d99c192b182b5e133f2966cb26991cc9a5e16a9be75b225678e3196acf1
"C:\Users\user\UI-TARS-desktop\public\kelly\phases\310\hook.png","hook.png","C:\Users\user\UI-TARS-desktop\public\kelly\phases\310",IMPOSTER,32.0,118,"neutral face with hair.png",1344x768,1123.11,e724ac449ad97b992e83d4d91f1de3931fb9650793566b299a0e13649b155364
"C:\Users\user\UI-TARS-desktop\public\kelly\phases\310\q1.png","q1.png","C:\Users\user\UI-TARS-desktop\public\kelly\phases\310",SUSPICIOUS,51.5,98,"Curious Kelly in final pose in Chair - UI elements will go on the side rails - Copy.png",1344x768,1130.1,abd8af159c667feed26580f69e82c0eb8f5998a94d99c99d1c988c81637c0f24
"C:\Users\user\UI-TARS-desktop\public\kelly\phases\310\q3.png","q3.png","C:\Users\user\UI-TARS-desktop\public\kelly\phases\310",SUSPICIOUS,53.5,96,"facing to the left.png",1344x768,1159.97,a593e4315a4d2fbd266ed0642e5ebee44476aa463d08c2d7ade8d99f5890a992
"C:\Users\user\UI-TARS-desktop\public\kelly\phases\310\q2.png","q2.png","C:\Users\user\UI-TARS-desktop\public\kelly\phases\310",SUSPICIOUS,44.75,105,"neutral face with hair.png",1344x768,1160.74,a5b2be76d4cc2e9b844dc1dddbc9d9199f17512e993899355932d90ac1b04707
"C:\Users\user\UI-TARS-desktop\public\kelly\phases\311\hook.png","hook.png","C:\Users\user\UI-TARS-desktop\public\kelly\phases\311",SUSPICIOUS,48.0,102,"profile of kelly.png",1344x768,1031.69,ea4b6d9995a4db366db4a5b6992492b46c96b5a6db76924c92b5924b92519259
"C:\Users\user\UI-TARS-desktop\public\kelly\phases\310\wisdom.png","wisdom.png","C:\Users\user\UI-TARS-desktop\public\kelly\phases\310",SUSPICIOUS,41.0,109,"head and shoulders without chair.png",1344x768,1122.12,b0ceff2e5d332cd3d12188d9cec7c1c9cececd8c8cccc8c48c0c1cf8e2f4e383
"C:\Users\user\UI-TARS-desktop\public\kelly\phases\311\q1.png","q1.png","C:\Users\user\UI-TARS-desktop\public\kelly\phases\311",SUSPICIOUS,40.5,109,"neutral face with hair.png",1344x768,1153.12,a273bda1c1c8239d0199fecc831c469cfb26dfd2dc24ccf0cc63ce6706746c4e
"C:\Users\user\UI-TARS-desktop\public\kelly\phases\311\q2.png","q2.png","C:\Users\user\UI-TARS-desktop\public\kelly\phases\311",SUSPICIOUS,55.75,94,"Curious Kelly in final pose in Chair - UI elements will go on the side rails - Copy.png",1344x768,1135.77,f78bf27c8a733f460334dce6d9e215278a2889fa198dd590898fd9c89db888c9
"C:\Users\user\UI-TARS-desktop\public\kelly\phases\311\q3.png","q3.png","C:\Users\user\UI-TARS-desktop\public\kelly\phases\311",SUSPICIOUS,44.0,106,"head and shoulders without chair.png",1344x768,1120.2,b7d8b268c977d107aa23d9e67c3b8832fc09c88dc9cc8ccccdc8899cdd891dc9
"C:\Users\user\UI-TARS-desktop\public\kelly\phases\311\wisdom.png","wisdom.png","C:\Users\user\UI-TARS-desktop\public\kelly\phases\311",IMPOSTER,32.0,118,"head and shoulders without chair.png",1344x768,1110.5,f04efb2e8fb12ad1a33f93f1dc13ade58c5b7640898454ce8cc8c8aedcce8cc0
"C:\Users\user\UI-TARS-desktop\public\kelly\phases\312\hook.png","hook.png","C:\Users\user\UI-TARS-desktop\public\kelly\phases\312",SUSPICIOUS,40.5,109,"Curious Kelly in final pose in Chair - UI elements will go on the side rails - Copy.png",1344x768,1136.83,e3dcf27d1e22a5b243679d3281cc9f81d03f85845fc8b88f05d968cee5994b58
"C:\Users\user\UI-TARS-desktop\public\kelly\phases\312\q1.png","q1.png","C:\Users\user\UI-TARS-desktop\public\kelly\phases\312",IMPOSTER,30.25,119,"Curious Kelly in final pose in Chair - UI elements will go on the side rails - Copy.png",1344x768,1136.25,83d9a55d4e26e9220bd3f84b94bc0f88a14946d87a8de16e4225fa5374377b37
"C:\Users\user\UI-TARS-desktop\public\kelly\phases\312\q2.png","q2.png","C:\Users\user\UI-TARS-desktop\public\kelly\phases\312",SUSPICIOUS,40.25,109,"neutral face with hair.png",1344x768,1083.05,ed64fe84109b2736fcd3033abf51826c9f6c936dd3441a2dfb6444a56e8c2ad0
"C:\Users\user\UI-TARS-desktop\public\kelly\phases\312\q3.png","q3.png","C:\Users\user\UI-TARS-desktop\public\kelly\phases\312",IMPOSTER,37.75,112,"facing to the left.png",1344x768,1101.17,f3cce2300c33486bf680c3777beaa0c55e7e2fc95cac9d8e5e4e848dd0c044bd
"C:\Users\user\UI-TARS-desktop\public\kelly\phases\313\hook.png","hook.png","C:\Users\user\UI-TARS-desktop\public\kelly\phases\313",SUSPICIOUS,44.5,105,"neutral face with hair.png",1344x768,1103.28,f811a05707ce5f0e203cf1ddc746482a562c875e5ebb8f775e3aa6714265c523
"C:\Users\user\UI-TARS-desktop\public\kelly\phases\312\wisdom.png","wisdom.png","C:\Users\user\UI-TARS-desktop\public\kelly\phases\312",SUSPICIOUS,41.75,108,"facing to the left.png",1344x768,1111.49,f209eb4201f65caead5c8077de80d09d3f01fc1d42b93f89e1910c7be7e23e64
"C:\Users\user\UI-TARS-desktop\public\kelly\phases\313\q1.png","q1.png","C:\Users\user\UI-TARS-desktop\public\kelly\phases\313",SUSPICIOUS,47.0,103,"facing to the left.png",1344x768,1099.9,83d1e623872659d66bddb42ac286b59f9daca99a5ce31b9349d8993944939893
"C:\Users\user\UI-TARS-desktop\public\kelly\phases\313\q2.png","q2.png","C:\Users\user\UI-TARS-desktop\public\kelly\phases\313",SUSPICIOUS,39.25,110,"Curious Kelly in final pose in Chair - UI elements will go on the side rails - Copy.png",1344x768,1118.51,87b3ae65dacc7c1cd24599ecac288bcc3d3e8183593289339bb6d9328197da33
"C:\Users\user\UI-TARS-desktop\public\kelly\phases\313\q3.png","q3.png","C:\Users\user\UI-TARS-desktop\public\kelly\phases\313",GOOD,62.75,87,"Curious Kelly in final pose in Chair - UI elements will go on the side rails - Copy.png",1344x768,1168.32,e799e6798e0735715c24a39edf761d200089fd1e9bab19809919db9b85c3781d
"C:\Users\user\UI-TARS-desktop\public\kelly\phases\314\hook.png","hook.png","C:\Users\user\UI-TARS-desktop\public\kelly\phases\314",SUSPICIOUS,42.75,107,"Curious Kelly in final pose in Chair - UI elements will go on the side rails - Copy.png",1344x768,1101.17,b699a22909664ad6f46e89e64b9bbca64999bd39498395b94f5828ab02f1666f
"C:\Users\user\UI-TARS-desktop\public\kelly\phases\313\wisdom.png","wisdom.png","C:\Users\user\UI-TARS-desktop\public\kelly\phases\313",SUSPICIOUS,41.75,108,"facing to the left.png",1344x768,1142.34,d71df36fca3700427f1d96f7f1120fadf0e20f93f06c4add9d80c0bc280c85c9
"C:\Users\user\UI-TARS-desktop\public\kelly\phases\314\q1.png","q1.png","C:\Users\user\UI-TARS-desktop\public\kelly\phases\314",IMPOSTER,33.5,116,"Curious Kelly in final pose in Chair - UI elements will go on the side rails - Copy.png",1344x768,1137.24,e7e9ed719cb6049edab30776b89e805a1fc0566e93783e68d0491aefc2503d09
"C:\Users\user\UI-TARS-desktop\public\kelly\phases\314\q2.png","q2.png","C:\Users\user\UI-TARS-desktop\public\kelly\phases\314",IMPOSTER,39.0,111,"neutral face with hair.png",1344x768,1173.52,f8c9b1ad87362f4c433212336737a7bb23492b34e232f8e78d97a80a29585ed5
"C:\Users\user\UI-TARS-desktop\public\kelly\phases\314\q3.png","q3.png","C:\Users\user\UI-TARS-desktop\public\kelly\phases\314",IMPOSTER,37.5,112,"Curious Kelly in final pose in Chair - UI elements will go on the side rails - Copy.png",1344x768,1109.31,d21de13d1e625f72a0af5f628d7ae0870ff7f03aaf85585c8d90c88d581c0fc8
"C:\Users\user\UI-TARS-desktop\public\kelly\phases\314\wisdom.png","wisdom.png","C:\Users\user\UI-TARS-desktop\public\kelly\phases\314",IMPOSTER,36.75,113,"head and shoulders without chair.png",1344x768,1142.97,a28ca1b45f3ba86342741f23c875164acc6776dbad6d528ea8ca9d9cdaca894d
"C:\Users\user\UI-TARS-desktop\public\kelly\phases\315\hook.png","hook.png","C:\Users\user\UI-TARS-desktop\public\kelly\phases\315",SUSPICIOUS,45.5,104,"Curious Kelly in final pose in Chair - UI elements will go on the side rails - Copy.png",1344x768,1212.65,f189e13c867756e242f287e2da174eb307f25bc8889f58978dd0dc0e89c9b40f
"C:\Users\user\UI-TARS-desktop\public\kelly\phases\315\q2.png","q2.png","C:\Users\user\UI-TARS-desktop\public\kelly\phases\315",SUSPICIOUS,42.25,107,"close up of face.jpeg",1344x768,1138.02,f96cedd904b52db7519327b6f0d611f28eb8f8cc033e9b33a27416ce930d9060
"C:\Users\user\UI-TARS-desktop\public\kelly\phases\315\q1.png","q1.png","C:\Users\user\UI-TARS-desktop\public\kelly\phases\315",SUSPICIOUS,46.0,104,"Curious Kelly in final pose in Chair - UI elements will go on the side rails - Copy.png",1344x768,1151.29,ac4dad9d97b6ee331422f15e13c6d33aae51566a824d9a581249e2fd3d89c561
"C:\Users\user\UI-TARS-desktop\public\kelly\phases\315\q3.png","q3.png","C:\Users\user\UI-TARS-desktop\public\kelly\phases\315",SUSPICIOUS,45.25,104,"Curious Kelly in final pose in Chair - UI elements will go on the side rails - Copy.png",1344x768,1181.29,a3bba673da4d65f6066caf66506caa84403abbfc0503a8b81d8ba993d9ba99b2
"C:\Users\user\UI-TARS-desktop\public\kelly\phases\315\wisdom.png","wisdom.png","C:\Users\user\UI-TARS-desktop\public\kelly\phases\315",SUSPICIOUS,46.0,104,"head and shoulders without chair.png",1344x768,1157.82,b0cea3064b11b6fe1330f41baa3115f9223ffd840871cfee4cfbccc6c88ccdc4
"C:\Users\user\UI-TARS-desktop\public\kelly\phases\316\hook.png","hook.png","C:\Users\user\UI-TARS-desktop\public\kelly\phases\316",SUSPICIOUS,46.25,103,"head and shoulders without chair.png",1344x768,1116.74,a5ddb7484f2362f737238a6662b55e23ad53522ab55640a29e4de9f20c87f8c8
"C:\Users\user\UI-TARS-desktop\public\kelly\phases\316\q1.png","q1.png","C:\Users\user\UI-TARS-desktop\public\kelly\phases\316",IMPOSTER,37.5,112,"Curious Kelly in final pose in Chair - UI elements will go on the side rails - Copy.png",1344x768,1175.67,ee59895ab1a375e2573036a456a3367d10d456eab299564aaa4e7633a499aa57
"C:\Users\user\UI-TARS-desktop\public\kelly\phases\316\q3.png","q3.png","C:\Users\user\UI-TARS-desktop\public\kelly\phases\316",SUSPICIOUS,55.5,94,"facing to the left.png",1344x768,1101.37,b159f7534ba68c5e3c1fd3e6051efe8408dea5cbd2800b1f94b90bd0f99b0788
"C:\Users\user\UI-TARS-desktop\public\kelly\phases\316\q2.png","q2.png","C:\Users\user\UI-TARS-desktop\public\kelly\phases\316",SUSPICIOUS,45.25,104,"facing to the left.png",1344x768,1178.39,f2ddf73cca360f631733dcb782449df300ca90dcc84c9c80fdcbc05cf27c7122
"C:\Users\user\UI-TARS-desktop\public\kelly\phases\317\hook.png","hook.png","C:\Users\user\UI-TARS-desktop\public\kelly\phases\317",SUSPICIOUS,46.0,104,"head and shoulders without chair.png",1344x768,1137.35,a589ebb1da76f2cdc264dca68fc0c80fe8b989899c999cd8e88d38cd37d03364
"C:\Users\user\UI-TARS-desktop\public\kelly\phases\317\q2.png","q2.png","C:\Users\user\UI-TARS-desktop\public\kelly\phases\317",GOOD,59.25,90,"Curious Kelly in final pose in Chair - UI elements will go on the side rails - Copy.png",1344x768,1093.73,a7cdf37c4a233722da37d8c6cdb21e9fd899c9c19d1c8c81c89d89dd7c182681
"C:\Users\user\UI-TARS-desktop\public\kelly\phases\317\q1.png","q1.png","C:\Users\user\UI-TARS-desktop\public\kelly\phases\317",IMPOSTER,35.75,114,"neutral face with hair.png",1344x768,1146.2,a36eecc0c1d98fa8e493ba1b5c3d90d7380bd03ed834d96ed31697a29be41706
"C:\Users\user\UI-TARS-desktop\public\kelly\phases\316\wisdom.png","wisdom.png","C:\Users\user\UI-TARS-desktop\public\kelly\phases\316",SUSPICIOUS,50.0,100,"Curious Kelly in final pose in Chair - UI elements will go on the side rails - Copy.png",1344x768,1185.39,b09bb26b826c449c2227d5aeaaac4af6ad03d5d70b9b8901d9951d9b8dab5aa7
"C:\Users\user\UI-TARS-desktop\public\kelly\phases\317\wisdom.png","wisdom.png","C:\Users\user\UI-TARS-desktop\public\kelly\phases\317",GOOD,66.0,84,"Curious Kelly in final pose in Chair - UI elements will go on the side rails - Copy.png",1344x768,969.06,a799e679d866d9c664cc9b6489b69998cd32899899999999999b899399999999
"C:\Users\user\UI-TARS-desktop\public\kelly\phases\317\q3.png","q3.png","C:\Users\user\UI-TARS-desktop\public\kelly\phases\317",IMPOSTER,37.5,112,"head and shoulders without chair.png",1344x768,1176.58,a78cb11ed911a6317223b89344298f73f5e3e8d4d43c8ad5d5e888ccdd4e8aad
"C:\Users\user\UI-TARS-desktop\public\kelly\phases\318\hook.png","hook.png","C:\Users\user\UI-TARS-desktop\public\kelly\phases\318",IMPOSTER,33.0,117,"neutral face with hair.png",1344x768,1192.17,a264ee5294dc44b41fbbef49c85fcdb955f9fb08b911c37d186a9328b1018b54
"C:\Users\user\UI-TARS-desktop\public\kelly\phases\318\q1.png","q1.png","C:\Users\user\UI-TARS-desktop\public\kelly\phases\318",IMPOSTER,35.0,115,"Curious Kelly in final pose in Chair - UI elements will go on the side rails - Copy.png",1344x768,1078.47,f811f84f8aa48671d7df95a4daab85ed81d4fc8189591bb9700a3b55203677c6
"C:\Users\user\UI-TARS-desktop\public\kelly\phases\318\q3.png","q3.png","C:\Users\user\UI-TARS-desktop\public\kelly\phases\318",SUSPICIOUS,43.0,107,"facing to the left.png",1344x768,1108.11,e579a3f71ae659e278978f165c0e0ac9d7e1041c5c055b8cf1db5288f4e04b4f
"C:\Users\user\UI-TARS-desktop\public\kelly\phases\318\wisdom.png","wisdom.png","C:\Users\user\UI-TARS-desktop\public\kelly\phases\318",SUSPICIOUS,44.5,105,"facing to the left.png",1344x768,1127.49,b2ddab38df6244c2a2345ea3d5ea5bd6ac4342a9dd5891bccd99009cbdc05a9d
"C:\Users\user\UI-TARS-desktop\public\kelly\phases\318\q2.png","q2.png","C:\Users\user\UI-TARS-desktop\public\kelly\phases\318",IMPOSTER,37.5,112,"Curious Kelly in final pose in Chair - UI elements will go on the side rails - Copy.png",1344x768,1154.44,e49afa0117760c5efaa509b8595fade3d099bd1958d5bc9a238167772664e228
"C:\Users\user\UI-TARS-desktop\public\kelly\phases\319\hook.png","hook.png","C:\Users\user\UI-TARS-desktop\public\kelly\phases\319",IMPOSTER,32.0,118,"close up of kellys eyes.png",1344x768,1199.54,cf31e74fc2ec72925a603821b0e43963d3df859cad3199f318e3c39e0e38e23c
"C:\Users\user\UI-TARS-desktop\public\kelly\phases\319\q1.png","q1.png","C:\Users\user\UI-TARS-desktop\public\kelly\phases\319",IMPOSTER,30.75,119,"slightly turning her head.png",1344x768,1205.67,d820e9d587c7261e1299da4a2f746d3cd3a79ed2c66c866b6c51c272648b933d
"C:\Users\user\UI-TARS-desktop\public\kelly\phases\319\q2.png","q2.png","C:\Users\user\UI-TARS-desktop\public\kelly\phases\319",IMPOSTER,30.25,119,"profile of kelly.png",1344x768,1206.54,dde679de141b2e8c3e1815f323b163d97133a282f327f333d83fd96e0be00420
"C:\Users\user\UI-TARS-desktop\public\kelly\phases\319\q3.png","q3.png","C:\Users\user\UI-TARS-desktop\public\kelly\phases\319",IMPOSTER,28.75,121,"profile of kelly.png",1344x768,1188.09,976d6e5c849be4a534d0771fa0e20f196e2c90e7cf381bce99699388de2c94b4
"C:\Users\user\UI-TARS-desktop\public\kelly\phases\319\wisdom.png","wisdom.png","C:\Users\user\UI-TARS-desktop\public\kelly\phases\319",IMPOSTER,24.5,125,"close up of face.jpeg",1344x768,1197.96,8e313e2d95c75ad1698cad46b1a9aa8e6d1e51b79cf155258655d7718d688a29
"C:\Users\user\UI-TARS-desktop\public\kelly\phases\320\hook.png","hook.png","C:\Users\user\UI-TARS-desktop\public\kelly\phases\320",SUSPICIOUS,54.0,96,"Curious Kelly in final pose in Chair - UI elements will go on the side rails - Copy.png",1344x768,1158.82,b3d9a33994261cf75f65a902c8671c9a8a99d88dad0d58afe899a9c856afb468
"C:\Users\user\UI-TARS-desktop\public\kelly\phases\320\q2.png","q2.png","C:\Users\user\UI-TARS-desktop\public\kelly\phases\320",SUSPICIOUS,41.5,108,"facing to the left.png",1344x768,1185.71,f7cdf33da2722c0e8c330fe14fd180c1dd4e9ccc89f9c18f928412f87ff4c806
"C:\Users\user\UI-TARS-desktop\public\kelly\phases\320\q3.png","q3.png","C:\Users\user\UI-TARS-desktop\public\kelly\phases\320",SUSPICIOUS,50.5,99,"facing to the left.png",1344x768,1157.43,a3d9a7314a2754e82c12e2b74dc88952588fa1f85b9fad895858ad9f5bd19d89
"C:\Users\user\UI-TARS-desktop\public\kelly\phases\320\q1.png","q1.png","C:\Users\user\UI-TARS-desktop\public\kelly\phases\320",SUSPICIOUS,42.75,107,"Curious Kelly in final pose in Chair - UI elements will go on the side rails - Copy.png",1344x768,1175.28,e08df718fe7314d2606f5f3ffc52c2f0bcb76b0b845bbf854880d95a9cc98008
"C:\Users\user\UI-TARS-desktop\public\kelly\phases\321\hook.png","hook.png","C:\Users\user\UI-TARS-desktop\public\kelly\phases\321",SUSPICIOUS,46.25,103,"facing to the left.png",1344x768,1135.34,f09da2b91d224ce66b5758320786fc074bf62e8bd25dc98f0fdcbc0d50db2948
"C:\Users\user\UI-TARS-desktop\public\kelly\phases\320\wisdom.png","wisdom.png","C:\Users\user\UI-TARS-desktop\public\kelly\phases\320",SUSPICIOUS,41.25,108,"profile of kelly.png",1344x768,1180.8,e532d4e48e4d624310ccf559024dea6850ac9fbbf85189de9b01d83f2bf27787
"C:\Users\user\UI-TARS-desktop\public\kelly\phases\321\q1.png","q1.png","C:\Users\user\UI-TARS-desktop\public\kelly\phases\321",SUSPICIOUS,42.5,107,"neutral face with hair.png",1344x768,1118.85,a026ae5650d929b92e5b99cd53a1ab5b1d7552a6b9745b269b265334a9724c4f
"C:\Users\user\UI-TARS-desktop\public\kelly\phases\321\q2.png","q2.png","C:\Users\user\UI-TARS-desktop\public\kelly\phases\321",SUSPICIOUS,43.0,107,"neutral face with hair.png",1344x768,1158.94,e3f7eccf8498865adcc486d9de89c46e1c89ab17197ad1231b2df9001ba7e116
"C:\Users\user\UI-TARS-desktop\public\kelly\phases\321\q3.png","q3.png","C:\Users\user\UI-TARS-desktop\public\kelly\phases\321",SUSPICIOUS,53.75,96,"Curious Kelly in final pose in Chair - UI elements will go on the side rails - Copy.png",1344x768,1129.29,a299a6395d666cccd6668942dcacc996ad99dd89e99b5d19b989007a02bf7a68
"C:\Users\user\UI-TARS-desktop\public\kelly\phases\321\wisdom.png","wisdom.png","C:\Users\user\UI-TARS-desktop\public\kelly\phases\321",IMPOSTER,38.75,111,"neutral face with hair.png",1344x768,1098.19,a864acc49e9911332c9aafd355e6aa1b5c29e3595eaba8469177d3299b781965
"C:\Users\user\UI-TARS-desktop\public\kelly\phases\322\hook.png","hook.png","C:\Users\user\UI-TARS-desktop\public\kelly\phases\322",SUSPICIOUS,51.25,98,"Curious Kelly in final pose in Chair - UI elements will go on the side rails - Copy.png",1344x768,1111.54,a349a535d276ecc67f6d0927d4d0c809edc515baea891d5ce09b0fddb50a2ad0
"C:\Users\user\UI-TARS-desktop\public\kelly\phases\322\q1.png","q1.png","C:\Users\user\UI-TARS-desktop\public\kelly\phases\322",SUSPICIOUS,41.5,108,"neutral face with hair.png",1344x768,1175.44,b973f9438fcc4a9c3452bd0c936c53baad0c0236b52f5af8ad1745b38804dee5
"C:\Users\user\UI-TARS-desktop\public\kelly\phases\322\q2.png","q2.png","C:\Users\user\UI-TARS-desktop\public\kelly\phases\322",IMPOSTER,38.25,111,"slightly turning her head.png",1344x768,1135.24,b1cda314d63317746b38f4a3873374392b79d201256adc958ce55eca85d9d847
"C:\Users\user\UI-TARS-desktop\public\kelly\phases\322\q3.png","q3.png","C:\Users\user\UI-TARS-desktop\public\kelly\phases\322",IMPOSTER,37.25,112,"facing to the left.png",1344x768,1125.16,b14cf51c9eb34e69ed71dca74a4f85e24e8c9846c8ec8fec8a4ab40552713739
"C:\Users\user\UI-TARS-desktop\public\kelly\phases\322\wisdom.png","wisdom.png","C:\Users\user\UI-TARS-desktop\public\kelly\phases\322",SUSPICIOUS,43.5,106,"Curious Kelly in final pose in Chair - UI elements will go on the side rails - Copy.png",1344x768,1089.88,b059b41fda32e7ece72748ab97f2dbcbc4ac19d89c8fc9c80cdd380a0c8d294c
"C:\Users\user\UI-TARS-desktop\public\kelly\phases\323\hook.png","hook.png","C:\Users\user\UI-TARS-desktop\public\kelly\phases\323",GOOD,59.5,90,"facing to the left.png",1344x768,1127.13,a79be03b1f664be5b62cd1e2a97cdd06e8cad11d58890dd9989159db08991dd1
"C:\Users\user\UI-TARS-desktop\public\kelly\phases\323\q1.png","q1.png","C:\Users\user\UI-TARS-desktop\public\kelly\phases\323",SUSPICIOUS,41.25,108,"Curious Kelly in final pose in Chair - UI elements will go on the side rails - Copy.png",1344x768,1082.42,a0ddab32df26e2a9f061d6b0965f5cc26d89c9dc48cdacd818dd1dc81e89b554
"C:\Users\user\UI-TARS-desktop\public\kelly\phases\323\q3.png","q3.png","C:\Users\user\UI-TARS-desktop\public\kelly\phases\323",SUSPICIOUS,47.75,102,"Curious Kelly in final pose in Chair - UI elements will go on the side rails - Copy.png",1344x768,1070.11,a5bbe82016e416dba8445fec1539dacc093657aba8915f9299fb1931c99b5783
"C:\Users\user\UI-TARS-desktop\public\kelly\phases\323\q2.png","q2.png","C:\Users\user\UI-TARS-desktop\public\kelly\phases\323",GOOD,65.75,84,"Curious Kelly in final pose in Chair - UI elements will go on the side rails - Copy.png",1344x768,1174.65,b599ea7056605fc78b27e5eadbc21d1dca9cd588d811949d9a95e460f650529d
"C:\Users\user\UI-TARS-desktop\public\kelly\phases\323\wisdom.png","wisdom.png","C:\Users\user\UI-TARS-desktop\public\kelly\phases\323",IMPOSTER,36.25,113,"profile of kelly.png",1344x768,1150.58,ef24fca78ed820363cd8f1930ed8e89b54a62299e856bf11c0331f6af905553b
"C:\Users\user\UI-TARS-desktop\public\kelly\phases\324\q1.png","q1.png","C:\Users\user\UI-TARS-desktop\public\kelly\phases\324",SUSPICIOUS,57.0,93,"Curious Kelly in final pose in Chair - UI elements will go on the side rails - Copy.png",1344x768,1218.4,e59a86721e6372cbc646ae4852ed36cca54c5ae8ab40d17c99ad588da95c1fab
"C:\Users\user\UI-TARS-desktop\public\kelly\phases\324\hook.png","hook.png","C:\Users\user\UI-TARS-desktop\public\kelly\phases\324",SUSPICIOUS,56.5,93,"Curious Kelly in final pose in Chair - UI elements will go on the side rails - Copy.png",1344x768,1205.49,a2d9a371de763ca6436fb546f0541e66e8071bd99482a8891c9df98bc888fc9d
"C:\Users\user\UI-TARS-desktop\public\kelly\phases\324\q2.png","q2.png","C:\Users\user\UI-TARS-desktop\public\kelly\phases\324",SUSPICIOUS,57.25,92,"facing to the left.png",1344x768,1174.69,a199c33a5e672641c4264fe65c66fc64559aa987d9d91d9dc8aa09c7f82c0dd5
"C:\Users\user\UI-TARS-desktop\public\kelly\phases\324\q3.png","q3.png","C:\Users\user\UI-TARS-desktop\public\kelly\phases\324",IMPOSTER,36.5,113,"profile of kelly.png",1344x768,1169.54,f436ee1698c912e8e3c98a4381701a3d9f6d9b86c0729fac83beb126bd44a67e
"C:\Users\user\UI-TARS-desktop\public\kelly\phases\324\wisdom.png","wisdom.png","C:\Users\user\UI-TARS-desktop\public\kelly\phases\324",IMPOSTER,38.25,111,"profile of kelly.png",1344x768,1133.67,ef64ed98d093102aae9b9753b8f8103bc71b1ce5c1781ae49b07f26c8b68f22e
"C:\Users\user\UI-TARS-desktop\public\kelly\phases\325\hook.png","hook.png","C:\Users\user\UI-TARS-desktop\public\kelly\phases\325",SUSPICIOUS,50.5,99,"Curious Kelly in final pose in Chair - UI elements will go on the side rails - Copy.png",1344x768,1148.75,e3c9f6209e2203fef867dd008a88fdd30bd8fd080d8cf1fa5dcba0d97280656e
"C:\Users\user\UI-TARS-desktop\public\kelly\phases\325\q1.png","q1.png","C:\Users\user\UI-TARS-desktop\public\kelly\phases\325",IMPOSTER,36.75,113,"profile of kelly.png",1344x768,1165.79,e8428ffa35250d2855b593e5967c95b380d5b25990d99277b27c92d9b61da8d2
"C:\Users\user\UI-TARS-desktop\public\kelly\phases\325\q2.png","q2.png","C:\Users\user\UI-TARS-desktop\public\kelly\phases\325",IMPOSTER,35.25,114,"slightly turning her head.png",1344x768,1176.72,f033f9c28fcf0b0dcc84061effc00a6fe6f04e3a8667cc71de578421dfba0930
"C:\Users\user\UI-TARS-desktop\public\kelly\phases\325\q3.png","q3.png","C:\Users\user\UI-TARS-desktop\public\kelly\phases\325",SUSPICIOUS,45.5,104,"Curious Kelly in final pose in Chair - UI elements will go on the side rails - Copy.png",1344x768,1205.62,b592a671c84508df3c689decc0d01eaef0b51bd9d99a81d35a95e11b16a5f0de
"C:\Users\user\UI-TARS-desktop\public\kelly\phases\325\wisdom.png","wisdom.png","C:\Users\user\UI-TARS-desktop\public\kelly\phases\325",SUSPICIOUS,44.75,105,"head and shoulders without chair.png",1344x768,1156.78,f5f3f0c30a4c3ff8e4661f9c80f19dec103ed3d30838c1fd1b03c1bf1d13818b
"C:\Users\user\UI-TARS-desktop\public\kelly\phases\326\hook.png","hook.png","C:\Users\user\UI-TARS-desktop\public\kelly\phases\326",SUSPICIOUS,50.25,99,"Curious Kelly in final pose in Chair - UI elements will go on the side rails - Copy.png",1344x768,1122.79,a199e3391e665982162bbd6659d31d06509bbdb91b52d1a9ab1a56a7ea53362c
"C:\Users\user\UI-TARS-desktop\public\kelly\phases\326\q1.png","q1.png","C:\Users\user\UI-TARS-desktop\public\kelly\phases\326",SUSPICIOUS,41.5,108,"facing to the left.png",1344x768,1142.88,e1d9ef3a1f2200a5659f9f162aa4d72e0616e1f41d86fac406323e77c7a8ba4c
"C:\Users\user\UI-TARS-desktop\public\kelly\phases\326\q2.png","q2.png","C:\Users\user\UI-TARS-desktop\public\kelly\phases\326",SUSPICIOUS,51.75,98,"head and shoulders without chair.png",1344x768,1165.54,e098f60902637a65af24fae685670ab2ff5c80c7800e1dd0d9bed98b9d01bbfc
"C:\Users\user\UI-TARS-desktop\public\kelly\phases\326\wisdom.png","wisdom.png","C:\Users\user\UI-TARS-desktop\public\kelly\phases\326",IMPOSTER,35.0,115,"head and shoulders without chair.png",1344x768,1094.44,a584b5d64b39da2df95342b95c19cbe094b3480e2ffcd08b2d46f5ec88c74d2c
"C:\Users\user\UI-TARS-desktop\public\kelly\phases\326\q3.png","q3.png","C:\Users\user\UI-TARS-desktop\public\kelly\phases\326",SUSPICIOUS,45.25,104,"head and shoulders without chair.png",1344x768,1081.75,f1cef3824d330c79a6b5da330fdbfc240c65e2c80ec3fdec8cce09c4fcc40cc8
"C:\Users\user\UI-TARS-desktop\public\kelly\phases\327\hook.png","hook.png","C:\Users\user\UI-TARS-desktop\public\kelly\phases\327",IMPOSTER,38.0,112,"slightly turning her head.png",1344x768,1116.01,a4a4acadd2d90f13a0fb86d91b03e0721fadfb350165db2c0326f72e5aec8365
"C:\Users\user\UI-TARS-desktop\public\kelly\phases\327\q1.png","q1.png","C:\Users\user\UI-TARS-desktop\public\kelly\phases\327",SUSPICIOUS,47.25,102,"Curious Kelly in final pose in Chair - UI elements will go on the side rails - Copy.png",1344x768,1146.31,b1dea3b44c20157bc033eb814c7bd77ae88189ae1cccdf0e6ccd8b3c18ced730
"C:\Users\user\UI-TARS-desktop\public\kelly\phases\327\q3.png","q3.png","C:\Users\user\UI-TARS-desktop\public\kelly\phases\327",IMPOSTER,35.25,114,"Curious Kelly in final pose in Chair - UI elements will go on the side rails - Copy.png",1344x768,1138.54,c596e4d29fe91849024f9fecd8b50b03506e83ff9fb08123d917893af9979921
"C:\Users\user\UI-TARS-desktop\public\kelly\phases\327\q2.png","q2.png","C:\Users\user\UI-TARS-desktop\public\kelly\phases\327",SUSPICIOUS,42.25,107,"facing to the left.png",1344x768,1151.15,f09de70f8ff263db5c2798f78fc2c813552d8ddd889854c0a8cfddd0801e09f0
"C:\Users\user\UI-TARS-desktop\public\kelly\phases\327\wisdom.png","wisdom.png","C:\Users\user\UI-TARS-desktop\public\kelly\phases\327",SUSPICIOUS,41.0,109,"Curious Kelly in final pose in Chair - UI elements will go on the side rails - Copy.png",1344x768,1153.64,a0c8a2b2d0735f6f4b249693d48e5970f4e95b8cb4964dc9ecbc49cc5e947d90
"C:\Users\user\UI-TARS-desktop\public\kelly\phases\328\hook.png","hook.png","C:\Users\user\UI-TARS-desktop\public\kelly\phases\328",SUSPICIOUS,51.0,99,"Curious Kelly in final pose in Chair - UI elements will go on the side rails - Copy.png",1344x768,1169.84,a189a3385e723e418227e5724a06ade7d688989ecdd84f8db4bc4b58b57cb6a5
"C:\Users\user\UI-TARS-desktop\public\kelly\phases\328\q2.png","q2.png","C:\Users\user\UI-TARS-desktop\public\kelly\phases\328",GOOD,61.75,88,"Curious Kelly in final pose in Chair - UI elements will go on the side rails - Copy.png",1344x768,1188.22,a599a36a0a6c6e618f67f5564af6ac2e1a91d896d8a80dd2f8985b8da571c49e
"C:\Users\user\UI-TARS-desktop\public\kelly\phases\328\q1.png","q1.png","C:\Users\user\UI-TARS-desktop\public\kelly\phases\328",SUSPICIOUS,40.5,109,"head and shoulders without chair.png",1344x768,1096.63,f1e6fa0387fd401cf700493b06d1d4ecd73286f5f501c5728ddf8441cd628dd6
"C:\Users\user\UI-TARS-desktop\public\kelly\phases\328\q3.png","q3.png","C:\Users\user\UI-TARS-desktop\public\kelly\phases\328",SUSPICIOUS,46.25,103,"Curious Kelly in final pose in Chair - UI elements will go on the side rails - Copy.png",1344x768,1072.89,b1cdf3384d337e4ea0231d5baac6d4a30fccd89e8d894adc9c8fc8c81c9e3750
"C:\Users\user\UI-TARS-desktop\public\kelly\phases\328\wisdom.png","wisdom.png","C:\Users\user\UI-TARS-desktop\public\kelly\phases\328",SUSPICIOUS,43.25,106,"Curious Kelly in final pose in Chair - UI elements will go on the side rails - Copy.png",1344x768,1110.99,b19aae68d87457e18026f8928dd5d889988ecd99ef947489037c762ebfd13962
"C:\Users\user\UI-TARS-desktop\public\kelly\phases\329\q1.png","q1.png","C:\Users\user\UI-TARS-desktop\public\kelly\phases\329",SUSPICIOUS,44.75,105,"slightly turning her head.png",1344x768,1181.57,b0f1b1e75246974d33dcfdbc2e926d654ffcb618120880450464deba4c57eea3
"C:\Users\user\UI-TARS-desktop\public\kelly\phases\329\hook.png","hook.png","C:\Users\user\UI-TARS-desktop\public\kelly\phases\329",SUSPICIOUS,49.0,101,"Curious Kelly in final pose in Chair - UI elements will go on the side rails - Copy.png",1344x768,1197.57,f1d8e3414a2654fb8275ed165ec31cff0fd4dd8818bd8ddf8d90d88840d1ab4c
"C:\Users\user\UI-TARS-desktop\public\kelly\phases\329\q2.png","q2.png","C:\Users\user\UI-TARS-desktop\public\kelly\phases\329",SUSPICIOUS,51.25,98,"Curious Kelly in final pose in Chair - UI elements will go on the side rails - Copy.png",1344x768,1192.13,e199e659d66612e6f64512a4f5e40f46a16ffc03ad58c1a50f1ef98381b8d91b
"C:\Users\user\UI-TARS-desktop\public\kelly\phases\329\q3.png","q3.png","C:\Users\user\UI-TARS-desktop\public\kelly\phases\329",GOOD,59.75,90,"facing to the left.png",1344x768,1169.71,a1dbe37bde26168844f69f06c07c5fe4ad1250a9794a0d95d1f099da1d91d8d5
"C:\Users\user\UI-TARS-desktop\public\kelly\phases\330\hook.png","hook.png","C:\Users\user\UI-TARS-desktop\public\kelly\phases\330",SUSPICIOUS,46.25,103,"facing to the left.png",1344x768,1133.99,e79df77c18262d86376fe2f23c0d404a1db6f8ca185884955d49be9c10b829df
"C:\Users\user\UI-TARS-desktop\public\kelly\phases\329\wisdom.png","wisdom.png","C:\Users\user\UI-TARS-desktop\public\kelly\phases\329",SUSPICIOUS,52.25,97,"Curious Kelly in final pose in Chair - UI elements will go on the side rails - Copy.png",1344x768,1177.41,b299a721df6678a94237b917f4624afafe05818add4dc88c5dd8bc85c9cdc188
"C:\Users\user\UI-TARS-desktop\public\kelly\phases\330\q1.png","q1.png","C:\Users\user\UI-TARS-desktop\public\kelly\phases\330",SUSPICIOUS,58.75,91,"Curious Kelly in final pose in Chair - UI elements will go on the side rails - Copy.png",1344x768,1142.09,a3db862b4426e6695e67e07c0de6fca09159f9ab0951d990c99dd9983cf1e04b
"C:\Users\user\UI-TARS-desktop\public\kelly\phases\330\q3.png","q3.png","C:\Users\user\UI-TARS-desktop\public\kelly\phases\330",SUSPICIOUS,49.5,100,"head and shoulders without chair.png",1344x768,1163.01,bfcdfb1e43322255db3802e38c337c9b89e08cc3cc4f8cc98ccc8ccc95ccbee4
"C:\Users\user\UI-TARS-desktop\public\kelly\phases\330\q2.png","q2.png","C:\Users\user\UI-TARS-desktop\public\kelly\phases\330",SUSPICIOUS,44.0,106,"facing to the left.png",1344x768,1079.22,f1cdf23e5a322dfdca2194db0ed9e8ec0cc6fcce0dccfc8c032c7013721e2174
"C:\Users\user\UI-TARS-desktop\public\kelly\phases\330\wisdom.png","wisdom.png","C:\Users\user\UI-TARS-desktop\public\kelly\phases\330",SUSPICIOUS,52.5,97,"Curious Kelly in final pose in Chair - UI elements will go on the side rails - Copy.png",1344x768,1147.38,e59bb7749666220d5a67f0c60768ad265a5eadd058a49d0bf8d20b9bfd380297
"C:\Users\user\UI-TARS-desktop\public\kelly\phases\331\hook.png","hook.png","C:\Users\user\UI-TARS-desktop\public\kelly\phases\331",SUSPICIOUS,52.5,97,"Curious Kelly in final pose in Chair - UI elements will go on the side rails - Copy.png",1344x768,1124.96,b289a27887b745a23e5d3876d28e8989ce9cc9ed168a5979f89e5dcc95814959
"C:\Users\user\UI-TARS-desktop\public\kelly\phases\331\q1.png","q1.png","C:\Users\user\UI-TARS-desktop\public\kelly\phases\331",IMPOSTER,28.25,121,"neutral face with hair.png",1344x768,1103.78,a6a4ae54119929337e5a898df9b3ea45dd6aebb6916602a4bb56572c2ab5550a
"C:\Users\user\UI-TARS-desktop\public\kelly\phases\331\q2.png","q2.png","C:\Users\user\UI-TARS-desktop\public\kelly\phases\331",SUSPICIOUS,41.5,108,"profile of kelly.png",1344x768,1155.47,cd6eedeebc950b93555274fc0293f2723e02e00917c4d37e9a7cf2451340d366
"C:\Users\user\UI-TARS-desktop\public\kelly\phases\331\q3.png","q3.png","C:\Users\user\UI-TARS-desktop\public\kelly\phases\331",IMPOSTER,33.5,116,"Curious Kelly in final pose in Chair - UI elements will go on the side rails - Copy.png",1344x768,1150.69,a469acc9de9a113469771c92e3a4351671f04b7e8a86f5ee3f0053f19a4ed26c
"C:\Users\user\UI-TARS-desktop\public\kelly\phases\331\wisdom.png","wisdom.png","C:\Users\user\UI-TARS-desktop\public\kelly\phases\331",SUSPICIOUS,41.25,108,"Curious Kelly in final pose in Chair - UI elements will go on the side rails - Copy.png",1344x768,1191.79,e798f6f988671c00f7ef87461422f8b487fe8a03b8bc99df890019bd599a8993
"C:\Users\user\UI-TARS-desktop\public\kelly\phases\332\q1.png","q1.png","C:\Users\user\UI-TARS-desktop\public\kelly\phases\332",SUSPICIOUS,53.25,96,"facing to the left.png",1344x768,1147.01,b7dbb7798e26a8005a6387e7b4bc5a04adc65cb995db018a9cb8bd9859998989
"C:\Users\user\UI-TARS-desktop\public\kelly\phases\332\hook.png","hook.png","C:\Users\user\UI-TARS-desktop\public\kelly\phases\332",SUSPICIOUS,53.0,97,"Curious Kelly in final pose in Chair - UI elements will go on the side rails - Copy.png",1344x768,1121.31,f05df6a04b660d2d3e761fe201c59c1aeaea149d81d89c8888fdf11bbe98e1e9
"C:\Users\user\UI-TARS-desktop\public\kelly\phases\332\q2.png","q2.png","C:\Users\user\UI-TARS-desktop\public\kelly\phases\332",SUSPICIOUS,47.25,102,"facing to the left.png",1344x768,1169.79,a7b3aee9ca4547e6bf6cfa00c1d459ae0daa581de8159daa1990d9138b9181fb
"C:\Users\user\UI-TARS-desktop\public\kelly\phases\332\q3.png","q3.png","C:\Users\user\UI-TARS-desktop\public\kelly\phases\332",SUSPICIOUS,51.5,98,"slightly turning her head.png",1344x768,1053.68,e1e6f0d75e99227b00c9fe0d80731f09c0341f2ee93713a2bb36116edf24a17e
"C:\Users\user\UI-TARS-desktop\public\kelly\phases\332\wisdom.png","wisdom.png","C:\Users\user\UI-TARS-desktop\public\kelly\phases\332",IMPOSTER,34.5,115,"profile of kelly.png",1344x768,1156.71,e5e6ec2d18932796fce88a13f296aae8abcf1fe0e23f1b4083783867d220115f
"C:\Users\user\UI-TARS-desktop\public\kelly\phases\333\q2.png","q2.png","C:\Users\user\UI-TARS-desktop\public\kelly\phases\333",IMPOSTER,38.25,111,"head and shoulders without chair.png",1344x768,1151.64,ff8ffe1d03775933e031066679fa581300397fc578c30dd8dc80484edde9d890
"C:\Users\user\UI-TARS-desktop\public\kelly\phases\333\hook.png","hook.png","C:\Users\user\UI-TARS-desktop\public\kelly\phases\333",SUSPICIOUS,57.0,93,"Curious Kelly in final pose in Chair - UI elements will go on the side rails - Copy.png",1344x768,1175.94,a399a359146628274076eff254ceb8d75490fd88efdd5059b889589f23fcf420
"C:\Users\user\UI-TARS-desktop\public\kelly\phases\333\q1.png","q1.png","C:\Users\user\UI-TARS-desktop\public\kelly\phases\333",IMPOSTER,30.0,120,"facing to the left.png",1344x768,1098.54,d60df26209e7ac970581c95e4c8c0f8bc0db9a4dafe042df2c3fd266807f7347
"C:\Users\user\UI-TARS-desktop\public\kelly\phases\333\q3.png","q3.png","C:\Users\user\UI-TARS-desktop\public\kelly\phases\333",IMPOSTER,37.5,112,"head and shoulders without chair.png",1344x768,1107.18,f1eff1ba0f8c4f556e1bcde8de344fe3ec7917c60aa251642e8318c2c03417a4
"C:\Users\user\UI-TARS-desktop\public\kelly\phases\334\hook.png","hook.png","C:\Users\user\UI-TARS-desktop\public\kelly\phases\334",SUSPICIOUS,58.75,91,"Curious Kelly in final pose in Chair - UI elements will go on the side rails - Copy.png",1344x768,1166.77,a299a3315f667ec6a2ac1f4658c4bda65a5abda9189c898958989dd99d9d48d9
"C:\Users\user\UI-TARS-desktop\public\kelly\phases\333\wisdom.png","wisdom.png","C:\Users\user\UI-TARS-desktop\public\kelly\phases\333",IMPOSTER,38.0,112,"neutral face with hair.png",1344x768,1131.7,e1ede4c716da899b39bb60120e1bf91fd0132e01f807186ffb04ba64df68db24
"C:\Users\user\UI-TARS-desktop\public\kelly\phases\334\q2.png","q2.png","C:\Users\user\UI-TARS-desktop\public\kelly\phases\334",SUSPICIOUS,47.0,103,"neutral face with hair.png",1344x768,1173.19,e1fef69fa6111301fe0826e2117d23f866690756fa86dd06ac0f78295878afc5
"C:\Users\user\UI-TARS-desktop\public\kelly\phases\334\q1.png","q1.png","C:\Users\user\UI-TARS-desktop\public\kelly\phases\334",SUSPICIOUS,41.25,108,"head and shoulders without chair.png",1344x768,1171.84,b18eb3e6dd1d0f9c2620d199ab55d7302e69603385c36ab4b569da45a4ea5c4f
"C:\Users\user\UI-TARS-desktop\public\kelly\phases\334\wisdom.png","wisdom.png","C:\Users\user\UI-TARS-desktop\public\kelly\phases\334",SUSPICIOUS,45.0,105,"facing to the left.png",1344x768,1079.42,f419f2510e264de52977b6b249268bdd5df088d25f1d8fcd40dc9e9a098dc1d8
"C:\Users\user\UI-TARS-desktop\public\kelly\phases\334\q3.png","q3.png","C:\Users\user\UI-TARS-desktop\public\kelly\phases\334",IMPOSTER,38.5,111,"profile of kelly.png",1344x768,1102.33,c06cec9c8adb1d03e08f1ddb3f071e73530b29c51d0aa3671e023be65375bb0e
"C:\Users\user\UI-TARS-desktop\public\kelly\phases\335\hook.png","hook.png","C:\Users\user\UI-TARS-desktop\public\kelly\phases\335",SUSPICIOUS,54.5,95,"Curious Kelly in final pose in Chair - UI elements will go on the side rails - Copy.png",1344x768,1175.2,b799a7598b675cee600c9137eaead98f1da4789201499dbdf89981511d95f809
"C:\Users\user\UI-TARS-desktop\public\kelly\phases\335\q2.png","q2.png","C:\Users\user\UI-TARS-desktop\public\kelly\phases\335",SUSPICIOUS,44.0,106,"facing to the left.png",1344x768,1146.72,a33fea3114485ac6a9e5590888dadb855d18b19b5d11eafd7d0be4e1766ca664
"C:\Users\user\UI-TARS-desktop\public\kelly\phases\335\q1.png","q1.png","C:\Users\user\UI-TARS-desktop\public\kelly\phases\335",SUSPICIOUS,56.5,93,"Curious Kelly in final pose in Chair - UI elements will go on the side rails - Copy.png",1344x768,1110.66,a159a331d6e61ced2b68d4861d9dc9c85d98905dfa1999da6ed1b5b262a7a154
"C:\Users\user\UI-TARS-desktop\public\kelly\phases\335\q3.png","q3.png","C:\Users\user\UI-TARS-desktop\public\kelly\phases\335",SUSPICIOUS,49.5,100,"facing to the left.png",1344x768,1213.22,b288b728cd770e6802a6d4070b7d94f2da0559f89cdede08c9d9189c9db9f754
"C:\Users\user\UI-TARS-desktop\public\kelly\phases\336\hook.png","hook.png","C:\Users\user\UI-TARS-desktop\public\kelly\phases\336",IMPOSTER,37.25,112,"Curious Kelly in final pose in Chair - UI elements will go on the side rails - Copy.png",1344x768,1106.28,a5dda3775d66098e161885f60a1abd9d0a58fda94a1918f942db4f8de3c35a8c
"C:\Users\user\UI-TARS-desktop\public\kelly\phases\335\wisdom.png","wisdom.png","C:\Users\user\UI-TARS-desktop\public\kelly\phases\335",SUSPICIOUS,39.5,110,"facing to the left.png",1344x768,1182.61,b3cdb7bddf330842523495f3f24a00a36c33d75082adfadc8d33da88d0cbc0dc
"C:\Users\user\UI-TARS-desktop\public\kelly\phases\336\q1.png","q1.png","C:\Users\user\UI-TARS-desktop\public\kelly\phases\336",IMPOSTER,26.25,123,"slightly turning her head.png",1344x768,1156.42,d099b9c197c66587219edb8e4fe4650e8a9eb30d53402cfeeeb0d228467dee30
"C:\Users\user\UI-TARS-desktop\public\kelly\phases\336\q2.png","q2.png","C:\Users\user\UI-TARS-desktop\public\kelly\phases\336",SUSPICIOUS,51.25,98,"Curious Kelly in final pose in Chair - UI elements will go on the side rails - Copy.png",1344x768,1198.65,f499f470ea6440ae0127fe82b9484bb269ec4c9bdd8f9d9849990bdf14bd6583
"C:\Users\user\UI-TARS-desktop\public\kelly\phases\336\q3.png","q3.png","C:\Users\user\UI-TARS-desktop\public\kelly\phases\336",IMPOSTER,29.0,121,"profile of kelly.png",1344x768,1116.13,a524af84c8fbd8f61f81bb115b2e5a32f974c0e47a261f2e9614537752a0add8
"C:\Users\user\UI-TARS-desktop\public\kelly\phases\337\hook.png","hook.png","C:\Users\user\UI-TARS-desktop\public\kelly\phases\337",IMPOSTER,35.0,115,"head and shoulders without chair.png",1344x768,1102.63,e6d0f6018f6718b6768f2ff7c8180c18df0f4bcc54184d4d5f9f80e81a8b0f8f
"C:\Users\user\UI-TARS-desktop\public\kelly\phases\336\wisdom.png","wisdom.png","C:\Users\user\UI-TARS-desktop\public\kelly\phases\336",SUSPICIOUS,57.0,93,"Curious Kelly in final pose in Chair - UI elements will go on the side rails - Copy.png",1344x768,1157.43,f699a42982665f073c6b91660e96c80f0deefc92949109eef98885f7dd9889b9
"C:\Users\user\UI-TARS-desktop\public\kelly\phases\337\q1.png","q1.png","C:\Users\user\UI-TARS-desktop\public\kelly\phases\337",IMPOSTER,37.75,112,"head and shoulders without chair.png",1344x768,1182.22,b0cea58edb19e64ef3f4e11194ab4b73a1f156322b2f36155b2a26d270218bcb
"C:\Users\user\UI-TARS-desktop\public\kelly\phases\337\q3.png","q3.png","C:\Users\user\UI-TARS-desktop\public\kelly\phases\337",SUSPICIOUS,41.5,108,"neutral face with hair.png",1344x768,1173.96,e025e44e56991db71cdac2811ffb81d9bc66a32c916ef86f9a21f366133cf804
"C:\Users\user\UI-TARS-desktop\public\kelly\phases\337\q2.png","q2.png","C:\Users\user\UI-TARS-desktop\public\kelly\phases\337",SUSPICIOUS,41.0,109,"Curious Kelly in final pose in Chair - UI elements will go on the side rails - Copy.png",1344x768,1139.64,b0d9b31c8f224462c857f8ad8deaedd8dbdc50a9f6e5207a272872365ea30b91
"C:\Users\user\UI-TARS-desktop\public\kelly\phases\338\hook.png","hook.png","C:\Users\user\UI-TARS-desktop\public\kelly\phases\338",SUSPICIOUS,47.25,102,"facing to the left.png",1344x768,1121.23,a2c9a73d153728c35f66d8322dc3dca72c1fdad899814addc9889d89d89d8dc8
"C:\Users\user\UI-TARS-desktop\public\kelly\phases\337\wisdom.png","wisdom.png","C:\Users\user\UI-TARS-desktop\public\kelly\phases\337",SUSPICIOUS,49.0,101,"Curious Kelly in final pose in Chair - UI elements will go on the side rails - Copy.png",1344x768,1132.92,a289a735da2258cf2f7ef4b0d68309fa0d54c2a1cb4ffd920c78cbbbc98994d0
"C:\Users\user\UI-TARS-desktop\public\kelly\phases\338\q1.png","q1.png","C:\Users\user\UI-TARS-desktop\public\kelly\phases\338",SUSPICIOUS,47.25,102,"facing to the left.png",1344x768,1147.5,a29da7395d620c646e1fe5660f68fe2f80c6765c256d3e866c740fa4f06ac247
"C:\Users\user\UI-TARS-desktop\public\kelly\phases\338\q3.png","q3.png","C:\Users\user\UI-TARS-desktop\public\kelly\phases\338",SUSPICIOUS,44.5,105,"slightly turning her head.png",1344x768,1194.35,b067b1e74f9c7359619ad7ac105d481877fcd12d5c68c01bf5809e6cc852ceea
"C:\Users\user\UI-TARS-desktop\public\kelly\phases\338\q2.png","q2.png","C:\Users\user\UI-TARS-desktop\public\kelly\phases\338",GOOD,59.25,90,"Curious Kelly in final pose in Chair - UI elements will go on the side rails - Copy.png",1344x768,1128.2,a51ae26282e774daa87c5bad894e41b5bb1ad1bb9f11c9960fb9e8181651a6cb
"C:\Users\user\UI-TARS-desktop\public\kelly\phases\338\wisdom.png","wisdom.png","C:\Users\user\UI-TARS-desktop\public\kelly\phases\338",SUSPICIOUS,46.25,103,"facing to the left.png",1344x768,1182.16,fa8ff521d76240f82a3f8176ff868861e0920f9df84f9d98f48989c089dd08fc
"C:\Users\user\UI-TARS-desktop\public\kelly\phases\339\hook.png","hook.png","C:\Users\user\UI-TARS-desktop\public\kelly\phases\339",SUSPICIOUS,49.75,100,"facing to the left.png",1344x768,1172.45,fd9be87f8f67228d8261fa46826c8626e24057eea7a8d204bd84cbbd9dd29407
"C:\Users\user\UI-TARS-desktop\public\kelly\phases\339\q1.png","q1.png","C:\Users\user\UI-TARS-desktop\public\kelly\phases\339",SUSPICIOUS,42.5,107,"Curious Kelly in final pose in Chair - UI elements will go on the side rails - Copy.png",1344x768,1178.08,e149a8d954b65d2477969aa654e69b52726592ce935b92ebb249924bab4d542b
"C:\Users\user\UI-TARS-desktop\public\kelly\phases\339\q2.png","q2.png","C:\Users\user\UI-TARS-desktop\public\kelly\phases\339",SUSPICIOUS,49.75,100,"neutral face with hair.png",1344x768,1103.36,f963f98f878c76104398b49d0f33463cb44f4bf09c60cc670cf3cc574562ae63
"C:\Users\user\UI-TARS-desktop\public\kelly\phases\339\q3.png","q3.png","C:\Users\user\UI-TARS-desktop\public\kelly\phases\339",SUSPICIOUS,43.5,106,"facing to the left.png",1344x768,1181.38,a3b6a47bd645a6485a4f1fc8f0e4962dff1819849319d9be99b2dd138033d9a1
"C:\Users\user\UI-TARS-desktop\public\kelly\phases\339\wisdom.png","wisdom.png","C:\Users\user\UI-TARS-desktop\public\kelly\phases\339",SUSPICIOUS,49.25,100,"Curious Kelly in final pose in Chair - UI elements will go on the side rails - Copy.png",1344x768,1140.51,e69bf67b1e6400247e84f97e03a0d8aea9f4b81b50b9a991d0fb1d81899ad6d3
"C:\Users\user\UI-TARS-desktop\public\kelly\phases\340\hook.png","hook.png","C:\Users\user\UI-TARS-desktop\public\kelly\phases\340",IMPOSTER,31.25,118,"Curious Kelly in final pose in Chair - UI elements will go on the side rails - Copy.png",1344x768,1165.89,a1b2ae6798cd549943a999541babd1945d338b33d13e8c23c54aeef5c45d864e
"C:\Users\user\UI-TARS-desktop\public\kelly\phases\340\q2.png","q2.png","C:\Users\user\UI-TARS-desktop\public\kelly\phases\340",IMPOSTER,32.0,118,"neutral face with hair.png",1344x768,1188.28,a135a66e9e891c8238d9af3dab895c80a8d553bdad42c2bc9136c3b55f3ac33a
"C:\Users\user\UI-TARS-desktop\public\kelly\phases\340\q1.png","q1.png","C:\Users\user\UI-TARS-desktop\public\kelly\phases\340",SUSPICIOUS,45.75,104,"Curious Kelly in final pose in Chair - UI elements will go on the side rails - Copy.png",1344x768,1142.58,f588a768da623f072273c377b5215a3202b7f57329475eb0d6a8a9c60c8658df
"C:\Users\user\UI-TARS-desktop\public\kelly\phases\340\q3.png","q3.png","C:\Users\user\UI-TARS-desktop\public\kelly\phases\340",SUSPICIOUS,52.5,97,"Curious Kelly in final pose in Chair - UI elements will go on the side rails - Copy.png",1344x768,1161.01,a39aaf799e643417f24e95e4a1dc5a0ea5a050d88b9ddbb191985a9aa99d591b
"C:\Users\user\UI-TARS-desktop\public\kelly\phases\340\wisdom.png","wisdom.png","C:\Users\user\UI-TARS-desktop\public\kelly\phases\340",IMPOSTER,35.0,115,"head and shoulders without chair.png",1344x768,1137.42,b0cca33c5a3264f3e9314b13d622aa934571b9a0565fac6d5ac0acec4acff4dc
"C:\Users\user\UI-TARS-desktop\public\kelly\phases\341\q1.png","q1.png","C:\Users\user\UI-TARS-desktop\public\kelly\phases\341",IMPOSTER,23.5,126,"Curious Kelly in final pose in Chair - UI elements will go on the side rails - Copy.png",1344x768,1097.13,8774ac6e588998997d2398d31924f92299545566bc66d354fd66ef547550e31a
"C:\Users\user\UI-TARS-desktop\public\kelly\phases\341\hook.png","hook.png","C:\Users\user\UI-TARS-desktop\public\kelly\phases\341",IMPOSTER,34.0,116,"Curious Kelly in final pose in Chair - UI elements will go on the side rails - Copy.png",1344x768,1142.83,d78ce37c883309f3fe2b03270ad15cb5a1eccc1b0fc4f88d0cceedec8848578e
"C:\Users\user\UI-TARS-desktop\public\kelly\phases\341\q2.png","q2.png","C:\Users\user\UI-TARS-desktop\public\kelly\phases\341",SUSPICIOUS,54.25,95,"Curious Kelly in final pose in Chair - UI elements will go on the side rails - Copy.png",1344x768,1130.99,a39ae3209c6640ff8b66dc9ad9e449cb95185adb81595e9db1a94f16e174362a
"C:\Users\user\UI-TARS-desktop\public\kelly\phases\341\q3.png","q3.png","C:\Users\user\UI-TARS-desktop\public\kelly\phases\341",SUSPICIOUS,44.5,105,"Curious Kelly in final pose in Chair - UI elements will go on the side rails - Copy.png",1344x768,1117.88,a3cda334d8377cee0fa79cd00c84e8c91a9cdc8d0de85b5e35e2263572177362
"C:\Users\user\UI-TARS-desktop\public\kelly\phases\342\hook.png","hook.png","C:\Users\user\UI-TARS-desktop\public\kelly\phases\342",SUSPICIOUS,47.0,103,"Curious Kelly in final pose in Chair - UI elements will go on the side rails - Copy.png",1344x768,1143.23,a388a7315a260c26a7e19d76d89a8ccfd0940fd9ddcce8984f19f59a0fe9e291
"C:\Users\user\UI-TARS-desktop\public\kelly\phases\341\wisdom.png","wisdom.png","C:\Users\user\UI-TARS-desktop\public\kelly\phases\341",SUSPICIOUS,52.5,97,"Curious Kelly in final pose in Chair - UI elements will go on the side rails - Copy.png",1344x768,1113.63,f3cdf73c8a3234a6236f9d2750101ff2f8a70949bd94f8d80d0dd5fd4b9800b8
"C:\Users\user\UI-TARS-desktop\public\kelly\phases\342\q1.png","q1.png","C:\Users\user\UI-TARS-desktop\public\kelly\phases\342",SUSPICIOUS,41.25,108,"head and shoulders without chair.png",1344x768,1135.6,f2ceb78c8d3376634333aa374d53d073a4b9534c8cd4584e8e9e90c44cdf99a4
"C:\Users\user\UI-TARS-desktop\public\kelly\phases\342\q2.png","q2.png","C:\Users\user\UI-TARS-desktop\public\kelly\phases\342",GOOD,63.25,86,"Curious Kelly in final pose in Chair - UI elements will go on the side rails - Copy.png",1344x768,1120.06,e339c333def21e67c04e52e48c6650cc9f98d890599f99991bb2e1b11f1be099
"C:\Users\user\UI-TARS-desktop\public\kelly\phases\342\q3.png","q3.png","C:\Users\user\UI-TARS-desktop\public\kelly\phases\342",SUSPICIOUS,48.0,102,"Curious Kelly in final pose in Chair - UI elements will go on the side rails - Copy.png",1344x768,1186.57,e79ff27f98660b8058479556d0b8895eff81055b989cc1cafc150b8deb931269
"C:\Users\user\UI-TARS-desktop\public\kelly\phases\342\wisdom.png","wisdom.png","C:\Users\user\UI-TARS-desktop\public\kelly\phases\342",GOOD,61.25,88,"Curious Kelly in final pose in Chair - UI elements will go on the side rails - Copy.png",1344x768,1167.24,a5d9e23950625ed4be2ed0805efea994b0899d5b2995a9bac99b9dd90a9ce069
"C:\Users\user\UI-TARS-desktop\public\kelly\phases\343\hook.png","hook.png","C:\Users\user\UI-TARS-desktop\public\kelly\phases\343",IMPOSTER,37.25,112,"close up of face.jpeg",1344x768,1126.97,f849f9b18db6076c1196f2641eccf3430649d2697acd833156aead93e5380fb4
"C:\Users\user\UI-TARS-desktop\public\kelly\phases\343\q1.png","q1.png","C:\Users\user\UI-TARS-desktop\public\kelly\phases\343",SUSPICIOUS,52.75,97,"facing to the left.png",1344x768,1163.19,b55ca338cb27ee470670b872fabfe52584c2071ebc505aec8d89858d58daa95d
"C:\Users\user\UI-TARS-desktop\public\kelly\phases\343\q2.png","q2.png","C:\Users\user\UI-TARS-desktop\public\kelly\phases\343",SUSPICIOUS,52.5,97,"Curious Kelly in final pose in Chair - UI elements will go on the side rails - Copy.png",1344x768,1169.05,b689a33d8a7750ebbf2251f2985dc8770d85cbc8dc88881dc19dedad4b4ab425
"C:\Users\user\UI-TARS-desktop\public\kelly\phases\343\q3.png","q3.png","C:\Users\user\UI-TARS-desktop\public\kelly\phases\343",IMPOSTER,33.0,117,"head and shoulders without chair.png",1344x768,1122.5,f2ccf32e8d3395937b7283335085a6b95ebba0036d7cad0112f28f0ae8115ded
"C:\Users\user\UI-TARS-desktop\public\kelly\phases\343\wisdom.png","wisdom.png","C:\Users\user\UI-TARS-desktop\public\kelly\phases\343",IMPOSTER,35.0,115,"facing to the left.png",1344x768,1140.8,b2cca3185d330c63b6f6df22dc212b4a8cf756cca92dd4d40dad88dc5d589cac
"C:\Users\user\UI-TARS-desktop\public\kelly\phases\344\hook.png","hook.png","C:\Users\user\UI-TARS-desktop\public\kelly\phases\344",SUSPICIOUS,53.5,96,"facing to the left.png",1344x768,1131.29,f7d9f27d8a230537ee16d8e2196f05a6ee9298dd51c88d9ca981189941c9eeb4
"C:\Users\user\UI-TARS-desktop\public\kelly\phases\344\q1.png","q1.png","C:\Users\user\UI-TARS-desktop\public\kelly\phases\344",IMPOSTER,38.25,111,"profile of kelly.png",1344x768,1131.09,ee4dfdac18b2878244b0bdb616809d52929edd29aed493edf880916ddbca922d
"C:\Users\user\UI-TARS-desktop\public\kelly\phases\344\q2.png","q2.png","C:\Users\user\UI-TARS-desktop\public\kelly\phases\344",GOOD,60.75,89,"Curious Kelly in final pose in Chair - UI elements will go on the side rails - Copy.png",1344x768,1160.49,f099ee6196641e518a64de968ae65d3cb9415f9ee98b5990bf19818b5601e1f9
"C:\Users\user\UI-TARS-desktop\public\kelly\phases\344\q3.png","q3.png","C:\Users\user\UI-TARS-desktop\public\kelly\phases\344",IMPOSTER,37.0,113,"head and shoulders without chair.png",1344x768,1126.01,f7b2e643884d10fa3e5cbb0d01b9fbdd0faae873593703bad8230132db9701a2
"C:\Users\user\UI-TARS-desktop\public\kelly\phases\344\wisdom.png","wisdom.png","C:\Users\user\UI-TARS-desktop\public\kelly\phases\344",SUSPICIOUS,53.0,97,"Curious Kelly in final pose in Chair - UI elements will go on the side rails - Copy.png",1344x768,1121.35,b7dda5151e7658ea4e2581b7d8589de1dc814d5a909c1dc958a99d9f2148d7b4
"C:\Users\user\UI-TARS-desktop\public\kelly\phases\345\q1.png","q1.png","C:\Users\user\UI-TARS-desktop\public\kelly\phases\345",SUSPICIOUS,44.75,105,"Curious Kelly in final pose in Chair - UI elements will go on the side rails - Copy.png",1344x768,1072.57,f51df6480d6209bfbab19d6a08fffc81add25aad08c8fe8401fffc105989015b
"C:\Users\user\UI-TARS-desktop\public\kelly\phases\345\hook.png","hook.png","C:\Users\user\UI-TARS-desktop\public\kelly\phases\345",IMPOSTER,33.5,116,"head and shoulders without chair.png",1344x768,1136.46,b0ccb31c4b311ee3d332d43b5ec2b40356cca94a5cc5cadccccc1ecbaa5517ae
"C:\Users\user\UI-TARS-desktop\public\kelly\phases\345\q2.png","q2.png","C:\Users\user\UI-TARS-desktop\public\kelly\phases\345",SUSPICIOUS,52.5,97,"Curious Kelly in final pose in Chair - UI elements will go on the side rails - Copy.png",1344x768,1202.3,b008b330cf37444ec726ab625aeafd460c17e3489d5550e8094bf49d9bddddd8
"C:\Users\user\UI-TARS-desktop\public\kelly\phases\345\q3.png","q3.png","C:\Users\user\UI-TARS-desktop\public\kelly\phases\345",SUSPICIOUS,41.75,108,"profile of kelly.png",1344x768,1108.62,e72df59d1cd27ab4521abb6b9a7c8b255a26832e9e0c8084afdcac0a819bde9a
"C:\Users\user\UI-TARS-desktop\public\kelly\phases\345\wisdom.png","wisdom.png","C:\Users\user\UI-TARS-desktop\public\kelly\phases\345",IMPOSTER,38.0,112,"head and shoulders without chair.png",1344x768,1147.01,b1cff3a48736593b2711fb5800395bb3ad1950590fb0ad1dd0b1ae530ceafc54
"C:\Users\user\UI-TARS-desktop\public\kelly\phases\346\q1.png","q1.png","C:\Users\user\UI-TARS-desktop\public\kelly\phases\346",IMPOSTER,32.5,117,"facing to the left.png",1344x768,1186.9,e52ee8949ed317c248e98a99ba4cdb21d9b2d33bdb209b1713e2506c6704ff1c
"C:\Users\user\UI-TARS-desktop\public\kelly\phases\346\hook.png","hook.png","C:\Users\user\UI-TARS-desktop\public\kelly\phases\346",IMPOSTER,35.25,114,"Curious Kelly in final pose in Chair - UI elements will go on the side rails - Copy.png",1344x768,1123.37,a439a4555e065deeb3dabe0543db1dba8519c0914bcba5b8c817a3c92d7ad247
"C:\Users\user\UI-TARS-desktop\public\kelly\phases\346\q2.png","q2.png","C:\Users\user\UI-TARS-desktop\public\kelly\phases\346",SUSPICIOUS,58.5,91,"Curious Kelly in final pose in Chair - UI elements will go on the side rails - Copy.png",1344x768,1161.22,c115e07187ce02e6c863dde79ee6e9c6c9839e8d9eda999918999d88c99ac18d
"C:\Users\user\UI-TARS-desktop\public\kelly\phases\346\q3.png","q3.png","C:\Users\user\UI-TARS-desktop\public\kelly\phases\346",IMPOSTER,37.5,112,"neutral face with hair.png",1344x768,1155.39,fc49edf991b61fd620b2907e024f9a52135ee0499aedd0499b95d0489b9bd89b
"C:\Users\user\UI-TARS-desktop\public\kelly\phases\346\wisdom.png","wisdom.png","C:\Users\user\UI-TARS-desktop\public\kelly\phases\346",IMPOSTER,27.0,123,"facing to the left.png",1344x768,1155.01,e449ed8d9fb37bd204b0c196ceb438d2e7131dfb1a92e7001877d30eda62126d
"C:\Users\user\UI-TARS-desktop\public\kelly\phases\347\hook.png","hook.png","C:\Users\user\UI-TARS-desktop\public\kelly\phases\347",SUSPICIOUS,52.75,97,"Curious Kelly in final pose in Chair - UI elements will go on the side rails - Copy.png",1344x768,1071.34,f358e4711e2648ce276c942688d75cafd9fa4191d819bd9841f9fc10099bf9dc
"C:\Users\user\UI-TARS-desktop\public\kelly\phases\347\q1.png","q1.png","C:\Users\user\UI-TARS-desktop\public\kelly\phases\347",SUSPICIOUS,40.75,109,"slightly turning her head.png",1344x768,1170.78,9931f9e1c4cea79711fea71c8746af11073ee83c48e14e624e2b566bc661d478
"C:\Users\user\UI-TARS-desktop\public\kelly\phases\347\q2.png","q2.png","C:\Users\user\UI-TARS-desktop\public\kelly\phases\347",SUSPICIOUS,58.75,91,"Curious Kelly in final pose in Chair - UI elements will go on the side rails - Copy.png",1344x768,1178.6,b499ba3084750647da6789a6e4e2859a1f93cbd98991dc98419b6fc92939f59d
"C:\Users\user\UI-TARS-desktop\public\kelly\phases\347\q3.png","q3.png","C:\Users\user\UI-TARS-desktop\public\kelly\phases\347",IMPOSTER,34.5,115,"neutral face with hair.png",1344x768,1163.8,e106e0cb9ff91e07f4f5a9f9b3828347da3d81e0da78b924d226806c5b6c522f
"C:\Users\user\UI-TARS-desktop\public\kelly\phases\347\wisdom.png","wisdom.png","C:\Users\user\UI-TARS-desktop\public\kelly\phases\347",SUSPICIOUS,50.0,100,"Curious Kelly in final pose in Chair - UI elements will go on the side rails - Copy.png",1344x768,1132.2,e288e23c1f739443aa7fd5b20cf5a48658efaadcdbc1809ed8cc8780585eabe1
"C:\Users\user\UI-TARS-desktop\public\kelly\phases\348\hook.png","hook.png","C:\Users\user\UI-TARS-desktop\public\kelly\phases\348",SUSPICIOUS,48.75,101,"Curious Kelly in final pose in Chair - UI elements will go on the side rails - Copy.png",1344x768,1130.63,a9c9a5309e37c64c4b26bcb352eff9cb0d1679d89c890addd5890f9ad8cc0594
"C:\Users\user\UI-TARS-desktop\public\kelly\phases\348\q1.png","q1.png","C:\Users\user\UI-TARS-desktop\public\kelly\phases\348",IMPOSTER,37.5,112,"head and shoulders without chair.png",1344x768,1100.35,a2cdf38cdf32b273073288331463ca7b1fc1ec4248d7ccce8ccd4cec8cccdc4e
"C:\Users\user\UI-TARS-desktop\public\kelly\phases\348\q3.png","q3.png","C:\Users\user\UI-TARS-desktop\public\kelly\phases\348",GOOD,66.0,84,"facing to the left.png",1344x768,1220.27,a19aa759d6e5260a106580e61f46047eff048396d9ab99d5989f1f9be881f4dd
"C:\Users\user\UI-TARS-desktop\public\kelly\phases\348\q2.png","q2.png","C:\Users\user\UI-TARS-desktop\public\kelly\phases\348",IMPOSTER,37.5,112,"neutral face with hair.png",1344x768,1156.83,f165e1b78eb32c5c4693f1e29c4f8fc0187dd3c01a6ed705b86187e81c8cacd3
"C:\Users\user\UI-TARS-desktop\public\kelly\phases\349\hook.png","hook.png","C:\Users\user\UI-TARS-desktop\public\kelly\phases\349",IMPOSTER,26.75,123,"close up of face.jpeg",1344x768,1109.16,a448ac8d1f923b32e5889b96561aaab6c7431a2ce2651767aa7d1a6f936d926d
"C:\Users\user\UI-TARS-desktop\public\kelly\phases\348\wisdom.png","wisdom.png","C:\Users\user\UI-TARS-desktop\public\kelly\phases\348",SUSPICIOUS,48.75,101,"facing to the left.png",1344x768,1166.6,a15aaf7256c52043ee679efcb4404be6fc8f91fad8899934df8289151554f08b
"C:\Users\user\UI-TARS-desktop\public\kelly\phases\349\q2.png","q2.png","C:\Users\user\UI-TARS-desktop\public\kelly\phases\349",IMPOSTER,39.0,111,"neutral face with hair.png",1344x768,1194.88,b266b9f18bcd420bbddc450eae980677dc204e7a8c76ce635ca32b5719213aea
"C:\Users\user\UI-TARS-desktop\public\kelly\phases\349\q1.png","q1.png","C:\Users\user\UI-TARS-desktop\public\kelly\phases\349",IMPOSTER,33.5,116,"facing to the left.png",1344x768,1116.45,a164ec51de9930e69cc99b1bdc3f134f3d60d326d8269b1c71e31f14e4ca151e
"C:\Users\user\UI-TARS-desktop\public\kelly\phases\349\q3.png","q3.png","C:\Users\user\UI-TARS-desktop\public\kelly\phases\349",IMPOSTER,34.5,115,"neutral face with hair.png",1344x768,1180.06,a526a4e681d9418b7cdbaf18c0f3e1c35fadf9441f36bb821b60ab2e99271f20
"C:\Users\user\UI-TARS-desktop\public\kelly\phases\349\wisdom.png","wisdom.png","C:\Users\user\UI-TARS-desktop\public\kelly\phases\349",SUSPICIOUS,43.75,106,"facing to the left.png",1344x768,1152.54,f233e6e395441d0c2c4ad2ac9f445afa95ac0eb2a1511fbde9f21fbe59100bb1
"C:\Users\user\UI-TARS-desktop\public\kelly\phases\350\hook.png","hook.png","C:\Users\user\UI-TARS-desktop\public\kelly\phases\350",SUSPICIOUS,43.0,107,"head and shoulders without chair.png",1344x768,1148.43,f7c8f3588e323fa7e3300a2295568d234abbbf8790d08fddc8c30888dcdcddc8
"C:\Users\user\UI-TARS-desktop\public\kelly\phases\350\q1.png","q1.png","C:\Users\user\UI-TARS-desktop\public\kelly\phases\350",SUSPICIOUS,55.75,94,"Curious Kelly in final pose in Chair - UI elements will go on the side rails - Copy.png",1344x768,1171.01,b299a6519f667c6b4224bd6647c6d82e2f2ee8f2178da89a8c781991c89f09bb
"C:\Users\user\UI-TARS-desktop\public\kelly\phases\350\q3.png","q3.png","C:\Users\user\UI-TARS-desktop\public\kelly\phases\350",SUSPICIOUS,44.5,105,"Curious Kelly in final pose in Chair - UI elements will go on the side rails - Copy.png",1344x768,1160.9,b1c8b2328f63506da917d8df088ad098e9dd5de8b08cef1b45ecf23707236b64
"C:\Users\user\UI-TARS-desktop\public\kelly\phases\350\q2.png","q2.png","C:\Users\user\UI-TARS-desktop\public\kelly\phases\350",SUSPICIOUS,43.75,106,"facing to the left.png",1344x768,1202.78,f2ccf2208d232d3f0b7abc02580288fb1e879efcd0cc098adcdc4d8da9caff55
"C:\Users\user\UI-TARS-desktop\public\kelly\phases\350\wisdom.png","wisdom.png","C:\Users\user\UI-TARS-desktop\public\kelly\phases\350",IMPOSTER,38.5,111,"neutral face with hair.png",1344x768,1107.59,e774e5a01c93bac2e1c9c3171263e1e85a25a1661a34c36c1c6fd63cadce5c9f
"C:\Users\user\UI-TARS-desktop\public\kelly\phases\351\hook.png","hook.png","C:\Users\user\UI-TARS-desktop\public\kelly\phases\351",SUSPICIOUS,44.5,105,"Curious Kelly in final pose in Chair - UI elements will go on the side rails - Copy.png",1344x768,1160.84,a099a2375d627f048bfed8d21d0f0999d9d91d81e77d3f4376252376226f9022
"C:\Users\user\UI-TARS-desktop\public\kelly\phases\351\q1.png","q1.png","C:\Users\user\UI-TARS-desktop\public\kelly\phases\351",IMPOSTER,37.25,112,"facing to the left.png",1344x768,1086.7,b3c9a7399f3248e7e34c8423567278bfec4505eaa4cf1a34b5dc4e2ea0c95958
"C:\Users\user\UI-TARS-desktop\public\kelly\phases\351\q2.png","q2.png","C:\Users\user\UI-TARS-desktop\public\kelly\phases\351",IMPOSTER,37.75,112,"neutral face with hair.png",1344x768,1143.69,b067b98ed78d681687b842dcb41d6d24d6564f61ad82cc768e65d66609e6dc45
"C:\Users\user\UI-TARS-desktop\public\kelly\phases\351\q3.png","q3.png","C:\Users\user\UI-TARS-desktop\public\kelly\phases\351",SUSPICIOUS,39.5,110,"facing to the left.png",1344x768,1139.44,a188a7bec972bc426a40b5a6cdfb4a45bc06e0f94f8da9c8dcd31f88e8dcd581
"C:\Users\user\UI-TARS-desktop\public\kelly\phases\352\q1.png","q1.png","C:\Users\user\UI-TARS-desktop\public\kelly\phases\352",IMPOSTER,39.0,111,"head and shoulders without chair.png",1344x768,1147.91,ade9ec19071603b66da4871f11f606e639ea1577288f77f04061ab1fd1e88a6d
"C:\Users\user\UI-TARS-desktop\public\kelly\phases\352\hook.png","hook.png","C:\Users\user\UI-TARS-desktop\public\kelly\phases\352",IMPOSTER,39.0,111,"profile of kelly.png",1344x768,1144.91,e464e4941b9b57cba499f8f307fff01b13ebac54d007aa7cd3201e05b34453ac
"C:\Users\user\UI-TARS-desktop\public\kelly\phases\351\wisdom.png","wisdom.png","C:\Users\user\UI-TARS-desktop\public\kelly\phases\351",SUSPICIOUS,42.0,108,"neutral face with hair.png",1344x768,1154.37,b873b3c7458c4f3c7230cadca52c5438ea068465c6a3de338d66eea35643a57e
"C:\Users\user\UI-TARS-desktop\public\kelly\phases\352\q2.png","q2.png","C:\Users\user\UI-TARS-desktop\public\kelly\phases\352",GOOD,63.75,86,"Curious Kelly in final pose in Chair - UI elements will go on the side rails - Copy.png",1344x768,1113.58,a59da7350e667a49a527c2d6dc660a4ff1b408cb9d98d99388999d9dd5880adb
"C:\Users\user\UI-TARS-desktop\public\kelly\phases\352\q3.png","q3.png","C:\Users\user\UI-TARS-desktop\public\kelly\phases\352",SUSPICIOUS,41.5,108,"head and shoulders without chair.png",1344x768,1176.33,f5c4f77ccb3120345432afd70a35c03b6fc094af4edec84c0c865cfefd4842c5
"C:\Users\user\UI-TARS-desktop\public\kelly\phases\352\wisdom.png","wisdom.png","C:\Users\user\UI-TARS-desktop\public\kelly\phases\352",IMPOSTER,35.75,114,"neutral face with hair.png",1344x768,1151.27,a724e6625edb788de4d316c96a99e1d945e9ec32179de1621ea5a1505f2a1a35
"C:\Users\user\UI-TARS-desktop\public\kelly\phases\353\hook.png","hook.png","C:\Users\user\UI-TARS-desktop\public\kelly\phases\353",GOOD,59.5,90,"Curious Kelly in final pose in Chair - UI elements will go on the side rails - Copy.png",1344x768,1137.87,b159a2388fa34c76b525cae21e9fed644da2211ddaedbd8a48999d99c8d88d89
"C:\Users\user\UI-TARS-desktop\public\kelly\phases\353\q1.png","q1.png","C:\Users\user\UI-TARS-desktop\public\kelly\phases\353",SUSPICIOUS,40.5,109,"Curious Kelly in final pose in Chair - UI elements will go on the side rails - Copy.png",1344x768,1138.39,b6ada3125d7308ad3ef8f2520b839cb84a3fa7c34b2d8114c3fbce0385655e2e
"C:\Users\user\UI-TARS-desktop\public\kelly\phases\353\q2.png","q2.png","C:\Users\user\UI-TARS-desktop\public\kelly\phases\353",SUSPICIOUS,49.5,100,"Curious Kelly in final pose in Chair - UI elements will go on the side rails - Copy.png",1344x768,1105.69,e5fdb87dd2060273cd6ec9850bc4fc3b8803fffa1a9dd8581d9d4c0da06407cc
"C:\Users\user\UI-TARS-desktop\public\kelly\phases\353\wisdom.png","wisdom.png","C:\Users\user\UI-TARS-desktop\public\kelly\phases\353",SUSPICIOUS,48.75,101,"Curious Kelly in final pose in Chair - UI elements will go on the side rails - Copy.png",1344x768,1107.73,b19de5385f7200effa208f627cc2806f5e80a55989ed588fadc8d89f8dcdd888
"C:\Users\user\UI-TARS-desktop\public\kelly\phases\353\q3.png","q3.png","C:\Users\user\UI-TARS-desktop\public\kelly\phases\353",SUSPICIOUS,41.25,108,"facing to the left.png",1344x768,1165.63,e449edc19792187e28b1f1d687ce983298d091cffb4e863890cd9fc6c0799f8c
"C:\Users\user\UI-TARS-desktop\public\kelly\phases\354\hook.png","hook.png","C:\Users\user\UI-TARS-desktop\public\kelly\phases\354",SUSPICIOUS,44.75,105,"Curious Kelly in final pose in Chair - UI elements will go on the side rails - Copy.png",1344x768,1150.69,f7ccf03c0f3357e0b632800757a4bde30011ff0649f8bc8089ddfc8815de9fd8
"C:\Users\user\UI-TARS-desktop\public\kelly\phases\354\q1.png","q1.png","C:\Users\user\UI-TARS-desktop\public\kelly\phases\354",SUSPICIOUS,46.25,103,"profile of kelly.png",1344x768,1192.05,e44ccccd91932f2aac92bb92b362aa57954da325d5689a6c5369ba6dd6487a62
"C:\Users\user\UI-TARS-desktop\public\kelly\phases\354\q2.png","q2.png","C:\Users\user\UI-TARS-desktop\public\kelly\phases\354",SUSPICIOUS,53.25,96,"neutral face with hair.png",1344x768,1143.84,ed7ce5b3861a6ec2f6da361de2410fc55c1d80f99f81981ed3e1e10289be0bb1
"C:\Users\user\UI-TARS-desktop\public\kelly\phases\354\q3.png","q3.png","C:\Users\user\UI-TARS-desktop\public\kelly\phases\354",SUSPICIOUS,45.75,104,"Curious Kelly in final pose in Chair - UI elements will go on the side rails - Copy.png",1344x768,1079.7,a39da735dd3258e2a25452e6bda75ede85e2408d285d5da89894cbddd5e89c08
"C:\Users\user\UI-TARS-desktop\public\kelly\phases\354\wisdom.png","wisdom.png","C:\Users\user\UI-TARS-desktop\public\kelly\phases\354",SUSPICIOUS,42.0,108,"facing to the left.png",1344x768,1084.62,a7b2a62bfa64c9c63e4df1341ecea1a45b8aa00d58b2a1105bb29935d9f299bf
"C:\Users\user\UI-TARS-desktop\public\kelly\phases\355\hook.png","hook.png","C:\Users\user\UI-TARS-desktop\public\kelly\phases\355",SUSPICIOUS,48.0,102,"facing to the left.png",1344x768,1146.57,e34da77fd2b209eb55371a03c5e25ebea853c7ca0a0ce9d515c8888cf1ce1c8d
"C:\Users\user\UI-TARS-desktop\public\kelly\phases\355\q1.png","q1.png","C:\Users\user\UI-TARS-desktop\public\kelly\phases\355",SUSPICIOUS,44.5,105,"facing to the left.png",1344x768,1143.14,e193e32b1e6464d3e66d0e7cf0c50c4ef40180eedd1791e019969bb19bb61db3
"C:\Users\user\UI-TARS-desktop\public\kelly\phases\355\q2.png","q2.png","C:\Users\user\UI-TARS-desktop\public\kelly\phases\355",IMPOSTER,28.0,122,"Curious Kelly in final pose in Chair - UI elements will go on the side rails - Copy.png",1344x768,1153.8,af4fa4d4519aed91e4d2dd9bc0321f50c2acbf6103071a29f365126afa25c5fc
"C:\Users\user\UI-TARS-desktop\public\kelly\phases\355\q3.png","q3.png","C:\Users\user\UI-TARS-desktop\public\kelly\phases\355",IMPOSTER,37.5,112,"Curious Kelly in final pose in Chair - UI elements will go on the side rails - Copy.png",1344x768,1154.11,b04cb3944fb30c7e5d715ec34c737c5c51c9cdc6c88cc568d2c697c4d2be1760
"C:\Users\user\UI-TARS-desktop\public\kelly\phases\355\wisdom.png","wisdom.png","C:\Users\user\UI-TARS-desktop\public\kelly\phases\355",IMPOSTER,37.5,112,"profile of kelly.png",1344x768,1140.63,e124e0841ed35a8b25ddba13b1c607ebb87b87853a26c37e9f04b866d3ec1e45
"C:\Users\user\UI-TARS-desktop\public\kelly\phases\356\hook.png","hook.png","C:\Users\user\UI-TARS-desktop\public\kelly\phases\356",SUSPICIOUS,40.5,109,"neutral face with hair.png",1344x768,1187.47,b56de588dc930a1b7d9e90934253d216fb1bc36d1a64f2061a61da6c936cbc6d
"C:\Users\user\UI-TARS-desktop\public\kelly\phases\356\q1.png","q1.png","C:\Users\user\UI-TARS-desktop\public\kelly\phases\356",SUSPICIOUS,57.25,92,"Curious Kelly in final pose in Chair - UI elements will go on the side rails - Copy.png",1344x768,1144.46,a058a3115c6636cf4b7296a64a46967a58a60b79958ccad99d9d5d8fc999959d
"C:\Users\user\UI-TARS-desktop\public\kelly\phases\356\q2.png","q2.png","C:\Users\user\UI-TARS-desktop\public\kelly\phases\356",SUSPICIOUS,47.0,103,"Curious Kelly in final pose in Chair - UI elements will go on the side rails - Copy.png",1344x768,1119.27,f598f6fc8a6723295667f0e40f64f86c0207c7e2fd68181ca0b70f8ffd18c0f0
"C:\Users\user\UI-TARS-desktop\public\kelly\phases\356\q3.png","q3.png","C:\Users\user\UI-TARS-desktop\public\kelly\phases\356",SUSPICIOUS,54.25,95,"facing to the left.png",1344x768,1120.09,a5abe6215a46a0cb5624cb565aa4885e5d95a893d1991999c9be5d9bb9b85d8b
"C:\Users\user\UI-TARS-desktop\public\kelly\phases\357\hook.png","hook.png","C:\Users\user\UI-TARS-desktop\public\kelly\phases\357",SUSPICIOUS,44.25,105,"Curious Kelly in final pose in Chair - UI elements will go on the side rails - Copy.png",1344x768,1159.28,e71be7c70acd3a7af86c1f0c01745b34872bc1b11f15d09b1fb0e9031e92e1f1
"C:\Users\user\UI-TARS-desktop\public\kelly\phases\357\q1.png","q1.png","C:\Users\user\UI-TARS-desktop\public\kelly\phases\357",IMPOSTER,34.5,115,"neutral face with hair.png",1344x768,1171.83,e137e1871cce563a2ec6d2b80cddf663259cc0e366d80ef1e05909e2be59c0af
"C:\Users\user\UI-TARS-desktop\public\kelly\phases\356\wisdom.png","wisdom.png","C:\Users\user\UI-TARS-desktop\public\kelly\phases\356",IMPOSTER,38.75,111,"slightly turning her head.png",1344x768,1186.41,e7b4e68694cc287503dcf70c046b9a5d6b09958ea1fe1831fa039bbf91ba9931
"C:\Users\user\UI-TARS-desktop\public\kelly\phases\357\q2.png","q2.png","C:\Users\user\UI-TARS-desktop\public\kelly\phases\357",SUSPICIOUS,54.25,95,"Curious Kelly in final pose in Chair - UI elements will go on the side rails - Copy.png",1344x768,1139.92,a690ae73546672dd566615265bde952417dab1390995bd7a8911bd99a953aa58
"C:\Users\user\UI-TARS-desktop\public\kelly\phases\357\q3.png","q3.png","C:\Users\user\UI-TARS-desktop\public\kelly\phases\357",SUSPICIOUS,46.25,103,"Curious Kelly in final pose in Chair - UI elements will go on the side rails - Copy.png",1344x768,1129.86,b59da77b0b661e0e36abd1760b02fcad0bc2e1f10c1cd1d0aded4a99d594a949
"C:\Users\user\UI-TARS-desktop\public\kelly\phases\357\wisdom.png","wisdom.png","C:\Users\user\UI-TARS-desktop\public\kelly\phases\357",SUSPICIOUS,50.25,99,"Curious Kelly in final pose in Chair - UI elements will go on the side rails - Copy.png",1344x768,1106.86,9299a63d9d661ce64254ae265daaa88408155ddba9995bc98591dff9699a81df
"C:\Users\user\UI-TARS-desktop\public\kelly\phases\358\hook.png","hook.png","C:\Users\user\UI-TARS-desktop\public\kelly\phases\358",SUSPICIOUS,46.0,104,"head and shoulders without chair.png",1344x768,1202.31,b1d8b71d9c2700e36e35a572dabb9841ccd2e578098580e8885fddec4dac9cdd
"C:\Users\user\UI-TARS-desktop\public\kelly\phases\358\q1.png","q1.png","C:\Users\user\UI-TARS-desktop\public\kelly\phases\358",SUSPICIOUS,56.25,93,"neutral face with hair.png",1344x768,1151.3,f171f0824f8c4a7dcb998cb0ee66817adea200f7def10067bf76600003fffb01
"C:\Users\user\UI-TARS-desktop\public\kelly\phases\358\q2.png","q2.png","C:\Users\user\UI-TARS-desktop\public\kelly\phases\358",SUSPICIOUS,53.25,96,"head and shoulders without chair.png",1344x768,1174.09,f798f306813c62715e27af078176f6f20c678a9359d9ccf088971d9bba8900dd
"C:\Users\user\UI-TARS-desktop\public\kelly\phases\358\wisdom.png","wisdom.png","C:\Users\user\UI-TARS-desktop\public\kelly\phases\358",SUSPICIOUS,46.5,103,"neutral face with hair.png",1344x768,1125.89,ed6cfcb1169323cf3c3b166e98f3835b5729824c926d9a2d8047d36cfe0d803c
"C:\Users\user\UI-TARS-desktop\public\kelly\phases\358\q3.png","q3.png","C:\Users\user\UI-TARS-desktop\public\kelly\phases\358",IMPOSTER,32.75,117,"neutral face with hair.png",1344x768,1206.64,e367e0c78cb8ecb01593f859c0da1f0ff329902a1b7df325072d7e04c1e28b6e
"C:\Users\user\UI-TARS-desktop\public\kelly\phases\359\hook.png","hook.png","C:\Users\user\UI-TARS-desktop\public\kelly\phases\359",IMPOSTER,33.5,116,"facing to the left.png",1344x768,1108.23,a3d9a6b21a6e58c93fe64996a4d95b3be0a00d92f969538aa635566ee2c236e4
"C:\Users\user\UI-TARS-desktop\public\kelly\phases\359\q1.png","q1.png","C:\Users\user\UI-TARS-desktop\public\kelly\phases\359",IMPOSTER,37.75,112,"facing to the left.png",1344x768,1116.16,a403f4c35bc8f94906ffe0cd1e19e0258fe07834c3c41ffaf03f0fb79830f107
"C:\Users\user\UI-TARS-desktop\public\kelly\phases\359\q3.png","q3.png","C:\Users\user\UI-TARS-desktop\public\kelly\phases\359",SUSPICIOUS,41.0,109,"head and shoulders without chair.png",1344x768,1129.48,f060f3a00b8d355aa1535fb80259ed8c02fdff4a04addef28c6d8c66d6e30c76
"C:\Users\user\UI-TARS-desktop\public\kelly\phases\359\q2.png","q2.png","C:\Users\user\UI-TARS-desktop\public\kelly\phases\359",SUSPICIOUS,51.5,98,"Curious Kelly in final pose in Chair - UI elements will go on the side rails - Copy.png",1344x768,1154.49,b29aa73dde665f6f8423c146ddff5e8bd14c89d85c999889a95854b870052f44
"C:\Users\user\UI-TARS-desktop\public\kelly\phases\359\wisdom.png","wisdom.png","C:\Users\user\UI-TARS-desktop\public\kelly\phases\359",SUSPICIOUS,41.5,108,"facing to the left.png",1344x768,1093.15,b28cb73d5f7340a3226f0f76dca3aade9542e2d9dd0cc9c488958c0c59c8fc8d
"C:\Users\user\UI-TARS-desktop\public\kelly\phases\360\q1.png","q1.png","C:\Users\user\UI-TARS-desktop\public\kelly\phases\360",SUSPICIOUS,49.25,100,"Curious Kelly in final pose in Chair - UI elements will go on the side rails - Copy.png",1344x768,1148.71,a19da70d4a762433a323ea32556aa8f35e9f85e85a9c8dcd58c8dc88abdc54ae
"C:\Users\user\UI-TARS-desktop\public\kelly\phases\360\hook.png","hook.png","C:\Users\user\UI-TARS-desktop\public\kelly\phases\360",SUSPICIOUS,47.75,102,"facing to the left.png",1344x768,1176.65,b396e63b146d0248e64752ec8544d52cea9299ddd9bcd912bffa110b7815ade1
"C:\Users\user\UI-TARS-desktop\public\kelly\phases\360\q2.png","q2.png","C:\Users\user\UI-TARS-desktop\public\kelly\phases\360",IMPOSTER,37.75,112,"head and shoulders without chair.png",1344x768,1164.94,b0f1a2d28a6f2e6541241a74dfa61daeeb8a001bbbd19d959d1383b35e0aaeea
"C:\Users\user\UI-TARS-desktop\public\kelly\phases\360\q3.png","q3.png","C:\Users\user\UI-TARS-desktop\public\kelly\phases\360",SUSPICIOUS,42.5,107,"Curious Kelly in final pose in Chair - UI elements will go on the side rails - Copy.png",1344x768,1158.48,a632bca3c4cd0364ca0ab5441dbff81c0f3bf9111cb5bd1a43632af5a46656af
"C:\Users\user\UI-TARS-desktop\public\kelly\phases\360\wisdom.png","wisdom.png","C:\Users\user\UI-TARS-desktop\public\kelly\phases\360",SUSPICIOUS,40.5,109,"neutral face with hair.png",1344x768,1210.8,a334aed3d4c80eb6e2cce4491ec900d77629adc1dbbb895cd2a0b85e55d238af
"C:\Users\user\UI-TARS-desktop\public\kelly\phases\361\q1.png","q1.png","C:\Users\user\UI-TARS-desktop\public\kelly\phases\361",SUSPICIOUS,42.75,107,"neutral face with hair.png",1344x768,1158.74,e424ac7c989a5493aa5a99cb523bab4b5a51d3269b669b68db25d324ba64d746
"C:\Users\user\UI-TARS-desktop\public\kelly\phases\361\hook.png","hook.png","C:\Users\user\UI-TARS-desktop\public\kelly\phases\361",SUSPICIOUS,41.25,108,"Curious Kelly in final pose in Chair - UI elements will go on the side rails - Copy.png",1344x768,1069.38,b3ceb72848334c43f2ea2f36d8774ac9dad6fddd488c00d49dacc8dd0d5490ac
"C:\Users\user\UI-TARS-desktop\public\kelly\phases\361\q2.png","q2.png","C:\Users\user\UI-TARS-desktop\public\kelly\phases\361",SUSPICIOUS,45.0,105,"Curious Kelly in final pose in Chair - UI elements will go on the side rails - Copy.png",1344x768,1145.56,e19be94916652e32f9640d9e5cb0a9985c9918d82f97f2b32e7072e7a6160d7a
"C:\Users\user\UI-TARS-desktop\public\kelly\phases\361\q3.png","q3.png","C:\Users\user\UI-TARS-desktop\public\kelly\phases\361",SUSPICIOUS,46.5,103,"head and shoulders without chair.png",1344x768,1116.83,a2c8e31cde3314e207668a37e82fdd63fa838b7c08d208abcd9aac91ddd1dd8a
"C:\Users\user\UI-TARS-desktop\public\kelly\phases\361\wisdom.png","wisdom.png","C:\Users\user\UI-TARS-desktop\public\kelly\phases\361",SUSPICIOUS,47.25,102,"facing to the left.png",1344x768,1099.56,e19ee77d56660c5bfc644b969d475998f99981905a99f0bf53d0260862677506
"C:\Users\user\UI-TARS-desktop\public\kelly\phases\362\hook.png","hook.png","C:\Users\user\UI-TARS-desktop\public\kelly\phases\362",SUSPICIOUS,45.75,104,"Curious Kelly in final pose in Chair - UI elements will go on the side rails - Copy.png",1344x768,1180.94,f7c8f6680a2759f3b6344273bd2a5a9085d65d8bcaf0488c49da4ad4d4ada9da
"C:\Users\user\UI-TARS-desktop\public\kelly\phases\362\q1.png","q1.png","C:\Users\user\UI-TARS-desktop\public\kelly\phases\362",SUSPICIOUS,46.5,103,"slightly turning her head.png",1344x768,1197.07,b86393e1c58d22c7fb9ddb8c01bcff1c03c4ff3e0458cf4c8c76cc62c4428f64
"C:\Users\user\UI-TARS-desktop\public\kelly\phases\362\q2.png","q2.png","C:\Users\user\UI-TARS-desktop\public\kelly\phases\362",SUSPICIOUS,45.25,104,"neutral face with hair.png",1344x768,1159.53,a465bbed5498a0da139fd8638d23d6b6994cdb25cf3c876658cc813e4eb0e4c2
"C:\Users\user\UI-TARS-desktop\public\kelly\phases\363\hook.png","hook.png","C:\Users\user\UI-TARS-desktop\public\kelly\phases\363",SUSPICIOUS,54.75,95,"facing to the left.png",1344x768,1127.66,a38da738d3730e6724305d63e2ceda362c630bd2968fea8dadb0089af8cbcdc8
"C:\Users\user\UI-TARS-desktop\public\kelly\phases\362\wisdom.png","wisdom.png","C:\Users\user\UI-TARS-desktop\public\kelly\phases\362",IMPOSTER,38.5,111,"facing to the left.png",1344x768,1150.79,f14ca51c96330af14f748d97e86984fbd5d44a8ff4c4486f96d409c85dada616
"C:\Users\user\UI-TARS-desktop\public\kelly\phases\362\q3.png","q3.png","C:\Users\user\UI-TARS-desktop\public\kelly\phases\362",SUSPICIOUS,40.25,109,"Curious Kelly in final pose in Chair - UI elements will go on the side rails - Copy.png",1344x768,1184.83,f7cdbb54c573411b0a6fb6b5494085fa48bbbc099e85cdc881e89cce9c85d8d8
"C:\Users\user\UI-TARS-desktop\public\kelly\phases\363\q1.png","q1.png","C:\Users\user\UI-TARS-desktop\public\kelly\phases\363",SUSPICIOUS,49.0,101,"Curious Kelly in final pose in Chair - UI elements will go on the side rails - Copy.png",1344x768,1161.68,e5138a6918cc2f095b209998993e4bb39d33589aee7954ee67cf646a66cec548
"C:\Users\user\UI-TARS-desktop\public\kelly\phases\363\q2.png","q2.png","C:\Users\user\UI-TARS-desktop\public\kelly\phases\363",SUSPICIOUS,53.0,97,"Curious Kelly in final pose in Chair - UI elements will go on the side rails - Copy.png",1344x768,1207.18,a398ab69526626394763e1e65616ac6257ddb9c4c472dd07899c5558b95552af
"C:\Users\user\UI-TARS-desktop\public\kelly\phases\363\q3.png","q3.png","C:\Users\user\UI-TARS-desktop\public\kelly\phases\363",IMPOSTER,36.0,114,"neutral face with hair.png",1344x768,1135.34,b44db106c7ba46309931cc5b9eb6e0cdcd4c8c6e9ed6c1cd6940b3d63e365a29
"C:\Users\user\UI-TARS-desktop\public\kelly\phases\364\hook.png","hook.png","C:\Users\user\UI-TARS-desktop\public\kelly\phases\364",IMPOSTER,34.75,115,"neutral face with hair.png",1344x768,1226.7,b81b636353e4469ce4085e063dc00fc9c52c42ff90f9b903c2b79bf8b93e99b3
"C:\Users\user\UI-TARS-desktop\public\kelly\phases\363\wisdom.png","wisdom.png","C:\Users\user\UI-TARS-desktop\public\kelly\phases\363",IMPOSTER,34.5,115,"facing to the left.png",1344x768,1150.78,e3cce2bc8f33b5439270be2381d7bf5ea8f308e5bf18c1cc688d0dc8d4884c9e
"C:\Users\user\UI-TARS-desktop\public\kelly\phases\364\q2.png","q2.png","C:\Users\user\UI-TARS-desktop\public\kelly\phases\364",SUSPICIOUS,45.25,104,"Curious Kelly in final pose in Chair - UI elements will go on the side rails - Copy.png",1344x768,1165.31,d818b4b083e3570353435227ed74a7ec5322df12021dcf8c8b7cb71ace9c92fe
"C:\Users\user\UI-TARS-desktop\public\kelly\phases\364\q1.png","q1.png","C:\Users\user\UI-TARS-desktop\public\kelly\phases\364",IMPOSTER,30.75,119,"profile of kelly.png",1344x768,1209.85,d073b583678ddbd37b54210d912f66bc9a1432d3ed4ad96bc489ee6499340672
"C:\Users\user\UI-TARS-desktop\public\kelly\phases\364\q3.png","q3.png","C:\Users\user\UI-TARS-desktop\public\kelly\phases\364",IMPOSTER,30.5,119,"Curious Kelly in final pose in Chair - UI elements will go on the side rails - Copy.png",1344x768,1167.34,8accaeb1c0bbe1465f561efb97ec89d74445d1184caa9aed67355350263a132b
"C:\Users\user\UI-TARS-desktop\public\kelly\phases\365\hook.png","hook.png","C:\Users\user\UI-TARS-desktop\public\kelly\phases\365",SUSPICIOUS,40.5,109,"Curious Kelly in final pose in Chair - UI elements will go on the side rails - Copy.png",1344x768,1155.86,b099a328df667ec7b0324297a8274c33f55ccbabf49c4f98bc898b8c1d1d34e0
"C:\Users\user\UI-TARS-desktop\public\kelly\phases\364\wisdom.png","wisdom.png","C:\Users\user\UI-TARS-desktop\public\kelly\phases\364",IMPOSTER,36.0,114,"Curious Kelly in final pose in Chair - UI elements will go on the side rails - Copy.png",1344x768,1224.92,cf51e073c12eea86fc2dbf0e23dc1338107157d8e25f105f12cfba83d440abf8
"C:\Users\user\UI-TARS-desktop\public\kelly\phases\365\q1.png","q1.png","C:\Users\user\UI-TARS-desktop\public\kelly\phases\365",SUSPICIOUS,42.75,107,"head and shoulders without chair.png",1344x768,1090.03,f1ccf71c0eb34967f6028cb7495bfc0448cbf4dc49cca8cd05ecf8d4f54d2a80
"C:\Users\user\UI-TARS-desktop\public\kelly\phases\365\q3.png","q3.png","C:\Users\user\UI-TARS-desktop\public\kelly\phases\365",SUSPICIOUS,47.25,102,"facing to the left.png",1344x768,1107.57,f59ee77d1a6770a62f26f8b60fd3b90e5a98bc190ad0dd8988181c587269075d
"C:\Users\user\UI-TARS-desktop\public\kelly\phases\365\q2.png","q2.png","C:\Users\user\UI-TARS-desktop\public\kelly\phases\365",SUSPICIOUS,46.25,103,"facing to the left.png",1344x768,1133.77,faadedb3065a0a4d8decb0c60953f98ad9f2891ddb9afc3d0651f18a0bfc0405
"C:\Users\user\UI-TARS-desktop\public\kelly\poses\bot_right_index.png","bot_right_index.png","C:\Users\user\UI-TARS-desktop\public\kelly\poses",GOOD,61.0,89,"Curious Kelly in final pose in Chair - UI elements will go on the side rails - Copy.png",1344x768,872.27,b0d8c3099e326ce76667db264c9298e3ccdbd98c998c98c9cd9ccc9999c99c69
"C:\Users\user\UI-TARS-desktop\public\kelly\poses\cam_right_index.png","cam_right_index.png","C:\Users\user\UI-TARS-desktop\public\kelly\poses",GOOD,73.75,76,"Curious Kelly in final pose in Chair - UI elements will go on the side rails - Copy.png",1344x768,939.1,b699c30b9c664c67666699666ce68c664cdec98c99999999c999999cc9999999
"C:\Users\user\UI-TARS-desktop\public\kelly\poses\kelly_choice_left.png","kelly_choice_left.png","C:\Users\user\UI-TARS-desktop\public\kelly\poses",GOOD,69.25,80,"Curious Kelly in final pose in Chair - UI elements will go on the side rails - Copy.png",1344x768,825.02,b119c31398664c64b3c6ce661c7899c6cc9bccd9198c999ed9999918d9db6d99
"C:\Users\user\UI-TARS-desktop\public\kelly\poses\kelly_choice_right.png","kelly_choice_right.png","C:\Users\user\UI-TARS-desktop\public\kelly\poses",GOOD,62.75,87,"Curious Kelly in final pose in Chair - UI elements will go on the side rails - Copy.png",1344x768,856.43,b71be2f11e67c8e6e0cc9e2ec9c4d9929d19d9939999991bc991199b261962e1
"C:\Users\user\UI-TARS-desktop\public\kelly\phases\365\wisdom.png","wisdom.png","C:\Users\user\UI-TARS-desktop\public\kelly\phases\365",SUSPICIOUS,40.0,110,"facing to the left.png",1344x768,1123.8,f44cf22c4bb3248f7f3001f3f0060e81fc5d5ea0eecec4dcdec60c44ccfe8d4c
"C:\Users\user\UI-TARS-desktop\public\kelly\poses\kelly_clasp.png","kelly_clasp.png","C:\Users\user\UI-TARS-desktop\public\kelly\poses",SUSPICIOUS,55.75,94,"Curious Kelly in final pose in Chair - UI elements will go on the side rails - Copy.png",1344x768,1192.9,b39cce398933cce62cc69f35669289794c8e99cccccae6599998c8cc2cd8dacc
"C:\Users\user\UI-TARS-desktop\public\kelly\poses\kelly_hint_flip.png","kelly_hint_flip.png","C:\Users\user\UI-TARS-desktop\public\kelly\poses",SUSPICIOUS,52.5,97,"Curious Kelly in final pose in Chair - UI elements will go on the side rails - Copy.png",1344x768,939.19,e6cc926c9b27cdb339e693996333cc23319bccd99986ccc9918cccd9ccc18ccc
"C:\Users\user\UI-TARS-desktop\public\kelly\poses\kelly_hint.png","kelly_hint.png","C:\Users\user\UI-TARS-desktop\public\kelly\poses",GOOD,65.5,84,"Curious Kelly in final pose in Chair - UI elements will go on the side rails - Copy.png",1344x768,1119.17,b399c739ce7298e66cb2c6cc3266992664ce998cccdb998ccc99998c999c9999
"C:\Users\user\UI-TARS-desktop\public\kelly\poses\kelly_idle.png","kelly_idle.png","C:\Users\user\UI-TARS-desktop\public\kelly\poses",GOOD,71.0,79,"Curious Kelly in final pose in Chair - UI elements will go on the side rails - Copy.png",1344x768,829.46,b619c341ce669c6667c71e76cb66c1c21c1e9cc6c99bd8d9981cc9cbc9999998
"C:\Users\user\UI-TARS-desktop\public\kelly\poses\kelly_listening.png","kelly_listening.png","C:\Users\user\UI-TARS-desktop\public\kelly\poses",SUSPICIOUS,44.75,105,"Curious Kelly in final pose in Chair - UI elements will go on the side rails - Copy.png",1344x768,1244.34,b2d99e381ce698e63999c7389999998e6699d1992c6333d1272664b666666667
"C:\Users\user\UI-TARS-desktop\public\kelly\poses\kelly_welcome.png","kelly_welcome.png","C:\Users\user\UI-TARS-desktop\public\kelly\poses",GOOD,68.5,81,"head and shoulders without chair.png",1344x768,1052.12,f4cca349cf3034617364c32732669672673333663673c667c3268c9698dbc9b6
"C:\Users\user\UI-TARS-desktop\public\kelly\poses\rail_left_thumb.png","rail_left_thumb.png","C:\Users\user\UI-TARS-desktop\public\kelly\poses",GOOD,68.5,81,"Curious Kelly in final pose in Chair - UI elements will go on the side rails - Copy.png",1344x768,845.08,b399c3f11e26e1e22e4ec36698f61c4ec4e21d1ac1c3998ccd99d999999dc999
"C:\Users\user\UI-TARS-desktop\public\kelly\thumbnails\raw\lesson-001-starting-fresh.png","lesson-001-starting-fresh.png","C:\Users\user\UI-TARS-desktop\public\kelly\thumbnails\raw",SUSPICIOUS,40.25,109,"facing to the left.png",1344x768,874.42,b333b3334ccc4ccc8cc60ccc4cccf99999990cdd18cce633f1ce4fb911cd8b33
"C:\Users\user\UI-TARS-desktop\public\kelly\thumbnails\raw\lesson-003-where-clouds-come-from.png","lesson-003-where-clouds-come-from.png","C:\Users\user\UI-TARS-desktop\public\kelly\thumbnails\raw",IMPOSTER,38.0,112,"facing to the left.png",1344x768,724.57,b333fb330ccc2744ccce88ccadee54ce333d7e73454c3b317723b31810394666
"C:\Users\user\UI-TARS-desktop\public\kelly\thumbnails\raw\lesson-002-the-three-lives-of-water.png","lesson-002-the-three-lives-of-water.png","C:\Users\user\UI-TARS-desktop\public\kelly\thumbnails\raw",IMPOSTER,35.25,114,"profile of kelly.png",1344x768,1026.71,c3775253f08cb3320cc7d99c44399cce7b1998c6488cd6395de69b9c08f3de8c
"C:\Users\user\UI-TARS-desktop\public\kelly\thumbnails\raw\lesson-004-how-light-travels.png","lesson-004-how-light-travels.png","C:\Users\user\UI-TARS-desktop\public\kelly\thumbnails\raw",IMPOSTER,35.0,115,"close up of kellys eyes.png",1344x768,872.72,c3660f369c9c29389d9959990cf3d2cc0db9d2c30b3cf6f3094c3eb3c24c2db3
"C:\Users\user\UI-TARS-desktop\public\kelly\thumbnails\raw\lesson-008-what-makes-a-real-friend.png","lesson-008-what-makes-a-real-friend.png","C:\Users\user\UI-TARS-desktop\public\kelly\thumbnails\raw",IMPOSTER,25.25,124,"close up of kellys eyes.png",1344x768,716.67,8666c673b8cc666c8cf35998999998c61998cd9b4ccce1999c63cf8c9931dd99
"C:\Users\user\UI-TARS-desktop\public\kelly\thumbnails\raw\lesson-005-how-sound-moves.png","lesson-005-how-sound-moves.png","C:\Users\user\UI-TARS-desktop\public\kelly\thumbnails\raw",IMPOSTER,27.5,122,"close up of kellys eyes.png",1344x768,979.24,96711633a1ce79ce8d976638934b5398ad2c4364bc1b45c3be3bc4732e351365
"C:\Users\user\UI-TARS-desktop\public\kelly\thumbnails\raw\lesson-007-what-stars-are-made-of.png","lesson-007-what-stars-are-made-of.png","C:\Users\user\UI-TARS-desktop\public\kelly\thumbnails\raw",IMPOSTER,24.75,125,"close up of kellys eyes.png",1344x768,1090.03,83666199709936668c72539991876fcef6811664b94c666672e6cf53638c9e3b
"C:\Users\user\UI-TARS-desktop\public\kelly\thumbnails\raw\lesson-006-whats-inside-a-seed.png","lesson-006-whats-inside-a-seed.png","C:\Users\user\UI-TARS-desktop\public\kelly\thumbnails\raw",IMPOSTER,24.25,125,"facing to the left.png",1344x768,1245.7,8331b9c21ae31ca29b6edac6d69c968787369837c6819d7c8eca192ebac593b2
"C:\Users\user\UI-TARS-desktop\public\kelly\thumbnails\raw\lesson-009-how-kindness-spreads.png","lesson-009-how-kindness-spreads.png","C:\Users\user\UI-TARS-desktop\public\kelly\thumbnails\raw",IMPOSTER,21.25,128,"close up of kellys eyes.png",1344x768,799.29,9266c7331ccc733ccce9998c4d39cce63198cc7339c47331ce67318cce336666
"C:\Users\user\UI-TARS-desktop\public\kelly\thumbnails\raw\lesson-010-the-art-of-really-listening.png","lesson-010-the-art-of-really-listening.png","C:\Users\user\UI-TARS-desktop\public\kelly\thumbnails\raw",IMPOSTER,22.25,127,"close up of kellys eyes.png",1344x768,781.08,a66444cc999966649cce53399933999c73338ccd5199ae66598c9b33cb6639b3
"C:\Users\user\UI-TARS-desktop\public\kelly\thumbnails\raw\lesson-011-why-patience-pays-off.png","lesson-011-why-patience-pays-off.png","C:\Users\user\UI-TARS-desktop\public\kelly\thumbnails\raw",IMPOSTER,30.25,119,"head and shoulders without chair.png",1344x768,937.87,c64ce6cda8d9b91419931b33d1b283f6a93dab870b105e6154e684fcac6be867
"C:\Users\user\UI-TARS-desktop\public\kelly\thumbnails\raw\lesson-013-what-courage-really-means.png","lesson-013-what-courage-really-means.png","C:\Users\user\UI-TARS-desktop\public\kelly\thumbnails\raw",IMPOSTER,36.5,113,"close up of kellys eyes.png",1344x768,799.46,9b363b6dd2d266c9ec960d936494825b3f6dd26c3f2660cc9f3370240dc3cc1b
"C:\Users\user\UI-TARS-desktop\public\kelly\thumbnails\raw\lesson-012-how-gratitude-changes-you.png","lesson-012-how-gratitude-changes-you.png","C:\Users\user\UI-TARS-desktop\public\kelly\thumbnails\raw",IMPOSTER,28.75,121,"close up of kellys eyes.png",1344x768,925.01,869a7559d3246299d9c99326dbdc5ac6a9658d92c9564ccb7571a8ca55632aab
"C:\Users\user\UI-TARS-desktop\public\kelly\thumbnails\raw\lesson-015-how-your-body-stays-balanced.png","lesson-015-how-your-body-stays-balanced.png","C:\Users\user\UI-TARS-desktop\public\kelly\thumbnails\raw",SUSPICIOUS,40.25,109,"profile of kelly.png",1344x768,658.59,f22603339ddd72248df3d8cc8c33dcce9998cce300cccd9bd8e71999ccd9198c
"C:\Users\user\UI-TARS-desktop\public\kelly\thumbnails\raw\lesson-013-why-we-dream.png","lesson-013-why-we-dream.png","C:\Users\user\UI-TARS-desktop\public\kelly\thumbnails\raw",IMPOSTER,28.5,121,"facing to the left.png",1344x768,927.36,b198b59c0e63438cd43c0c638f46c8fb7ce6b72d5cc3a3ce0af87c27971449d4
"C:\Users\user\UI-TARS-desktop\public\kelly\thumbnails\raw\lesson-014-why-curious-people-learn-more.png","lesson-014-why-curious-people-learn-more.png","C:\Users\user\UI-TARS-desktop\public\kelly\thumbnails\raw",IMPOSTER,29.75,120,"Curious Kelly in final pose in Chair - UI elements will go on the side rails - Copy.png",1344x768,764.28,a3767c33c8cc3332dce39d9c5da189cc5999d8e7c54c38d38f041999999b6389
"C:\Users\user\UI-TARS-desktop\public\kelly\thumbnails\raw\lesson-014-the-power-of-questions.png","lesson-014-the-power-of-questions.png","C:\Users\user\UI-TARS-desktop\public\kelly\thumbnails\raw",IMPOSTER,39.0,111,"close up of kellys eyes.png",1344x768,867.8,941c55deaae15c3ce3e343c3a3ae51f0af83d07c8fc1601f9fc0c387f5c3089c
"C:\Users\user\UI-TARS-desktop\public\kelly\thumbnails\raw\lesson-016-why-breathing-matters.png","lesson-016-why-breathing-matters.png","C:\Users\user\UI-TARS-desktop\public\kelly\thumbnails\raw",IMPOSTER,25.5,124,"close up of kellys eyes.png",1344x768,671.01,b3333e73198ce3368ccef88c0df999cc59198ccb48cc8f29d9461999eed3344c
"C:\Users\user\UI-TARS-desktop\public\kelly\thumbnails\raw\lesson-015-how-your-brain-learns.png","lesson-015-how-your-brain-learns.png","C:\Users\user\UI-TARS-desktop\public\kelly\thumbnails\raw",IMPOSTER,38.0,112,"close up of kellys eyes.png",1344x768,970.39,96641966b1997193c99b49396d7391cc2b23866c366696df6a6ea9994772491b
"C:\Users\user\UI-TARS-desktop\public\kelly\thumbnails\raw\lesson-018-what-happens-when-you-rest.png","lesson-018-what-happens-when-you-rest.png","C:\Users\user\UI-TARS-desktop\public\kelly\thumbnails\raw",IMPOSTER,38.5,111,"close up of kellys eyes.png",1344x768,715.01,91ce19c6cc3131cee70e0e31e647cf1c3671c31c3e78c88733bcc4318ff76471
"C:\Users\user\UI-TARS-desktop\public\kelly\thumbnails\raw\lesson-017-why-bodies-need-to-move.png","lesson-017-why-bodies-need-to-move.png","C:\Users\user\UI-TARS-desktop\public\kelly\thumbnails\raw",IMPOSTER,36.0,114,"close up of kellys eyes.png",1344x768,1093.38,c3110c99f33d189af8ff81375ece85c75d8f8b7c91c048fb944ccea2187c9654
"C:\Users\user\UI-TARS-desktop\public\kelly\thumbnails\raw\lesson-019-how-energy-changes-form.png","lesson-019-how-energy-changes-form.png","C:\Users\user\UI-TARS-desktop\public\kelly\thumbnails\raw",SUSPICIOUS,52.25,97,"profile of kelly.png",1344x768,741.33,f3763e731dcc433088f3d88c1f39ccc63198cce13c0ec9d91837c9991dfde08c
"C:\Users\user\UI-TARS-desktop\public\kelly\thumbnails\raw\lesson-017-why-mistakes-matter.png","lesson-017-why-mistakes-matter.png","C:\Users\user\UI-TARS-desktop\public\kelly\thumbnails\raw",SUSPICIOUS,47.5,102,"facing to the left.png",1344x768,980.81,b333b3335cc65cc38ccc4ccc5cc694da0e4c19649993e8d94a4cd3a6ef934ecd
"C:\Users\user\UI-TARS-desktop\public\kelly\thumbnails\raw\lesson-016-what-makes-music-feel.png","lesson-016-what-makes-music-feel.png","C:\Users\user\UI-TARS-desktop\public\kelly\thumbnails\raw",IMPOSTER,30.0,120,"close up of kellys eyes.png",1344x768,1071.16,8333c667eccc2d5bccc54389e1d9f854749458e278fa5a3b918724712352dbd6
"C:\Users\user\UI-TARS-desktop\public\kelly\thumbnails\raw\lesson-018-how-plants-eat-sunlight.png","lesson-018-how-plants-eat-sunlight.png","C:\Users\user\UI-TARS-desktop\public\kelly\thumbnails\raw",IMPOSTER,22.75,127,"close up of kellys eyes.png",1344x768,1104.87,943394b391fe263297644cae96c7ce0c167bccc618eca5e6d6662d61d0f62f05
"C:\Users\user\UI-TARS-desktop\public\kelly\thumbnails\raw\lesson-020-why-we-need-sleep.png","lesson-020-why-we-need-sleep.png","C:\Users\user\UI-TARS-desktop\public\kelly\thumbnails\raw",IMPOSTER,38.25,111,"head and shoulders without chair.png",1344x768,819.75,918e91ce4e7377388f1c4e739e31c4e34e73858f62311f8ff0314cce9323e18c
"C:\Users\user\UI-TARS-desktop\public\kelly\thumbnails\raw\lesson-020-your-five-senses-and-more.png","lesson-020-your-five-senses-and-more.png","C:\Users\user\UI-TARS-desktop\public\kelly\thumbnails\raw",IMPOSTER,29.75,120,"close up of kellys eyes.png",1344x768,759.72,98e338e3cf1e38ccc1c7671cc4e0ff070c78e799008ecf8731cf39c6e0ee0f30
"C:\Users\user\UI-TARS-desktop\public\kelly\thumbnails\raw\lesson-021-how-to-disagree-well.png","lesson-021-how-to-disagree-well.png","C:\Users\user\UI-TARS-desktop\public\kelly\thumbnails\raw",IMPOSTER,25.5,124,"close up of face.jpeg",1344x768,706.2,b66611e7b988662eccdc599984731ac9c199cc8e2398f6732ae6f5924a66b5e2
"C:\Users\user\UI-TARS-desktop\public\kelly\thumbnails\raw\lesson-019-the-story-in-your-blood.png","lesson-019-the-story-in-your-blood.png","C:\Users\user\UI-TARS-desktop\public\kelly\thumbnails\raw",IMPOSTER,32.75,117,"close up of kellys eyes.png",1344x768,1020.43,d6216d32fc2c3e24ec5a18dce9f8c3f81b8ca7e54a46b58bc86715b3ed311291
"C:\Users\user\UI-TARS-desktop\public\kelly\thumbnails\raw\lesson-022-why-we-see-colors.png","lesson-022-why-we-see-colors.png","C:\Users\user\UI-TARS-desktop\public\kelly\thumbnails\raw",IMPOSTER,31.75,118,"Curious Kelly in final pose in Chair - UI elements will go on the side rails - Copy.png",1344x768,876.48,e664c666199966641ce6d99998e3d99823334ccc91999db3e1989d33d99b9933
"C:\Users\user\UI-TARS-desktop\public\kelly\thumbnails\raw\lesson-023-patterns-are-everywhere.png","lesson-023-patterns-are-everywhere.png","C:\Users\user\UI-TARS-desktop\public\kelly\thumbnails\raw",IMPOSTER,39.0,111,"profile of kelly.png",1344x768,850.94,e7763d331888470c9ccf988c2733f0c62739f667330c4db9d2c66739dee7200c
"C:\Users\user\UI-TARS-desktop\public\kelly\thumbnails\raw\lesson-021-what-makes-things-grow.png","lesson-021-what-makes-things-grow.png","C:\Users\user\UI-TARS-desktop\public\kelly\thumbnails\raw",SUSPICIOUS,41.75,108,"close up of kellys eyes.png",1344x768,1068.7,c7320cfbd5156e233d8cf2114cd63199ca43dccc2a1d8d4a549d295bdacfac3a
"C:\Users\user\UI-TARS-desktop\public\kelly\thumbnails\raw\lesson-022-what-gravity-really-does.png","lesson-022-what-gravity-really-does.png","C:\Users\user\UI-TARS-desktop\public\kelly\thumbnails\raw",IMPOSTER,32.0,118,"profile of kelly.png",1344x768,1060.24,80e76463ab8c538884fe7e739b9c60f15c6b8f0e76e6868d79311e8cf2300dcd
"C:\Users\user\UI-TARS-desktop\public\kelly\thumbnails\raw\lesson-023-the-gift-of-boredom.png","lesson-023-the-gift-of-boredom.png","C:\Users\user\UI-TARS-desktop\public\kelly\thumbnails\raw",SUSPICIOUS,42.25,107,"head and shoulders without chair.png",1344x768,581.66,fc780fc1078f3878c387e70ec3c3e707c3c0c3c70030fbe3461ec387c78f478e
"C:\Users\user\UI-TARS-desktop\public\kelly\thumbnails\raw\lesson-024-why-humans-tell-stories.png","lesson-024-why-humans-tell-stories.png","C:\Users\user\UI-TARS-desktop\public\kelly\thumbnails\raw",IMPOSTER,30.75,119,"profile of kelly.png",1344x768,717.5,b3333f33a8cc73328cf3d08c8fb38ce679988c6759cc8e5874e6830c4c739ccc
"C:\Users\user\UI-TARS-desktop\public\kelly\thumbnails\raw\lesson-024-how-memory-works.png","lesson-024-how-memory-works.png","C:\Users\user\UI-TARS-desktop\public\kelly\thumbnails\raw",IMPOSTER,34.25,115,"profile of kelly.png",1344x768,877.34,f3337b33f99c36265e670ccccce3499c8d988ccc8ccc49b391e1c64d1acc8d9c
"C:\Users\user\UI-TARS-desktop\public\kelly\thumbnails\raw\lesson-025-why-stories-change-us.png","lesson-025-why-stories-change-us.png","C:\Users\user\UI-TARS-desktop\public\kelly\thumbnails\raw",IMPOSTER,29.0,121,"close up of kellys eyes.png",1344x768,858.2,97736f33c8c45376ccd11ccc681d946c6d888c7359ac2b73616fa1194fe1a4e6
"C:\Users\user\UI-TARS-desktop\public\kelly\thumbnails\raw\lesson-025-why-music-moves-us.png","lesson-025-why-music-moves-us.png","C:\Users\user\UI-TARS-desktop\public\kelly\thumbnails\raw",IMPOSTER,28.25,121,"Curious Kelly in final pose in Chair - UI elements will go on the side rails - Copy.png",1344x768,1000.59,97338b33a6ac73ace8421cdcd5952dad8b89e8c2f020a079379e9da72a61f29e
"C:\Users\user\UI-TARS-desktop\public\kelly\thumbnails\raw\lesson-026-the-power-of-good-questions.png","lesson-026-the-power-of-good-questions.png","C:\Users\user\UI-TARS-desktop\public\kelly\thumbnails\raw",IMPOSTER,27.0,123,"close up of kellys eyes.png",1344x768,982.53,97374b33c8ce332ecc739dcc4b199ce7698c8c6158ce8cd87467a39498b989cc
"C:\Users\user\UI-TARS-desktop\public\kelly\thumbnails\raw\lesson-026-the-science-of-smiling.png","lesson-026-the-science-of-smiling.png","C:\Users\user\UI-TARS-desktop\public\kelly\thumbnails\raw",IMPOSTER,28.25,121,"close up of kellys eyes.png",1344x768,757.99,b3724d1390cc66669c8ed1d88c2753ccac99c1e63619cc7373999d33726cae66
"C:\Users\user\UI-TARS-desktop\public\kelly\thumbnails\raw\lesson-027-how-imagination-works.png","lesson-027-how-imagination-works.png","C:\Users\user\UI-TARS-desktop\public\kelly\thumbnails\raw",IMPOSTER,28.25,121,"facing to the left.png",1344x768,712.62,b7664733d98c3666cce7598c89334cccb998cce399ccee3146c6b99899991989
"C:\Users\user\UI-TARS-desktop\public\kelly\thumbnails\raw\lesson-028-how-memories-are-made.png","lesson-028-how-memories-are-made.png","C:\Users\user\UI-TARS-desktop\public\kelly\thumbnails\raw",IMPOSTER,29.0,121,"facing to the left.png",1344x768,670.68,a3330f331ccc632ecccb98cccd391ccee99c8c7339cec71118c79998627337c6
"C:\Users\user\UI-TARS-desktop\public\kelly\thumbnails\raw\lesson-027-how-ice-shapes-land.png","lesson-027-how-ice-shapes-land.png","C:\Users\user\UI-TARS-desktop\public\kelly\thumbnails\raw",SUSPICIOUS,40.25,109,"Curious Kelly in final pose in Chair - UI elements will go on the side rails - Copy.png",1344x768,815.0,e4d9cd999b2626691932d32659268c33a4cc399b6e63ecc9719ba6e48c896f33
"C:\Users\user\UI-TARS-desktop\public\kelly\thumbnails\raw\lesson-028-what-courage-really-means.png","lesson-028-what-courage-really-means.png","C:\Users\user\UI-TARS-desktop\public\kelly\thumbnails\raw",SUSPICIOUS,50.25,99,"close up of kellys eyes.png",1344x768,769.12,991569f396666972968c79fb868c797a868d18dc67a59a5e65a19a1a69a19698
"C:\Users\user\UI-TARS-desktop\public\kelly\thumbnails\raw\lesson-030-why-everything-changes.png","lesson-030-why-everything-changes.png","C:\Users\user\UI-TARS-desktop\public\kelly\thumbnails\raw",IMPOSTER,21.75,128,"close up of kellys eyes.png",1344x768,754.68,d766323389cc6734bce7498cdf3988c67398cce3198edcc10666f6481993e798
"C:\Users\user\UI-TARS-desktop\public\kelly\thumbnails\raw\lesson-031-how-change-happens.png","lesson-031-how-change-happens.png","C:\Users\user\UI-TARS-desktop\public\kelly\thumbnails\raw",IMPOSTER,27.0,123,"close up of kellys eyes.png",1344x768,687.79,97760d73888d5e6ec8c91399626393ae7a33c6ee3e11c1db1c84e1599ea2615d
"C:\Users\user\UI-TARS-desktop\public\kelly\thumbnails\raw\lesson-029-the-hidden-life-of-soil.png","lesson-029-the-hidden-life-of-soil.png","C:\Users\user\UI-TARS-desktop\public\kelly\thumbnails\raw",IMPOSTER,32.5,117,"close up of kellys eyes.png",1344x768,1083.26,88cc71cee7333233c68c2446b26e0739f8ce0f39f9a10e8ce4e41a67e7fc3067
"C:\Users\user\UI-TARS-desktop\public\kelly\thumbnails\raw\lesson-029-why-time-feels-different.png","lesson-029-why-time-feels-different.png","C:\Users\user\UI-TARS-desktop\public\kelly\thumbnails\raw",SUSPICIOUS,40.5,109,"head and shoulders without chair.png",1344x768,839.87,919f5ac64e392b9cc74ecd39ffa30735dc73e303199cb2e3498fb00851c7211c
"C:\Users\user\UI-TARS-desktop\public\kelly\thumbnails\raw\lesson-032-the-moon-and-the-tides.png","lesson-032-the-moon-and-the-tides.png","C:\Users\user\UI-TARS-desktop\public\kelly\thumbnails\raw",IMPOSTER,27.75,122,"close up of kellys eyes.png",1344x768,775.71,924696d236c976b6c9246933adcd6da499246d64c643129a96db5edab65b58cc
"C:\Users\user\UI-TARS-desktop\public\kelly\thumbnails\raw\lesson-030-why-we-help-strangers.png","lesson-030-why-we-help-strangers.png","C:\Users\user\UI-TARS-desktop\public\kelly\thumbnails\raw",IMPOSTER,30.0,120,"facing to the left.png",1344x768,911.91,d013e019da441b99cdeb0ce6ec480d63cde40cf2b0d76d8cb2e44df498f6cd9d
"C:\Users\user\UI-TARS-desktop\public\kelly\thumbnails\raw\lesson-031-how-the-sun-powers-earth.png","lesson-031-how-the-sun-powers-earth.png","C:\Users\user\UI-TARS-desktop\public\kelly\thumbnails\raw",IMPOSTER,32.5,117,"close up of kellys eyes.png",1344x768,840.67,92666933c5991266e99b1c99e8da9d4c7236c64238adcb33388fe7d92c4f98cc
"C:\Users\user\UI-TARS-desktop\public\kelly\thumbnails\raw\lesson-033-what-gravity-actually-does.png","lesson-033-what-gravity-actually-does.png","C:\Users\user\UI-TARS-desktop\public\kelly\thumbnails\raw",SUSPICIOUS,41.25,108,"close up of kellys eyes.png",1344x768,775.08,99993999a66666339b265b0cb6cc664469b69b367b3196c96cdb1992c3343e64
"C:\Users\user\UI-TARS-desktop\public\kelly\thumbnails\raw\lesson-038-what-makes-wind-blow.png","lesson-038-what-makes-wind-blow.png","C:\Users\user\UI-TARS-desktop\public\kelly\thumbnails\raw",IMPOSTER,26.0,124,"Curious Kelly in final pose in Chair - UI elements will go on the side rails - Copy.png",1344x768,711.5,b766473398cc76668c63599c893319ce79998cc5d9cc893364ce2a99d9999999
"C:\Users\user\UI-TARS-desktop\public\kelly\thumbnails\raw\lesson-040-what-causes-thunder.png","lesson-040-what-causes-thunder.png","C:\Users\user\UI-TARS-desktop\public\kelly\thumbnails\raw",IMPOSTER,35.75,114,"profile of kelly.png",1344x768,662.09,f7327b331c8d0726c8e78ccce87784ce099cdcc72e6ed2910c4ce99891ed6999
"C:\Users\user\UI-TARS-desktop\public\kelly\thumbnails\raw\lesson-036-what-fire-really-is.png","lesson-036-what-fire-really-is.png","C:\Users\user\UI-TARS-desktop\public\kelly\thumbnails\raw",IMPOSTER,37.25,112,"close up of kellys eyes.png",1344x768,812.79,93367ec9a4d44326bcc7539cce3194ce63399c4640dcdf6324ce783187a6f899
"C:\Users\user\UI-TARS-desktop\public\kelly\thumbnails\raw\lesson-035-how-electricity-flows.png","lesson-035-how-electricity-flows.png","C:\Users\user\UI-TARS-desktop\public\kelly\thumbnails\raw",IMPOSTER,28.0,122,"close up of kellys eyes.png",1344x768,1008.16,83664c3939cc70b0accd5398ce39d94c19b1dce61f9ce17363cef99994673a10
"C:\Users\user\UI-TARS-desktop\public\kelly\thumbnails\raw\lesson-034-how-magnets-work.png","lesson-034-how-magnets-work.png","C:\Users\user\UI-TARS-desktop\public\kelly\thumbnails\raw",IMPOSTER,28.5,121,"close up of kellys eyes.png",1344x768,1073.7,90c54d71273e50e3cec3573cea910d8e5b18931a66f6bcc551aea7745e38889d
"C:\Users\user\UI-TARS-desktop\public\kelly\thumbnails\raw\lesson-037-why-ice-floats.png","lesson-037-why-ice-floats.png","C:\Users\user\UI-TARS-desktop\public\kelly\thumbnails\raw",IMPOSTER,36.25,113,"close up of kellys eyes.png",1344x768,902.07,f33b8e0d8cc6f1f0ccddc9cc7131fe23611a94236696f9788e6f0a96d92108ec
"C:\Users\user\UI-TARS-desktop\public\kelly\thumbnails\raw\lesson-039-where-rain-comes-from.png","lesson-039-where-rain-comes-from.png","C:\Users\user\UI-TARS-desktop\public\kelly\thumbnails\raw",SUSPICIOUS,40.75,109,"close up of kellys eyes.png",1344x768,1148.31,96664b27958c42762da399995bf9c45c3bd9c86315ccda11837e7e90db339498
"C:\Users\user\UI-TARS-desktop\public\kelly\thumbnails\raw\lesson-041-how-rainbows-form.png","lesson-041-how-rainbows-form.png","C:\Users\user\UI-TARS-desktop\public\kelly\thumbnails\raw",IMPOSTER,34.5,115,"close up of kellys eyes.png",1344x768,1082.39,97641b3397cc63669d83d99c0db390cc49999ccc72cc0573b248e9339d99fb13
"C:\Users\user\UI-TARS-desktop\public\kelly\thumbnails\raw\lesson-042-why-seasons-change.png","lesson-042-why-seasons-change.png","C:\Users\user\UI-TARS-desktop\public\kelly\thumbnails\raw",IMPOSTER,34.0,116,"Curious Kelly in final pose in Chair - UI elements will go on the side rails - Copy.png",1344x768,752.57,a6631b33999966668ce6599c8e6659cc1999cccc599c8ce35ccc99b958ce6639
"C:\Users\user\UI-TARS-desktop\public\kelly\thumbnails\raw\lesson-043-why-we-have-day-and-night.png","lesson-043-why-we-have-day-and-night.png","C:\Users\user\UI-TARS-desktop\public\kelly\thumbnails\raw",IMPOSTER,30.0,120,"facing to the left.png",1344x768,749.25,b32616331cccf66608c399984eb38d8cd1198ccf599cbf31c8c9b99999a3ab9d
"C:\Users\user\UI-TARS-desktop\public\kelly\thumbnails\raw\lesson-044-how-shadows-work.png","lesson-044-how-shadows-work.png","C:\Users\user\UI-TARS-desktop\public\kelly\thumbnails\raw",IMPOSTER,38.75,111,"close up of kellys eyes.png",1344x768,683.38,9c7068b8a3c75c39a31c4387a07e40f13f0fd1fc7cc19c3c6870978778f63ce1
"C:\Users\user\UI-TARS-desktop\public\kelly\thumbnails\raw\lesson-045-why-mirrors-reflect.png","lesson-045-why-mirrors-reflect.png","C:\Users\user\UI-TARS-desktop\public\kelly\thumbnails\raw",IMPOSTER,24.75,125,"head and shoulders without chair.png",1344x768,682.7,f66426368b9966668c985999cc93d899b333d983b1994e339ccecb999876683c
"C:\Users\user\UI-TARS-desktop\public\kelly\thumbnails\raw\lesson-047-how-waves-carry-energy.png","lesson-047-how-waves-carry-energy.png","C:\Users\user\UI-TARS-desktop\public\kelly\thumbnails\raw",IMPOSTER,37.5,112,"close up of kellys eyes.png",1344x768,761.23,93333f312cc6631e0d99d8c6b99c8ee1698e8c3c52679c8dcf1871c98ed1d8cb
"C:\Users\user\UI-TARS-desktop\public\kelly\thumbnails\raw\lesson-046-how-sound-bounces-back.png","lesson-046-how-sound-bounces-back.png","C:\Users\user\UI-TARS-desktop\public\kelly\thumbnails\raw",IMPOSTER,32.75,117,"close up of kellys eyes.png",1344x768,904.64,8c5b72b5e317244bd3b5191270cc0c6773768ba97473c2cc3d32c2cd3cb8c55b
"C:\Users\user\UI-TARS-desktop\public\kelly\thumbnails\raw\lesson-048-the-science-of-bubbles.png","lesson-048-the-science-of-bubbles.png","C:\Users\user\UI-TARS-desktop\public\kelly\thumbnails\raw",IMPOSTER,28.5,121,"close up of kellys eyes.png",1344x768,687.59,a3365f315989f2661ccce999c8cd9a8c769b9ccc5d18b567c8d83d99c89c20e9
"C:\Users\user\UI-TARS-desktop\public\kelly\thumbnails\raw\lesson-049-how-crystals-form.png","lesson-049-how-crystals-form.png","C:\Users\user\UI-TARS-desktop\public\kelly\thumbnails\raw",IMPOSTER,23.75,126,"close up of kellys eyes.png",1344x768,703.45,976669b3899c566689995999ace3524c673396666331b6674b1c94e36e643666
"C:\Users\user\UI-TARS-desktop\public\kelly\thumbnails\raw\lesson-050-stories-trapped-in-stone.png","lesson-050-stories-trapped-in-stone.png","C:\Users\user\UI-TARS-desktop\public\kelly\thumbnails\raw",IMPOSTER,32.25,117,"facing to the left.png",1344x768,709.91,f3336339accc3333cde198ccce31bcc6119ccc6799ce82315cce898cdccea98c
"C:\Users\user\UI-TARS-desktop\public\kelly\thumbnails\raw\lesson-051-when-dinosaurs-ruled.png","lesson-051-when-dinosaurs-ruled.png","C:\Users\user\UI-TARS-desktop\public\kelly\thumbnails\raw",IMPOSTER,26.5,123,"close up of kellys eyes.png",1344x768,746.76,a6775b6669992666d8968cd9cc668c89bb2dc9949cccccd2370d8998d18d2e7c
"C:\Users\user\UI-TARS-desktop\public\kelly\thumbnails\raw\lesson-053-why-the-ground-shakes.png","lesson-053-why-the-ground-shakes.png","C:\Users\user\UI-TARS-desktop\public\kelly\thumbnails\raw",SUSPICIOUS,48.25,101,"profile of kelly.png",1344x768,643.19,e3772d931988b36608c4b2332623cdcc0ff1dc6813986666326efd199cce7d99
"C:\Users\user\UI-TARS-desktop\public\kelly\thumbnails\raw\lesson-052-whats-inside-a-volcano.png","lesson-052-whats-inside-a-volcano.png","C:\Users\user\UI-TARS-desktop\public\kelly\thumbnails\raw",IMPOSTER,26.5,123,"facing to the left.png",1344x768,1051.62,d762f7462d89ef89db661cd8e4cccc3139a9d03904d819b6e41d186764dbc936
"C:\Users\user\UI-TARS-desktop\public\kelly\thumbnails\raw\lesson-056-how-rivers-shape-the-land.png","lesson-056-how-rivers-shape-the-land.png","C:\Users\user\UI-TARS-desktop\public\kelly\thumbnails\raw",IMPOSTER,31.0,119,"Curious Kelly in final pose in Chair - UI elements will go on the side rails - Copy.png",1344x768,737.83,a6661e663999626558ced9990e33d89c49b39dcf699999a3698c913bc991989b
"C:\Users\user\UI-TARS-desktop\public\kelly\thumbnails\raw\lesson-054-how-mountains-are-made.png","lesson-054-how-mountains-are-made.png","C:\Users\user\UI-TARS-desktop\public\kelly\thumbnails\raw",IMPOSTER,32.0,118,"facing to the left.png",1344x768,1054.58,c233a773acce4e26d3e618d88d0ca94479d9d8bd54acdf180f5483562ca5f1ab
"C:\Users\user\UI-TARS-desktop\public\kelly\thumbnails\raw\lesson-055-the-deep-ocean-mystery.png","lesson-055-the-deep-ocean-mystery.png","C:\Users\user\UI-TARS-desktop\public\kelly\thumbnails\raw",SUSPICIOUS,43.5,106,"facing to the left.png",1344x768,923.72,b339a339f19997334c6728cc8e66b10c49cc4cce5cccac635ec6d188a86f1fdc
"C:\Users\user\UI-TARS-desktop\public\kelly\thumbnails\raw\lesson-057-where-lakes-come-from.png","lesson-057-where-lakes-come-from.png","C:\Users\user\UI-TARS-desktop\public\kelly\thumbnails\raw",IMPOSTER,29.5,120,"close up of kellys eyes.png",1344x768,730.76,b3333c336ccc473208d9d9ccce4b9ccc7399acc6519c3b31cd4623989877666e
"C:\Users\user\UI-TARS-desktop\public\kelly\thumbnails\raw\lesson-058-life-in-the-desert.png","lesson-058-life-in-the-desert.png","C:\Users\user\UI-TARS-desktop\public\kelly\thumbnails\raw",SUSPICIOUS,42.5,107,"facing to the left.png",1344x768,795.48,b2710b3308cdb6640c83fc8cc86698cc71988cffddcc8fa1d9c6b999ccc3f1cc
"C:\Users\user\UI-TARS-desktop\public\kelly\thumbnails\raw\lesson-060-why-jungles-are-so-alive.png","lesson-060-why-jungles-are-so-alive.png","C:\Users\user\UI-TARS-desktop\public\kelly\thumbnails\raw",IMPOSTER,25.25,124,"close up of kellys eyes.png",1344x768,654.71,b2362ff30d88e2660cccd998586b9b9c73138ce663703633e3b235b1c8e6666d
"C:\Users\user\UI-TARS-desktop\public\kelly\thumbnails\raw\lesson-061-the-power-of-grass.png","lesson-061-the-power-of-grass.png","C:\Users\user\UI-TARS-desktop\public\kelly\thumbnails\raw",IMPOSTER,31.0,119,"slightly turning her head.png",1344x768,656.88,a2660e664d996249d9c699991c73e4cd03138ce62b9cf273e3ce1a73d4b76d18
"C:\Users\user\UI-TARS-desktop\public\kelly\thumbnails\raw\lesson-063-cities-under-the-sea.png","lesson-063-cities-under-the-sea.png","C:\Users\user\UI-TARS-desktop\public\kelly\thumbnails\raw",IMPOSTER,33.25,116,"close up of kellys eyes.png",1344x768,692.1,b3630f333ccc73328ccfd9cc8c11c8cc3d988ce7798c8cf966c89999c99959cc
"C:\Users\user\UI-TARS-desktop\public\kelly\thumbnails\raw\lesson-059-the-secret-life-of-forests.png","lesson-059-the-secret-life-of-forests.png","C:\Users\user\UI-TARS-desktop\public\kelly\thumbnails\raw",IMPOSTER,35.5,114,"close up of kellys eyes.png",1344x768,1148.67,cf188d1aac6f01c9ce64cce74f2480f778868f717087cf8c70d38fae3059c3a7
"C:\Users\user\UI-TARS-desktop\public\kelly\thumbnails\raw\lesson-064-worlds-without-light.png","lesson-064-worlds-without-light.png","C:\Users\user\UI-TARS-desktop\public\kelly\thumbnails\raw",IMPOSTER,35.25,114,"close up of kellys eyes.png",1344x768,854.0,95321e2398e458f19cc188cc5d9980ce5fd8a8c7919e7fa9a0175fb9a0195ddf
"C:\Users\user\UI-TARS-desktop\public\kelly\thumbnails\raw\lesson-066-whats-living-in-the-dirt.png","lesson-066-whats-living-in-the-dirt.png","C:\Users\user\UI-TARS-desktop\public\kelly\thumbnails\raw",IMPOSTER,27.5,122,"head and shoulders without chair.png",1344x768,672.12,a3665a330ccd3664cce7999cdf3b88c679998ccb398cc0319cced9999d33688c
"C:\Users\user\UI-TARS-desktop\public\kelly\thumbnails\raw\lesson-062-why-wetlands-matter.png","lesson-062-why-wetlands-matter.png","C:\Users\user\UI-TARS-desktop\public\kelly\thumbnails\raw",IMPOSTER,31.0,119,"Curious Kelly in final pose in Chair - UI elements will go on the side rails - Copy.png",1344x768,950.03,b332a3335998f6664cce998c8cb3888c7999ccc9e9cc4b3368ce5999e64e719a
"C:\Users\user\UI-TARS-desktop\public\kelly\thumbnails\raw\lesson-065-how-islands-are-born.png","lesson-065-how-islands-are-born.png","C:\Users\user\UI-TARS-desktop\public\kelly\thumbnails\raw",IMPOSTER,29.25,120,"facing to the left.png",1344x768,713.2,a3721e33dc8c6366cc471cccdd39c8cc53988c665ccc8339eec71999dc3934dc
"C:\Users\user\UI-TARS-desktop\public\kelly\thumbnails\raw\lesson-069-how-gems-are-made.png","lesson-069-how-gems-are-made.png","C:\Users\user\UI-TARS-desktop\public\kelly\thumbnails\raw",IMPOSTER,32.0,118,"head and shoulders without chair.png",1344x768,687.94,a6666e6649997666d99a9999c8e68999d91388941331ccb39999999bd9989dd9
"C:\Users\user\UI-TARS-desktop\public\kelly\thumbnails\raw\lesson-070-where-metals-come-from.png","lesson-070-where-metals-come-from.png","C:\Users\user\UI-TARS-desktop\public\kelly\thumbnails\raw",IMPOSTER,27.25,122,"facing to the left.png",1344x768,640.68,a2266b3359cc7666cce3d98ccc738ccc2b998c67688c9cb3664692b9cdce9199
"C:\Users\user\UI-TARS-desktop\public\kelly\thumbnails\raw\lesson-067-the-stories-rocks-tell.png","lesson-067-the-stories-rocks-tell.png","C:\Users\user\UI-TARS-desktop\public\kelly\thumbnails\raw",IMPOSTER,33.75,116,"close up of kellys eyes.png",1344x768,1123.39,a86659d9d7d12717ca9c94b8ed5112a705abc95d16e5e5aa1b52d4950b23b752
"C:\Users\user\UI-TARS-desktop\public\kelly\thumbnails\raw\lesson-072-why-we-need-oxygen.png","lesson-072-why-we-need-oxygen.png","C:\Users\user\UI-TARS-desktop\public\kelly\thumbnails\raw",IMPOSTER,23.0,127,"slightly turning her head.png",1344x768,689.84,b6260a620999f66d88cad99936f3dd8c73b98c667604af23626e3779de662604
"C:\Users\user\UI-TARS-desktop\public\kelly\thumbnails\raw\lesson-071-whats-in-the-air-you-breathe.png","lesson-071-whats-in-the-air-you-breathe.png","C:\Users\user\UI-TARS-desktop\public\kelly\thumbnails\raw",IMPOSTER,28.5,121,"facing to the left.png",1344x768,768.21,b33663332ccc6736c8eb99cc4e39a8c651998ce3d9cc1339cce79998ce31319c
"C:\Users\user\UI-TARS-desktop\public\kelly\thumbnails\raw\lesson-068-earths-hidden-treasures.png","lesson-068-earths-hidden-treasures.png","C:\Users\user\UI-TARS-desktop\public\kelly\thumbnails\raw",SUSPICIOUS,40.0,110,"facing to the left.png",1344x768,1100.36,f333f333f333b2230cd34ccc4cd15ccc59888ccc9dcc869d08ce0a9cc9cfdd9c
"C:\Users\user\UI-TARS-desktop\public\kelly\thumbnails\raw\lesson-073-carbon-is-everywhere.png","lesson-073-carbon-is-everywhere.png","C:\Users\user\UI-TARS-desktop\public\kelly\thumbnails\raw",IMPOSTER,33.5,116,"facing to the left.png",1344x768,775.14,b333d231d88c3a33ccc5bd4ccc63998c4999ccce6dccce671986dd996ccc14cc
"C:\Users\user\UI-TARS-desktop\public\kelly\thumbnails\raw\lesson-074-the-gas-you-dont-notice.png","lesson-074-the-gas-you-dont-notice.png","C:\Users\user\UI-TARS-desktop\public\kelly\thumbnails\raw",IMPOSTER,31.5,118,"facing to the left.png",1344x768,942.5,a133c9199cceb112cec18ac6ccf882ce599c4e7bbabf21396d23b97579312073
"C:\Users\user\UI-TARS-desktop\public\kelly\thumbnails\raw\lesson-075-the-simplest-element.png","lesson-075-the-simplest-element.png","C:\Users\user\UI-TARS-desktop\public\kelly\thumbnails\raw",IMPOSTER,28.5,121,"Curious Kelly in final pose in Chair - UI elements will go on the side rails - Copy.png",1344x768,689.77,b6331f3398cc66648ce6d8cc8b33d9cc8999cc6b59cc8db3748c273966613336
"C:\Users\user\UI-TARS-desktop\public\kelly\thumbnails\raw\lesson-076-building-blocks-of-everything.png","lesson-076-building-blocks-of-everything.png","C:\Users\user\UI-TARS-desktop\public\kelly\thumbnails\raw",IMPOSTER,33.25,116,"profile of kelly.png",1344x768,674.38,e6661db3b9990664dd9991992666e24c3767e4c633394c46999cd1338ccef199
"C:\Users\user\UI-TARS-desktop\public\kelly\thumbnails\raw\lesson-078-the-tiny-units-of-life.png","lesson-078-the-tiny-units-of-life.png","C:\Users\user\UI-TARS-desktop\public\kelly\thumbnails\raw",IMPOSTER,26.75,123,"close up of kellys eyes.png",1344x768,653.36,b7234933c8cc364cccc39d8c6731aa665398ae63776623338c667398ae63764e
"C:\Users\user\UI-TARS-desktop\public\kelly\thumbnails\raw\lesson-079-your-bodys-instruction-manual.png","lesson-079-your-bodys-instruction-manual.png","C:\Users\user\UI-TARS-desktop\public\kelly\thumbnails\raw",IMPOSTER,27.0,123,"facing to the left.png",1344x768,750.97,b3321e3358cc2332cc719ccc4f98dce7999ccc99fcce09989d33c98cdc9924cd
"C:\Users\user\UI-TARS-desktop\public\kelly\thumbnails\raw\lesson-081-how-taste-works.png","lesson-081-how-taste-works.png","C:\Users\user\UI-TARS-desktop\public\kelly\thumbnails\raw",SUSPICIOUS,39.25,110,"close up of kellys eyes.png",1344x768,781.37,919c638c8c6373988e384ce38f2e4e719ce7c639cc63858c7a7184e64e769ce7
"C:\Users\user\UI-TARS-desktop\public\kelly\thumbnails\raw\lesson-077-when-atoms-connect.png","lesson-077-when-atoms-connect.png","C:\Users\user\UI-TARS-desktop\public\kelly\thumbnails\raw",IMPOSTER,22.75,127,"close up of kellys eyes.png",1344x768,1055.93,d4cc30d1f029363fe49a1f939f933fe55fe497e072a8a4247873e0c94923e01b
"C:\Users\user\UI-TARS-desktop\generated-poses-final\kelly_celebrating_raw.png","kelly_celebrating_raw.png","C:\Users\user\UI-TARS-desktop\generated-poses-final",IMPOSTER,35.25,114,"close up of kellys eyes.png",1344x768,1278.7,b5100c618b2e92c7a4c365b1296cdb299a4975b3e65c719ace6671b2866d759f
"C:\Users\user\UI-TARS-desktop\public\kelly\thumbnails\raw\lesson-080-what-blood-does-all-day.png","lesson-080-what-blood-does-all-day.png","C:\Users\user\UI-TARS-desktop\public\kelly\thumbnails\raw",IMPOSTER,32.25,117,"close up of kellys eyes.png",1344x768,1108.95,96628366a36c326dce9b3c91ada4e9894b9dcc9d3959ca534ac7734aa5333526
"C:\Users\user\UI-TARS-desktop\generated-poses-final\kelly_encouraging_raw.png","kelly_encouraging_raw.png","C:\Users\user\UI-TARS-desktop\generated-poses-final",IMPOSTER,35.5,114,"close up of kellys eyes.png",1344x768,1072.49,e4dbcccb1e697226cb311966e60c3d3162e69d3872e69f1f48b924c8cd93265c
"C:\Users\user\UI-TARS-desktop\generated-poses-final\kelly_excited_raw.png","kelly_excited_raw.png","C:\Users\user\UI-TARS-desktop\generated-poses-final",IMPOSTER,31.5,118,"facing to the left.png",1344x768,1208.03,92cca7311a72cccc59e6e6645ed2f9844cd3b399dc05f319ac8e9a49dd91b10b
"C:\Users\user\UI-TARS-desktop\generated-poses-final\kelly_hint_raw.png","kelly_hint_raw.png","C:\Users\user\UI-TARS-desktop\generated-poses-final",IMPOSTER,30.5,119,"facing to the left.png",1344x768,1292.7,b341ac312f325be61ccd7146cf30c8adb8eb1dcac8181bdd6133cc4c33f1dc1b
"C:\Users\user\UI-TARS-desktop\generated-poses-final\kelly_pointing_down_raw.png","kelly_pointing_down_raw.png","C:\Users\user\UI-TARS-desktop\generated-poses-final",IMPOSTER,36.5,113,"Curious Kelly in final pose in Chair - UI elements will go on the side rails - Copy.png",1344x768,1185.21,81ba0176fa458c558a6d719324d67ddd71028c69f77159888a7d31cc6ccd2bbb
"C:\Users\user\UI-TARS-desktop\generated-poses-final\kelly_pointing_left_raw.png","kelly_pointing_left_raw.png","C:\Users\user\UI-TARS-desktop\generated-poses-final",IMPOSTER,25.75,124,"close up of kellys eyes.png",1344x768,991.52,87c2dbef59cc299228892a43213e240b7e33a7372a33e639607be51d7e032fa7
"C:\Users\user\UI-TARS-desktop\generated-poses-final\kelly_idle_raw.png","kelly_idle_raw.png","C:\Users\user\UI-TARS-desktop\generated-poses-final",SUSPICIOUS,40.5,109,"close up of kellys eyes.png",1344x768,1264.98,c25e0e4fbc37599c9c0cf5b9c06560faf999180fac99ba5151f655a2da2d6192
"C:\Users\user\UI-TARS-desktop\generated-poses-final\kelly_pointing_up_raw.png","kelly_pointing_up_raw.png","C:\Users\user\UI-TARS-desktop\generated-poses-final",IMPOSTER,36.75,113,"head and shoulders without chair.png",1344x768,1100.0,d0a8838fa39c9c68e631d1b33c70d74e64c79b33212c28cf9a63ce9cb379668e
"C:\Users\user\UI-TARS-desktop\generated-poses-final\kelly_proud_raw.png","kelly_proud_raw.png","C:\Users\user\UI-TARS-desktop\generated-poses-final",IMPOSTER,33.25,116,"Curious Kelly in final pose in Chair - UI elements will go on the side rails - Copy.png",1344x768,1053.13,a4478b7b66cc99e69986863b711230cdc91899b29e5a6985df3b30ce9b396987
"C:\Users\user\UI-TARS-desktop\generated-poses-final\kelly_pointing_right_raw.png","kelly_pointing_right_raw.png","C:\Users\user\UI-TARS-desktop\generated-poses-final",SUSPICIOUS,58.25,91,"head and shoulders without chair.png",1344x768,1299.44,f1919b1e638c9c330e60670fc8b399690ed6ec86c866cf6998f6364dc79e6c60
"C:\Users\user\UI-TARS-desktop\generated-poses-final\kelly_supportive_raw.png","kelly_supportive_raw.png","C:\Users\user\UI-TARS-desktop\generated-poses-final",SUSPICIOUS,40.5,109,"Curious Kelly in final pose in Chair - UI elements will go on the side rails - Copy.png",1344x768,1049.3,e2958a752728dcc3a99672888e6d64d29999d964ce993191db3371c68cb9f327
"C:\Users\user\UI-TARS-desktop\generated-poses-production\kelly_celebrating_raw.png","kelly_celebrating_raw.png","C:\Users\user\UI-TARS-desktop\generated-poses-production",IMPOSTER,25.75,124,"close up of kellys eyes.png",1344x768,731.11,b733acc988ce47363919e326636899d942d43a9dc83336c8e39dc8f69f33624c
"C:\Users\user\UI-TARS-desktop\generated-poses-production\kelly_encouraging_raw.png","kelly_encouraging_raw.png","C:\Users\user\UI-TARS-desktop\generated-poses-production",IMPOSTER,33.5,116,"facing to the left.png",1344x768,843.65,b327bd328c336679998e98ce75cc17b9ce71199939ccd133c999264c60d19b26
"C:\Users\user\UI-TARS-desktop\generated-poses-final\kelly_thinking_raw.png","kelly_thinking_raw.png","C:\Users\user\UI-TARS-desktop\generated-poses-final",IMPOSTER,33.75,116,"profile of kelly.png",1344x768,1276.92,f39b2499a76d866162135c696b65532a58e6a566c6333376a667a6644a687bcc
"C:\Users\user\UI-TARS-desktop\generated-poses-production\kelly_excited_raw.png","kelly_excited_raw.png","C:\Users\user\UI-TARS-desktop\generated-poses-production",SUSPICIOUS,47.25,102,"facing to the left.png",1344x768,856.44,f36f9b318e6449929ccf609a8f31ce0c39d3c9241dc9cb8c9ccc3999ce4c3733
"C:\Users\user\UI-TARS-desktop\generated-poses-production\kelly_pointing_down_raw.png","kelly_pointing_down_raw.png","C:\Users\user\UI-TARS-desktop\generated-poses-production",IMPOSTER,33.5,116,"close up of kellys eyes.png",1344x768,776.61,a4b48b35924b66ca991b925266cc6925d15366cd6d959266bb256d9376c99b65
"C:\Users\user\UI-TARS-desktop\generated-poses-production\kelly_idle_raw.png","kelly_idle_raw.png","C:\Users\user\UI-TARS-desktop\generated-poses-production",IMPOSTER,35.25,114,"Curious Kelly in final pose in Chair - UI elements will go on the side rails - Copy.png",1344x768,829.13,b75d8877c82375cbc9dc32cc729e8c73768d199c9a2364cd9322ca6736ca9322
"C:\Users\user\UI-TARS-desktop\generated-poses-production\kelly_hint_raw.png","kelly_hint_raw.png","C:\Users\user\UI-TARS-desktop\generated-poses-production",SUSPICIOUS,41.75,108,"facing to the left.png",1344x768,853.17,a64e9c66ce61699c18e661994733ce71318c32668d3264d99a6c71bbdd998e6d
"C:\Users\user\UI-TARS-desktop\generated-poses-production\kelly_pointing_left_raw.png","kelly_pointing_left_raw.png","C:\Users\user\UI-TARS-desktop\generated-poses-production",IMPOSTER,38.0,112,"profile of kelly.png",1344x768,717.37,edae4bb6925466c906dbd3326da465ed99360b4b64cd94b41b26c94b26d99253
"C:\Users\user\UI-TARS-desktop\generated-poses-production\kelly_pointing_right_raw.png","kelly_pointing_right_raw.png","C:\Users\user\UI-TARS-desktop\generated-poses-production",IMPOSTER,29.0,121,"close up of kellys eyes.png",1344x768,764.3,f6664e329ccbf1ce1319a4d965ce2f24cc67130cb33bece66c8c6331896499c9
"C:\Users\user\UI-TARS-desktop\generated-poses-production\kelly_pointing_up_raw.png","kelly_pointing_up_raw.png","C:\Users\user\UI-TARS-desktop\generated-poses-production",IMPOSTER,34.5,115,"close up of kellys eyes.png",1344x768,802.32,b0e3ccbbc71c730c8c3184ce33e69cf34c7c3333cf8e9c61739a860cdd933231
"C:\Users\user\UI-TARS-desktop\generated-poses-production\kelly_proud_raw.png","kelly_proud_raw.png","C:\Users\user\UI-TARS-desktop\generated-poses-production",IMPOSTER,30.5,119,"close up of kellys eyes.png",1344x768,800.95,b7319926ccf32499d9ccac9d64329b23359866669999666622abd9b3276ccccc
"C:\Users\user\UI-TARS-desktop\generated-poses-production\kelly_supportive_raw.png","kelly_supportive_raw.png","C:\Users\user\UI-TARS-desktop\generated-poses-production",IMPOSTER,37.5,112,"slightly turning her head.png",1344x768,809.92,b1cd898cce9a3266dc33ee713634cbb98e663131c9968c6773339a33c99830e6
"C:\Users\user\UI-TARS-desktop\generated-poses-presenter\kelly_complete_raw.png","kelly_complete_raw.png","C:\Users\user\UI-TARS-desktop\generated-poses-presenter",IMPOSTER,34.0,116,"Curious Kelly in final pose in Chair - UI elements will go on the side rails - Copy.png",1344x768,764.78,a651cc67c866999cd9996599ce67319999b6cc73669992656c8ea66476632586
"C:\Users\user\UI-TARS-desktop\generated-poses-production\kelly_thinking_raw.png","kelly_thinking_raw.png","C:\Users\user\UI-TARS-desktop\generated-poses-production",SUSPICIOUS,42.5,107,"facing to the left.png",1344x768,769.14,b184c998ce0c266798f3cee5670e139c9ce131f1e31ecf1c39f17067ce0c98cb
"C:\Users\user\UI-TARS-desktop\generated-poses-presenter\kelly_correct_raw.png","kelly_correct_raw.png","C:\Users\user\UI-TARS-desktop\generated-poses-presenter",SUSPICIOUS,55.75,94,"Curious Kelly in final pose in Chair - UI elements will go on the side rails - Copy.png",1344x768,843.29,b39cce398933cce62cc69f35669289794c8e99cccccae6599998c8cc2cd8dacc
"C:\Users\user\UI-TARS-desktop\generated-poses-presenter\kelly_encourage_raw.png","kelly_encourage_raw.png","C:\Users\user\UI-TARS-desktop\generated-poses-presenter",SUSPICIOUS,39.5,110,"facing to the left.png",1344x768,726.08,b3304333cca3a673dccc8cb7514c30ccce73dd4cb6cc48ce99b3cccc248cdd72
"C:\Users\user\UI-TARS-desktop\generated-poses-presenter\kelly_hint_raw.png","kelly_hint_raw.png","C:\Users\user\UI-TARS-desktop\generated-poses-presenter",GOOD,65.5,84,"Curious Kelly in final pose in Chair - UI elements will go on the side rails - Copy.png",1344x768,804.78,b399c739ce7298e66cb2c6cc3266992664ce998cccdb998ccc99998c999c9999
"C:\Users\user\UI-TARS-desktop\generated-poses-presenter\kelly_idle_raw.png","kelly_idle_raw.png","C:\Users\user\UI-TARS-desktop\generated-poses-presenter",IMPOSTER,37.5,112,"Curious Kelly in final pose in Chair - UI elements will go on the side rails - Copy.png",1344x768,808.37,b334c673cc737633c98c892671cc8d73c66371cc8933dc9dccc9998c33345ccc
"C:\Users\user\UI-TARS-desktop\generated-poses-presenter\kelly_listening_raw.png","kelly_listening_raw.png","C:\Users\user\UI-TARS-desktop\generated-poses-presenter",SUSPICIOUS,44.75,105,"Curious Kelly in final pose in Chair - UI elements will go on the side rails - Copy.png",1344x768,876.96,b2d99e381ce698e63999c7389999998e6699d1992c6333d1272664b666666667
"C:\Users\user\UI-TARS-desktop\daily-lesson-marketing\public\assets\kelly\production\avatars\celebrating\kelly-celebrating-128.jpg","kelly-celebrating-128.jpg","C:\Users\user\UI-TARS-desktop\daily-lesson-marketing\public\assets\kelly\production\avatars\celebrating",IMPOSTER,29.0,121,"Curious Kelly in final pose in Chair - UI elements will go on the side rails - Copy.png",128x128,3.56,e64b5ce699bcb31c419bc133266674989a64651977999a66cdd93999c8a69663
"C:\Users\user\UI-TARS-desktop\daily-lesson-marketing\public\assets\kelly\production\avatars\celebrating\kelly-celebrating-256.jpg","kelly-celebrating-256.jpg","C:\Users\user\UI-TARS-desktop\daily-lesson-marketing\public\assets\kelly\production\avatars\celebrating",IMPOSTER,29.0,121,"profile of kelly.png",256x256,9.64,e64b5ce699bcb31c419bc133266674989a64651977999a66cdd93999c8a69663
"C:\Users\user\UI-TARS-desktop\generated-poses-presenter\kelly_present_both_raw.png","kelly_present_both_raw.png","C:\Users\user\UI-TARS-desktop\generated-poses-presenter",SUSPICIOUS,46.0,104,"Curious Kelly in final pose in Chair - UI elements will go on the side rails - Copy.png",1344x768,718.93,e6499267db662666d998dc652599d666de6621999866d9992d99d9a998656498
"C:\Users\user\UI-TARS-desktop\generated-poses-presenter\kelly_present_bottom_raw.png","kelly_present_bottom_raw.png","C:\Users\user\UI-TARS-desktop\generated-poses-presenter",SUSPICIOUS,53.25,96,"facing to the left.png",1344x768,747.02,a3361633dce3a3735ccc898e33ccf0ccce336cdc918899ced9986cd9c6309999
"C:\Users\user\UI-TARS-desktop\daily-lesson-marketing\public\assets\kelly\production\avatars\celebrating\kelly-celebrating-64.jpg","kelly-celebrating-64.jpg","C:\Users\user\UI-TARS-desktop\daily-lesson-marketing\public\assets\kelly\production\avatars\celebrating",IMPOSTER,28.25,121,"Curious Kelly in final pose in Chair - UI elements will go on the side rails - Copy.png",64x64,1.42,e64b5ce699bcb31c519bc133266674989a64651977999a66cdd93999c8a61663
"C:\Users\user\UI-TARS-desktop\daily-lesson-marketing\public\assets\kelly\production\avatars\celebrating\kelly-celebrating-512.jpg","kelly-celebrating-512.jpg","C:\Users\user\UI-TARS-desktop\daily-lesson-marketing\public\assets\kelly\production\avatars\celebrating",IMPOSTER,29.0,121,"profile of kelly.png",512x512,30.94,e64b5ce699bcb31c419bc133266674989a64651977999a66cdd93999c8a69663
"C:\Users\user\UI-TARS-desktop\generated-poses-presenter\kelly_present_right_raw.png","kelly_present_right_raw.png","C:\Users\user\UI-TARS-desktop\generated-poses-presenter",SUSPICIOUS,46.25,103,"facing to the left.png",1344x768,825.3,b739cd33cb6736c3cc9f244c39cc9e722498cdb6992668cd964cda188cc6c96c
"C:\Users\user\UI-TARS-desktop\daily-lesson-marketing\public\assets\kelly\production\avatars\curious\kelly-curious-64.jpg","kelly-curious-64.jpg","C:\Users\user\UI-TARS-desktop\daily-lesson-marketing\public\assets\kelly\production\avatars\curious",IMPOSTER,29.5,120,"profile of kelly.png",64x64,1.42,e64b5ce699bca31c419bc133266674989a646d1977999a66cdd93999c8a69663
"C:\Users\user\UI-TARS-desktop\generated-poses-presenter\kelly_present_left_raw.png","kelly_present_left_raw.png","C:\Users\user\UI-TARS-desktop\generated-poses-presenter",SUSPICIOUS,53.0,97,"Curious Kelly in final pose in Chair - UI elements will go on the side rails - Copy.png",1344x768,893.03,a7178a65da66d986998c6198d667249b59949967659b9271bc9ad9924d35a0dd
"C:\Users\user\UI-TARS-desktop\daily-lesson-marketing\public\assets\kelly\production\avatars\curious\kelly-curious-512.jpg","kelly-curious-512.jpg","C:\Users\user\UI-TARS-desktop\daily-lesson-marketing\public\assets\kelly\production\avatars\curious",IMPOSTER,28.5,121,"Curious Kelly in final pose in Chair - UI elements will go on the side rails - Copy.png",512x512,32.12,e64b5ce699bca31c419bc133266674989a646d1977999a66cdd93999c8a69663
"C:\Users\user\UI-TARS-desktop\daily-lesson-marketing\public\assets\kelly\production\avatars\curious\kelly-curious-128.jpg","kelly-curious-128.jpg","C:\Users\user\UI-TARS-desktop\daily-lesson-marketing\public\assets\kelly\production\avatars\curious",IMPOSTER,28.0,122,"profile of kelly.png",128x128,3.57,e64b5ce699bca31c519bc133266674989a64651977999a66cdd93999c8a69663
"C:\Users\user\UI-TARS-desktop\generated-poses-presenter\kelly_present_top_raw.png","kelly_present_top_raw.png","C:\Users\user\UI-TARS-desktop\generated-poses-presenter",SUSPICIOUS,42.5,107,"Curious Kelly in final pose in Chair - UI elements will go on the side rails - Copy.png",1344x768,763.93,b75998678ce6cd9a68c93366ce712198ca2531c956662d93734ca366dd99accc
"C:\Users\user\UI-TARS-desktop\daily-lesson-marketing\public\assets\kelly\production\avatars\curious\kelly-curious-256.jpg","kelly-curious-256.jpg","C:\Users\user\UI-TARS-desktop\daily-lesson-marketing\public\assets\kelly\production\avatars\curious",IMPOSTER,29.5,120,"profile of kelly.png",256x256,9.86,e64b5ce699bca31c419bc133266674989a646d1977999a66cdd93999c8a69663
"C:\Users\user\UI-TARS-desktop\daily-lesson-marketing\public\assets\kelly\production\avatars\explaining\kelly-explaining-128.jpg","kelly-explaining-128.jpg","C:\Users\user\UI-TARS-desktop\daily-lesson-marketing\public\assets\kelly\production\avatars\explaining",IMPOSTER,28.25,121,"Curious Kelly in final pose in Chair - UI elements will go on the side rails - Copy.png",128x128,3.65,e64b5ce699bca31c419bc133266674989a646d1977999a66cdd93999c8a69663
"C:\Users\user\UI-TARS-desktop\daily-lesson-marketing\public\assets\kelly\production\avatars\listening\kelly-listening-64.jpg","kelly-listening-64.jpg","C:\Users\user\UI-TARS-desktop\daily-lesson-marketing\public\assets\kelly\production\avatars\listening",IMPOSTER,29.5,120,"profile of kelly.png",64x64,1.42,e64b5ce699bca31c419bc133266674989a646d1977999a66cdd93999c8a69663
"C:\Users\user\UI-TARS-desktop\daily-lesson-marketing\public\assets\kelly\production\avatars\listening\kelly-listening-128.jpg","kelly-listening-128.jpg","C:\Users\user\UI-TARS-desktop\daily-lesson-marketing\public\assets\kelly\production\avatars\listening",IMPOSTER,28.0,122,"profile of kelly.png",128x128,3.57,e64b5ce699bca31c519bc133266674989a64651977999a66cdd93999c8a69663
"C:\Users\user\UI-TARS-desktop\daily-lesson-marketing\public\assets\kelly\production\avatars\explaining\kelly-explaining-256.jpg","kelly-explaining-256.jpg","C:\Users\user\UI-TARS-desktop\daily-lesson-marketing\public\assets\kelly\production\avatars\explaining",IMPOSTER,29.0,121,"Curious Kelly in final pose in Chair - UI elements will go on the side rails - Copy.png",256x256,10.23,e64b5ce699bca31c419bc133266674989a646d1977999a66cdd93999c8a69663
"C:\Users\user\UI-TARS-desktop\generated-poses-presenter\kelly_thinking_raw.png","kelly_thinking_raw.png","C:\Users\user\UI-TARS-desktop\generated-poses-presenter",SUSPICIOUS,39.25,110,"Curious Kelly in final pose in Chair - UI elements will go on the side rails - Copy.png",1344x768,794.82,b231a2778da756664ccc9d986e662999dd334ccc239999b389b6749964cc8b39
"C:\Users\user\UI-TARS-desktop\daily-lesson-marketing\public\assets\kelly\production\avatars\explaining\kelly-explaining-512.jpg","kelly-explaining-512.jpg","C:\Users\user\UI-TARS-desktop\daily-lesson-marketing\public\assets\kelly\production\avatars\explaining",IMPOSTER,28.75,121,"Curious Kelly in final pose in Chair - UI elements will go on the side rails - Copy.png",512x512,33.46,e64b5ce699bca31c419bc133266674989a646d1977999a66cdd93999c8a69663
"C:\Users\user\UI-TARS-desktop\daily-lesson-marketing\public\assets\kelly\production\avatars\explaining\kelly-explaining-64.jpg","kelly-explaining-64.jpg","C:\Users\user\UI-TARS-desktop\daily-lesson-marketing\public\assets\kelly\production\avatars\explaining",IMPOSTER,28.5,121,"Curious Kelly in final pose in Chair - UI elements will go on the side rails - Copy.png",64x64,1.42,e64b5ce699bca31c419bc133266674989a646d1977999a66cdd93999c8a69663
"C:\Users\user\UI-TARS-desktop\daily-lesson-marketing\public\assets\kelly\production\avatars\listening\kelly-listening-512.jpg","kelly-listening-512.jpg","C:\Users\user\UI-TARS-desktop\daily-lesson-marketing\public\assets\kelly\production\avatars\listening",IMPOSTER,28.5,121,"Curious Kelly in final pose in Chair - UI elements will go on the side rails - Copy.png",512x512,32.12,e64b5ce699bca31c419bc133266674989a646d1977999a66cdd93999c8a69663
"C:\Users\user\UI-TARS-desktop\daily-lesson-marketing\public\assets\kelly\production\avatars\wisdom\kelly-wisdom-128.jpg","kelly-wisdom-128.jpg","C:\Users\user\UI-TARS-desktop\daily-lesson-marketing\public\assets\kelly\production\avatars\wisdom",IMPOSTER,28.0,122,"profile of kelly.png",128x128,3.57,e64b5ce699bca31c519bc133266674989a64651977999a66cdd93999c8a69663
"C:\Users\user\UI-TARS-desktop\daily-lesson-marketing\public\assets\kelly\production\avatars\listening\kelly-listening-256.jpg","kelly-listening-256.jpg","C:\Users\user\UI-TARS-desktop\daily-lesson-marketing\public\assets\kelly\production\avatars\listening",IMPOSTER,29.5,120,"profile of kelly.png",256x256,9.86,e64b5ce699bca31c419bc133266674989a646d1977999a66cdd93999c8a69663
"C:\Users\user\UI-TARS-desktop\daily-lesson-marketing\public\assets\kelly\production\avatars\wisdom\kelly-wisdom-256.jpg","kelly-wisdom-256.jpg","C:\Users\user\UI-TARS-desktop\daily-lesson-marketing\public\assets\kelly\production\avatars\wisdom",IMPOSTER,29.5,120,"profile of kelly.png",256x256,9.86,e64b5ce699bca31c419bc133266674989a646d1977999a66cdd93999c8a69663
"C:\Users\user\UI-TARS-desktop\daily-lesson-marketing\public\assets\kelly\production\avatars\wisdom\kelly-wisdom-64.jpg","kelly-wisdom-64.jpg","C:\Users\user\UI-TARS-desktop\daily-lesson-marketing\public\assets\kelly\production\avatars\wisdom",IMPOSTER,29.5,120,"profile of kelly.png",64x64,1.42,e64b5ce699bca31c419bc133266674989a646d1977999a66cdd93999c8a69663
"C:\Users\user\UI-TARS-desktop\daily-lesson-marketing\public\assets\kelly\production\avatars\wisdom\kelly-wisdom-512.jpg","kelly-wisdom-512.jpg","C:\Users\user\UI-TARS-desktop\daily-lesson-marketing\public\assets\kelly\production\avatars\wisdom",IMPOSTER,28.5,121,"Curious Kelly in final pose in Chair - UI elements will go on the side rails - Copy.png",512x512,32.12,e64b5ce699bca31c419bc133266674989a646d1977999a66cdd93999c8a69663
"C:\Users\user\UI-TARS-desktop\daily-lesson-marketing\public\assets\kelly\production\hero\kelly-hero-mobile.jpg","kelly-hero-mobile.jpg","C:\Users\user\UI-TARS-desktop\daily-lesson-marketing\public\assets\kelly\production\hero",SUSPICIOUS,44.0,106,"head and shoulders without chair.png",640x360,12.85,e67399cc673386cc99b1263266cd9932663366cc99b3993266cc9933653266cd
"C:\Users\user\UI-TARS-desktop\daily-lesson-marketing\public\assets\kelly\production\hero\kelly-hero-tablet.jpg","kelly-hero-tablet.jpg","C:\Users\user\UI-TARS-desktop\daily-lesson-marketing\public\assets\kelly\production\hero",SUSPICIOUS,43.75,106,"head and shoulders without chair.png",1280x720,44.43,e67399cc673386cc99b1263266cd9932663366cc99b3993266cc9933653266cd
"C:\Users\user\UI-TARS-desktop\daily-lesson-marketing\public\assets\kelly\production\hero\kelly-hero-desktop.jpg","kelly-hero-desktop.jpg","C:\Users\user\UI-TARS-desktop\daily-lesson-marketing\public\assets\kelly\production\hero",SUSPICIOUS,42.75,107,"head and shoulders without chair.png",1920x1080,102.87,e67399cc673386cc99b1263266cd9932663366cc99b3993266cc9933653266cd
"C:\Users\user\UI-TARS-desktop\daily-lesson-marketing\public\assets\kelly\production\social\linkedin-banner.jpg","linkedin-banner.jpg","C:\Users\user\UI-TARS-desktop\daily-lesson-marketing\public\assets\kelly\production\social",GOOD,79.25,70,"facing to the left.png",1584x396,73.18,bd1bc3b0c6d23c793c25666bc7cbe64b38613966c39cc2d2b0d21cb40d2ccf0f
"C:\Users\user\UI-TARS-desktop\daily-lesson-marketing\public\assets\kelly\production\social\og-image.jpg","og-image.jpg","C:\Users\user\UI-TARS-desktop\daily-lesson-marketing\public\assets\kelly\production\social",GOOD,100,26,"Curious Kelly in final pose in Chair - UI elements will go on the side rails - Copy.png",1200x630,95.56,a59b8230c6e03c6f4a65e74686e6f46438adcd46c39f991a18b5fd52868fe7c0
"C:\Users\user\UI-TARS-desktop\daily-lesson-marketing\public\assets\kelly\production\social\instagram-square.jpg","instagram-square.jpg","C:\Users\user\UI-TARS-desktop\daily-lesson-marketing\public\assets\kelly\production\social",GOOD,82.5,67,"neutral face with hair.png",1080x1080,173.75,f9e0a2abe6d5061e5670fe61846b8ef91aa5d866f96299260a86f985e13af9c0
"C:\Users\user\UI-TARS-desktop\daily-lesson-marketing\public\assets\kelly\production\social\twitter-card.jpg","twitter-card.jpg","C:\Users\user\UI-TARS-desktop\daily-lesson-marketing\public\assets\kelly\production\social",GOOD,100,40,"Curious Kelly in final pose in Chair - UI elements will go on the side rails - Copy.png",1200x600,90.66,a51b8230c6e03c6f6f65e766c646e4643824e746c3c2995e19b49d16c78fe7c3
"C:\Users\user\UI-TARS-desktop\daily-lesson-marketing\public\assets\kelly\production\social\instagram-story.jpg","instagram-story.jpg","C:\Users\user\UI-TARS-desktop\daily-lesson-marketing\public\assets\kelly\production\social",SUSPICIOUS,42.0,108,"neutral face with hair.png",1080x1920,284.24,daa0f084e1df215fa778c730e7a085ab9a899e949e2d9e7c985098b0fbb55c70
"C:\Users\user\UI-TARS-desktop\daily-lesson-marketing\public\assets\kelly\production\avatars\celebrating\kelly-celebrating-128.webp","kelly-celebrating-128.webp","C:\Users\user\UI-TARS-desktop\daily-lesson-marketing\public\assets\kelly\production\avatars\celebrating",IMPOSTER,28.0,122,"profile of kelly.png",128x128,1.93,e64b5ce699bcb31c519bc133266674989a64651977999a66cdd93999c8a61663
"C:\Users\user\UI-TARS-desktop\daily-lesson-marketing\public\assets\kelly\production\avatars\celebrating\kelly-celebrating-64.webp","kelly-celebrating-64.webp","C:\Users\user\UI-TARS-desktop\daily-lesson-marketing\public\assets\kelly\production\avatars\celebrating",IMPOSTER,28.25,121,"profile of kelly.png",64x64,0.81,e64b5ce699bcb31c419bc133266674989a64651977999a66cdd93999c8a69663
"C:\Users\user\UI-TARS-desktop\daily-lesson-marketing\public\assets\kelly\production\hero\kelly-hero-4k.jpg","kelly-hero-4k.jpg","C:\Users\user\UI-TARS-desktop\daily-lesson-marketing\public\assets\kelly\production\hero",SUSPICIOUS,42.5,107,"head and shoulders without chair.png",3840x2160,451.53,e67399cc673386cc99b1263266cd9932663366cc99b3993266cc9933653266cd
"C:\Users\user\UI-TARS-desktop\daily-lesson-marketing\public\assets\kelly\production\avatars\curious\kelly-curious-128.webp","kelly-curious-128.webp","C:\Users\user\UI-TARS-desktop\daily-lesson-marketing\public\assets\kelly\production\avatars\curious",IMPOSTER,27.75,122,"profile of kelly.png",128x128,1.93,e64b5de699bca31c419bc133266674989a646d1977999a66cdd93999c8869663
"C:\Users\user\UI-TARS-desktop\daily-lesson-marketing\public\assets\kelly\production\avatars\celebrating\kelly-celebrating-256.webp","kelly-celebrating-256.webp","C:\Users\user\UI-TARS-desktop\daily-lesson-marketing\public\assets\kelly\production\avatars\celebrating",IMPOSTER,28.75,121,"Curious Kelly in final pose in Chair - UI elements will go on the side rails - Copy.png",256x256,4.76,e64b5ce699bcb31c419bc133266674989a64651977999a66cdd93999c8a69663
"C:\Users\user\UI-TARS-desktop\daily-lesson-marketing\public\assets\kelly\production\avatars\curious\kelly-curious-256.webp","kelly-curious-256.webp","C:\Users\user\UI-TARS-desktop\daily-lesson-marketing\public\assets\kelly\production\avatars\curious",IMPOSTER,28.75,121,"Curious Kelly in final pose in Chair - UI elements will go on the side rails - Copy.png",256x256,4.76,e64b5de699bca31c419bc133266674989a646d1977999a66cdd93999c8869663
"C:\Users\user\UI-TARS-desktop\daily-lesson-marketing\public\assets\kelly\production\avatars\explaining\kelly-explaining-128.webp","kelly-explaining-128.webp","C:\Users\user\UI-TARS-desktop\daily-lesson-marketing\public\assets\kelly\production\avatars\explaining",IMPOSTER,29.5,120,"Curious Kelly in final pose in Chair - UI elements will go on the side rails - Copy.png",128x128,1.97,e64b1ce699bcb31c599bc133266674989a646d1977999a66cdd93999c8861663
"C:\Users\user\UI-TARS-desktop\daily-lesson-marketing\public\assets\kelly\production\avatars\curious\kelly-curious-64.webp","kelly-curious-64.webp","C:\Users\user\UI-TARS-desktop\daily-lesson-marketing\public\assets\kelly\production\avatars\curious",IMPOSTER,28.0,122,"profile of kelly.png",64x64,0.8,e64b5ce699bcb31c519bc133266674989a646d1977999a66cdd93999c8861663
"C:\Users\user\UI-TARS-desktop\daily-lesson-marketing\public\assets\kelly\production\avatars\explaining\kelly-explaining-64.webp","kelly-explaining-64.webp","C:\Users\user\UI-TARS-desktop\daily-lesson-marketing\public\assets\kelly\production\avatars\explaining",IMPOSTER,30.75,119,"Curious Kelly in final pose in Chair - UI elements will go on the side rails - Copy.png",64x64,0.8,e64b5ce699bcb31c419bc133266674989a646d1977999a66cdd93999c8869663
"C:\Users\user\UI-TARS-desktop\daily-lesson-marketing\public\assets\kelly\production\avatars\explaining\kelly-explaining-256.webp","kelly-explaining-256.webp","C:\Users\user\UI-TARS-desktop\daily-lesson-marketing\public\assets\kelly\production\avatars\explaining",IMPOSTER,29.0,121,"Curious Kelly in final pose in Chair - UI elements will go on the side rails - Copy.png",256x256,4.93,e64b5ce699bcb31c419bc133266674989a646d1977999a66cdd93999c8869663
"C:\Users\user\UI-TARS-desktop\daily-lesson-marketing\public\assets\kelly\production\avatars\listening\kelly-listening-128.webp","kelly-listening-128.webp","C:\Users\user\UI-TARS-desktop\daily-lesson-marketing\public\assets\kelly\production\avatars\listening",IMPOSTER,27.75,122,"profile of kelly.png",128x128,1.93,e64b5de699bca31c419bc133266674989a646d1977999a66cdd93999c8869663
"C:\Users\user\UI-TARS-desktop\daily-lesson-marketing\public\assets\kelly\production\avatars\celebrating\kelly-celebrating-512.webp","kelly-celebrating-512.webp","C:\Users\user\UI-TARS-desktop\daily-lesson-marketing\public\assets\kelly\production\avatars\celebrating",IMPOSTER,29.0,121,"Curious Kelly in final pose in Chair - UI elements will go on the side rails - Copy.png",512x512,11.92,e64b5ce699bcb31c419bc133266674989a64651977999a66cdd93999c8a69663
"C:\Users\user\UI-TARS-desktop\daily-lesson-marketing\public\assets\kelly\production\avatars\explaining\kelly-explaining-512.webp","kelly-explaining-512.webp","C:\Users\user\UI-TARS-desktop\daily-lesson-marketing\public\assets\kelly\production\avatars\explaining",IMPOSTER,29.0,121,"Curious Kelly in final pose in Chair - UI elements will go on the side rails - Copy.png",512x512,12.51,e64b5ce699bca31c419bc133266674989a646d1977999a66cdd93999c8a69663
"C:\Users\user\UI-TARS-desktop\daily-lesson-marketing\public\assets\kelly\production\avatars\listening\kelly-listening-64.webp","kelly-listening-64.webp","C:\Users\user\UI-TARS-desktop\daily-lesson-marketing\public\assets\kelly\production\avatars\listening",IMPOSTER,28.0,122,"profile of kelly.png",64x64,0.8,e64b5ce699bcb31c519bc133266674989a646d1977999a66cdd93999c8861663
"C:\Users\user\UI-TARS-desktop\daily-lesson-marketing\public\assets\kelly\production\avatars\listening\kelly-listening-256.webp","kelly-listening-256.webp","C:\Users\user\UI-TARS-desktop\daily-lesson-marketing\public\assets\kelly\production\avatars\listening",IMPOSTER,28.75,121,"Curious Kelly in final pose in Chair - UI elements will go on the side rails - Copy.png",256x256,4.76,e64b5de699bca31c419bc133266674989a646d1977999a66cdd93999c8869663
"C:\Users\user\UI-TARS-desktop\daily-lesson-marketing\public\assets\kelly\production\avatars\wisdom\kelly-wisdom-128.webp","kelly-wisdom-128.webp","C:\Users\user\UI-TARS-desktop\daily-lesson-marketing\public\assets\kelly\production\avatars\wisdom",IMPOSTER,27.75,122,"profile of kelly.png",128x128,1.93,e64b5de699bca31c419bc133266674989a646d1977999a66cdd93999c8869663
"C:\Users\user\UI-TARS-desktop\daily-lesson-marketing\public\assets\kelly\production\avatars\wisdom\kelly-wisdom-256.webp","kelly-wisdom-256.webp","C:\Users\user\UI-TARS-desktop\daily-lesson-marketing\public\assets\kelly\production\avatars\wisdom",IMPOSTER,28.75,121,"Curious Kelly in final pose in Chair - UI elements will go on the side rails - Copy.png",256x256,4.76,e64b5de699bca31c419bc133266674989a646d1977999a66cdd93999c8869663
"C:\Users\user\UI-TARS-desktop\daily-lesson-marketing\public\assets\kelly\production\avatars\listening\kelly-listening-512.webp","kelly-listening-512.webp","C:\Users\user\UI-TARS-desktop\daily-lesson-marketing\public\assets\kelly\production\avatars\listening",IMPOSTER,28.25,121,"Curious Kelly in final pose in Chair - UI elements will go on the side rails - Copy.png",512x512,12.08,e64b5ce699bca31c419bc133266674989a646d1977999a66cdd93999c8a69663
"C:\Users\user\UI-TARS-desktop\daily-lesson-marketing\public\assets\kelly\production\avatars\wisdom\kelly-wisdom-64.webp","kelly-wisdom-64.webp","C:\Users\user\UI-TARS-desktop\daily-lesson-marketing\public\assets\kelly\production\avatars\wisdom",IMPOSTER,28.0,122,"profile of kelly.png",64x64,0.8,e64b5ce699bcb31c519bc133266674989a646d1977999a66cdd93999c8861663
"C:\Users\user\UI-TARS-desktop\daily-lesson-marketing\public\assets\kelly\production\avatars\wisdom\kelly-wisdom-512.webp","kelly-wisdom-512.webp","C:\Users\user\UI-TARS-desktop\daily-lesson-marketing\public\assets\kelly\production\avatars\wisdom",IMPOSTER,28.25,121,"Curious Kelly in final pose in Chair - UI elements will go on the side rails - Copy.png",512x512,12.08,e64b5ce699bca31c419bc133266674989a646d1977999a66cdd93999c8a69663
"C:\Users\user\UI-TARS-desktop\daily-lesson-marketing\public\assets\kelly\production\avatars\curious\kelly-curious-512.webp","kelly-curious-512.webp","C:\Users\user\UI-TARS-desktop\daily-lesson-marketing\public\assets\kelly\production\avatars\curious",GOOD,64.0,86,"Curious Kelly in final pose in Chair - UI elements will go on the side rails - Copy.png",1344x768,76.95,b71bc2f11e67c8e6e0cc9e2ec9e4d9929d19d9939999991bc991199b261962e1
"C:\Users\user\UI-TARS-desktop\daily-lesson-marketing\public\assets\kelly\production\hero\kelly-hero-mobile.webp","kelly-hero-mobile.webp","C:\Users\user\UI-TARS-desktop\daily-lesson-marketing\public\assets\kelly\production\hero",SUSPICIOUS,41.25,108,"head and shoulders without chair.png",640x360,4.18,e67399cc673386cc99b1263266cd9932663366cc99b3993266cc9933653266cd
"C:\Users\user\UI-TARS-desktop\daily-lesson-marketing\public\assets\kelly\production\thumbnails\january\lesson-10.webp","lesson-10.webp","C:\Users\user\UI-TARS-desktop\daily-lesson-marketing\public\assets\kelly\production\thumbnails\january",IMPOSTER,20.0,130,"facing to the left.png",1280x720,56.8,8ab73a95558c662b98526b8d940a4bcc60b51f6e6110dc672d1ed3d96ca5f35d
"C:\Users\user\UI-TARS-desktop\daily-lesson-marketing\public\assets\kelly\production\hero\kelly-hero-tablet.webp","kelly-hero-tablet.webp","C:\Users\user\UI-TARS-desktop\daily-lesson-marketing\public\assets\kelly\production\hero",SUSPICIOUS,42.5,107,"head and shoulders without chair.png",1280x720,11.95,e67399cc673386cc99b1263266cd9932663366cc99b3993266cc9933653266cd
"C:\Users\user\UI-TARS-desktop\daily-lesson-marketing\public\assets\kelly\production\thumbnails\january\lesson-1.webp","lesson-1.webp","C:\Users\user\UI-TARS-desktop\daily-lesson-marketing\public\assets\kelly\production\thumbnails\january",SUSPICIOUS,43.25,106,"close up of kellys eyes.png",1280x720,32.58,9bbb19b3ecd966db4ecde1cc48c9e4c639cccccf93c66b3030c64ed82045c8cc
"C:\Users\user\UI-TARS-desktop\daily-lesson-marketing\public\assets\kelly\production\hero\kelly-hero-desktop.webp","kelly-hero-desktop.webp","C:\Users\user\UI-TARS-desktop\daily-lesson-marketing\public\assets\kelly\production\hero",SUSPICIOUS,43.0,107,"head and shoulders without chair.png",1920x1080,23.41,e67399cc673386cc99b1263266cd9932663366cc99b3993266cc9933653266cd
"C:\Users\user\UI-TARS-desktop\daily-lesson-marketing\public\assets\kelly\production\thumbnails\january\lesson-12.webp","lesson-12.webp","C:\Users\user\UI-TARS-desktop\daily-lesson-marketing\public\assets\kelly\production\thumbnails\january",SUSPICIOUS,44.75,105,"facing to the left.png",1280x720,40.11,9337a6770ccc0cccdd53c09c089949ccd799ac1938cc5f99dd4fa9b12a99593b
"C:\Users\user\UI-TARS-desktop\daily-lesson-marketing\public\assets\kelly\production\thumbnails\january\lesson-13.webp","lesson-13.webp","C:\Users\user\UI-TARS-desktop\daily-lesson-marketing\public\assets\kelly\production\thumbnails\january",IMPOSTER,33.0,117,"profile of kelly.png",1280x720,17.02,e66c3ee619992666d9999199dcc399993f33cccc3331c0261b99d9330ccce731
"C:\Users\user\UI-TARS-desktop\daily-lesson-marketing\public\assets\kelly\production\thumbnails\january\lesson-11.webp","lesson-11.webp","C:\Users\user\UI-TARS-desktop\daily-lesson-marketing\public\assets\kelly\production\thumbnails\january",IMPOSTER,38.75,111,"profile of kelly.png",1280x720,19.46,e366263338cc22768ce3d99c8d3398cef9998ce6d8cc8e71336683999cccc99c
"C:\Users\user\UI-TARS-desktop\daily-lesson-marketing\public\assets\kelly\production\thumbnails\january\lesson-14.webp","lesson-14.webp","C:\Users\user\UI-TARS-desktop\daily-lesson-marketing\public\assets\kelly\production\thumbnails\january",IMPOSTER,24.25,125,"close up of kellys eyes.png",1280x720,27.62,92661e73cd487227c09f599cc79994ce49999c875b9cc90d3687c9c98cdb5393
"C:\Users\user\UI-TARS-desktop\daily-lesson-marketing\public\assets\kelly\production\thumbnails\january\lesson-15.webp","lesson-15.webp","C:\Users\user\UI-TARS-desktop\daily-lesson-marketing\public\assets\kelly\production\thumbnails\january",IMPOSTER,24.25,125,"close up of kellys eyes.png",1280x720,28.57,b3330ff38ccc73069ceb55cce131e80453990677736632332266f1c89eb32dec
"C:\Users\user\UI-TARS-desktop\daily-lesson-marketing\public\assets\kelly\production\thumbnails\january\lesson-16.webp","lesson-16.webp","C:\Users\user\UI-TARS-desktop\daily-lesson-marketing\public\assets\kelly\production\thumbnails\january",IMPOSTER,28.75,121,"facing to the left.png",1280x720,28.25,83675b33c8cc273e94b319ccdf91fc4e59989cf541dc80f99ce44b989c915989
"C:\Users\user\UI-TARS-desktop\daily-lesson-marketing\public\assets\kelly\production\thumbnails\january\lesson-18.webp","lesson-18.webp","C:\Users\user\UI-TARS-desktop\daily-lesson-marketing\public\assets\kelly\production\thumbnails\january",IMPOSTER,38.5,111,"close up of kellys eyes.png",1280x720,31.63,9b3b4f3964cc3332e4733ccc90cc2cd9e0cc1b32a1a74f99f6662732e933864d
"C:\Users\user\UI-TARS-desktop\daily-lesson-marketing\public\assets\kelly\production\thumbnails\january\lesson-2.webp","lesson-2.webp","C:\Users\user\UI-TARS-desktop\daily-lesson-marketing\public\assets\kelly\production\thumbnails\january",IMPOSTER,22.0,128,"Curious Kelly in final pose in Chair - UI elements will go on the side rails - Copy.png",1280x720,29.2,a6660a669999f6e91c86d99959b3998e1399ccf7fb4c053352cda7111926a333
"C:\Users\user\UI-TARS-desktop\daily-lesson-marketing\public\assets\kelly\production\thumbnails\january\lesson-17.webp","lesson-17.webp","C:\Users\user\UI-TARS-desktop\daily-lesson-marketing\public\assets\kelly\production\thumbnails\january",SUSPICIOUS,44.5,105,"facing to the left.png",1280x720,49.36,9266b3336ccc198ccce6e4cc6ecc599c9199cf1931cc5bb19e4cc1336ecc1b1b
"C:\Users\user\UI-TARS-desktop\daily-lesson-marketing\public\assets\kelly\production\thumbnails\january\lesson-19.webp","lesson-19.webp","C:\Users\user\UI-TARS-desktop\daily-lesson-marketing\public\assets\kelly\production\thumbnails\january",IMPOSTER,28.75,121,"close up of kellys eyes.png",1280x720,39.84,97335f3338cc52648ccc5d8cd493e9cc2d993c62f13e2d3326667133cb3176c1
"C:\Users\user\UI-TARS-desktop\daily-lesson-marketing\public\assets\kelly\production\thumbnails\january\lesson-21.webp","lesson-21.webp","C:\Users\user\UI-TARS-desktop\daily-lesson-marketing\public\assets\kelly\production\thumbnails\january",IMPOSTER,33.0,117,"facing to the left.png",1280x720,18.9,a3336a338ccc63369c73d8cccc199ce7599c8c79dcc699189c3368ccccd95987
"C:\Users\user\UI-TARS-desktop\daily-lesson-marketing\public\assets\kelly\production\thumbnails\january\lesson-22.webp","lesson-22.webp","C:\Users\user\UI-TARS-desktop\daily-lesson-marketing\public\assets\kelly\production\thumbnails\january",SUSPICIOUS,40.0,110,"close up of kellys eyes.png",1280x720,36.08,9edb58896b2686cb5b65cc667689ac3596ca61d92cd56e0901f99b647326a16e
"C:\Users\user\UI-TARS-desktop\daily-lesson-marketing\public\assets\kelly\production\thumbnails\january\lesson-20.webp","lesson-20.webp","C:\Users\user\UI-TARS-desktop\daily-lesson-marketing\public\assets\kelly\production\thumbnails\january",IMPOSTER,37.0,113,"close up of kellys eyes.png",1280x720,38.38,99ce6963e43c14ce8787ce3868e9c71c0a71a786463cab33570f3e79cb230eb8
"C:\Users\user\UI-TARS-desktop\daily-lesson-marketing\public\assets\kelly\production\thumbnails\january\lesson-23.webp","lesson-23.webp","C:\Users\user\UI-TARS-desktop\daily-lesson-marketing\public\assets\kelly\production\thumbnails\january",IMPOSTER,35.75,114,"profile of kelly.png",1280x720,20.69,f6664e66ad9976268853d9999893cdcc1999e8c744cc3893c3221fb9c8db1d99
"C:\Users\user\UI-TARS-desktop\daily-lesson-marketing\public\assets\kelly\production\thumbnails\january\lesson-24.webp","lesson-24.webp","C:\Users\user\UI-TARS-desktop\daily-lesson-marketing\public\assets\kelly\production\thumbnails\january",IMPOSTER,29.5,120,"profile of kelly.png",1280x720,46.35,c2720b77ed8c2a545cb3d8890fa5b5ac091958ebd6a467b39542835d586f66bc
"C:\Users\user\UI-TARS-desktop\daily-lesson-marketing\public\assets\kelly\production\thumbnails\january\lesson-25.webp","lesson-25.webp","C:\Users\user\UI-TARS-desktop\daily-lesson-marketing\public\assets\kelly\production\thumbnails\january",IMPOSTER,28.25,121,"slightly turning her head.png",1280x720,40.55,9666a64609995999a44cabb37b26d666a64c49a617d9b54129995b1bd4e66f5c
"C:\Users\user\UI-TARS-desktop\daily-lesson-marketing\public\assets\kelly\production\thumbnails\january\lesson-26.webp","lesson-26.webp","C:\Users\user\UI-TARS-desktop\daily-lesson-marketing\public\assets\kelly\production\thumbnails\january",SUSPICIOUS,49.0,101,"profile of kelly.png",1280x720,18.77,f33326337ccc1333ccccc9cc8e59ccc6199cc463bd8c41391eced99c0cc3fccc
"C:\Users\user\UI-TARS-desktop\daily-lesson-marketing\public\assets\kelly\production\thumbnails\january\lesson-28.webp","lesson-28.webp","C:\Users\user\UI-TARS-desktop\daily-lesson-marketing\public\assets\kelly\production\thumbnails\january",IMPOSTER,34.0,116,"facing to the left.png",1280x720,41.04,9266e626f4c84aeeac3791cc7df909848399e8617dde0e198366e4a274df1fa0
"C:\Users\user\UI-TARS-desktop\daily-lesson-marketing\public\assets\kelly\production\thumbnails\january\lesson-29.webp","lesson-29.webp","C:\Users\user\UI-TARS-desktop\daily-lesson-marketing\public\assets\kelly\production\thumbnails\january",IMPOSTER,23.0,127,"close up of kellys eyes.png",1280x720,85.93,9273e1eca1369cd99f3ec75ad4e662c259475835f0f884f9b4ab49c14a0b6f02
"C:\Users\user\UI-TARS-desktop\daily-lesson-marketing\public\assets\kelly\production\thumbnails\january\lesson-27.webp","lesson-27.webp","C:\Users\user\UI-TARS-desktop\daily-lesson-marketing\public\assets\kelly\production\thumbnails\january",IMPOSTER,24.75,125,"neutral face with hair.png",1280x720,19.12,9333cc43d8ccfd990ccc1999e27302663333e66633060733ddcccddc1df3a0dc
"C:\Users\user\UI-TARS-desktop\daily-lesson-marketing\public\assets\kelly\production\thumbnails\january\lesson-31.webp","lesson-31.webp","C:\Users\user\UI-TARS-desktop\daily-lesson-marketing\public\assets\kelly\production\thumbnails\january",SUSPICIOUS,39.25,110,"facing to the left.png",1280x720,52.71,9333e1115ccc0ccea5ccd2d80dcc9cb0e34b65b33373c33376c61c6b82ecf999
"C:\Users\user\UI-TARS-desktop\daily-lesson-marketing\public\assets\kelly\production\thumbnails\january\lesson-4.webp","lesson-4.webp","C:\Users\user\UI-TARS-desktop\daily-lesson-marketing\public\assets\kelly\production\thumbnails\january",IMPOSTER,31.75,118,"close up of kellys eyes.png",1280x720,29.46,9266197339cce6724cc6b19c6e698cceb3996c6790cc6f331666e31968b69619
"C:\Users\user\UI-TARS-desktop\daily-lesson-marketing\public\assets\kelly\production\thumbnails\january\lesson-30.webp","lesson-30.webp","C:\Users\user\UI-TARS-desktop\daily-lesson-marketing\public\assets\kelly\production\thumbnails\january",IMPOSTER,33.25,116,"facing to the left.png",1280x720,56.46,db9dfa1c45a325289e776ca845373a52e7811a3e65639b9c28e9658e90c01f3f
"C:\Users\user\UI-TARS-desktop\daily-lesson-marketing\public\assets\kelly\production\thumbnails\january\lesson-3.webp","lesson-3.webp","C:\Users\user\UI-TARS-desktop\daily-lesson-marketing\public\assets\kelly\production\thumbnails\january",IMPOSTER,22.5,127,"close up of kellys eyes.png",1280x720,21.93,d6668933a999aa85489950b93666752a7773d646a3955d93888cb999cae27ed8
"C:\Users\user\UI-TARS-desktop\daily-lesson-marketing\public\assets\kelly\production\thumbnails\january\lesson-7.webp","lesson-7.webp","C:\Users\user\UI-TARS-desktop\daily-lesson-marketing\public\assets\kelly\production\thumbnails\january",IMPOSTER,34.0,116,"close up of kellys eyes.png",1280x720,30.22,9bbb1b3324cc66264ca76d880732e34e69d98636738c0d33f35a4998fced0759
"C:\Users\user\UI-TARS-desktop\daily-lesson-marketing\public\assets\kelly\production\thumbnails\january\lesson-6.webp","lesson-6.webp","C:\Users\user\UI-TARS-desktop\daily-lesson-marketing\public\assets\kelly\production\thumbnails\january",IMPOSTER,29.0,121,"facing to the left.png",1280x720,71.55,926ee45130e6c9f38ce7459ec4ce1e0dd84b39e11e1bc9699970a985659b9ed8
"C:\Users\user\UI-TARS-desktop\daily-lesson-marketing\public\assets\kelly\production\thumbnails\january\lesson-5.webp","lesson-5.webp","C:\Users\user\UI-TARS-desktop\daily-lesson-marketing\public\assets\kelly\production\thumbnails\january",IMPOSTER,36.75,113,"close up of kellys eyes.png",1280x720,16.65,f3330fc198cc463b8cccd9cc8c673312733198776798933348cef7310667f38c
"C:\Users\user\UI-TARS-desktop\daily-lesson-marketing\public\assets\kelly\production\thumbnails\january\lesson-8.webp","lesson-8.webp","C:\Users\user\UI-TARS-desktop\daily-lesson-marketing\public\assets\kelly\production\thumbnails\january",IMPOSTER,23.75,126,"facing to the left.png",1280x720,59.9,897baf49486476969f80286d93997c9484f8ca4f397cc3a33c5ec9b1025df2cd
"C:\Users\user\UI-TARS-desktop\daily-lesson-marketing\public\assets\kelly\production\thumbnails\january\lesson-9.webp","lesson-9.webp","C:\Users\user\UI-TARS-desktop\daily-lesson-marketing\public\assets\kelly\production\thumbnails\january",IMPOSTER,27.5,122,"profile of kelly.png",1280x720,61.82,8f738d73788e7b87805f3c80c2ce3d99d0106ffbc88d81707c1693ad3d9bc815
"C:\Users\user\UI-TARS-desktop\daily-lesson-marketing\public\assets\kelly\production\hero\kelly-hero-4k.webp","kelly-hero-4k.webp","C:\Users\user\UI-TARS-desktop\daily-lesson-marketing\public\assets\kelly\production\hero",SUSPICIOUS,40.75,109,"head and shoulders without chair.png",3840x2160,78.09,e67399cc673386cc99b1263266cd9932663366cc99b3993266cc9933653266cd
