{
  "text_analysis": {
    "total_samples": 873,
    "character_stats": {
      "mean": 209.82588774341352,
      "std": 121.04347319228198,
      "min": 41,
      "max": 375
    },
    "word_stats": {
      "mean": 32.39518900343643,
      "std": 17.038901113032363,
      "min": 6,
      "max": 58
    }
  },
  "emotional_distribution": {
    "joy": 158,
    "calm": 1,
    "encouragement": 140,
    "curious": 454,
    "confident": 27,
    "empathetic": 380,
    "playful": 140,
    "thoughtful": 214,
    "warm": 4,
    "excited": 85,
    "proud": 73,
    "gentle": 1
  },
  "conversation_distribution": {
    "greeting": 676,
    "qa": 215,
    "explanation": 418,
    "problem_solving": 285,
    "encouragement": 140,
    "reflection": 178,
    "storytelling": 78,
    "clarification": 117,
    "validation": 65,
    "transition": 153,
    "personal": 176,
    "closing": 53
  },
  "sentence_patterns": {
    "questions": 42,
    "exclamations": 246,
    "long_sentences": 447,
    "short_sentences": 341,
    "complex_sentences": 556
  },
  "recommendations": [
    "Consider rebalancing emotional content - some emotions are over-represented",
    "Some emotions are under-represented - consider adding more samples",
    "Consider rebalancing conversation types - some types are over-represented",
    "High text length variation - consider normalizing text lengths",
    "Low question ratio - consider adding more question-answer content"
  ],
  "emotional_percentages": {
    "joy": 18.098510882016036,
    "calm": 0.11454753722794961,
    "encouragement": 16.036655211912944,
    "curious": 52.004581901489125,
    "confident": 3.0927835051546393,
    "empathetic": 43.52806414662085,
    "playful": 16.036655211912944,
    "thoughtful": 24.513172966781212,
    "warm": 0.45819014891179843,
    "excited": 9.736540664375717,
    "proud": 8.36197021764032,
    "gentle": 0.11454753722794961
  },
  "conversation_percentages": {
    "greeting": 77.43413516609394,
    "qa": 24.627720504009165,
    "explanation": 47.88087056128293,
    "problem_solving": 32.64604810996563,
    "encouragement": 16.036655211912944,
    "reflection": 20.389461626575027,
    "storytelling": 8.934707903780069,
    "clarification": 13.402061855670103,
    "validation": 7.445589919816724,
    "transition": 17.525773195876287,
    "personal": 20.16036655211913,
    "closing": 6.0710194730813285
  }
}