file_path,file_name,folder,status,confidence,min_distance,closest_reference,face_detected
"C:\Users\user\UI-TARS-desktop\kelly-lora-test.png","kelly-lora-test.png","C:\Users\user\UI-TARS-desktop",MATCH,74.0,0.2604,"Curious Kelly in final pose in Chair - UI elements will go on the side rails - Copy.png",True
"C:\Users\user\UI-TARS-desktop\test_kelly_character_consistent.png","test_kelly_character_consistent.png","C:\Users\user\UI-TARS-desktop",NO_MATCH,29.7,0.7027,"neutral face with hair.png",True
"C:\Users\user\UI-TARS-desktop\public\kelly\mid\mid-left.jpeg","mid-left.jpeg","C:\Users\user\UI-TARS-desktop\public\kelly\mid",NO_MATCH,35.8,0.6423,"neutral face with hair.png",True
"C:\Users\user\UI-TARS-desktop\public\kelly\mid\mid-right.jpeg","mid-right.jpeg","C:\Users\user\UI-TARS-desktop\public\kelly\mid",SUSPICIOUS,47.5,0.5249,"close up of kellys eyes.png",True
"C:\Users\user\UI-TARS-desktop\public\kelly\out\out-left.jpeg","out-left.jpeg","C:\Users\user\UI-TARS-desktop\public\kelly\out",SUSPICIOUS,46.7,0.5331,"profile of kelly.png",True
"C:\Users\user\UI-TARS-desktop\public\kelly\out\out-right.jpeg","out-right.jpeg","C:\Users\user\UI-TARS-desktop\public\kelly\out",SUSPICIOUS,45.3,0.5469,"slightly turning her head.png",True
"C:\Users\user\UI-TARS-desktop\public\kelly\choices\choice_left.png","choice_left.png","C:\Users\user\UI-TARS-desktop\public\kelly\choices",MATCH,84.5,0.1551,"Curious Kelly in final pose in Chair - UI elements will go on the side rails - Copy.png",True
"C:\Users\user\UI-TARS-desktop\public\kelly\choices\choice_right.png","choice_right.png","C:\Users\user\UI-TARS-desktop\public\kelly\choices",MATCH,82.0,0.1803,"Curious Kelly in final pose in Chair - UI elements will go on the side rails - Copy.png",True
"C:\Users\user\UI-TARS-desktop\public\kelly\day-001-perfect\hook\kelly-forest-welcome.png","kelly-forest-welcome.png","C:\Users\user\UI-TARS-desktop\public\kelly\day-001-perfect\hook",MATCH,83.8,0.1618,"Curious Kelly in final pose in Chair - UI elements will go on the side rails - Copy.png",True
"C:\Users\user\UI-TARS-desktop\public\kelly\day-001-perfect\q1\kelly-examining-leaf.png","kelly-examining-leaf.png","C:\Users\user\UI-TARS-desktop\public\kelly\day-001-perfect\q1",SUSPICIOUS,50.6,0.4937,"neutral face with hair.png",True
"C:\Users\user\UI-TARS-desktop\public\kelly\day-001-perfect\q2\kelly-thinking-tree.png","kelly-thinking-tree.png","C:\Users\user\UI-TARS-desktop\public\kelly\day-001-perfect\q2",SUSPICIOUS,56.3,0.4372,"Curious Kelly in final pose in Chair - UI elements will go on the side rails - Copy.png",True
"C:\Users\user\UI-TARS-desktop\public\kelly\day-001-perfect\q3\kelly-roots.png","kelly-roots.png","C:\Users\user\UI-TARS-desktop\public\kelly\day-001-perfect\q3",NO_MATCH,37.8,0.6219,"profile of kelly.png",True
"C:\Users\user\UI-TARS-desktop\public\kelly\day-001-perfect\wisdom\kelly-wisdom-tree.png","kelly-wisdom-tree.png","C:\Users\user\UI-TARS-desktop\public\kelly\day-001-perfect\wisdom",MATCH,64.9,0.3515,"head and shoulders without chair.png",True
"C:\Users\user\UI-TARS-desktop\public\kelly\lessons\001\lesson-1-bg.png","lesson-1-bg.png","C:\Users\user\UI-TARS-desktop\public\kelly\lessons\001",NO_MATCH,32.9,0.6713,"profile of kelly.png",True
"C:\Users\user\UI-TARS-desktop\public\kelly\lessons\001\lesson-1-guide-point.png","lesson-1-guide-point.png","C:\Users\user\UI-TARS-desktop\public\kelly\lessons\001",SUSPICIOUS,53.2,0.4682,"Curious Kelly in final pose in Chair - UI elements will go on the side rails - Copy.png",True
"C:\Users\user\UI-TARS-desktop\public\kelly\lessons\001\lesson-1-hero.png","lesson-1-hero.png","C:\Users\user\UI-TARS-desktop\public\kelly\lessons\001",NO_MATCH,39.8,0.6023,"facing to the left.png",True
"C:\Users\user\UI-TARS-desktop\public\kelly\lessons\001\lesson-1-prop.png","lesson-1-prop.png","C:\Users\user\UI-TARS-desktop\public\kelly\lessons\001",MATCH,69.2,0.3084,"head and shoulders without chair.png",True
"C:\Users\user\UI-TARS-desktop\public\kelly\lessons\001\lesson-1-reaction.png","lesson-1-reaction.png","C:\Users\user\UI-TARS-desktop\public\kelly\lessons\001",SUSPICIOUS,54.8,0.4524,"Curious Kelly in final pose in Chair - UI elements will go on the side rails - Copy.png",True
"C:\Users\user\UI-TARS-desktop\public\kelly\lessons\002\lesson-2-bg.png","lesson-2-bg.png","C:\Users\user\UI-TARS-desktop\public\kelly\lessons\002",NO_MATCH,44.2,0.5583,"neutral face with hair.png",True
"C:\Users\user\UI-TARS-desktop\public\kelly\lessons\002\lesson-2-guide-point.png","lesson-2-guide-point.png","C:\Users\user\UI-TARS-desktop\public\kelly\lessons\002",MATCH,61.7,0.3826,"head and shoulders without chair.png",True
"C:\Users\user\UI-TARS-desktop\public\kelly\lessons\002\lesson-2-hero.png","lesson-2-hero.png","C:\Users\user\UI-TARS-desktop\public\kelly\lessons\002",NO_MATCH,32.8,0.6723,"facing to the left.png",True
"C:\Users\user\UI-TARS-desktop\public\kelly\lessons\002\lesson-2-prop.png","lesson-2-prop.png","C:\Users\user\UI-TARS-desktop\public\kelly\lessons\002",NO_MATCH,39.1,0.6086,"neutral face with hair.png",True
"C:\Users\user\UI-TARS-desktop\public\kelly\lessons\002\lesson-2-reaction.png","lesson-2-reaction.png","C:\Users\user\UI-TARS-desktop\public\kelly\lessons\002",SUSPICIOUS,58.5,0.4150,"head and shoulders without chair.png",True
"C:\Users\user\UI-TARS-desktop\public\kelly\lessons\003\lesson-3-bg.png","lesson-3-bg.png","C:\Users\user\UI-TARS-desktop\public\kelly\lessons\003",NO_MATCH,43.2,0.5684,"neutral face with hair.png",True
"C:\Users\user\UI-TARS-desktop\public\kelly\lessons\003\lesson-3-guide-point.png","lesson-3-guide-point.png","C:\Users\user\UI-TARS-desktop\public\kelly\lessons\003",MATCH,69.1,0.3087,"Curious Kelly in final pose in Chair - UI elements will go on the side rails - Copy.png",True
"C:\Users\user\UI-TARS-desktop\public\kelly\lessons\003\lesson-3-hero.png","lesson-3-hero.png","C:\Users\user\UI-TARS-desktop\public\kelly\lessons\003",NO_MATCH,38.6,0.6135,"facing to the left.png",True
"C:\Users\user\UI-TARS-desktop\public\kelly\lessons\003\lesson-3-prop.png","lesson-3-prop.png","C:\Users\user\UI-TARS-desktop\public\kelly\lessons\003",NO_MATCH,40.8,0.5922,"profile of kelly.png",True
"C:\Users\user\UI-TARS-desktop\public\kelly\lessons\003\lesson-3-reaction.png","lesson-3-reaction.png","C:\Users\user\UI-TARS-desktop\public\kelly\lessons\003",MATCH,67.2,0.3280,"neutral face with hair.png",True
"C:\Users\user\UI-TARS-desktop\public\kelly\lessons\004\lesson-4-bg.png","lesson-4-bg.png","C:\Users\user\UI-TARS-desktop\public\kelly\lessons\004",NO_MATCH,37.4,0.6259,"neutral face with hair.png",True
"C:\Users\user\UI-TARS-desktop\public\kelly\lessons\004\lesson-4-guide-point.png","lesson-4-guide-point.png","C:\Users\user\UI-TARS-desktop\public\kelly\lessons\004",SUSPICIOUS,51.9,0.4814,"facing to the left.png",True
"C:\Users\user\UI-TARS-desktop\public\kelly\lessons\004\lesson-4-hero.png","lesson-4-hero.png","C:\Users\user\UI-TARS-desktop\public\kelly\lessons\004",SUSPICIOUS,54.8,0.4519,"neutral face with hair.png",True
"C:\Users\user\UI-TARS-desktop\public\kelly\lessons\004\lesson-4-prop.png","lesson-4-prop.png","C:\Users\user\UI-TARS-desktop\public\kelly\lessons\004",SUSPICIOUS,54.1,0.4588,"neutral face with hair.png",True
"C:\Users\user\UI-TARS-desktop\public\kelly\lessons\004\lesson-4-reaction.png","lesson-4-reaction.png","C:\Users\user\UI-TARS-desktop\public\kelly\lessons\004",SUSPICIOUS,59.3,0.4068,"head and shoulders without chair.png",True
"C:\Users\user\UI-TARS-desktop\public\kelly\lessons\005\lesson-5-bg.png","lesson-5-bg.png","C:\Users\user\UI-TARS-desktop\public\kelly\lessons\005",SUSPICIOUS,45.5,0.5448,"profile of kelly.png",True
"C:\Users\user\UI-TARS-desktop\public\kelly\lessons\005\lesson-5-guide-point.png","lesson-5-guide-point.png","C:\Users\user\UI-TARS-desktop\public\kelly\lessons\005",NO_MATCH,41.6,0.5836,"slightly turning her head.png",True
"C:\Users\user\UI-TARS-desktop\public\kelly\lessons\005\lesson-5-hero.png","lesson-5-hero.png","C:\Users\user\UI-TARS-desktop\public\kelly\lessons\005",NO_MATCH,37.5,0.6247,"facing to the left.png",True
"C:\Users\user\UI-TARS-desktop\public\kelly\lessons\005\lesson-5-prop.png","lesson-5-prop.png","C:\Users\user\UI-TARS-desktop\public\kelly\lessons\005",SUSPICIOUS,56.2,0.4376,"neutral face with hair.png",True
"C:\Users\user\UI-TARS-desktop\public\kelly\lessons\005\lesson-5-reaction.png","lesson-5-reaction.png","C:\Users\user\UI-TARS-desktop\public\kelly\lessons\005",MATCH,65.9,0.3405,"Curious Kelly in final pose in Chair - UI elements will go on the side rails - Copy.png",True
"C:\Users\user\UI-TARS-desktop\public\kelly\lessons\006\lesson-6-bg.png","lesson-6-bg.png","C:\Users\user\UI-TARS-desktop\public\kelly\lessons\006",NO_MATCH,33.7,0.6630,"neutral face with hair.png",True
"C:\Users\user\UI-TARS-desktop\public\kelly\lessons\006\lesson-6-guide-point.png","lesson-6-guide-point.png","C:\Users\user\UI-TARS-desktop\public\kelly\lessons\006",MATCH,73.3,0.2673,"head and shoulders without chair.png",True
"C:\Users\user\UI-TARS-desktop\public\kelly\lessons\006\lesson-6-hero.png","lesson-6-hero.png","C:\Users\user\UI-TARS-desktop\public\kelly\lessons\006",NO_MATCH,40.0,0.5997,"slightly turning her head.png",True
"C:\Users\user\UI-TARS-desktop\public\kelly\lessons\006\lesson-6-prop.png","lesson-6-prop.png","C:\Users\user\UI-TARS-desktop\public\kelly\lessons\006",MATCH,70.6,0.2940,"head and shoulders without chair.png",True
"C:\Users\user\UI-TARS-desktop\public\kelly\lessons\006\lesson-6-reaction.png","lesson-6-reaction.png","C:\Users\user\UI-TARS-desktop\public\kelly\lessons\006",SUSPICIOUS,58.7,0.4127,"head and shoulders without chair.png",True
"C:\Users\user\UI-TARS-desktop\public\kelly\lessons\007\lesson-7-bg.png","lesson-7-bg.png","C:\Users\user\UI-TARS-desktop\public\kelly\lessons\007",NO_MATCH,37.4,0.6259,"neutral face with hair.png",True
"C:\Users\user\UI-TARS-desktop\public\kelly\lessons\007\lesson-7-guide-point.png","lesson-7-guide-point.png","C:\Users\user\UI-TARS-desktop\public\kelly\lessons\007",MATCH,73.1,0.2688,"head and shoulders without chair.png",True
"C:\Users\user\UI-TARS-desktop\public\kelly\lessons\007\lesson-7-hero.png","lesson-7-hero.png","C:\Users\user\UI-TARS-desktop\public\kelly\lessons\007",NO_MATCH,41.2,0.5881,"profile of kelly.png",True
"C:\Users\user\UI-TARS-desktop\public\kelly\lessons\007\lesson-7-prop.png","lesson-7-prop.png","C:\Users\user\UI-TARS-desktop\public\kelly\lessons\007",MATCH,66.4,0.3360,"head and shoulders without chair.png",True
"C:\Users\user\UI-TARS-desktop\public\kelly\lessons\007\lesson-7-reaction.png","lesson-7-reaction.png","C:\Users\user\UI-TARS-desktop\public\kelly\lessons\007",MATCH,68.0,0.3200,"Curious Kelly in final pose in Chair - UI elements will go on the side rails - Copy.png",True
"C:\Users\user\UI-TARS-desktop\public\kelly\lessons\008\lesson-8-bg.png","lesson-8-bg.png","C:\Users\user\UI-TARS-desktop\public\kelly\lessons\008",NO_MATCH,39.7,0.6033,"profile of kelly.png",True
"C:\Users\user\UI-TARS-desktop\public\kelly\lessons\008\lesson-8-guide-point.png","lesson-8-guide-point.png","C:\Users\user\UI-TARS-desktop\public\kelly\lessons\008",MATCH,66.1,0.3388,"Curious Kelly in final pose in Chair - UI elements will go on the side rails - Copy.png",True
"C:\Users\user\UI-TARS-desktop\public\kelly\lessons\008\lesson-8-hero.png","lesson-8-hero.png","C:\Users\user\UI-TARS-desktop\public\kelly\lessons\008",NO_MATCH,44.2,0.5583,"slightly turning her head.png",True
"C:\Users\user\UI-TARS-desktop\public\kelly\lessons\008\lesson-8-prop.png","lesson-8-prop.png","C:\Users\user\UI-TARS-desktop\public\kelly\lessons\008",MATCH,70.0,0.2996,"neutral face with hair.png",True
"C:\Users\user\UI-TARS-desktop\public\kelly\lessons\008\lesson-8-reaction.png","lesson-8-reaction.png","C:\Users\user\UI-TARS-desktop\public\kelly\lessons\008",MATCH,65.8,0.3425,"Curious Kelly in final pose in Chair - UI elements will go on the side rails - Copy.png",True
"C:\Users\user\UI-TARS-desktop\public\kelly\lessons\009\lesson-9-bg.png","lesson-9-bg.png","C:\Users\user\UI-TARS-desktop\public\kelly\lessons\009",NO_MATCH,35.5,0.6450,"profile of kelly.png",True
"C:\Users\user\UI-TARS-desktop\public\kelly\lessons\009\lesson-9-guide-point.png","lesson-9-guide-point.png","C:\Users\user\UI-TARS-desktop\public\kelly\lessons\009",NO_MATCH,36.3,0.6371,"Curious Kelly in final pose in Chair - UI elements will go on the side rails - Copy.png",True
"C:\Users\user\UI-TARS-desktop\public\kelly\lessons\009\lesson-9-hero.png","lesson-9-hero.png","C:\Users\user\UI-TARS-desktop\public\kelly\lessons\009",NO_MATCH,35.8,0.6424,"facing to the left.png",True
"C:\Users\user\UI-TARS-desktop\public\kelly\lessons\009\lesson-9-prop.png","lesson-9-prop.png","C:\Users\user\UI-TARS-desktop\public\kelly\lessons\009",MATCH,69.6,0.3041,"Curious Kelly in final pose in Chair - UI elements will go on the side rails - Copy.png",True
"C:\Users\user\UI-TARS-desktop\public\kelly\lessons\009\lesson-9-reaction.png","lesson-9-reaction.png","C:\Users\user\UI-TARS-desktop\public\kelly\lessons\009",MATCH,66.8,0.3318,"head and shoulders without chair.png",True
"C:\Users\user\UI-TARS-desktop\public\kelly\lessons\010\lesson-10-bg.png","lesson-10-bg.png","C:\Users\user\UI-TARS-desktop\public\kelly\lessons\010",NO_MATCH,40.5,0.5953,"profile of kelly.png",True
"C:\Users\user\UI-TARS-desktop\public\kelly\lessons\010\lesson-10-guide-point.png","lesson-10-guide-point.png","C:\Users\user\UI-TARS-desktop\public\kelly\lessons\010",MATCH,80.3,0.1972,"Curious Kelly in final pose in Chair - UI elements will go on the side rails - Copy.png",True
"C:\Users\user\UI-TARS-desktop\public\kelly\lessons\010\lesson-10-hero.png","lesson-10-hero.png","C:\Users\user\UI-TARS-desktop\public\kelly\lessons\010",NO_MATCH,35.7,0.6428,"facing to the left.png",True
"C:\Users\user\UI-TARS-desktop\public\kelly\lessons\010\lesson-10-prop.png","lesson-10-prop.png","C:\Users\user\UI-TARS-desktop\public\kelly\lessons\010",MATCH,70.3,0.2973,"neutral face with hair.png",True
"C:\Users\user\UI-TARS-desktop\public\kelly\lessons\010\lesson-10-reaction.png","lesson-10-reaction.png","C:\Users\user\UI-TARS-desktop\public\kelly\lessons\010",MATCH,75.3,0.2469,"Curious Kelly in final pose in Chair - UI elements will go on the side rails - Copy.png",True
"C:\Users\user\UI-TARS-desktop\public\kelly\lessons\011\lesson-11-bg.png","lesson-11-bg.png","C:\Users\user\UI-TARS-desktop\public\kelly\lessons\011",NO_MATCH,43.6,0.5643,"neutral face with hair.png",True
"C:\Users\user\UI-TARS-desktop\public\kelly\lessons\011\lesson-11-guide-point.png","lesson-11-guide-point.png","C:\Users\user\UI-TARS-desktop\public\kelly\lessons\011",SUSPICIOUS,54.7,0.4531,"head and shoulders without chair.png",True
"C:\Users\user\UI-TARS-desktop\public\kelly\lessons\011\lesson-11-hero.png","lesson-11-hero.png","C:\Users\user\UI-TARS-desktop\public\kelly\lessons\011",NO_MATCH,34.4,0.6560,"slightly turning her head.png",True
"C:\Users\user\UI-TARS-desktop\public\kelly\lessons\011\lesson-11-prop.png","lesson-11-prop.png","C:\Users\user\UI-TARS-desktop\public\kelly\lessons\011",SUSPICIOUS,50.2,0.4983,"neutral face with hair.png",True
"C:\Users\user\UI-TARS-desktop\public\kelly\lessons\011\lesson-11-reaction.png","lesson-11-reaction.png","C:\Users\user\UI-TARS-desktop\public\kelly\lessons\011",SUSPICIOUS,54.1,0.4591,"head and shoulders without chair.png",True
"C:\Users\user\UI-TARS-desktop\public\kelly\lessons\012\lesson-12-bg.png","lesson-12-bg.png","C:\Users\user\UI-TARS-desktop\public\kelly\lessons\012",NO_MATCH,38.5,0.6149,"neutral face with hair.png",True
"C:\Users\user\UI-TARS-desktop\public\kelly\lessons\012\lesson-12-guide-point.png","lesson-12-guide-point.png","C:\Users\user\UI-TARS-desktop\public\kelly\lessons\012",MATCH,68.7,0.3132,"head and shoulders without chair.png",True
"C:\Users\user\UI-TARS-desktop\public\kelly\lessons\012\lesson-12-hero.png","lesson-12-hero.png","C:\Users\user\UI-TARS-desktop\public\kelly\lessons\012",NO_MATCH,39.6,0.6036,"facing to the left.png",True
"C:\Users\user\UI-TARS-desktop\public\kelly\lessons\012\lesson-12-prop.png","lesson-12-prop.png","C:\Users\user\UI-TARS-desktop\public\kelly\lessons\012",NO_MATCH,42.1,0.5794,"profile of kelly.png",True
"C:\Users\user\UI-TARS-desktop\public\kelly\lessons\012\lesson-12-reaction.png","lesson-12-reaction.png","C:\Users\user\UI-TARS-desktop\public\kelly\lessons\012",MATCH,75.2,0.2483,"Curious Kelly in final pose in Chair - UI elements will go on the side rails - Copy.png",True
"C:\Users\user\UI-TARS-desktop\public\kelly\lessons\013\lesson-13-bg.png","lesson-13-bg.png","C:\Users\user\UI-TARS-desktop\public\kelly\lessons\013",NO_MATCH,43.0,0.5704,"profile of kelly.png",True
"C:\Users\user\UI-TARS-desktop\public\kelly\lessons\013\lesson-13-guide-point.png","lesson-13-guide-point.png","C:\Users\user\UI-TARS-desktop\public\kelly\lessons\013",MATCH,66.6,0.3336,"head and shoulders without chair.png",True
"C:\Users\user\UI-TARS-desktop\public\kelly\lessons\013\lesson-13-hero.png","lesson-13-hero.png","C:\Users\user\UI-TARS-desktop\public\kelly\lessons\013",NO_MATCH,43.4,0.5656,"neutral face with hair.png",True
"C:\Users\user\UI-TARS-desktop\public\kelly\lessons\013\lesson-13-prop.png","lesson-13-prop.png","C:\Users\user\UI-TARS-desktop\public\kelly\lessons\013",NO_MATCH,37.6,0.6241,"profile of kelly.png",True
"C:\Users\user\UI-TARS-desktop\public\kelly\lessons\013\lesson-13-reaction.png","lesson-13-reaction.png","C:\Users\user\UI-TARS-desktop\public\kelly\lessons\013",SUSPICIOUS,49.4,0.5058,"slightly turning her head.png",True
"C:\Users\user\UI-TARS-desktop\public\kelly\lessons\014\lesson-14-bg.png","lesson-14-bg.png","C:\Users\user\UI-TARS-desktop\public\kelly\lessons\014",NO_MATCH,42.2,0.5784,"profile of kelly.png",True
"C:\Users\user\UI-TARS-desktop\public\kelly\lessons\014\lesson-14-guide-point.png","lesson-14-guide-point.png","C:\Users\user\UI-TARS-desktop\public\kelly\lessons\014",MATCH,66.9,0.3306,"Curious Kelly in final pose in Chair - UI elements will go on the side rails - Copy.png",True
"C:\Users\user\UI-TARS-desktop\public\kelly\lessons\014\lesson-14-hero.png","lesson-14-hero.png","C:\Users\user\UI-TARS-desktop\public\kelly\lessons\014",NO_MATCH,39.5,0.6050,"profile of kelly.png",True
"C:\Users\user\UI-TARS-desktop\public\kelly\lessons\014\lesson-14-prop.png","lesson-14-prop.png","C:\Users\user\UI-TARS-desktop\public\kelly\lessons\014",SUSPICIOUS,60.1,0.3990,"Curious Kelly in final pose in Chair - UI elements will go on the side rails - Copy.png",True
"C:\Users\user\UI-TARS-desktop\public\kelly\lessons\014\lesson-14-reaction.png","lesson-14-reaction.png","C:\Users\user\UI-TARS-desktop\public\kelly\lessons\014",MATCH,69.3,0.3066,"head and shoulders without chair.png",True
"C:\Users\user\UI-TARS-desktop\public\kelly\lessons\015\lesson-15-bg.png","lesson-15-bg.png","C:\Users\user\UI-TARS-desktop\public\kelly\lessons\015",NO_MATCH,33.9,0.6615,"profile of kelly.png",True
"C:\Users\user\UI-TARS-desktop\public\kelly\lessons\015\lesson-15-guide-point.png","lesson-15-guide-point.png","C:\Users\user\UI-TARS-desktop\public\kelly\lessons\015",MATCH,66.4,0.3362,"head and shoulders without chair.png",True
"C:\Users\user\UI-TARS-desktop\public\kelly\lessons\015\lesson-15-hero.png","lesson-15-hero.png","C:\Users\user\UI-TARS-desktop\public\kelly\lessons\015",NO_MATCH,29.6,0.7043,"facing to the left.png",True
"C:\Users\user\UI-TARS-desktop\public\kelly\lessons\015\lesson-15-prop.png","lesson-15-prop.png","C:\Users\user\UI-TARS-desktop\public\kelly\lessons\015",NO_MATCH,39.8,0.6024,"profile of kelly.png",True
"C:\Users\user\UI-TARS-desktop\public\kelly\lessons\015\lesson-15-reaction.png","lesson-15-reaction.png","C:\Users\user\UI-TARS-desktop\public\kelly\lessons\015",MATCH,67.0,0.3303,"Curious Kelly in final pose in Chair - UI elements will go on the side rails - Copy.png",True
"C:\Users\user\UI-TARS-desktop\public\kelly\lessons\016\lesson-16-bg.png","lesson-16-bg.png","C:\Users\user\UI-TARS-desktop\public\kelly\lessons\016",NO_MATCH,41.1,0.5890,"profile of kelly.png",True
"C:\Users\user\UI-TARS-desktop\public\kelly\lessons\016\lesson-16-guide-point.png","lesson-16-guide-point.png","C:\Users\user\UI-TARS-desktop\public\kelly\lessons\016",MATCH,78.5,0.2152,"head and shoulders without chair.png",True
"C:\Users\user\UI-TARS-desktop\public\kelly\lessons\016\lesson-16-hero.png","lesson-16-hero.png","C:\Users\user\UI-TARS-desktop\public\kelly\lessons\016",NO_MATCH,42.3,0.5770,"facing to the left.png",True
"C:\Users\user\UI-TARS-desktop\public\kelly\lessons\016\lesson-16-prop.png","lesson-16-prop.png","C:\Users\user\UI-TARS-desktop\public\kelly\lessons\016",NO_MATCH,44.2,0.5576,"head and shoulders without chair.png",True
"C:\Users\user\UI-TARS-desktop\public\kelly\lessons\016\lesson-16-reaction.png","lesson-16-reaction.png","C:\Users\user\UI-TARS-desktop\public\kelly\lessons\016",MATCH,69.2,0.3079,"slightly turning her head.png",True
"C:\Users\user\UI-TARS-desktop\public\kelly\lessons\017\lesson-17-bg.png","lesson-17-bg.png","C:\Users\user\UI-TARS-desktop\public\kelly\lessons\017",NO_MATCH,37.4,0.6261,"neutral face with hair.png",True
"C:\Users\user\UI-TARS-desktop\public\kelly\lessons\017\lesson-17-guide-point.png","lesson-17-guide-point.png","C:\Users\user\UI-TARS-desktop\public\kelly\lessons\017",SUSPICIOUS,50.0,0.5001,"Curious Kelly in final pose in Chair - UI elements will go on the side rails - Copy.png",True
"C:\Users\user\UI-TARS-desktop\public\kelly\lessons\017\lesson-17-hero.png","lesson-17-hero.png","C:\Users\user\UI-TARS-desktop\public\kelly\lessons\017",NO_MATCH,34.3,0.6573,"close up of kellys eyes.png",True
"C:\Users\user\UI-TARS-desktop\public\kelly\lessons\017\lesson-17-prop.png","lesson-17-prop.png","C:\Users\user\UI-TARS-desktop\public\kelly\lessons\017",SUSPICIOUS,47.7,0.5231,"neutral face with hair.png",True
"C:\Users\user\UI-TARS-desktop\public\kelly\lessons\017\lesson-17-reaction.png","lesson-17-reaction.png","C:\Users\user\UI-TARS-desktop\public\kelly\lessons\017",SUSPICIOUS,58.0,0.4196,"slightly turning her head.png",True
"C:\Users\user\UI-TARS-desktop\public\kelly\lessons\018\lesson-18-bg.png","lesson-18-bg.png","C:\Users\user\UI-TARS-desktop\public\kelly\lessons\018",NO_MATCH,34.2,0.6578,"profile of kelly.png",True
"C:\Users\user\UI-TARS-desktop\public\kelly\lessons\018\lesson-18-guide-point.png","lesson-18-guide-point.png","C:\Users\user\UI-TARS-desktop\public\kelly\lessons\018",SUSPICIOUS,60.1,0.3986,"head and shoulders without chair.png",True
"C:\Users\user\UI-TARS-desktop\public\kelly\lessons\018\lesson-18-hero.png","lesson-18-hero.png","C:\Users\user\UI-TARS-desktop\public\kelly\lessons\018",NO_MATCH,42.4,0.5761,"facing to the left.png",True
"C:\Users\user\UI-TARS-desktop\public\kelly\lessons\018\lesson-18-prop.png","lesson-18-prop.png","C:\Users\user\UI-TARS-desktop\public\kelly\lessons\018",MATCH,68.6,0.3140,"neutral face with hair.png",True
"C:\Users\user\UI-TARS-desktop\public\kelly\lessons\018\lesson-18-reaction.png","lesson-18-reaction.png","C:\Users\user\UI-TARS-desktop\public\kelly\lessons\018",MATCH,68.1,0.3189,"head and shoulders without chair.png",True
"C:\Users\user\UI-TARS-desktop\public\kelly\lessons\019\lesson-19-bg.png","lesson-19-bg.png","C:\Users\user\UI-TARS-desktop\public\kelly\lessons\019",NO_MATCH,30.5,0.6947,"neutral face with hair.png",True
"C:\Users\user\UI-TARS-desktop\public\kelly\lessons\019\lesson-19-guide-point.png","lesson-19-guide-point.png","C:\Users\user\UI-TARS-desktop\public\kelly\lessons\019",MATCH,66.5,0.3349,"Curious Kelly in final pose in Chair - UI elements will go on the side rails - Copy.png",True
"C:\Users\user\UI-TARS-desktop\public\kelly\lessons\019\lesson-19-hero.png","lesson-19-hero.png","C:\Users\user\UI-TARS-desktop\public\kelly\lessons\019",NO_MATCH,36.1,0.6389,"facing to the left.png",True
"C:\Users\user\UI-TARS-desktop\public\kelly\lessons\019\lesson-19-prop.png","lesson-19-prop.png","C:\Users\user\UI-TARS-desktop\public\kelly\lessons\019",NO_MATCH,29.3,0.7068,"close up of kellys eyes.png",True
"C:\Users\user\UI-TARS-desktop\public\kelly\lessons\019\lesson-19-reaction.png","lesson-19-reaction.png","C:\Users\user\UI-TARS-desktop\public\kelly\lessons\019",SUSPICIOUS,45.0,0.5498,"facing to the left.png",True
"C:\Users\user\UI-TARS-desktop\public\kelly\lessons\020\lesson-20-bg.png","lesson-20-bg.png","C:\Users\user\UI-TARS-desktop\public\kelly\lessons\020",NO_MATCH,39.6,0.6044,"profile of kelly.png",True
"C:\Users\user\UI-TARS-desktop\public\kelly\lessons\020\lesson-20-guide-point.png","lesson-20-guide-point.png","C:\Users\user\UI-TARS-desktop\public\kelly\lessons\020",NO_MATCH,43.2,0.5681,"slightly turning her head.png",True
"C:\Users\user\UI-TARS-desktop\public\kelly\lessons\020\lesson-20-hero.png","lesson-20-hero.png","C:\Users\user\UI-TARS-desktop\public\kelly\lessons\020",NO_MATCH,39.6,0.6042,"neutral face with hair.png",True
"C:\Users\user\UI-TARS-desktop\public\kelly\lessons\020\lesson-20-prop.png","lesson-20-prop.png","C:\Users\user\UI-TARS-desktop\public\kelly\lessons\020",MATCH,74.7,0.2527,"head and shoulders without chair.png",True
"C:\Users\user\UI-TARS-desktop\public\kelly\lessons\020\lesson-20-reaction.png","lesson-20-reaction.png","C:\Users\user\UI-TARS-desktop\public\kelly\lessons\020",MATCH,66.7,0.3332,"head and shoulders without chair.png",True
"C:\Users\user\UI-TARS-desktop\public\kelly\lessons\021\lesson-21-bg.png","lesson-21-bg.png","C:\Users\user\UI-TARS-desktop\public\kelly\lessons\021",NO_MATCH,42.5,0.5752,"profile of kelly.png",True
"C:\Users\user\UI-TARS-desktop\public\kelly\lessons\021\lesson-21-guide-point.png","lesson-21-guide-point.png","C:\Users\user\UI-TARS-desktop\public\kelly\lessons\021",MATCH,64.9,0.3511,"Curious Kelly in final pose in Chair - UI elements will go on the side rails - Copy.png",True
"C:\Users\user\UI-TARS-desktop\public\kelly\lessons\021\lesson-21-hero.png","lesson-21-hero.png","C:\Users\user\UI-TARS-desktop\public\kelly\lessons\021",NO_MATCH,44.8,0.5522,"slightly turning her head.png",True
"C:\Users\user\UI-TARS-desktop\public\kelly\lessons\021\lesson-21-prop.png","lesson-21-prop.png","C:\Users\user\UI-TARS-desktop\public\kelly\lessons\021",SUSPICIOUS,47.5,0.5249,"slightly turning her head.png",True
"C:\Users\user\UI-TARS-desktop\public\kelly\lessons\021\lesson-21-reaction.png","lesson-21-reaction.png","C:\Users\user\UI-TARS-desktop\public\kelly\lessons\021",SUSPICIOUS,60.4,0.3960,"head and shoulders without chair.png",True
"C:\Users\user\UI-TARS-desktop\public\kelly\lessons\022\lesson-22-bg.png","lesson-22-bg.png","C:\Users\user\UI-TARS-desktop\public\kelly\lessons\022",NO_MATCH,33.7,0.6633,"neutral face with hair.png",True
"C:\Users\user\UI-TARS-desktop\public\kelly\lessons\022\lesson-22-guide-point.png","lesson-22-guide-point.png","C:\Users\user\UI-TARS-desktop\public\kelly\lessons\022",SUSPICIOUS,58.6,0.4141,"neutral face with hair.png",True
"C:\Users\user\UI-TARS-desktop\public\kelly\lessons\022\lesson-22-hero.png","lesson-22-hero.png","C:\Users\user\UI-TARS-desktop\public\kelly\lessons\022",NO_MATCH,41.5,0.5849,"neutral face with hair.png",True
"C:\Users\user\UI-TARS-desktop\public\kelly\lessons\022\lesson-22-prop.png","lesson-22-prop.png","C:\Users\user\UI-TARS-desktop\public\kelly\lessons\022",SUSPICIOUS,55.9,0.4405,"head and shoulders without chair.png",True
"C:\Users\user\UI-TARS-desktop\public\kelly\lessons\022\lesson-22-reaction.png","lesson-22-reaction.png","C:\Users\user\UI-TARS-desktop\public\kelly\lessons\022",SUSPICIOUS,58.6,0.4140,"head and shoulders without chair.png",True
"C:\Users\user\UI-TARS-desktop\public\kelly\lessons\023\lesson-23-bg.png","lesson-23-bg.png","C:\Users\user\UI-TARS-desktop\public\kelly\lessons\023",NO_MATCH,41.5,0.5852,"profile of kelly.png",True
"C:\Users\user\UI-TARS-desktop\public\kelly\lessons\023\lesson-23-guide-point.png","lesson-23-guide-point.png","C:\Users\user\UI-TARS-desktop\public\kelly\lessons\023",SUSPICIOUS,57.6,0.4239,"Curious Kelly in final pose in Chair - UI elements will go on the side rails - Copy.png",True
"C:\Users\user\UI-TARS-desktop\public\kelly\lessons\023\lesson-23-hero.png","lesson-23-hero.png","C:\Users\user\UI-TARS-desktop\public\kelly\lessons\023",SUSPICIOUS,48.4,0.5158,"facing to the left.png",True
"C:\Users\user\UI-TARS-desktop\public\kelly\lessons\023\lesson-23-prop.png","lesson-23-prop.png","C:\Users\user\UI-TARS-desktop\public\kelly\lessons\023",NO_MATCH,41.6,0.5843,"neutral face with hair.png",True
"C:\Users\user\UI-TARS-desktop\public\kelly\lessons\023\lesson-23-reaction.png","lesson-23-reaction.png","C:\Users\user\UI-TARS-desktop\public\kelly\lessons\023",SUSPICIOUS,53.7,0.4626,"head and shoulders without chair.png",True
"C:\Users\user\UI-TARS-desktop\public\kelly\lessons\024\lesson-24-bg.png","lesson-24-bg.png","C:\Users\user\UI-TARS-desktop\public\kelly\lessons\024",NO_MATCH,24.4,0.7556,"neutral face with hair.png",True
"C:\Users\user\UI-TARS-desktop\public\kelly\lessons\024\lesson-24-guide-point.png","lesson-24-guide-point.png","C:\Users\user\UI-TARS-desktop\public\kelly\lessons\024",MATCH,74.5,0.2546,"head and shoulders without chair.png",True
"C:\Users\user\UI-TARS-desktop\public\kelly\lessons\024\lesson-24-hero.png","lesson-24-hero.png","C:\Users\user\UI-TARS-desktop\public\kelly\lessons\024",NO_MATCH,40.8,0.5922,"profile of kelly.png",True
"C:\Users\user\UI-TARS-desktop\public\kelly\lessons\024\lesson-24-prop.png","lesson-24-prop.png","C:\Users\user\UI-TARS-desktop\public\kelly\lessons\024",NO_MATCH,36.7,0.6335,"neutral face with hair.png",True
"C:\Users\user\UI-TARS-desktop\public\kelly\lessons\024\lesson-24-reaction.png","lesson-24-reaction.png","C:\Users\user\UI-TARS-desktop\public\kelly\lessons\024",MATCH,69.8,0.3024,"Curious Kelly in final pose in Chair - UI elements will go on the side rails - Copy.png",True
"C:\Users\user\UI-TARS-desktop\public\kelly\lessons\025\lesson-25-bg.png","lesson-25-bg.png","C:\Users\user\UI-TARS-desktop\public\kelly\lessons\025",NO_MATCH,37.8,0.6216,"neutral face with hair.png",True
"C:\Users\user\UI-TARS-desktop\public\kelly\lessons\025\lesson-25-guide-point.png","lesson-25-guide-point.png","C:\Users\user\UI-TARS-desktop\public\kelly\lessons\025",SUSPICIOUS,60.9,0.3910,"Curious Kelly in final pose in Chair - UI elements will go on the side rails - Copy.png",True
"C:\Users\user\UI-TARS-desktop\public\kelly\lessons\025\lesson-25-hero.png","lesson-25-hero.png","C:\Users\user\UI-TARS-desktop\public\kelly\lessons\025",NO_MATCH,38.8,0.6117,"neutral face with hair.png",True
"C:\Users\user\UI-TARS-desktop\public\kelly\lessons\025\lesson-25-prop.png","lesson-25-prop.png","C:\Users\user\UI-TARS-desktop\public\kelly\lessons\025",NO_MATCH,42.4,0.5757,"neutral face with hair.png",True
"C:\Users\user\UI-TARS-desktop\public\kelly\lessons\025\lesson-25-reaction.png","lesson-25-reaction.png","C:\Users\user\UI-TARS-desktop\public\kelly\lessons\025",SUSPICIOUS,51.2,0.4883,"slightly turning her head.png",True
"C:\Users\user\UI-TARS-desktop\public\kelly\lessons\026\lesson-26-bg.png","lesson-26-bg.png","C:\Users\user\UI-TARS-desktop\public\kelly\lessons\026",NO_MATCH,43.5,0.5653,"profile of kelly.png",True
"C:\Users\user\UI-TARS-desktop\public\kelly\lessons\026\lesson-26-guide-point.png","lesson-26-guide-point.png","C:\Users\user\UI-TARS-desktop\public\kelly\lessons\026",SUSPICIOUS,58.9,0.4105,"neutral face with hair.png",True
"C:\Users\user\UI-TARS-desktop\public\kelly\lessons\026\lesson-26-hero.png","lesson-26-hero.png","C:\Users\user\UI-TARS-desktop\public\kelly\lessons\026",NO_MATCH,39.1,0.6094,"neutral face with hair.png",True
"C:\Users\user\UI-TARS-desktop\public\kelly\lessons\026\lesson-26-prop.png","lesson-26-prop.png","C:\Users\user\UI-TARS-desktop\public\kelly\lessons\026",SUSPICIOUS,45.4,0.5456,"head and shoulders without chair.png",True
"C:\Users\user\UI-TARS-desktop\public\kelly\lessons\026\lesson-26-reaction.png","lesson-26-reaction.png","C:\Users\user\UI-TARS-desktop\public\kelly\lessons\026",MATCH,71.2,0.2882,"neutral face with hair.png",True
"C:\Users\user\UI-TARS-desktop\public\kelly\lessons\027\lesson-27-bg.png","lesson-27-bg.png","C:\Users\user\UI-TARS-desktop\public\kelly\lessons\027",NO_MATCH,44.7,0.5534,"neutral face with hair.png",True
"C:\Users\user\UI-TARS-desktop\public\kelly\lessons\027\lesson-27-guide-point.png","lesson-27-guide-point.png","C:\Users\user\UI-TARS-desktop\public\kelly\lessons\027",MATCH,67.8,0.3225,"neutral face with hair.png",True
"C:\Users\user\UI-TARS-desktop\public\kelly\lessons\027\lesson-27-hero.png","lesson-27-hero.png","C:\Users\user\UI-TARS-desktop\public\kelly\lessons\027",NO_MATCH,36.7,0.6330,"profile of kelly.png",True
"C:\Users\user\UI-TARS-desktop\public\kelly\lessons\027\lesson-27-prop.png","lesson-27-prop.png","C:\Users\user\UI-TARS-desktop\public\kelly\lessons\027",MATCH,63.0,0.3702,"head and shoulders without chair.png",True
"C:\Users\user\UI-TARS-desktop\public\kelly\lessons\027\lesson-27-reaction.png","lesson-27-reaction.png","C:\Users\user\UI-TARS-desktop\public\kelly\lessons\027",SUSPICIOUS,54.8,0.4516,"Curious Kelly in final pose in Chair - UI elements will go on the side rails - Copy.png",True
"C:\Users\user\UI-TARS-desktop\public\kelly\lessons\028\lesson-28-bg.png","lesson-28-bg.png","C:\Users\user\UI-TARS-desktop\public\kelly\lessons\028",NO_MATCH,38.4,0.6156,"profile of kelly.png",True
"C:\Users\user\UI-TARS-desktop\public\kelly\lessons\028\lesson-28-guide-point.png","lesson-28-guide-point.png","C:\Users\user\UI-TARS-desktop\public\kelly\lessons\028",NO_MATCH,42.7,0.5730,"neutral face with hair.png",True
"C:\Users\user\UI-TARS-desktop\public\kelly\lessons\028\lesson-28-hero.png","lesson-28-hero.png","C:\Users\user\UI-TARS-desktop\public\kelly\lessons\028",NO_MATCH,38.4,0.6156,"close up of kellys eyes.png",True
"C:\Users\user\UI-TARS-desktop\public\kelly\lessons\028\lesson-28-prop.png","lesson-28-prop.png","C:\Users\user\UI-TARS-desktop\public\kelly\lessons\028",NO_MATCH,37.5,0.6246,"profile of kelly.png",True
"C:\Users\user\UI-TARS-desktop\public\kelly\lessons\028\lesson-28-reaction.png","lesson-28-reaction.png","C:\Users\user\UI-TARS-desktop\public\kelly\lessons\028",SUSPICIOUS,57.3,0.4266,"Curious Kelly in final pose in Chair - UI elements will go on the side rails - Copy.png",True
"C:\Users\user\UI-TARS-desktop\public\kelly\lessons\029\lesson-29-bg.png","lesson-29-bg.png","C:\Users\user\UI-TARS-desktop\public\kelly\lessons\029",NO_MATCH,28.9,0.7114,"neutral face with hair.png",True
"C:\Users\user\UI-TARS-desktop\public\kelly\lessons\029\lesson-29-guide-point.png","lesson-29-guide-point.png","C:\Users\user\UI-TARS-desktop\public\kelly\lessons\029",MATCH,72.5,0.2746,"Curious Kelly in final pose in Chair - UI elements will go on the side rails - Copy.png",True
"C:\Users\user\UI-TARS-desktop\public\kelly\lessons\029\lesson-29-hero.png","lesson-29-hero.png","C:\Users\user\UI-TARS-desktop\public\kelly\lessons\029",MATCH,62.2,0.3782,"slightly turning her head.png",True
"C:\Users\user\UI-TARS-desktop\public\kelly\lessons\029\lesson-29-prop.png","lesson-29-prop.png","C:\Users\user\UI-TARS-desktop\public\kelly\lessons\029",MATCH,70.3,0.2972,"head and shoulders without chair.png",True
"C:\Users\user\UI-TARS-desktop\public\kelly\lessons\029\lesson-29-reaction.png","lesson-29-reaction.png","C:\Users\user\UI-TARS-desktop\public\kelly\lessons\029",MATCH,65.5,0.3447,"slightly turning her head.png",True
"C:\Users\user\UI-TARS-desktop\public\kelly\lessons\030\lesson-30-bg.png","lesson-30-bg.png","C:\Users\user\UI-TARS-desktop\public\kelly\lessons\030",NO_MATCH,36.1,0.6388,"profile of kelly.png",True
"C:\Users\user\UI-TARS-desktop\public\kelly\lessons\030\lesson-30-guide-point.png","lesson-30-guide-point.png","C:\Users\user\UI-TARS-desktop\public\kelly\lessons\030",MATCH,74.8,0.2517,"neutral face with hair.png",True
"C:\Users\user\UI-TARS-desktop\public\kelly\lessons\030\lesson-30-hero.png","lesson-30-hero.png","C:\Users\user\UI-TARS-desktop\public\kelly\lessons\030",NO_MATCH,34.8,0.6520,"facing to the left.png",True
"C:\Users\user\UI-TARS-desktop\public\kelly\lessons\030\lesson-30-prop.png","lesson-30-prop.png","C:\Users\user\UI-TARS-desktop\public\kelly\lessons\030",MATCH,75.6,0.2444,"neutral face with hair.png",True
"C:\Users\user\UI-TARS-desktop\public\kelly\lessons\030\lesson-30-reaction.png","lesson-30-reaction.png","C:\Users\user\UI-TARS-desktop\public\kelly\lessons\030",MATCH,74.2,0.2581,"neutral face with hair.png",True
"C:\Users\user\UI-TARS-desktop\public\kelly\lessons\031\lesson-31-bg.png","lesson-31-bg.png","C:\Users\user\UI-TARS-desktop\public\kelly\lessons\031",NO_MATCH,35.2,0.6485,"neutral face with hair.png",True
"C:\Users\user\UI-TARS-desktop\public\kelly\lessons\031\lesson-31-guide-point.png","lesson-31-guide-point.png","C:\Users\user\UI-TARS-desktop\public\kelly\lessons\031",NO_MATCH,43.6,0.5640,"neutral face with hair.png",True
"C:\Users\user\UI-TARS-desktop\public\kelly\lessons\031\lesson-31-hero.png","lesson-31-hero.png","C:\Users\user\UI-TARS-desktop\public\kelly\lessons\031",NO_MATCH,29.2,0.7081,"close up of kellys eyes.png",True
"C:\Users\user\UI-TARS-desktop\public\kelly\lessons\031\lesson-31-prop.png","lesson-31-prop.png","C:\Users\user\UI-TARS-desktop\public\kelly\lessons\031",SUSPICIOUS,47.0,0.5301,"profile of kelly.png",True
"C:\Users\user\UI-TARS-desktop\public\kelly\lessons\031\lesson-31-reaction.png","lesson-31-reaction.png","C:\Users\user\UI-TARS-desktop\public\kelly\lessons\031",SUSPICIOUS,54.3,0.4573,"facing to the left.png",True
"C:\Users\user\UI-TARS-desktop\public\kelly\lessons\032\lesson-32-bg.png","lesson-32-bg.png","C:\Users\user\UI-TARS-desktop\public\kelly\lessons\032",SUSPICIOUS,56.2,0.4378,"neutral face with hair.png",True
"C:\Users\user\UI-TARS-desktop\public\kelly\lessons\032\lesson-32-guide-point.png","lesson-32-guide-point.png","C:\Users\user\UI-TARS-desktop\public\kelly\lessons\032",NO_MATCH,44.2,0.5578,"neutral face with hair.png",True
"C:\Users\user\UI-TARS-desktop\public\kelly\lessons\032\lesson-32-hero.png","lesson-32-hero.png","C:\Users\user\UI-TARS-desktop\public\kelly\lessons\032",NO_MATCH,38.6,0.6142,"neutral face with hair.png",True
"C:\Users\user\UI-TARS-desktop\public\kelly\lessons\032\lesson-32-prop.png","lesson-32-prop.png","C:\Users\user\UI-TARS-desktop\public\kelly\lessons\032",NO_MATCH,38.6,0.6139,"facing to the left.png",True
"C:\Users\user\UI-TARS-desktop\public\kelly\lessons\032\lesson-32-reaction.png","lesson-32-reaction.png","C:\Users\user\UI-TARS-desktop\public\kelly\lessons\032",MATCH,64.6,0.3544,"neutral face with hair.png",True
"C:\Users\user\UI-TARS-desktop\public\kelly\lessons\033\lesson-33-bg.png","lesson-33-bg.png","C:\Users\user\UI-TARS-desktop\public\kelly\lessons\033",NO_MATCH,36.3,0.6366,"profile of kelly.png",True
"C:\Users\user\UI-TARS-desktop\public\kelly\lessons\033\lesson-33-guide-point.png","lesson-33-guide-point.png","C:\Users\user\UI-TARS-desktop\public\kelly\lessons\033",MATCH,78.8,0.2123,"neutral face with hair.png",True
"C:\Users\user\UI-TARS-desktop\public\kelly\lessons\033\lesson-33-hero.png","lesson-33-hero.png","C:\Users\user\UI-TARS-desktop\public\kelly\lessons\033",SUSPICIOUS,48.2,0.5175,"neutral face with hair.png",True
"C:\Users\user\UI-TARS-desktop\public\kelly\lessons\033\lesson-33-prop.png","lesson-33-prop.png","C:\Users\user\UI-TARS-desktop\public\kelly\lessons\033",NO_MATCH,21.0,0.7897,"profile of kelly.png",True
"C:\Users\user\UI-TARS-desktop\public\kelly\lessons\033\lesson-33-reaction.png","lesson-33-reaction.png","C:\Users\user\UI-TARS-desktop\public\kelly\lessons\033",SUSPICIOUS,46.1,0.5392,"Curious Kelly in final pose in Chair - UI elements will go on the side rails - Copy.png",True
"C:\Users\user\UI-TARS-desktop\public\kelly\lessons\034\lesson-34-bg.png","lesson-34-bg.png","C:\Users\user\UI-TARS-desktop\public\kelly\lessons\034",NO_MATCH,38.7,0.6132,"neutral face with hair.png",True
"C:\Users\user\UI-TARS-desktop\public\kelly\lessons\034\lesson-34-guide-point.png","lesson-34-guide-point.png","C:\Users\user\UI-TARS-desktop\public\kelly\lessons\034",NO_MATCH,27.0,0.7300,"facing to the left.png",True
"C:\Users\user\UI-TARS-desktop\public\kelly\lessons\034\lesson-34-hero.png","lesson-34-hero.png","C:\Users\user\UI-TARS-desktop\public\kelly\lessons\034",SUSPICIOUS,45.8,0.5419,"Curious Kelly in final pose in Chair - UI elements will go on the side rails - Copy.png",True
"C:\Users\user\UI-TARS-desktop\public\kelly\lessons\034\lesson-34-prop.png","lesson-34-prop.png","C:\Users\user\UI-TARS-desktop\public\kelly\lessons\034",NO_MATCH,37.8,0.6220,"facing to the left.png",True
"C:\Users\user\UI-TARS-desktop\public\kelly\lessons\034\lesson-34-reaction.png","lesson-34-reaction.png","C:\Users\user\UI-TARS-desktop\public\kelly\lessons\034",NO_MATCH,40.7,0.5932,"close up of kellys eyes.png",True
"C:\Users\user\UI-TARS-desktop\public\kelly\lessons\035\lesson-35-bg.png","lesson-35-bg.png","C:\Users\user\UI-TARS-desktop\public\kelly\lessons\035",NO_MATCH,39.2,0.6080,"neutral face with hair.png",True
"C:\Users\user\UI-TARS-desktop\public\kelly\lessons\035\lesson-35-guide-point.png","lesson-35-guide-point.png","C:\Users\user\UI-TARS-desktop\public\kelly\lessons\035",SUSPICIOUS,55.4,0.4463,"neutral face with hair.png",True
"C:\Users\user\UI-TARS-desktop\public\kelly\lessons\035\lesson-35-hero.png","lesson-35-hero.png","C:\Users\user\UI-TARS-desktop\public\kelly\lessons\035",NO_MATCH,22.5,0.7749,"Curious Kelly in final pose in Chair - UI elements will go on the side rails - Copy.png",True
"C:\Users\user\UI-TARS-desktop\public\kelly\lessons\035\lesson-35-prop.png","lesson-35-prop.png","C:\Users\user\UI-TARS-desktop\public\kelly\lessons\035",SUSPICIOUS,53.5,0.4651,"neutral face with hair.png",True
"C:\Users\user\UI-TARS-desktop\public\kelly\lessons\035\lesson-35-reaction.png","lesson-35-reaction.png","C:\Users\user\UI-TARS-desktop\public\kelly\lessons\035",SUSPICIOUS,57.8,0.4215,"neutral face with hair.png",True
"C:\Users\user\UI-TARS-desktop\public\kelly\lessons\036\lesson-36-bg.png","lesson-36-bg.png","C:\Users\user\UI-TARS-desktop\public\kelly\lessons\036",NO_MATCH,37.4,0.6259,"profile of kelly.png",True
"C:\Users\user\UI-TARS-desktop\public\kelly\lessons\036\lesson-36-guide-point.png","lesson-36-guide-point.png","C:\Users\user\UI-TARS-desktop\public\kelly\lessons\036",NO_MATCH,27.6,0.7238,"profile of kelly.png",True
"C:\Users\user\UI-TARS-desktop\public\kelly\lessons\036\lesson-36-hero.png","lesson-36-hero.png","C:\Users\user\UI-TARS-desktop\public\kelly\lessons\036",NO_MATCH,31.4,0.6860,"slightly turning her head.png",True
"C:\Users\user\UI-TARS-desktop\public\kelly\lessons\036\lesson-36-prop.png","lesson-36-prop.png","C:\Users\user\UI-TARS-desktop\public\kelly\lessons\036",NO_MATCH,41.9,0.5811,"profile of kelly.png",True
"C:\Users\user\UI-TARS-desktop\public\kelly\lessons\036\lesson-36-reaction.png","lesson-36-reaction.png","C:\Users\user\UI-TARS-desktop\public\kelly\lessons\036",NO_MATCH,25.6,0.7439,"facing to the left.png",True
"C:\Users\user\UI-TARS-desktop\public\kelly\lessons\037\lesson-37-bg.png","lesson-37-bg.png","C:\Users\user\UI-TARS-desktop\public\kelly\lessons\037",NO_MATCH,37.2,0.6276,"profile of kelly.png",True
"C:\Users\user\UI-TARS-desktop\public\kelly\lessons\037\lesson-37-guide-point.png","lesson-37-guide-point.png","C:\Users\user\UI-TARS-desktop\public\kelly\lessons\037",NO_MATCH,28.4,0.7157,"profile of kelly.png",True
"C:\Users\user\UI-TARS-desktop\public\kelly\lessons\037\lesson-37-hero.png","lesson-37-hero.png","C:\Users\user\UI-TARS-desktop\public\kelly\lessons\037",NO_MATCH,43.2,0.5682,"profile of kelly.png",True
"C:\Users\user\UI-TARS-desktop\public\kelly\lessons\037\lesson-37-prop.png","lesson-37-prop.png","C:\Users\user\UI-TARS-desktop\public\kelly\lessons\037",NO_MATCH,35.2,0.6484,"Curious Kelly in final pose in Chair - UI elements will go on the side rails - Copy.png",True
"C:\Users\user\UI-TARS-desktop\public\kelly\lessons\037\lesson-37-reaction.png","lesson-37-reaction.png","C:\Users\user\UI-TARS-desktop\public\kelly\lessons\037",NO_MATCH,40.8,0.5922,"close up of kellys eyes.png",True
"C:\Users\user\UI-TARS-desktop\public\kelly\lessons\038\lesson-38-bg.png","lesson-38-bg.png","C:\Users\user\UI-TARS-desktop\public\kelly\lessons\038",NO_MATCH,34.4,0.6561,"profile of kelly.png",True
"C:\Users\user\UI-TARS-desktop\public\kelly\lessons\038\lesson-38-guide-point.png","lesson-38-guide-point.png","C:\Users\user\UI-TARS-desktop\public\kelly\lessons\038",NO_MATCH,26.1,0.7388,"facing to the left.png",True
"C:\Users\user\UI-TARS-desktop\public\kelly\lessons\038\lesson-38-hero.png","lesson-38-hero.png","C:\Users\user\UI-TARS-desktop\public\kelly\lessons\038",NO_MATCH,43.0,0.5702,"neutral face with hair.png",True
"C:\Users\user\UI-TARS-desktop\public\kelly\lessons\038\lesson-38-prop.png","lesson-38-prop.png","C:\Users\user\UI-TARS-desktop\public\kelly\lessons\038",NO_MATCH,26.1,0.7394,"Curious Kelly in final pose in Chair - UI elements will go on the side rails - Copy.png",True
"C:\Users\user\UI-TARS-desktop\public\kelly\lessons\038\lesson-38-reaction.png","lesson-38-reaction.png","C:\Users\user\UI-TARS-desktop\public\kelly\lessons\038",NO_MATCH,28.2,0.7180,"neutral face with hair.png",True
"C:\Users\user\UI-TARS-desktop\public\kelly\lessons\039\lesson-39-bg.png","lesson-39-bg.png","C:\Users\user\UI-TARS-desktop\public\kelly\lessons\039",NO_MATCH,35.7,0.6430,"neutral face with hair.png",True
"C:\Users\user\UI-TARS-desktop\public\kelly\lessons\039\lesson-39-guide-point.png","lesson-39-guide-point.png","C:\Users\user\UI-TARS-desktop\public\kelly\lessons\039",SUSPICIOUS,58.8,0.4121,"neutral face with hair.png",True
"C:\Users\user\UI-TARS-desktop\public\kelly\lessons\039\lesson-39-hero.png","lesson-39-hero.png","C:\Users\user\UI-TARS-desktop\public\kelly\lessons\039",NO_MATCH,27.1,0.7294,"profile of kelly.png",True
"C:\Users\user\UI-TARS-desktop\public\kelly\lessons\039\lesson-39-prop.png","lesson-39-prop.png","C:\Users\user\UI-TARS-desktop\public\kelly\lessons\039",NO_MATCH,31.5,0.6855,"profile of kelly.png",True
"C:\Users\user\UI-TARS-desktop\public\kelly\lessons\039\lesson-39-reaction.png","lesson-39-reaction.png","C:\Users\user\UI-TARS-desktop\public\kelly\lessons\039",NO_MATCH,28.1,0.7193,"close up of kellys eyes.png",True
"C:\Users\user\UI-TARS-desktop\public\kelly\lessons\040\lesson-40-bg.png","lesson-40-bg.png","C:\Users\user\UI-TARS-desktop\public\kelly\lessons\040",NO_MATCH,31.2,0.6884,"neutral face with hair.png",True
"C:\Users\user\UI-TARS-desktop\public\kelly\lessons\040\lesson-40-guide-point.png","lesson-40-guide-point.png","C:\Users\user\UI-TARS-desktop\public\kelly\lessons\040",NO_MATCH,38.6,0.6135,"Curious Kelly in final pose in Chair - UI elements will go on the side rails - Copy.png",True
"C:\Users\user\UI-TARS-desktop\public\kelly\lessons\040\lesson-40-hero.png","lesson-40-hero.png","C:\Users\user\UI-TARS-desktop\public\kelly\lessons\040",NO_MATCH,38.1,0.6195,"Curious Kelly in final pose in Chair - UI elements will go on the side rails - Copy.png",True
"C:\Users\user\UI-TARS-desktop\public\kelly\lessons\040\lesson-40-prop.png","lesson-40-prop.png","C:\Users\user\UI-TARS-desktop\public\kelly\lessons\040",MATCH,81.5,0.1848,"neutral face with hair.png",True
"C:\Users\user\UI-TARS-desktop\public\kelly\lessons\040\lesson-40-reaction.png","lesson-40-reaction.png","C:\Users\user\UI-TARS-desktop\public\kelly\lessons\040",NO_MATCH,26.7,0.7331,"slightly turning her head.png",True
"C:\Users\user\UI-TARS-desktop\public\kelly\lessons\041\lesson-41-bg.png","lesson-41-bg.png","C:\Users\user\UI-TARS-desktop\public\kelly\lessons\041",NO_MATCH,38.9,0.6106,"profile of kelly.png",True
"C:\Users\user\UI-TARS-desktop\public\kelly\lessons\041\lesson-41-guide-point.png","lesson-41-guide-point.png","C:\Users\user\UI-TARS-desktop\public\kelly\lessons\041",NO_MATCH,44.9,0.5507,"neutral face with hair.png",True
"C:\Users\user\UI-TARS-desktop\public\kelly\lessons\041\lesson-41-hero.png","lesson-41-hero.png","C:\Users\user\UI-TARS-desktop\public\kelly\lessons\041",MATCH,64.2,0.3578,"neutral face with hair.png",True
"C:\Users\user\UI-TARS-desktop\public\kelly\lessons\041\lesson-41-prop.png","lesson-41-prop.png","C:\Users\user\UI-TARS-desktop\public\kelly\lessons\041",NO_MATCH,22.8,0.7716,"profile of kelly.png",True
"C:\Users\user\UI-TARS-desktop\public\kelly\lessons\041\lesson-41-reaction.png","lesson-41-reaction.png","C:\Users\user\UI-TARS-desktop\public\kelly\lessons\041",NO_MATCH,32.3,0.6771,"Curious Kelly in final pose in Chair - UI elements will go on the side rails - Copy.png",True
"C:\Users\user\UI-TARS-desktop\public\kelly\lessons\042\lesson-42-bg.png","lesson-42-bg.png","C:\Users\user\UI-TARS-desktop\public\kelly\lessons\042",NO_MATCH,38.2,0.6178,"profile of kelly.png",True
"C:\Users\user\UI-TARS-desktop\public\kelly\lessons\042\lesson-42-guide-point.png","lesson-42-guide-point.png","C:\Users\user\UI-TARS-desktop\public\kelly\lessons\042",NO_MATCH,31.3,0.6869,"Curious Kelly in final pose in Chair - UI elements will go on the side rails - Copy.png",True
"C:\Users\user\UI-TARS-desktop\public\kelly\lessons\042\lesson-42-hero.png","lesson-42-hero.png","C:\Users\user\UI-TARS-desktop\public\kelly\lessons\042",SUSPICIOUS,45.8,0.5420,"neutral face with hair.png",True
"C:\Users\user\UI-TARS-desktop\public\kelly\lessons\042\lesson-42-prop.png","lesson-42-prop.png","C:\Users\user\UI-TARS-desktop\public\kelly\lessons\042",NO_MATCH,36.3,0.6370,"profile of kelly.png",True
"C:\Users\user\UI-TARS-desktop\public\kelly\lessons\042\lesson-42-reaction.png","lesson-42-reaction.png","C:\Users\user\UI-TARS-desktop\public\kelly\lessons\042",NO_MATCH,37.8,0.6223,"Curious Kelly in final pose in Chair - UI elements will go on the side rails - Copy.png",True
"C:\Users\user\UI-TARS-desktop\public\kelly\lessons\043\lesson-43-bg.png","lesson-43-bg.png","C:\Users\user\UI-TARS-desktop\public\kelly\lessons\043",NO_MATCH,30.8,0.6923,"profile of kelly.png",True
"C:\Users\user\UI-TARS-desktop\public\kelly\lessons\043\lesson-43-guide-point.png","lesson-43-guide-point.png","C:\Users\user\UI-TARS-desktop\public\kelly\lessons\043",SUSPICIOUS,58.9,0.4113,"neutral face with hair.png",True
"C:\Users\user\UI-TARS-desktop\public\kelly\lessons\043\lesson-43-hero.png","lesson-43-hero.png","C:\Users\user\UI-TARS-desktop\public\kelly\lessons\043",MATCH,82.8,0.1723,"neutral face with hair.png",True
"C:\Users\user\UI-TARS-desktop\public\kelly\lessons\043\lesson-43-prop.png","lesson-43-prop.png","C:\Users\user\UI-TARS-desktop\public\kelly\lessons\043",SUSPICIOUS,46.3,0.5369,"Curious Kelly in final pose in Chair - UI elements will go on the side rails - Copy.png",True
"C:\Users\user\UI-TARS-desktop\public\kelly\lessons\043\lesson-43-reaction.png","lesson-43-reaction.png","C:\Users\user\UI-TARS-desktop\public\kelly\lessons\043",SUSPICIOUS,49.8,0.5021,"neutral face with hair.png",True
"C:\Users\user\UI-TARS-desktop\public\kelly\lessons\044\lesson-44-bg.png","lesson-44-bg.png","C:\Users\user\UI-TARS-desktop\public\kelly\lessons\044",NO_MATCH,36.4,0.6358,"profile of kelly.png",True
"C:\Users\user\UI-TARS-desktop\public\kelly\lessons\044\lesson-44-guide-point.png","lesson-44-guide-point.png","C:\Users\user\UI-TARS-desktop\public\kelly\lessons\044",NO_MATCH,43.5,0.5646,"Curious Kelly in final pose in Chair - UI elements will go on the side rails - Copy.png",True
"C:\Users\user\UI-TARS-desktop\public\kelly\lessons\044\lesson-44-hero.png","lesson-44-hero.png","C:\Users\user\UI-TARS-desktop\public\kelly\lessons\044",SUSPICIOUS,51.6,0.4845,"Curious Kelly in final pose in Chair - UI elements will go on the side rails - Copy.png",True
"C:\Users\user\UI-TARS-desktop\public\kelly\lessons\044\lesson-44-prop.png","lesson-44-prop.png","C:\Users\user\UI-TARS-desktop\public\kelly\lessons\044",SUSPICIOUS,55.2,0.4479,"Curious Kelly in final pose in Chair - UI elements will go on the side rails - Copy.png",True
"C:\Users\user\UI-TARS-desktop\public\kelly\lessons\044\lesson-44-reaction.png","lesson-44-reaction.png","C:\Users\user\UI-TARS-desktop\public\kelly\lessons\044",NO_MATCH,41.6,0.5838,"head and shoulders without chair.png",True
"C:\Users\user\UI-TARS-desktop\public\kelly\lessons\045\lesson-45-bg.png","lesson-45-bg.png","C:\Users\user\UI-TARS-desktop\public\kelly\lessons\045",NO_MATCH,18.3,0.8171,"neutral face with hair.png",True
"C:\Users\user\UI-TARS-desktop\public\kelly\lessons\045\lesson-45-guide-point.png","lesson-45-guide-point.png","C:\Users\user\UI-TARS-desktop\public\kelly\lessons\045",MATCH,64.0,0.3597,"neutral face with hair.png",True
"C:\Users\user\UI-TARS-desktop\public\kelly\lessons\045\lesson-45-hero.png","lesson-45-hero.png","C:\Users\user\UI-TARS-desktop\public\kelly\lessons\045",NO_MATCH,39.4,0.6065,"Curious Kelly in final pose in Chair - UI elements will go on the side rails - Copy.png",True
"C:\Users\user\UI-TARS-desktop\public\kelly\lessons\045\lesson-45-prop.png","lesson-45-prop.png","C:\Users\user\UI-TARS-desktop\public\kelly\lessons\045",NO_MATCH,32.3,0.6768,"head and shoulders without chair.png",True
"C:\Users\user\UI-TARS-desktop\public\kelly\lessons\045\lesson-45-reaction.png","lesson-45-reaction.png","C:\Users\user\UI-TARS-desktop\public\kelly\lessons\045",SUSPICIOUS,48.2,0.5185,"close up of face.jpeg",True
"C:\Users\user\UI-TARS-desktop\public\kelly\lessons\046\lesson-46-bg.png","lesson-46-bg.png","C:\Users\user\UI-TARS-desktop\public\kelly\lessons\046",NO_MATCH,32.7,0.6728,"profile of kelly.png",True
"C:\Users\user\UI-TARS-desktop\public\kelly\lessons\046\lesson-46-guide-point.png","lesson-46-guide-point.png","C:\Users\user\UI-TARS-desktop\public\kelly\lessons\046",NO_MATCH,34.6,0.6535,"Curious Kelly in final pose in Chair - UI elements will go on the side rails - Copy.png",True
"C:\Users\user\UI-TARS-desktop\public\kelly\lessons\046\lesson-46-hero.png","lesson-46-hero.png","C:\Users\user\UI-TARS-desktop\public\kelly\lessons\046",NO_MATCH,44.0,0.5602,"Curious Kelly in final pose in Chair - UI elements will go on the side rails - Copy.png",True
"C:\Users\user\UI-TARS-desktop\public\kelly\lessons\046\lesson-46-prop.png","lesson-46-prop.png","C:\Users\user\UI-TARS-desktop\public\kelly\lessons\046",NO_MATCH,40.5,0.5947,"Curious Kelly in final pose in Chair - UI elements will go on the side rails - Copy.png",True
"C:\Users\user\UI-TARS-desktop\public\kelly\lessons\046\lesson-46-reaction.png","lesson-46-reaction.png","C:\Users\user\UI-TARS-desktop\public\kelly\lessons\046",SUSPICIOUS,52.7,0.4731,"neutral face with hair.png",True
"C:\Users\user\UI-TARS-desktop\public\kelly\lessons\047\lesson-47-bg.png","lesson-47-bg.png","C:\Users\user\UI-TARS-desktop\public\kelly\lessons\047",NO_MATCH,34.2,0.6579,"neutral face with hair.png",True
"C:\Users\user\UI-TARS-desktop\public\kelly\lessons\047\lesson-47-guide-point.png","lesson-47-guide-point.png","C:\Users\user\UI-TARS-desktop\public\kelly\lessons\047",NO_MATCH,42.3,0.5767,"Curious Kelly in final pose in Chair - UI elements will go on the side rails - Copy.png",True
"C:\Users\user\UI-TARS-desktop\public\kelly\lessons\047\lesson-47-hero.png","lesson-47-hero.png","C:\Users\user\UI-TARS-desktop\public\kelly\lessons\047",NO_MATCH,35.7,0.6432,"Curious Kelly in final pose in Chair - UI elements will go on the side rails - Copy.png",True
"C:\Users\user\UI-TARS-desktop\public\kelly\lessons\047\lesson-47-prop.png","lesson-47-prop.png","C:\Users\user\UI-TARS-desktop\public\kelly\lessons\047",NO_MATCH,31.6,0.6839,"head and shoulders without chair.png",True
"C:\Users\user\UI-TARS-desktop\public\kelly\lessons\047\lesson-47-reaction.png","lesson-47-reaction.png","C:\Users\user\UI-TARS-desktop\public\kelly\lessons\047",NO_MATCH,33.7,0.6632,"Curious Kelly in final pose in Chair - UI elements will go on the side rails - Copy.png",True
"C:\Users\user\UI-TARS-desktop\public\kelly\lessons\048\lesson-48-bg.png","lesson-48-bg.png","C:\Users\user\UI-TARS-desktop\public\kelly\lessons\048",NO_MATCH,40.8,0.5919,"neutral face with hair.png",True
"C:\Users\user\UI-TARS-desktop\public\kelly\lessons\048\lesson-48-guide-point.png","lesson-48-guide-point.png","C:\Users\user\UI-TARS-desktop\public\kelly\lessons\048",NO_MATCH,17.3,0.8272,"Curious Kelly in final pose in Chair - UI elements will go on the side rails - Copy.png",True
"C:\Users\user\UI-TARS-desktop\public\kelly\lessons\048\lesson-48-hero.png","lesson-48-hero.png","C:\Users\user\UI-TARS-desktop\public\kelly\lessons\048",NO_MATCH,33.0,0.6704,"slightly turning her head.png",True
"C:\Users\user\UI-TARS-desktop\public\kelly\lessons\048\lesson-48-prop.png","lesson-48-prop.png","C:\Users\user\UI-TARS-desktop\public\kelly\lessons\048",MATCH,78.4,0.2160,"neutral face with hair.png",True
"C:\Users\user\UI-TARS-desktop\public\kelly\lessons\048\lesson-48-reaction.png","lesson-48-reaction.png","C:\Users\user\UI-TARS-desktop\public\kelly\lessons\048",NO_MATCH,34.6,0.6537,"slightly turning her head.png",True
"C:\Users\user\UI-TARS-desktop\public\kelly\lessons\049\lesson-49-bg.png","lesson-49-bg.png","C:\Users\user\UI-TARS-desktop\public\kelly\lessons\049",NO_MATCH,32.9,0.6709,"neutral face with hair.png",True
"C:\Users\user\UI-TARS-desktop\public\kelly\lessons\049\lesson-49-guide-point.png","lesson-49-guide-point.png","C:\Users\user\UI-TARS-desktop\public\kelly\lessons\049",NO_MATCH,44.6,0.5541,"Curious Kelly in final pose in Chair - UI elements will go on the side rails - Copy.png",True
"C:\Users\user\UI-TARS-desktop\public\kelly\lessons\049\lesson-49-hero.png","lesson-49-hero.png","C:\Users\user\UI-TARS-desktop\public\kelly\lessons\049",SUSPICIOUS,50.1,0.4986,"Curious Kelly in final pose in Chair - UI elements will go on the side rails - Copy.png",True
"C:\Users\user\UI-TARS-desktop\public\kelly\lessons\049\lesson-49-prop.png","lesson-49-prop.png","C:\Users\user\UI-TARS-desktop\public\kelly\lessons\049",SUSPICIOUS,53.3,0.4671,"head and shoulders without chair.png",True
"C:\Users\user\UI-TARS-desktop\public\kelly\lessons\049\lesson-49-reaction.png","lesson-49-reaction.png","C:\Users\user\UI-TARS-desktop\public\kelly\lessons\049",NO_MATCH,41.8,0.5818,"neutral face with hair.png",True
"C:\Users\user\UI-TARS-desktop\public\kelly\lessons\050\lesson-50-bg.png","lesson-50-bg.png","C:\Users\user\UI-TARS-desktop\public\kelly\lessons\050",NO_MATCH,29.4,0.7064,"profile of kelly.png",True
"C:\Users\user\UI-TARS-desktop\public\kelly\lessons\050\lesson-50-guide-point.png","lesson-50-guide-point.png","C:\Users\user\UI-TARS-desktop\public\kelly\lessons\050",SUSPICIOUS,51.3,0.4874,"close up of face.jpeg",True
"C:\Users\user\UI-TARS-desktop\public\kelly\lessons\050\lesson-50-hero.png","lesson-50-hero.png","C:\Users\user\UI-TARS-desktop\public\kelly\lessons\050",NO_MATCH,43.7,0.5626,"head and shoulders without chair.png",True
"C:\Users\user\UI-TARS-desktop\public\kelly\lessons\050\lesson-50-prop.png","lesson-50-prop.png","C:\Users\user\UI-TARS-desktop\public\kelly\lessons\050",NO_MATCH,22.3,0.7774,"facing to the left.png",True
"C:\Users\user\UI-TARS-desktop\public\kelly\lessons\050\lesson-50-reaction.png","lesson-50-reaction.png","C:\Users\user\UI-TARS-desktop\public\kelly\lessons\050",NO_MATCH,31.6,0.6842,"Curious Kelly in final pose in Chair - UI elements will go on the side rails - Copy.png",True
"C:\Users\user\UI-TARS-desktop\public\kelly\lessons\051\lesson-51-bg.png","lesson-51-bg.png","C:\Users\user\UI-TARS-desktop\public\kelly\lessons\051",NO_MATCH,35.7,0.6427,"profile of kelly.png",True
"C:\Users\user\UI-TARS-desktop\public\kelly\lessons\051\lesson-51-guide-point.png","lesson-51-guide-point.png","C:\Users\user\UI-TARS-desktop\public\kelly\lessons\051",SUSPICIOUS,47.7,0.5226,"slightly turning her head.png",True
"C:\Users\user\UI-TARS-desktop\public\kelly\lessons\051\lesson-51-hero.png","lesson-51-hero.png","C:\Users\user\UI-TARS-desktop\public\kelly\lessons\051",NO_MATCH,33.9,0.6615,"Curious Kelly in final pose in Chair - UI elements will go on the side rails - Copy.png",True
"C:\Users\user\UI-TARS-desktop\public\kelly\lessons\051\lesson-51-prop.png","lesson-51-prop.png","C:\Users\user\UI-TARS-desktop\public\kelly\lessons\051",SUSPICIOUS,60.5,0.3949,"neutral face with hair.png",True
"C:\Users\user\UI-TARS-desktop\public\kelly\lessons\051\lesson-51-reaction.png","lesson-51-reaction.png","C:\Users\user\UI-TARS-desktop\public\kelly\lessons\051",NO_MATCH,42.2,0.5782,"Curious Kelly in final pose in Chair - UI elements will go on the side rails - Copy.png",True
"C:\Users\user\UI-TARS-desktop\public\kelly\lessons\052\lesson-52-bg.png","lesson-52-bg.png","C:\Users\user\UI-TARS-desktop\public\kelly\lessons\052",NO_MATCH,32.5,0.6755,"neutral face with hair.png",True
"C:\Users\user\UI-TARS-desktop\public\kelly\lessons\052\lesson-52-guide-point.png","lesson-52-guide-point.png","C:\Users\user\UI-TARS-desktop\public\kelly\lessons\052",NO_MATCH,37.1,0.6288,"Curious Kelly in final pose in Chair - UI elements will go on the side rails - Copy.png",True
"C:\Users\user\UI-TARS-desktop\public\kelly\lessons\052\lesson-52-hero.png","lesson-52-hero.png","C:\Users\user\UI-TARS-desktop\public\kelly\lessons\052",NO_MATCH,27.4,0.7263,"facing to the left.png",True
"C:\Users\user\UI-TARS-desktop\public\kelly\lessons\052\lesson-52-prop.png","lesson-52-prop.png","C:\Users\user\UI-TARS-desktop\public\kelly\lessons\052",MATCH,66.6,0.3343,"neutral face with hair.png",True
"C:\Users\user\UI-TARS-desktop\public\kelly\lessons\052\lesson-52-reaction.png","lesson-52-reaction.png","C:\Users\user\UI-TARS-desktop\public\kelly\lessons\052",NO_MATCH,40.3,0.5968,"Curious Kelly in final pose in Chair - UI elements will go on the side rails - Copy.png",True
"C:\Users\user\UI-TARS-desktop\public\kelly\lessons\053\lesson-53-bg.png","lesson-53-bg.png","C:\Users\user\UI-TARS-desktop\public\kelly\lessons\053",NO_MATCH,34.3,0.6572,"neutral face with hair.png",True
"C:\Users\user\UI-TARS-desktop\public\kelly\lessons\053\lesson-53-guide-point.png","lesson-53-guide-point.png","C:\Users\user\UI-TARS-desktop\public\kelly\lessons\053",SUSPICIOUS,49.4,0.5059,"slightly turning her head.png",True
"C:\Users\user\UI-TARS-desktop\public\kelly\lessons\053\lesson-53-hero.png","lesson-53-hero.png","C:\Users\user\UI-TARS-desktop\public\kelly\lessons\053",SUSPICIOUS,47.4,0.5260,"head and shoulders without chair.png",True
"C:\Users\user\UI-TARS-desktop\public\kelly\lessons\053\lesson-53-prop.png","lesson-53-prop.png","C:\Users\user\UI-TARS-desktop\public\kelly\lessons\053",MATCH,84.5,0.1552,"neutral face with hair.png",True
"C:\Users\user\UI-TARS-desktop\public\kelly\lessons\053\lesson-53-reaction.png","lesson-53-reaction.png","C:\Users\user\UI-TARS-desktop\public\kelly\lessons\053",NO_MATCH,44.8,0.5525,"Curious Kelly in final pose in Chair - UI elements will go on the side rails - Copy.png",True
"C:\Users\user\UI-TARS-desktop\public\kelly\lessons\054\lesson-54-bg.png","lesson-54-bg.png","C:\Users\user\UI-TARS-desktop\public\kelly\lessons\054",NO_MATCH,34.4,0.6557,"profile of kelly.png",True
"C:\Users\user\UI-TARS-desktop\public\kelly\lessons\054\lesson-54-guide-point.png","lesson-54-guide-point.png","C:\Users\user\UI-TARS-desktop\public\kelly\lessons\054",NO_MATCH,40.9,0.5907,"slightly turning her head.png",True
"C:\Users\user\UI-TARS-desktop\public\kelly\lessons\054\lesson-54-hero.png","lesson-54-hero.png","C:\Users\user\UI-TARS-desktop\public\kelly\lessons\054",SUSPICIOUS,45.8,0.5416,"Curious Kelly in final pose in Chair - UI elements will go on the side rails - Copy.png",True
"C:\Users\user\UI-TARS-desktop\public\kelly\lessons\054\lesson-54-prop.png","lesson-54-prop.png","C:\Users\user\UI-TARS-desktop\public\kelly\lessons\054",MATCH,68.8,0.3124,"neutral face with hair.png",True
"C:\Users\user\UI-TARS-desktop\public\kelly\lessons\054\lesson-54-reaction.png","lesson-54-reaction.png","C:\Users\user\UI-TARS-desktop\public\kelly\lessons\054",NO_MATCH,23.7,0.7626,"head and shoulders without chair.png",True
"C:\Users\user\UI-TARS-desktop\public\kelly\lessons\055\lesson-55-bg.png","lesson-55-bg.png","C:\Users\user\UI-TARS-desktop\public\kelly\lessons\055",NO_MATCH,37.1,0.6287,"neutral face with hair.png",True
"C:\Users\user\UI-TARS-desktop\public\kelly\lessons\055\lesson-55-guide-point.png","lesson-55-guide-point.png","C:\Users\user\UI-TARS-desktop\public\kelly\lessons\055",MATCH,66.7,0.3330,"neutral face with hair.png",True
"C:\Users\user\UI-TARS-desktop\public\kelly\lessons\055\lesson-55-hero.png","lesson-55-hero.png","C:\Users\user\UI-TARS-desktop\public\kelly\lessons\055",NO_MATCH,37.9,0.6206,"Curious Kelly in final pose in Chair - UI elements will go on the side rails - Copy.png",True
"C:\Users\user\UI-TARS-desktop\public\kelly\lessons\055\lesson-55-prop.png","lesson-55-prop.png","C:\Users\user\UI-TARS-desktop\public\kelly\lessons\055",NO_MATCH,45.0,0.5501,"facing to the left.png",True
"C:\Users\user\UI-TARS-desktop\public\kelly\lessons\055\lesson-55-reaction.png","lesson-55-reaction.png","C:\Users\user\UI-TARS-desktop\public\kelly\lessons\055",NO_MATCH,40.9,0.5910,"Curious Kelly in final pose in Chair - UI elements will go on the side rails - Copy.png",True
"C:\Users\user\UI-TARS-desktop\public\kelly\lessons\056\lesson-56-bg.png","lesson-56-bg.png","C:\Users\user\UI-TARS-desktop\public\kelly\lessons\056",NO_MATCH,29.6,0.7037,"neutral face with hair.png",True
"C:\Users\user\UI-TARS-desktop\public\kelly\lessons\056\lesson-56-guide-point.png","lesson-56-guide-point.png","C:\Users\user\UI-TARS-desktop\public\kelly\lessons\056",SUSPICIOUS,49.8,0.5021,"head and shoulders without chair.png",True
"C:\Users\user\UI-TARS-desktop\public\kelly\lessons\056\lesson-56-hero.png","lesson-56-hero.png","C:\Users\user\UI-TARS-desktop\public\kelly\lessons\056",SUSPICIOUS,58.0,0.4202,"neutral face with hair.png",True
"C:\Users\user\UI-TARS-desktop\public\kelly\lessons\056\lesson-56-prop.png","lesson-56-prop.png","C:\Users\user\UI-TARS-desktop\public\kelly\lessons\056",SUSPICIOUS,54.0,0.4600,"Curious Kelly in final pose in Chair - UI elements will go on the side rails - Copy.png",True
"C:\Users\user\UI-TARS-desktop\public\kelly\lessons\056\lesson-56-reaction.png","lesson-56-reaction.png","C:\Users\user\UI-TARS-desktop\public\kelly\lessons\056",MATCH,70.8,0.2916,"neutral face with hair.png",True
"C:\Users\user\UI-TARS-desktop\public\kelly\lessons\057\lesson-57-bg.png","lesson-57-bg.png","C:\Users\user\UI-TARS-desktop\public\kelly\lessons\057",NO_MATCH,36.8,0.6322,"profile of kelly.png",True
"C:\Users\user\UI-TARS-desktop\public\kelly\lessons\057\lesson-57-guide-point.png","lesson-57-guide-point.png","C:\Users\user\UI-TARS-desktop\public\kelly\lessons\057",SUSPICIOUS,46.3,0.5370,"slightly turning her head.png",True
"C:\Users\user\UI-TARS-desktop\public\kelly\lessons\057\lesson-57-hero.png","lesson-57-hero.png","C:\Users\user\UI-TARS-desktop\public\kelly\lessons\057",SUSPICIOUS,46.4,0.5364,"Curious Kelly in final pose in Chair - UI elements will go on the side rails - Copy.png",True
"C:\Users\user\UI-TARS-desktop\public\kelly\lessons\057\lesson-57-prop.png","lesson-57-prop.png","C:\Users\user\UI-TARS-desktop\public\kelly\lessons\057",SUSPICIOUS,54.3,0.4571,"Curious Kelly in final pose in Chair - UI elements will go on the side rails - Copy.png",True
"C:\Users\user\UI-TARS-desktop\public\kelly\lessons\057\lesson-57-reaction.png","lesson-57-reaction.png","C:\Users\user\UI-TARS-desktop\public\kelly\lessons\057",SUSPICIOUS,50.7,0.4929,"slightly turning her head.png",True
"C:\Users\user\UI-TARS-desktop\public\kelly\lessons\058\lesson-58-bg.png","lesson-58-bg.png","C:\Users\user\UI-TARS-desktop\public\kelly\lessons\058",NO_MATCH,31.3,0.6865,"profile of kelly.png",True
"C:\Users\user\UI-TARS-desktop\public\kelly\lessons\058\lesson-58-guide-point.png","lesson-58-guide-point.png","C:\Users\user\UI-TARS-desktop\public\kelly\lessons\058",MATCH,81.4,0.1856,"neutral face with hair.png",True
"C:\Users\user\UI-TARS-desktop\public\kelly\lessons\058\lesson-58-hero.png","lesson-58-hero.png","C:\Users\user\UI-TARS-desktop\public\kelly\lessons\058",NO_MATCH,38.0,0.6196,"Curious Kelly in final pose in Chair - UI elements will go on the side rails - Copy.png",True
"C:\Users\user\UI-TARS-desktop\public\kelly\lessons\058\lesson-58-prop.png","lesson-58-prop.png","C:\Users\user\UI-TARS-desktop\public\kelly\lessons\058",SUSPICIOUS,50.4,0.4957,"Curious Kelly in final pose in Chair - UI elements will go on the side rails - Copy.png",True
"C:\Users\user\UI-TARS-desktop\public\kelly\lessons\058\lesson-58-reaction.png","lesson-58-reaction.png","C:\Users\user\UI-TARS-desktop\public\kelly\lessons\058",NO_MATCH,42.1,0.5789,"facing to the left.png",True
"C:\Users\user\UI-TARS-desktop\public\kelly\lessons\059\lesson-59-bg.png","lesson-59-bg.png","C:\Users\user\UI-TARS-desktop\public\kelly\lessons\059",NO_MATCH,34.5,0.6549,"profile of kelly.png",True
"C:\Users\user\UI-TARS-desktop\public\kelly\lessons\059\lesson-59-guide-point.png","lesson-59-guide-point.png","C:\Users\user\UI-TARS-desktop\public\kelly\lessons\059",NO_MATCH,35.1,0.6486,"slightly turning her head.png",True
"C:\Users\user\UI-TARS-desktop\public\kelly\lessons\059\lesson-59-hero.png","lesson-59-hero.png","C:\Users\user\UI-TARS-desktop\public\kelly\lessons\059",SUSPICIOUS,61.2,0.3879,"neutral face with hair.png",True
"C:\Users\user\UI-TARS-desktop\public\kelly\lessons\059\lesson-59-prop.png","lesson-59-prop.png","C:\Users\user\UI-TARS-desktop\public\kelly\lessons\059",MATCH,73.9,0.2614,"neutral face with hair.png",True
"C:\Users\user\UI-TARS-desktop\public\kelly\lessons\059\lesson-59-reaction.png","lesson-59-reaction.png","C:\Users\user\UI-TARS-desktop\public\kelly\lessons\059",NO_MATCH,22.0,0.7795,"profile of kelly.png",True
"C:\Users\user\UI-TARS-desktop\public\kelly\lessons\060\lesson-60-bg.png","lesson-60-bg.png","C:\Users\user\UI-TARS-desktop\public\kelly\lessons\060",NO_MATCH,27.7,0.7231,"profile of kelly.png",True
"C:\Users\user\UI-TARS-desktop\public\kelly\lessons\060\lesson-60-guide-point.png","lesson-60-guide-point.png","C:\Users\user\UI-TARS-desktop\public\kelly\lessons\060",MATCH,63.0,0.3696,"neutral face with hair.png",True
"C:\Users\user\UI-TARS-desktop\public\kelly\lessons\060\lesson-60-hero.png","lesson-60-hero.png","C:\Users\user\UI-TARS-desktop\public\kelly\lessons\060",MATCH,62.8,0.3724,"neutral face with hair.png",True
"C:\Users\user\UI-TARS-desktop\public\kelly\lessons\060\lesson-60-prop.png","lesson-60-prop.png","C:\Users\user\UI-TARS-desktop\public\kelly\lessons\060",SUSPICIOUS,54.4,0.4556,"Curious Kelly in final pose in Chair - UI elements will go on the side rails - Copy.png",True
"C:\Users\user\UI-TARS-desktop\public\kelly\lessons\060\lesson-60-reaction.png","lesson-60-reaction.png","C:\Users\user\UI-TARS-desktop\public\kelly\lessons\060",SUSPICIOUS,57.6,0.4236,"Curious Kelly in final pose in Chair - UI elements will go on the side rails - Copy.png",True
"C:\Users\user\UI-TARS-desktop\public\kelly\lessons\061\lesson-61-bg.png","lesson-61-bg.png","C:\Users\user\UI-TARS-desktop\public\kelly\lessons\061",NO_MATCH,30.1,0.6985,"neutral face with hair.png",True
"C:\Users\user\UI-TARS-desktop\public\kelly\lessons\061\lesson-61-guide-point.png","lesson-61-guide-point.png","C:\Users\user\UI-TARS-desktop\public\kelly\lessons\061",NO_MATCH,38.3,0.6174,"facing to the left.png",True
"C:\Users\user\UI-TARS-desktop\public\kelly\lessons\061\lesson-61-hero.png","lesson-61-hero.png","C:\Users\user\UI-TARS-desktop\public\kelly\lessons\061",MATCH,61.6,0.3836,"neutral face with hair.png",True
"C:\Users\user\UI-TARS-desktop\public\kelly\lessons\061\lesson-61-prop.png","lesson-61-prop.png","C:\Users\user\UI-TARS-desktop\public\kelly\lessons\061",NO_MATCH,32.0,0.6799,"slightly turning her head.png",True
"C:\Users\user\UI-TARS-desktop\public\kelly\lessons\061\lesson-61-reaction.png","lesson-61-reaction.png","C:\Users\user\UI-TARS-desktop\public\kelly\lessons\061",NO_MATCH,35.6,0.6437,"head and shoulders without chair.png",True
"C:\Users\user\UI-TARS-desktop\public\kelly\lessons\062\lesson-62-bg.png","lesson-62-bg.png","C:\Users\user\UI-TARS-desktop\public\kelly\lessons\062",NO_MATCH,29.1,0.7090,"profile of kelly.png",True
"C:\Users\user\UI-TARS-desktop\public\kelly\lessons\062\lesson-62-guide-point.png","lesson-62-guide-point.png","C:\Users\user\UI-TARS-desktop\public\kelly\lessons\062",SUSPICIOUS,51.4,0.4858,"Curious Kelly in final pose in Chair - UI elements will go on the side rails - Copy.png",True
"C:\Users\user\UI-TARS-desktop\public\kelly\lessons\062\lesson-62-hero.png","lesson-62-hero.png","C:\Users\user\UI-TARS-desktop\public\kelly\lessons\062",MATCH,79.7,0.2025,"neutral face with hair.png",True
"C:\Users\user\UI-TARS-desktop\public\kelly\lessons\062\lesson-62-prop.png","lesson-62-prop.png","C:\Users\user\UI-TARS-desktop\public\kelly\lessons\062",SUSPICIOUS,45.2,0.5482,"Curious Kelly in final pose in Chair - UI elements will go on the side rails - Copy.png",True
"C:\Users\user\UI-TARS-desktop\public\kelly\lessons\062\lesson-62-reaction.png","lesson-62-reaction.png","C:\Users\user\UI-TARS-desktop\public\kelly\lessons\062",NO_MATCH,32.4,0.6762,"slightly turning her head.png",True
"C:\Users\user\UI-TARS-desktop\public\kelly\lessons\063\lesson-63-bg.png","lesson-63-bg.png","C:\Users\user\UI-TARS-desktop\public\kelly\lessons\063",NO_MATCH,32.5,0.6749,"profile of kelly.png",True
"C:\Users\user\UI-TARS-desktop\public\kelly\lessons\063\lesson-63-guide-point.png","lesson-63-guide-point.png","C:\Users\user\UI-TARS-desktop\public\kelly\lessons\063",NO_MATCH,36.0,0.6397,"slightly turning her head.png",True
"C:\Users\user\UI-TARS-desktop\public\kelly\lessons\063\lesson-63-hero.png","lesson-63-hero.png","C:\Users\user\UI-TARS-desktop\public\kelly\lessons\063",SUSPICIOUS,45.9,0.5405,"Curious Kelly in final pose in Chair - UI elements will go on the side rails - Copy.png",True
"C:\Users\user\UI-TARS-desktop\public\kelly\lessons\063\lesson-63-prop.png","lesson-63-prop.png","C:\Users\user\UI-TARS-desktop\public\kelly\lessons\063",NO_MATCH,43.6,0.5641,"Curious Kelly in final pose in Chair - UI elements will go on the side rails - Copy.png",True
"C:\Users\user\UI-TARS-desktop\public\kelly\lessons\063\lesson-63-reaction.png","lesson-63-reaction.png","C:\Users\user\UI-TARS-desktop\public\kelly\lessons\063",NO_MATCH,39.6,0.6045,"facing to the left.png",True
"C:\Users\user\UI-TARS-desktop\public\kelly\lessons\064\lesson-64-bg.png","lesson-64-bg.png","C:\Users\user\UI-TARS-desktop\public\kelly\lessons\064",NO_MATCH,35.7,0.6430,"profile of kelly.png",True
"C:\Users\user\UI-TARS-desktop\public\kelly\lessons\064\lesson-64-guide-point.png","lesson-64-guide-point.png","C:\Users\user\UI-TARS-desktop\public\kelly\lessons\064",NO_MATCH,40.4,0.5958,"slightly turning her head.png",True
"C:\Users\user\UI-TARS-desktop\public\kelly\lessons\064\lesson-64-hero.png","lesson-64-hero.png","C:\Users\user\UI-TARS-desktop\public\kelly\lessons\064",NO_MATCH,43.7,0.5627,"slightly turning her head.png",True
"C:\Users\user\UI-TARS-desktop\public\kelly\lessons\064\lesson-64-prop.png","lesson-64-prop.png","C:\Users\user\UI-TARS-desktop\public\kelly\lessons\064",SUSPICIOUS,58.6,0.4138,"Curious Kelly in final pose in Chair - UI elements will go on the side rails - Copy.png",True
"C:\Users\user\UI-TARS-desktop\public\kelly\lessons\064\lesson-64-reaction.png","lesson-64-reaction.png","C:\Users\user\UI-TARS-desktop\public\kelly\lessons\064",NO_MATCH,45.0,0.5502,"head and shoulders without chair.png",True
"C:\Users\user\UI-TARS-desktop\public\kelly\lessons\065\lesson-65-bg.png","lesson-65-bg.png","C:\Users\user\UI-TARS-desktop\public\kelly\lessons\065",NO_MATCH,33.8,0.6618,"profile of kelly.png",True
"C:\Users\user\UI-TARS-desktop\public\kelly\lessons\065\lesson-65-guide-point.png","lesson-65-guide-point.png","C:\Users\user\UI-TARS-desktop\public\kelly\lessons\065",NO_MATCH,32.4,0.6759,"head and shoulders without chair.png",True
"C:\Users\user\UI-TARS-desktop\public\kelly\lessons\065\lesson-65-hero.png","lesson-65-hero.png","C:\Users\user\UI-TARS-desktop\public\kelly\lessons\065",SUSPICIOUS,49.3,0.5069,"slightly turning her head.png",True
"C:\Users\user\UI-TARS-desktop\public\kelly\lessons\065\lesson-65-prop.png","lesson-65-prop.png","C:\Users\user\UI-TARS-desktop\public\kelly\lessons\065",NO_MATCH,27.0,0.7297,"facing to the left.png",True
"C:\Users\user\UI-TARS-desktop\public\kelly\lessons\065\lesson-65-reaction.png","lesson-65-reaction.png","C:\Users\user\UI-TARS-desktop\public\kelly\lessons\065",SUSPICIOUS,46.6,0.5342,"facing to the left.png",True
"C:\Users\user\UI-TARS-desktop\public\kelly\lessons\066\lesson-66-bg.png","lesson-66-bg.png","C:\Users\user\UI-TARS-desktop\public\kelly\lessons\066",NO_MATCH,33.2,0.6680,"profile of kelly.png",True
"C:\Users\user\UI-TARS-desktop\public\kelly\lessons\066\lesson-66-guide-point.png","lesson-66-guide-point.png","C:\Users\user\UI-TARS-desktop\public\kelly\lessons\066",SUSPICIOUS,53.1,0.4692,"slightly turning her head.png",True
"C:\Users\user\UI-TARS-desktop\public\kelly\lessons\066\lesson-66-hero.png","lesson-66-hero.png","C:\Users\user\UI-TARS-desktop\public\kelly\lessons\066",SUSPICIOUS,57.7,0.4231,"neutral face with hair.png",True
"C:\Users\user\UI-TARS-desktop\public\kelly\lessons\066\lesson-66-prop.png","lesson-66-prop.png","C:\Users\user\UI-TARS-desktop\public\kelly\lessons\066",NO_MATCH,36.0,0.6400,"facing to the left.png",True
"C:\Users\user\UI-TARS-desktop\public\kelly\lessons\066\lesson-66-reaction.png","lesson-66-reaction.png","C:\Users\user\UI-TARS-desktop\public\kelly\lessons\066",NO_MATCH,43.9,0.5606,"Curious Kelly in final pose in Chair - UI elements will go on the side rails - Copy.png",True
"C:\Users\user\UI-TARS-desktop\public\kelly\lessons\067\lesson-67-bg.png","lesson-67-bg.png","C:\Users\user\UI-TARS-desktop\public\kelly\lessons\067",NO_MATCH,37.8,0.6222,"neutral face with hair.png",True
"C:\Users\user\UI-TARS-desktop\public\kelly\lessons\067\lesson-67-guide-point.png","lesson-67-guide-point.png","C:\Users\user\UI-TARS-desktop\public\kelly\lessons\067",SUSPICIOUS,56.1,0.4385,"slightly turning her head.png",True
"C:\Users\user\UI-TARS-desktop\public\kelly\lessons\067\lesson-67-hero.png","lesson-67-hero.png","C:\Users\user\UI-TARS-desktop\public\kelly\lessons\067",NO_MATCH,42.8,0.5722,"Curious Kelly in final pose in Chair - UI elements will go on the side rails - Copy.png",True
"C:\Users\user\UI-TARS-desktop\public\kelly\lessons\067\lesson-67-prop.png","lesson-67-prop.png","C:\Users\user\UI-TARS-desktop\public\kelly\lessons\067",SUSPICIOUS,47.3,0.5267,"Curious Kelly in final pose in Chair - UI elements will go on the side rails - Copy.png",True
"C:\Users\user\UI-TARS-desktop\public\kelly\lessons\067\lesson-67-reaction.png","lesson-67-reaction.png","C:\Users\user\UI-TARS-desktop\public\kelly\lessons\067",NO_MATCH,28.4,0.7159,"close up of kellys eyes.png",True
"C:\Users\user\UI-TARS-desktop\public\kelly\lessons\068\lesson-68-bg.png","lesson-68-bg.png","C:\Users\user\UI-TARS-desktop\public\kelly\lessons\068",NO_MATCH,40.8,0.5919,"neutral face with hair.png",True
"C:\Users\user\UI-TARS-desktop\public\kelly\lessons\068\lesson-68-guide-point.png","lesson-68-guide-point.png","C:\Users\user\UI-TARS-desktop\public\kelly\lessons\068",SUSPICIOUS,47.9,0.5206,"Curious Kelly in final pose in Chair - UI elements will go on the side rails - Copy.png",True
"C:\Users\user\UI-TARS-desktop\public\kelly\lessons\068\lesson-68-hero.png","lesson-68-hero.png","C:\Users\user\UI-TARS-desktop\public\kelly\lessons\068",SUSPICIOUS,55.1,0.4492,"neutral face with hair.png",True
"C:\Users\user\UI-TARS-desktop\public\kelly\lessons\068\lesson-68-prop.png","lesson-68-prop.png","C:\Users\user\UI-TARS-desktop\public\kelly\lessons\068",SUSPICIOUS,48.0,0.5199,"slightly turning her head.png",True
"C:\Users\user\UI-TARS-desktop\public\kelly\lessons\068\lesson-68-reaction.png","lesson-68-reaction.png","C:\Users\user\UI-TARS-desktop\public\kelly\lessons\068",NO_MATCH,37.4,0.6262,"head and shoulders without chair.png",True
"C:\Users\user\UI-TARS-desktop\public\kelly\lessons\069\lesson-69-bg.png","lesson-69-bg.png","C:\Users\user\UI-TARS-desktop\public\kelly\lessons\069",NO_MATCH,32.3,0.6770,"profile of kelly.png",True
"C:\Users\user\UI-TARS-desktop\public\kelly\lessons\069\lesson-69-guide-point.png","lesson-69-guide-point.png","C:\Users\user\UI-TARS-desktop\public\kelly\lessons\069",SUSPICIOUS,59.1,0.4091,"Curious Kelly in final pose in Chair - UI elements will go on the side rails - Copy.png",True
"C:\Users\user\UI-TARS-desktop\public\kelly\lessons\069\lesson-69-hero.png","lesson-69-hero.png","C:\Users\user\UI-TARS-desktop\public\kelly\lessons\069",NO_MATCH,40.7,0.5926,"slightly turning her head.png",True
"C:\Users\user\UI-TARS-desktop\public\kelly\lessons\069\lesson-69-prop.png","lesson-69-prop.png","C:\Users\user\UI-TARS-desktop\public\kelly\lessons\069",NO_MATCH,38.1,0.6186,"facing to the left.png",True
"C:\Users\user\UI-TARS-desktop\public\kelly\lessons\069\lesson-69-reaction.png","lesson-69-reaction.png","C:\Users\user\UI-TARS-desktop\public\kelly\lessons\069",NO_MATCH,42.9,0.5713,"slightly turning her head.png",True
"C:\Users\user\UI-TARS-desktop\public\kelly\lessons\070\lesson-70-bg.png","lesson-70-bg.png","C:\Users\user\UI-TARS-desktop\public\kelly\lessons\070",SUSPICIOUS,54.7,0.4531,"neutral face with hair.png",True
"C:\Users\user\UI-TARS-desktop\public\kelly\lessons\070\lesson-70-guide-point.png","lesson-70-guide-point.png","C:\Users\user\UI-TARS-desktop\public\kelly\lessons\070",NO_MATCH,39.3,0.6074,"Curious Kelly in final pose in Chair - UI elements will go on the side rails - Copy.png",True
"C:\Users\user\UI-TARS-desktop\public\kelly\lessons\070\lesson-70-hero.png","lesson-70-hero.png","C:\Users\user\UI-TARS-desktop\public\kelly\lessons\070",SUSPICIOUS,53.9,0.4606,"Curious Kelly in final pose in Chair - UI elements will go on the side rails - Copy.png",True
"C:\Users\user\UI-TARS-desktop\public\kelly\lessons\070\lesson-70-prop.png","lesson-70-prop.png","C:\Users\user\UI-TARS-desktop\public\kelly\lessons\070",NO_MATCH,36.7,0.6330,"Curious Kelly in final pose in Chair - UI elements will go on the side rails - Copy.png",True
"C:\Users\user\UI-TARS-desktop\public\kelly\lessons\070\lesson-70-reaction.png","lesson-70-reaction.png","C:\Users\user\UI-TARS-desktop\public\kelly\lessons\070",NO_MATCH,35.9,0.6412,"head and shoulders without chair.png",True
"C:\Users\user\UI-TARS-desktop\public\kelly\lessons\071\lesson-71-bg.png","lesson-71-bg.png","C:\Users\user\UI-TARS-desktop\public\kelly\lessons\071",NO_MATCH,38.6,0.6137,"neutral face with hair.png",True
"C:\Users\user\UI-TARS-desktop\public\kelly\lessons\071\lesson-71-guide-point.png","lesson-71-guide-point.png","C:\Users\user\UI-TARS-desktop\public\kelly\lessons\071",SUSPICIOUS,52.0,0.4797,"head and shoulders without chair.png",True
"C:\Users\user\UI-TARS-desktop\public\kelly\lessons\071\lesson-71-hero.png","lesson-71-hero.png","C:\Users\user\UI-TARS-desktop\public\kelly\lessons\071",NO_MATCH,35.8,0.6416,"Curious Kelly in final pose in Chair - UI elements will go on the side rails - Copy.png",True
"C:\Users\user\UI-TARS-desktop\public\kelly\lessons\071\lesson-71-prop.png","lesson-71-prop.png","C:\Users\user\UI-TARS-desktop\public\kelly\lessons\071",MATCH,85.0,0.1502,"neutral face with hair.png",True
"C:\Users\user\UI-TARS-desktop\public\kelly\lessons\071\lesson-71-reaction.png","lesson-71-reaction.png","C:\Users\user\UI-TARS-desktop\public\kelly\lessons\071",SUSPICIOUS,58.8,0.4115,"slightly turning her head.png",True
"C:\Users\user\UI-TARS-desktop\public\kelly\lessons\072\lesson-72-bg.png","lesson-72-bg.png","C:\Users\user\UI-TARS-desktop\public\kelly\lessons\072",NO_MATCH,35.1,0.6489,"neutral face with hair.png",True
"C:\Users\user\UI-TARS-desktop\public\kelly\lessons\072\lesson-72-guide-point.png","lesson-72-guide-point.png","C:\Users\user\UI-TARS-desktop\public\kelly\lessons\072",SUSPICIOUS,56.6,0.4344,"Curious Kelly in final pose in Chair - UI elements will go on the side rails - Copy.png",True
"C:\Users\user\UI-TARS-desktop\public\kelly\lessons\072\lesson-72-hero.png","lesson-72-hero.png","C:\Users\user\UI-TARS-desktop\public\kelly\lessons\072",SUSPICIOUS,50.9,0.4909,"Curious Kelly in final pose in Chair - UI elements will go on the side rails - Copy.png",True
"C:\Users\user\UI-TARS-desktop\public\kelly\lessons\072\lesson-72-prop.png","lesson-72-prop.png","C:\Users\user\UI-TARS-desktop\public\kelly\lessons\072",SUSPICIOUS,59.0,0.4102,"neutral face with hair.png",True
"C:\Users\user\UI-TARS-desktop\public\kelly\lessons\072\lesson-72-reaction.png","lesson-72-reaction.png","C:\Users\user\UI-TARS-desktop\public\kelly\lessons\072",NO_MATCH,39.3,0.6071,"head and shoulders without chair.png",True
"C:\Users\user\UI-TARS-desktop\public\kelly\lessons\073\lesson-73-bg.png","lesson-73-bg.png","C:\Users\user\UI-TARS-desktop\public\kelly\lessons\073",NO_MATCH,38.0,0.6196,"neutral face with hair.png",True
"C:\Users\user\UI-TARS-desktop\public\kelly\lessons\073\lesson-73-guide-point.png","lesson-73-guide-point.png","C:\Users\user\UI-TARS-desktop\public\kelly\lessons\073",NO_MATCH,37.8,0.6219,"slightly turning her head.png",True
"C:\Users\user\UI-TARS-desktop\public\kelly\lessons\073\lesson-73-hero.png","lesson-73-hero.png","C:\Users\user\UI-TARS-desktop\public\kelly\lessons\073",SUSPICIOUS,45.5,0.5452,"Curious Kelly in final pose in Chair - UI elements will go on the side rails - Copy.png",True
"C:\Users\user\UI-TARS-desktop\public\kelly\lessons\073\lesson-73-prop.png","lesson-73-prop.png","C:\Users\user\UI-TARS-desktop\public\kelly\lessons\073",SUSPICIOUS,55.0,0.4503,"Curious Kelly in final pose in Chair - UI elements will go on the side rails - Copy.png",True
"C:\Users\user\UI-TARS-desktop\public\kelly\lessons\073\lesson-73-reaction.png","lesson-73-reaction.png","C:\Users\user\UI-TARS-desktop\public\kelly\lessons\073",MATCH,81.8,0.1817,"neutral face with hair.png",True
"C:\Users\user\UI-TARS-desktop\public\kelly\lessons\074\lesson-74-bg.png","lesson-74-bg.png","C:\Users\user\UI-TARS-desktop\public\kelly\lessons\074",NO_MATCH,32.3,0.6766,"neutral face with hair.png",True
"C:\Users\user\UI-TARS-desktop\public\kelly\lessons\074\lesson-74-guide-point.png","lesson-74-guide-point.png","C:\Users\user\UI-TARS-desktop\public\kelly\lessons\074",NO_MATCH,32.6,0.6739,"head and shoulders without chair.png",True
"C:\Users\user\UI-TARS-desktop\public\kelly\lessons\074\lesson-74-hero.png","lesson-74-hero.png","C:\Users\user\UI-TARS-desktop\public\kelly\lessons\074",MATCH,67.5,0.3248,"neutral face with hair.png",True
"C:\Users\user\UI-TARS-desktop\public\kelly\lessons\074\lesson-74-prop.png","lesson-74-prop.png","C:\Users\user\UI-TARS-desktop\public\kelly\lessons\074",NO_MATCH,33.1,0.6692,"facing to the left.png",True
"C:\Users\user\UI-TARS-desktop\public\kelly\lessons\074\lesson-74-reaction.png","lesson-74-reaction.png","C:\Users\user\UI-TARS-desktop\public\kelly\lessons\074",NO_MATCH,33.6,0.6636,"facing to the left.png",True
"C:\Users\user\UI-TARS-desktop\public\kelly\lessons\075\lesson-75-bg.png","lesson-75-bg.png","C:\Users\user\UI-TARS-desktop\public\kelly\lessons\075",NO_MATCH,33.5,0.6646,"neutral face with hair.png",True
"C:\Users\user\UI-TARS-desktop\public\kelly\lessons\075\lesson-75-guide-point.png","lesson-75-guide-point.png","C:\Users\user\UI-TARS-desktop\public\kelly\lessons\075",SUSPICIOUS,45.0,0.5498,"slightly turning her head.png",True
"C:\Users\user\UI-TARS-desktop\public\kelly\lessons\075\lesson-75-hero.png","lesson-75-hero.png","C:\Users\user\UI-TARS-desktop\public\kelly\lessons\075",NO_MATCH,38.9,0.6115,"slightly turning her head.png",True
"C:\Users\user\UI-TARS-desktop\public\kelly\lessons\075\lesson-75-prop.png","lesson-75-prop.png","C:\Users\user\UI-TARS-desktop\public\kelly\lessons\075",NO_MATCH,37.1,0.6290,"Curious Kelly in final pose in Chair - UI elements will go on the side rails - Copy.png",True
"C:\Users\user\UI-TARS-desktop\public\kelly\lessons\075\lesson-75-reaction.png","lesson-75-reaction.png","C:\Users\user\UI-TARS-desktop\public\kelly\lessons\075",NO_MATCH,42.0,0.5804,"head and shoulders without chair.png",True
"C:\Users\user\UI-TARS-desktop\public\kelly\lessons\076\lesson-76-bg.png","lesson-76-bg.png","C:\Users\user\UI-TARS-desktop\public\kelly\lessons\076",SUSPICIOUS,45.3,0.5467,"neutral face with hair.png",True
"C:\Users\user\UI-TARS-desktop\public\kelly\lessons\076\lesson-76-guide-point.png","lesson-76-guide-point.png","C:\Users\user\UI-TARS-desktop\public\kelly\lessons\076",SUSPICIOUS,55.4,0.4461,"neutral face with hair.png",True
"C:\Users\user\UI-TARS-desktop\public\kelly\lessons\076\lesson-76-hero.png","lesson-76-hero.png","C:\Users\user\UI-TARS-desktop\public\kelly\lessons\076",SUSPICIOUS,49.0,0.5099,"head and shoulders without chair.png",True
"C:\Users\user\UI-TARS-desktop\public\kelly\lessons\076\lesson-76-prop.png","lesson-76-prop.png","C:\Users\user\UI-TARS-desktop\public\kelly\lessons\076",SUSPICIOUS,45.8,0.5418,"slightly turning her head.png",True
"C:\Users\user\UI-TARS-desktop\public\kelly\lessons\076\lesson-76-reaction.png","lesson-76-reaction.png","C:\Users\user\UI-TARS-desktop\public\kelly\lessons\076",MATCH,79.9,0.2014,"neutral face with hair.png",True
"C:\Users\user\UI-TARS-desktop\public\kelly\lessons\077\lesson-77-bg.png","lesson-77-bg.png","C:\Users\user\UI-TARS-desktop\public\kelly\lessons\077",SUSPICIOUS,54.9,0.4513,"neutral face with hair.png",True
"C:\Users\user\UI-TARS-desktop\public\kelly\lessons\077\lesson-77-guide-point.png","lesson-77-guide-point.png","C:\Users\user\UI-TARS-desktop\public\kelly\lessons\077",SUSPICIOUS,57.5,0.4253,"slightly turning her head.png",True
"C:\Users\user\UI-TARS-desktop\public\kelly\lessons\077\lesson-77-hero.png","lesson-77-hero.png","C:\Users\user\UI-TARS-desktop\public\kelly\lessons\077",SUSPICIOUS,59.2,0.4075,"slightly turning her head.png",True
"C:\Users\user\UI-TARS-desktop\public\kelly\lessons\077\lesson-77-prop.png","lesson-77-prop.png","C:\Users\user\UI-TARS-desktop\public\kelly\lessons\077",SUSPICIOUS,46.9,0.5312,"slightly turning her head.png",True
"C:\Users\user\UI-TARS-desktop\public\kelly\lessons\077\lesson-77-reaction.png","lesson-77-reaction.png","C:\Users\user\UI-TARS-desktop\public\kelly\lessons\077",NO_MATCH,41.5,0.5850,"slightly turning her head.png",True
"C:\Users\user\UI-TARS-desktop\public\kelly\lessons\078\lesson-78-bg.png","lesson-78-bg.png","C:\Users\user\UI-TARS-desktop\public\kelly\lessons\078",NO_MATCH,30.6,0.6938,"neutral face with hair.png",True
"C:\Users\user\UI-TARS-desktop\public\kelly\lessons\078\lesson-78-guide-point.png","lesson-78-guide-point.png","C:\Users\user\UI-TARS-desktop\public\kelly\lessons\078",MATCH,73.8,0.2620,"neutral face with hair.png",True
"C:\Users\user\UI-TARS-desktop\public\kelly\lessons\078\lesson-78-hero.png","lesson-78-hero.png","C:\Users\user\UI-TARS-desktop\public\kelly\lessons\078",NO_MATCH,35.7,0.6430,"slightly turning her head.png",True
"C:\Users\user\UI-TARS-desktop\public\kelly\lessons\078\lesson-78-prop.png","lesson-78-prop.png","C:\Users\user\UI-TARS-desktop\public\kelly\lessons\078",NO_MATCH,36.4,0.6359,"Curious Kelly in final pose in Chair - UI elements will go on the side rails - Copy.png",True
"C:\Users\user\UI-TARS-desktop\public\kelly\lessons\078\lesson-78-reaction.png","lesson-78-reaction.png","C:\Users\user\UI-TARS-desktop\public\kelly\lessons\078",NO_MATCH,38.3,0.6169,"facing to the left.png",True
"C:\Users\user\UI-TARS-desktop\public\kelly\lessons\079\lesson-79-bg.png","lesson-79-bg.png","C:\Users\user\UI-TARS-desktop\public\kelly\lessons\079",NO_MATCH,31.9,0.6814,"neutral face with hair.png",True
"C:\Users\user\UI-TARS-desktop\public\kelly\lessons\079\lesson-79-guide-point.png","lesson-79-guide-point.png","C:\Users\user\UI-TARS-desktop\public\kelly\lessons\079",NO_MATCH,44.4,0.5558,"facing to the left.png",True
"C:\Users\user\UI-TARS-desktop\public\kelly\lessons\079\lesson-79-hero.png","lesson-79-hero.png","C:\Users\user\UI-TARS-desktop\public\kelly\lessons\079",NO_MATCH,40.5,0.5945,"slightly turning her head.png",True
"C:\Users\user\UI-TARS-desktop\public\kelly\lessons\079\lesson-79-prop.png","lesson-79-prop.png","C:\Users\user\UI-TARS-desktop\public\kelly\lessons\079",NO_MATCH,28.9,0.7109,"Curious Kelly in final pose in Chair - UI elements will go on the side rails - Copy.png",True
"C:\Users\user\UI-TARS-desktop\public\kelly\lessons\079\lesson-79-reaction.png","lesson-79-reaction.png","C:\Users\user\UI-TARS-desktop\public\kelly\lessons\079",SUSPICIOUS,51.0,0.4899,"neutral face with hair.png",True
"C:\Users\user\UI-TARS-desktop\public\kelly\lessons\080\lesson-80-bg.png","lesson-80-bg.png","C:\Users\user\UI-TARS-desktop\public\kelly\lessons\080",NO_MATCH,33.2,0.6685,"neutral face with hair.png",True
"C:\Users\user\UI-TARS-desktop\public\kelly\lessons\080\lesson-80-guide-point.png","lesson-80-guide-point.png","C:\Users\user\UI-TARS-desktop\public\kelly\lessons\080",SUSPICIOUS,49.9,0.5015,"neutral face with hair.png",True
"C:\Users\user\UI-TARS-desktop\public\kelly\lessons\080\lesson-80-hero.png","lesson-80-hero.png","C:\Users\user\UI-TARS-desktop\public\kelly\lessons\080",SUSPICIOUS,54.6,0.4542,"head and shoulders without chair.png",True
"C:\Users\user\UI-TARS-desktop\public\kelly\lessons\080\lesson-80-prop.png","lesson-80-prop.png","C:\Users\user\UI-TARS-desktop\public\kelly\lessons\080",MATCH,69.3,0.3073,"neutral face with hair.png",True
"C:\Users\user\UI-TARS-desktop\public\kelly\lessons\080\lesson-80-reaction.png","lesson-80-reaction.png","C:\Users\user\UI-TARS-desktop\public\kelly\lessons\080",MATCH,62.1,0.3788,"Curious Kelly in final pose in Chair - UI elements will go on the side rails - Copy.png",True
"C:\Users\user\UI-TARS-desktop\public\kelly\lessons\081\lesson-81-bg.png","lesson-81-bg.png","C:\Users\user\UI-TARS-desktop\public\kelly\lessons\081",NO_MATCH,27.7,0.7234,"neutral face with hair.png",True
"C:\Users\user\UI-TARS-desktop\public\kelly\lessons\081\lesson-81-guide-point.png","lesson-81-guide-point.png","C:\Users\user\UI-TARS-desktop\public\kelly\lessons\081",NO_MATCH,39.4,0.6057,"facing to the left.png",True
"C:\Users\user\UI-TARS-desktop\public\kelly\lessons\081\lesson-81-hero.png","lesson-81-hero.png","C:\Users\user\UI-TARS-desktop\public\kelly\lessons\081",SUSPICIOUS,48.0,0.5197,"neutral face with hair.png",True
"C:\Users\user\UI-TARS-desktop\public\kelly\lessons\081\lesson-81-prop.png","lesson-81-prop.png","C:\Users\user\UI-TARS-desktop\public\kelly\lessons\081",SUSPICIOUS,46.0,0.5402,"Curious Kelly in final pose in Chair - UI elements will go on the side rails - Copy.png",True
"C:\Users\user\UI-TARS-desktop\public\kelly\lessons\081\lesson-81-reaction.png","lesson-81-reaction.png","C:\Users\user\UI-TARS-desktop\public\kelly\lessons\081",NO_MATCH,35.5,0.6446,"Curious Kelly in final pose in Chair - UI elements will go on the side rails - Copy.png",True
"C:\Users\user\UI-TARS-desktop\public\kelly\lessons\082\lesson-82-bg.png","lesson-82-bg.png","C:\Users\user\UI-TARS-desktop\public\kelly\lessons\082",NO_MATCH,36.5,0.6355,"neutral face with hair.png",True
"C:\Users\user\UI-TARS-desktop\public\kelly\lessons\082\lesson-82-guide-point.png","lesson-82-guide-point.png","C:\Users\user\UI-TARS-desktop\public\kelly\lessons\082",NO_MATCH,35.8,0.6425,"head and shoulders without chair.png",True
"C:\Users\user\UI-TARS-desktop\public\kelly\lessons\082\lesson-82-hero.png","lesson-82-hero.png","C:\Users\user\UI-TARS-desktop\public\kelly\lessons\082",SUSPICIOUS,46.0,0.5395,"slightly turning her head.png",True
"C:\Users\user\UI-TARS-desktop\public\kelly\lessons\082\lesson-82-prop.png","lesson-82-prop.png","C:\Users\user\UI-TARS-desktop\public\kelly\lessons\082",MATCH,72.9,0.2707,"neutral face with hair.png",True
"C:\Users\user\UI-TARS-desktop\public\kelly\lessons\082\lesson-82-reaction.png","lesson-82-reaction.png","C:\Users\user\UI-TARS-desktop\public\kelly\lessons\082",NO_MATCH,34.5,0.6552,"head and shoulders without chair.png",True
"C:\Users\user\UI-TARS-desktop\public\kelly\lessons\083\lesson-83-bg.png","lesson-83-bg.png","C:\Users\user\UI-TARS-desktop\public\kelly\lessons\083",SUSPICIOUS,50.0,0.4995,"neutral face with hair.png",True
"C:\Users\user\UI-TARS-desktop\public\kelly\lessons\083\lesson-83-guide-point.png","lesson-83-guide-point.png","C:\Users\user\UI-TARS-desktop\public\kelly\lessons\083",SUSPICIOUS,46.7,0.5330,"Curious Kelly in final pose in Chair - UI elements will go on the side rails - Copy.png",True
"C:\Users\user\UI-TARS-desktop\public\kelly\lessons\083\lesson-83-hero.png","lesson-83-hero.png","C:\Users\user\UI-TARS-desktop\public\kelly\lessons\083",NO_MATCH,30.6,0.6940,"slightly turning her head.png",True
"C:\Users\user\UI-TARS-desktop\public\kelly\lessons\083\lesson-83-prop.png","lesson-83-prop.png","C:\Users\user\UI-TARS-desktop\public\kelly\lessons\083",MATCH,76.0,0.2397,"neutral face with hair.png",True
"C:\Users\user\UI-TARS-desktop\public\kelly\lessons\083\lesson-83-reaction.png","lesson-83-reaction.png","C:\Users\user\UI-TARS-desktop\public\kelly\lessons\083",MATCH,68.3,0.3167,"neutral face with hair.png",True
"C:\Users\user\UI-TARS-desktop\public\kelly\lessons\084\lesson-84-bg.png","lesson-84-bg.png","C:\Users\user\UI-TARS-desktop\public\kelly\lessons\084",NO_MATCH,36.9,0.6311,"neutral face with hair.png",True
"C:\Users\user\UI-TARS-desktop\public\kelly\lessons\084\lesson-84-guide-point.png","lesson-84-guide-point.png","C:\Users\user\UI-TARS-desktop\public\kelly\lessons\084",MATCH,71.0,0.2897,"neutral face with hair.png",True
"C:\Users\user\UI-TARS-desktop\public\kelly\lessons\084\lesson-84-hero.png","lesson-84-hero.png","C:\Users\user\UI-TARS-desktop\public\kelly\lessons\084",SUSPICIOUS,53.0,0.4699,"Curious Kelly in final pose in Chair - UI elements will go on the side rails - Copy.png",True
"C:\Users\user\UI-TARS-desktop\public\kelly\lessons\084\lesson-84-prop.png","lesson-84-prop.png","C:\Users\user\UI-TARS-desktop\public\kelly\lessons\084",SUSPICIOUS,51.7,0.4833,"close up of face.jpeg",True
"C:\Users\user\UI-TARS-desktop\public\kelly\lessons\084\lesson-84-reaction.png","lesson-84-reaction.png","C:\Users\user\UI-TARS-desktop\public\kelly\lessons\084",NO_MATCH,43.6,0.5638,"Curious Kelly in final pose in Chair - UI elements will go on the side rails - Copy.png",True
"C:\Users\user\UI-TARS-desktop\public\kelly\lessons\085\lesson-85-bg.png","lesson-85-bg.png","C:\Users\user\UI-TARS-desktop\public\kelly\lessons\085",NO_MATCH,36.5,0.6348,"neutral face with hair.png",True
"C:\Users\user\UI-TARS-desktop\public\kelly\lessons\085\lesson-85-guide-point.png","lesson-85-guide-point.png","C:\Users\user\UI-TARS-desktop\public\kelly\lessons\085",MATCH,68.9,0.3110,"neutral face with hair.png",True
"C:\Users\user\UI-TARS-desktop\public\kelly\lessons\085\lesson-85-hero.png","lesson-85-hero.png","C:\Users\user\UI-TARS-desktop\public\kelly\lessons\085",SUSPICIOUS,49.9,0.5012,"Curious Kelly in final pose in Chair - UI elements will go on the side rails - Copy.png",True
"C:\Users\user\UI-TARS-desktop\public\kelly\lessons\085\lesson-85-prop.png","lesson-85-prop.png","C:\Users\user\UI-TARS-desktop\public\kelly\lessons\085",NO_MATCH,35.5,0.6447,"slightly turning her head.png",True
"C:\Users\user\UI-TARS-desktop\public\kelly\lessons\085\lesson-85-reaction.png","lesson-85-reaction.png","C:\Users\user\UI-TARS-desktop\public\kelly\lessons\085",NO_MATCH,44.6,0.5538,"Curious Kelly in final pose in Chair - UI elements will go on the side rails - Copy.png",True
"C:\Users\user\UI-TARS-desktop\public\kelly\lessons\086\lesson-86-bg.png","lesson-86-bg.png","C:\Users\user\UI-TARS-desktop\public\kelly\lessons\086",NO_MATCH,41.8,0.5817,"neutral face with hair.png",True
"C:\Users\user\UI-TARS-desktop\public\kelly\lessons\086\lesson-86-guide-point.png","lesson-86-guide-point.png","C:\Users\user\UI-TARS-desktop\public\kelly\lessons\086",MATCH,70.2,0.2979,"neutral face with hair.png",True
"C:\Users\user\UI-TARS-desktop\public\kelly\lessons\086\lesson-86-hero.png","lesson-86-hero.png","C:\Users\user\UI-TARS-desktop\public\kelly\lessons\086",NO_MATCH,43.2,0.5679,"Curious Kelly in final pose in Chair - UI elements will go on the side rails - Copy.png",True
"C:\Users\user\UI-TARS-desktop\public\kelly\lessons\086\lesson-86-prop.png","lesson-86-prop.png","C:\Users\user\UI-TARS-desktop\public\kelly\lessons\086",SUSPICIOUS,54.6,0.4538,"head and shoulders without chair.png",True
"C:\Users\user\UI-TARS-desktop\public\kelly\lessons\086\lesson-86-reaction.png","lesson-86-reaction.png","C:\Users\user\UI-TARS-desktop\public\kelly\lessons\086",NO_MATCH,39.5,0.6053,"Curious Kelly in final pose in Chair - UI elements will go on the side rails - Copy.png",True
"C:\Users\user\UI-TARS-desktop\public\kelly\lessons\087\lesson-87-bg.png","lesson-87-bg.png","C:\Users\user\UI-TARS-desktop\public\kelly\lessons\087",NO_MATCH,42.0,0.5796,"neutral face with hair.png",True
"C:\Users\user\UI-TARS-desktop\public\kelly\lessons\087\lesson-87-guide-point.png","lesson-87-guide-point.png","C:\Users\user\UI-TARS-desktop\public\kelly\lessons\087",SUSPICIOUS,45.4,0.5465,"head and shoulders without chair.png",True
"C:\Users\user\UI-TARS-desktop\public\kelly\lessons\087\lesson-87-hero.png","lesson-87-hero.png","C:\Users\user\UI-TARS-desktop\public\kelly\lessons\087",SUSPICIOUS,47.1,0.5288,"head and shoulders without chair.png",True
"C:\Users\user\UI-TARS-desktop\public\kelly\lessons\087\lesson-87-prop.png","lesson-87-prop.png","C:\Users\user\UI-TARS-desktop\public\kelly\lessons\087",SUSPICIOUS,47.3,0.5269,"slightly turning her head.png",True
"C:\Users\user\UI-TARS-desktop\public\kelly\lessons\087\lesson-87-reaction.png","lesson-87-reaction.png","C:\Users\user\UI-TARS-desktop\public\kelly\lessons\087",MATCH,74.4,0.2560,"neutral face with hair.png",True
"C:\Users\user\UI-TARS-desktop\public\kelly\lessons\088\lesson-88-bg.png","lesson-88-bg.png","C:\Users\user\UI-TARS-desktop\public\kelly\lessons\088",NO_MATCH,39.8,0.6023,"neutral face with hair.png",True
"C:\Users\user\UI-TARS-desktop\public\kelly\lessons\088\lesson-88-guide-point.png","lesson-88-guide-point.png","C:\Users\user\UI-TARS-desktop\public\kelly\lessons\088",SUSPICIOUS,53.3,0.4670,"Curious Kelly in final pose in Chair - UI elements will go on the side rails - Copy.png",True
"C:\Users\user\UI-TARS-desktop\public\kelly\lessons\088\lesson-88-hero.png","lesson-88-hero.png","C:\Users\user\UI-TARS-desktop\public\kelly\lessons\088",NO_MATCH,24.8,0.7523,"Curious Kelly in final pose in Chair - UI elements will go on the side rails - Copy.png",True
"C:\Users\user\UI-TARS-desktop\public\kelly\lessons\088\lesson-88-prop.png","lesson-88-prop.png","C:\Users\user\UI-TARS-desktop\public\kelly\lessons\088",SUSPICIOUS,60.0,0.4001,"Curious Kelly in final pose in Chair - UI elements will go on the side rails - Copy.png",True
"C:\Users\user\UI-TARS-desktop\public\kelly\lessons\088\lesson-88-reaction.png","lesson-88-reaction.png","C:\Users\user\UI-TARS-desktop\public\kelly\lessons\088",SUSPICIOUS,47.0,0.5298,"Curious Kelly in final pose in Chair - UI elements will go on the side rails - Copy.png",True
"C:\Users\user\UI-TARS-desktop\public\kelly\lessons\089\lesson-89-bg.png","lesson-89-bg.png","C:\Users\user\UI-TARS-desktop\public\kelly\lessons\089",NO_MATCH,35.6,0.6439,"neutral face with hair.png",True
"C:\Users\user\UI-TARS-desktop\public\kelly\lessons\089\lesson-89-guide-point.png","lesson-89-guide-point.png","C:\Users\user\UI-TARS-desktop\public\kelly\lessons\089",NO_MATCH,36.9,0.6305,"facing to the left.png",True
"C:\Users\user\UI-TARS-desktop\public\kelly\lessons\089\lesson-89-hero.png","lesson-89-hero.png","C:\Users\user\UI-TARS-desktop\public\kelly\lessons\089",SUSPICIOUS,46.3,0.5367,"slightly turning her head.png",True
"C:\Users\user\UI-TARS-desktop\public\kelly\lessons\089\lesson-89-prop.png","lesson-89-prop.png","C:\Users\user\UI-TARS-desktop\public\kelly\lessons\089",SUSPICIOUS,56.9,0.4312,"close up of face.jpeg",True
"C:\Users\user\UI-TARS-desktop\public\kelly\lessons\089\lesson-89-reaction.png","lesson-89-reaction.png","C:\Users\user\UI-TARS-desktop\public\kelly\lessons\089",MATCH,72.1,0.2785,"neutral face with hair.png",True
"C:\Users\user\UI-TARS-desktop\public\kelly\lessons\090\lesson-90-bg.png","lesson-90-bg.png","C:\Users\user\UI-TARS-desktop\public\kelly\lessons\090",SUSPICIOUS,46.3,0.5368,"neutral face with hair.png",True
"C:\Users\user\UI-TARS-desktop\public\kelly\lessons\090\lesson-90-guide-point.png","lesson-90-guide-point.png","C:\Users\user\UI-TARS-desktop\public\kelly\lessons\090",NO_MATCH,33.8,0.6617,"facing to the left.png",True
"C:\Users\user\UI-TARS-desktop\public\kelly\lessons\090\lesson-90-hero.png","lesson-90-hero.png","C:\Users\user\UI-TARS-desktop\public\kelly\lessons\090",SUSPICIOUS,53.0,0.4700,"head and shoulders without chair.png",True
"C:\Users\user\UI-TARS-desktop\public\kelly\lessons\090\lesson-90-prop.png","lesson-90-prop.png","C:\Users\user\UI-TARS-desktop\public\kelly\lessons\090",SUSPICIOUS,59.4,0.4064,"slightly turning her head.png",True
"C:\Users\user\UI-TARS-desktop\public\kelly\lessons\090\lesson-90-reaction.png","lesson-90-reaction.png","C:\Users\user\UI-TARS-desktop\public\kelly\lessons\090",SUSPICIOUS,47.8,0.5220,"head and shoulders without chair.png",True
"C:\Users\user\UI-TARS-desktop\public\kelly\lessons\335\lesson-335-bg.png","lesson-335-bg.png","C:\Users\user\UI-TARS-desktop\public\kelly\lessons\335",NO_MATCH,39.5,0.6051,"neutral face with hair.png",True
"C:\Users\user\UI-TARS-desktop\public\kelly\lessons\335\lesson-335-guide-point.png","lesson-335-guide-point.png","C:\Users\user\UI-TARS-desktop\public\kelly\lessons\335",MATCH,73.7,0.2631,"head and shoulders without chair.png",True
"C:\Users\user\UI-TARS-desktop\public\kelly\lessons\335\lesson-335-hero.png","lesson-335-hero.png","C:\Users\user\UI-TARS-desktop\public\kelly\lessons\335",NO_MATCH,40.7,0.5926,"facing to the left.png",True
"C:\Users\user\UI-TARS-desktop\public\kelly\lessons\335\lesson-335-prop.png","lesson-335-prop.png","C:\Users\user\UI-TARS-desktop\public\kelly\lessons\335",MATCH,70.8,0.2919,"neutral face with hair.png",True
"C:\Users\user\UI-TARS-desktop\public\kelly\lessons\335\lesson-335-reaction.png","lesson-335-reaction.png","C:\Users\user\UI-TARS-desktop\public\kelly\lessons\335",MATCH,73.4,0.2658,"head and shoulders without chair.png",True
"C:\Users\user\UI-TARS-desktop\public\kelly\lessons\336\lesson-336-bg.png","lesson-336-bg.png","C:\Users\user\UI-TARS-desktop\public\kelly\lessons\336",NO_MATCH,42.7,0.5728,"neutral face with hair.png",True
"C:\Users\user\UI-TARS-desktop\public\kelly\lessons\336\lesson-336-guide-point.png","lesson-336-guide-point.png","C:\Users\user\UI-TARS-desktop\public\kelly\lessons\336",MATCH,66.3,0.3370,"slightly turning her head.png",True
"C:\Users\user\UI-TARS-desktop\public\kelly\lessons\336\lesson-336-hero.png","lesson-336-hero.png","C:\Users\user\UI-TARS-desktop\public\kelly\lessons\336",SUSPICIOUS,46.9,0.5305,"facing to the left.png",True
"C:\Users\user\UI-TARS-desktop\public\kelly\lessons\336\lesson-336-prop.png","lesson-336-prop.png","C:\Users\user\UI-TARS-desktop\public\kelly\lessons\336",NO_MATCH,40.4,0.5958,"profile of kelly.png",True
"C:\Users\user\UI-TARS-desktop\public\kelly\lessons\336\lesson-336-reaction.png","lesson-336-reaction.png","C:\Users\user\UI-TARS-desktop\public\kelly\lessons\336",MATCH,63.6,0.3635,"head and shoulders without chair.png",True
"C:\Users\user\UI-TARS-desktop\public\kelly\lessons\337\lesson-337-bg.png","lesson-337-bg.png","C:\Users\user\UI-TARS-desktop\public\kelly\lessons\337",NO_MATCH,34.8,0.6516,"neutral face with hair.png",True
"C:\Users\user\UI-TARS-desktop\public\kelly\lessons\337\lesson-337-guide-point.png","lesson-337-guide-point.png","C:\Users\user\UI-TARS-desktop\public\kelly\lessons\337",SUSPICIOUS,45.9,0.5412,"head and shoulders without chair.png",True
"C:\Users\user\UI-TARS-desktop\public\kelly\lessons\337\lesson-337-hero.png","lesson-337-hero.png","C:\Users\user\UI-TARS-desktop\public\kelly\lessons\337",NO_MATCH,38.4,0.6156,"neutral face with hair.png",True
"C:\Users\user\UI-TARS-desktop\public\kelly\lessons\337\lesson-337-prop.png","lesson-337-prop.png","C:\Users\user\UI-TARS-desktop\public\kelly\lessons\337",NO_MATCH,38.9,0.6106,"close up of kellys eyes.png",True
"C:\Users\user\UI-TARS-desktop\public\kelly\lessons\337\lesson-337-reaction.png","lesson-337-reaction.png","C:\Users\user\UI-TARS-desktop\public\kelly\lessons\337",MATCH,73.8,0.2617,"neutral face with hair.png",True
"C:\Users\user\UI-TARS-desktop\public\kelly\lessons\338\lesson-338-bg.png","lesson-338-bg.png","C:\Users\user\UI-TARS-desktop\public\kelly\lessons\338",NO_MATCH,43.7,0.5630,"neutral face with hair.png",True
"C:\Users\user\UI-TARS-desktop\public\kelly\lessons\338\lesson-338-guide-point.png","lesson-338-guide-point.png","C:\Users\user\UI-TARS-desktop\public\kelly\lessons\338",MATCH,69.3,0.3066,"Curious Kelly in final pose in Chair - UI elements will go on the side rails - Copy.png",True
"C:\Users\user\UI-TARS-desktop\public\kelly\lessons\338\lesson-338-hero.png","lesson-338-hero.png","C:\Users\user\UI-TARS-desktop\public\kelly\lessons\338",NO_MATCH,39.4,0.6057,"facing to the left.png",True
"C:\Users\user\UI-TARS-desktop\public\kelly\lessons\338\lesson-338-prop.png","lesson-338-prop.png","C:\Users\user\UI-TARS-desktop\public\kelly\lessons\338",NO_MATCH,38.4,0.6162,"close up of kellys eyes.png",True
"C:\Users\user\UI-TARS-desktop\public\kelly\lessons\338\lesson-338-reaction.png","lesson-338-reaction.png","C:\Users\user\UI-TARS-desktop\public\kelly\lessons\338",SUSPICIOUS,56.5,0.4346,"head and shoulders without chair.png",True
"C:\Users\user\UI-TARS-desktop\public\kelly\lessons\339\lesson-339-bg.png","lesson-339-bg.png","C:\Users\user\UI-TARS-desktop\public\kelly\lessons\339",MATCH,67.0,0.3302,"neutral face with hair.png",True
"C:\Users\user\UI-TARS-desktop\public\kelly\lessons\339\lesson-339-guide-point.png","lesson-339-guide-point.png","C:\Users\user\UI-TARS-desktop\public\kelly\lessons\339",MATCH,66.8,0.3321,"Curious Kelly in final pose in Chair - UI elements will go on the side rails - Copy.png",True
"C:\Users\user\UI-TARS-desktop\public\kelly\lessons\339\lesson-339-hero.png","lesson-339-hero.png","C:\Users\user\UI-TARS-desktop\public\kelly\lessons\339",SUSPICIOUS,46.0,0.5404,"neutral face with hair.png",True
"C:\Users\user\UI-TARS-desktop\public\kelly\lessons\339\lesson-339-prop.png","lesson-339-prop.png","C:\Users\user\UI-TARS-desktop\public\kelly\lessons\339",SUSPICIOUS,46.8,0.5324,"neutral face with hair.png",True
"C:\Users\user\UI-TARS-desktop\public\kelly\lessons\339\lesson-339-reaction.png","lesson-339-reaction.png","C:\Users\user\UI-TARS-desktop\public\kelly\lessons\339",SUSPICIOUS,61.3,0.3872,"slightly turning her head.png",True
"C:\Users\user\UI-TARS-desktop\public\kelly\lessons\340\lesson-340-bg.png","lesson-340-bg.png","C:\Users\user\UI-TARS-desktop\public\kelly\lessons\340",NO_MATCH,37.5,0.6255,"profile of kelly.png",True
"C:\Users\user\UI-TARS-desktop\public\kelly\lessons\340\lesson-340-guide-point.png","lesson-340-guide-point.png","C:\Users\user\UI-TARS-desktop\public\kelly\lessons\340",MATCH,79.6,0.2036,"neutral face with hair.png",True
"C:\Users\user\UI-TARS-desktop\public\kelly\lessons\340\lesson-340-hero.png","lesson-340-hero.png","C:\Users\user\UI-TARS-desktop\public\kelly\lessons\340",NO_MATCH,39.1,0.6089,"slightly turning her head.png",True
"C:\Users\user\UI-TARS-desktop\public\kelly\lessons\340\lesson-340-prop.png","lesson-340-prop.png","C:\Users\user\UI-TARS-desktop\public\kelly\lessons\340",NO_MATCH,32.6,0.6742,"Curious Kelly in final pose in Chair - UI elements will go on the side rails - Copy.png",True
"C:\Users\user\UI-TARS-desktop\public\kelly\lessons\340\lesson-340-reaction.png","lesson-340-reaction.png","C:\Users\user\UI-TARS-desktop\public\kelly\lessons\340",NO_MATCH,37.9,0.6208,"facing to the left.png",True
"C:\Users\user\UI-TARS-desktop\public\kelly\lessons\341\lesson-341-bg.png","lesson-341-bg.png","C:\Users\user\UI-TARS-desktop\public\kelly\lessons\341",NO_MATCH,37.6,0.6240,"profile of kelly.png",True
"C:\Users\user\UI-TARS-desktop\public\kelly\lessons\341\lesson-341-guide-point.png","lesson-341-guide-point.png","C:\Users\user\UI-TARS-desktop\public\kelly\lessons\341",SUSPICIOUS,49.9,0.5010,"head and shoulders without chair.png",True
"C:\Users\user\UI-TARS-desktop\public\kelly\lessons\341\lesson-341-hero.png","lesson-341-hero.png","C:\Users\user\UI-TARS-desktop\public\kelly\lessons\341",NO_MATCH,41.6,0.5836,"Curious Kelly in final pose in Chair - UI elements will go on the side rails - Copy.png",True
"C:\Users\user\UI-TARS-desktop\public\kelly\lessons\341\lesson-341-prop.png","lesson-341-prop.png","C:\Users\user\UI-TARS-desktop\public\kelly\lessons\341",SUSPICIOUS,51.7,0.4826,"neutral face with hair.png",True
"C:\Users\user\UI-TARS-desktop\public\kelly\lessons\341\lesson-341-reaction.png","lesson-341-reaction.png","C:\Users\user\UI-TARS-desktop\public\kelly\lessons\341",NO_MATCH,37.4,0.6259,"slightly turning her head.png",True
"C:\Users\user\UI-TARS-desktop\public\kelly\lessons\342\lesson-342-bg.png","lesson-342-bg.png","C:\Users\user\UI-TARS-desktop\public\kelly\lessons\342",NO_MATCH,36.8,0.6315,"profile of kelly.png",True
"C:\Users\user\UI-TARS-desktop\public\kelly\lessons\342\lesson-342-guide-point.png","lesson-342-guide-point.png","C:\Users\user\UI-TARS-desktop\public\kelly\lessons\342",NO_MATCH,34.7,0.6534,"slightly turning her head.png",True
"C:\Users\user\UI-TARS-desktop\public\kelly\lessons\342\lesson-342-hero.png","lesson-342-hero.png","C:\Users\user\UI-TARS-desktop\public\kelly\lessons\342",SUSPICIOUS,48.8,0.5117,"Curious Kelly in final pose in Chair - UI elements will go on the side rails - Copy.png",True
"C:\Users\user\UI-TARS-desktop\public\kelly\lessons\342\lesson-342-prop.png","lesson-342-prop.png","C:\Users\user\UI-TARS-desktop\public\kelly\lessons\342",MATCH,81.4,0.1855,"neutral face with hair.png",True
"C:\Users\user\UI-TARS-desktop\public\kelly\lessons\342\lesson-342-reaction.png","lesson-342-reaction.png","C:\Users\user\UI-TARS-desktop\public\kelly\lessons\342",SUSPICIOUS,50.3,0.4969,"Curious Kelly in final pose in Chair - UI elements will go on the side rails - Copy.png",True
"C:\Users\user\UI-TARS-desktop\public\kelly\lessons\343\lesson-343-bg.png","lesson-343-bg.png","C:\Users\user\UI-TARS-desktop\public\kelly\lessons\343",NO_MATCH,30.3,0.6973,"profile of kelly.png",True
"C:\Users\user\UI-TARS-desktop\public\kelly\lessons\343\lesson-343-guide-point.png","lesson-343-guide-point.png","C:\Users\user\UI-TARS-desktop\public\kelly\lessons\343",SUSPICIOUS,51.5,0.4852,"Curious Kelly in final pose in Chair - UI elements will go on the side rails - Copy.png",True
"C:\Users\user\UI-TARS-desktop\public\kelly\lessons\343\lesson-343-hero.png","lesson-343-hero.png","C:\Users\user\UI-TARS-desktop\public\kelly\lessons\343",NO_MATCH,36.6,0.6344,"slightly turning her head.png",True
"C:\Users\user\UI-TARS-desktop\public\kelly\lessons\343\lesson-343-prop.png","lesson-343-prop.png","C:\Users\user\UI-TARS-desktop\public\kelly\lessons\343",NO_MATCH,44.6,0.5540,"slightly turning her head.png",True
"C:\Users\user\UI-TARS-desktop\public\kelly\lessons\343\lesson-343-reaction.png","lesson-343-reaction.png","C:\Users\user\UI-TARS-desktop\public\kelly\lessons\343",SUSPICIOUS,49.2,0.5078,"Curious Kelly in final pose in Chair - UI elements will go on the side rails - Copy.png",True
"C:\Users\user\UI-TARS-desktop\public\kelly\lessons\344\lesson-344-bg.png","lesson-344-bg.png","C:\Users\user\UI-TARS-desktop\public\kelly\lessons\344",NO_MATCH,32.0,0.6803,"profile of kelly.png",True
"C:\Users\user\UI-TARS-desktop\public\kelly\lessons\344\lesson-344-guide-point.png","lesson-344-guide-point.png","C:\Users\user\UI-TARS-desktop\public\kelly\lessons\344",SUSPICIOUS,45.6,0.5436,"slightly turning her head.png",True
"C:\Users\user\UI-TARS-desktop\public\kelly\lessons\344\lesson-344-hero.png","lesson-344-hero.png","C:\Users\user\UI-TARS-desktop\public\kelly\lessons\344",SUSPICIOUS,46.5,0.5347,"Curious Kelly in final pose in Chair - UI elements will go on the side rails - Copy.png",True
"C:\Users\user\UI-TARS-desktop\public\kelly\lessons\344\lesson-344-prop.png","lesson-344-prop.png","C:\Users\user\UI-TARS-desktop\public\kelly\lessons\344",MATCH,73.4,0.2660,"neutral face with hair.png",True
"C:\Users\user\UI-TARS-desktop\public\kelly\lessons\344\lesson-344-reaction.png","lesson-344-reaction.png","C:\Users\user\UI-TARS-desktop\public\kelly\lessons\344",NO_MATCH,32.3,0.6775,"neutral face with hair.png",True
"C:\Users\user\UI-TARS-desktop\public\kelly\lessons\345\lesson-345-bg.png","lesson-345-bg.png","C:\Users\user\UI-TARS-desktop\public\kelly\lessons\345",NO_MATCH,38.3,0.6174,"neutral face with hair.png",True
"C:\Users\user\UI-TARS-desktop\public\kelly\lessons\345\lesson-345-guide-point.png","lesson-345-guide-point.png","C:\Users\user\UI-TARS-desktop\public\kelly\lessons\345",SUSPICIOUS,60.2,0.3978,"neutral face with hair.png",True
"C:\Users\user\UI-TARS-desktop\public\kelly\lessons\345\lesson-345-hero.png","lesson-345-hero.png","C:\Users\user\UI-TARS-desktop\public\kelly\lessons\345",SUSPICIOUS,45.0,0.5496,"slightly turning her head.png",True
"C:\Users\user\UI-TARS-desktop\public\kelly\lessons\345\lesson-345-prop.png","lesson-345-prop.png","C:\Users\user\UI-TARS-desktop\public\kelly\lessons\345",MATCH,64.2,0.3580,"neutral face with hair.png",True
"C:\Users\user\UI-TARS-desktop\public\kelly\lessons\345\lesson-345-reaction.png","lesson-345-reaction.png","C:\Users\user\UI-TARS-desktop\public\kelly\lessons\345",NO_MATCH,32.4,0.6760,"neutral face with hair.png",True
"C:\Users\user\UI-TARS-desktop\public\kelly\lessons\346\lesson-346-bg.png","lesson-346-bg.png","C:\Users\user\UI-TARS-desktop\public\kelly\lessons\346",NO_MATCH,43.6,0.5637,"profile of kelly.png",True
"C:\Users\user\UI-TARS-desktop\public\kelly\lessons\346\lesson-346-guide-point.png","lesson-346-guide-point.png","C:\Users\user\UI-TARS-desktop\public\kelly\lessons\346",NO_MATCH,40.2,0.5977,"Curious Kelly in final pose in Chair - UI elements will go on the side rails - Copy.png",True
"C:\Users\user\UI-TARS-desktop\public\kelly\lessons\346\lesson-346-hero.png","lesson-346-hero.png","C:\Users\user\UI-TARS-desktop\public\kelly\lessons\346",NO_MATCH,44.0,0.5595,"head and shoulders without chair.png",True
"C:\Users\user\UI-TARS-desktop\public\kelly\lessons\346\lesson-346-prop.png","lesson-346-prop.png","C:\Users\user\UI-TARS-desktop\public\kelly\lessons\346",NO_MATCH,35.3,0.6474,"Curious Kelly in final pose in Chair - UI elements will go on the side rails - Copy.png",True
"C:\Users\user\UI-TARS-desktop\public\kelly\lessons\346\lesson-346-reaction.png","lesson-346-reaction.png","C:\Users\user\UI-TARS-desktop\public\kelly\lessons\346",NO_MATCH,29.3,0.7075,"head and shoulders without chair.png",True
"C:\Users\user\UI-TARS-desktop\public\kelly\lessons\347\lesson-347-bg.png","lesson-347-bg.png","C:\Users\user\UI-TARS-desktop\public\kelly\lessons\347",NO_MATCH,34.4,0.6561,"neutral face with hair.png",True
"C:\Users\user\UI-TARS-desktop\public\kelly\lessons\347\lesson-347-guide-point.png","lesson-347-guide-point.png","C:\Users\user\UI-TARS-desktop\public\kelly\lessons\347",NO_MATCH,44.4,0.5560,"Curious Kelly in final pose in Chair - UI elements will go on the side rails - Copy.png",True
"C:\Users\user\UI-TARS-desktop\public\kelly\lessons\347\lesson-347-hero.png","lesson-347-hero.png","C:\Users\user\UI-TARS-desktop\public\kelly\lessons\347",NO_MATCH,43.0,0.5702,"facing to the left.png",True
"C:\Users\user\UI-TARS-desktop\public\kelly\lessons\347\lesson-347-prop.png","lesson-347-prop.png","C:\Users\user\UI-TARS-desktop\public\kelly\lessons\347",NO_MATCH,30.2,0.6976,"head and shoulders without chair.png",True
"C:\Users\user\UI-TARS-desktop\public\kelly\lessons\347\lesson-347-reaction.png","lesson-347-reaction.png","C:\Users\user\UI-TARS-desktop\public\kelly\lessons\347",NO_MATCH,30.3,0.6969,"Curious Kelly in final pose in Chair - UI elements will go on the side rails - Copy.png",True
"C:\Users\user\UI-TARS-desktop\public\kelly\lessons\348\lesson-348-bg.png","lesson-348-bg.png","C:\Users\user\UI-TARS-desktop\public\kelly\lessons\348",NO_MATCH,37.4,0.6259,"profile of kelly.png",True
"C:\Users\user\UI-TARS-desktop\public\kelly\lessons\348\lesson-348-guide-point.png","lesson-348-guide-point.png","C:\Users\user\UI-TARS-desktop\public\kelly\lessons\348",SUSPICIOUS,59.1,0.4086,"slightly turning her head.png",True
"C:\Users\user\UI-TARS-desktop\public\kelly\lessons\348\lesson-348-hero.png","lesson-348-hero.png","C:\Users\user\UI-TARS-desktop\public\kelly\lessons\348",SUSPICIOUS,47.2,0.5283,"Curious Kelly in final pose in Chair - UI elements will go on the side rails - Copy.png",True
"C:\Users\user\UI-TARS-desktop\public\kelly\lessons\348\lesson-348-prop.png","lesson-348-prop.png","C:\Users\user\UI-TARS-desktop\public\kelly\lessons\348",NO_MATCH,34.8,0.6515,"Curious Kelly in final pose in Chair - UI elements will go on the side rails - Copy.png",True
"C:\Users\user\UI-TARS-desktop\public\kelly\lessons\348\lesson-348-reaction.png","lesson-348-reaction.png","C:\Users\user\UI-TARS-desktop\public\kelly\lessons\348",NO_MATCH,40.0,0.5997,"Curious Kelly in final pose in Chair - UI elements will go on the side rails - Copy.png",True
"C:\Users\user\UI-TARS-desktop\public\kelly\lessons\349\lesson-349-bg.png","lesson-349-bg.png","C:\Users\user\UI-TARS-desktop\public\kelly\lessons\349",NO_MATCH,37.3,0.6268,"neutral face with hair.png",True
"C:\Users\user\UI-TARS-desktop\public\kelly\lessons\349\lesson-349-guide-point.png","lesson-349-guide-point.png","C:\Users\user\UI-TARS-desktop\public\kelly\lessons\349",SUSPICIOUS,53.8,0.4624,"head and shoulders without chair.png",True
"C:\Users\user\UI-TARS-desktop\public\kelly\lessons\349\lesson-349-hero.png","lesson-349-hero.png","C:\Users\user\UI-TARS-desktop\public\kelly\lessons\349",SUSPICIOUS,61.1,0.3886,"neutral face with hair.png",True
"C:\Users\user\UI-TARS-desktop\public\kelly\lessons\349\lesson-349-prop.png","lesson-349-prop.png","C:\Users\user\UI-TARS-desktop\public\kelly\lessons\349",NO_MATCH,36.4,0.6361,"Curious Kelly in final pose in Chair - UI elements will go on the side rails - Copy.png",True
"C:\Users\user\UI-TARS-desktop\public\kelly\lessons\349\lesson-349-reaction.png","lesson-349-reaction.png","C:\Users\user\UI-TARS-desktop\public\kelly\lessons\349",MATCH,72.6,0.2742,"neutral face with hair.png",True
"C:\Users\user\UI-TARS-desktop\public\kelly\lessons\350\lesson-350-bg.png","lesson-350-bg.png","C:\Users\user\UI-TARS-desktop\public\kelly\lessons\350",NO_MATCH,33.1,0.6686,"profile of kelly.png",True
"C:\Users\user\UI-TARS-desktop\public\kelly\lessons\350\lesson-350-guide-point.png","lesson-350-guide-point.png","C:\Users\user\UI-TARS-desktop\public\kelly\lessons\350",NO_MATCH,41.5,0.5849,"facing to the left.png",True
"C:\Users\user\UI-TARS-desktop\public\kelly\lessons\350\lesson-350-hero.png","lesson-350-hero.png","C:\Users\user\UI-TARS-desktop\public\kelly\lessons\350",NO_MATCH,32.5,0.6747,"Curious Kelly in final pose in Chair - UI elements will go on the side rails - Copy.png",True
"C:\Users\user\UI-TARS-desktop\public\kelly\lessons\350\lesson-350-prop.png","lesson-350-prop.png","C:\Users\user\UI-TARS-desktop\public\kelly\lessons\350",NO_MATCH,44.2,0.5580,"head and shoulders without chair.png",True
"C:\Users\user\UI-TARS-desktop\public\kelly\lessons\350\lesson-350-reaction.png","lesson-350-reaction.png","C:\Users\user\UI-TARS-desktop\public\kelly\lessons\350",NO_MATCH,43.8,0.5623,"Curious Kelly in final pose in Chair - UI elements will go on the side rails - Copy.png",True
"C:\Users\user\UI-TARS-desktop\public\kelly\lessons\351\lesson-351-bg.png","lesson-351-bg.png","C:\Users\user\UI-TARS-desktop\public\kelly\lessons\351",NO_MATCH,35.5,0.6445,"neutral face with hair.png",True
"C:\Users\user\UI-TARS-desktop\public\kelly\lessons\351\lesson-351-guide-point.png","lesson-351-guide-point.png","C:\Users\user\UI-TARS-desktop\public\kelly\lessons\351",NO_MATCH,38.5,0.6151,"Curious Kelly in final pose in Chair - UI elements will go on the side rails - Copy.png",True
"C:\Users\user\UI-TARS-desktop\public\kelly\lessons\351\lesson-351-hero.png","lesson-351-hero.png","C:\Users\user\UI-TARS-desktop\public\kelly\lessons\351",NO_MATCH,42.6,0.5740,"slightly turning her head.png",True
"C:\Users\user\UI-TARS-desktop\public\kelly\lessons\351\lesson-351-prop.png","lesson-351-prop.png","C:\Users\user\UI-TARS-desktop\public\kelly\lessons\351",NO_MATCH,24.6,0.7545,"Curious Kelly in final pose in Chair - UI elements will go on the side rails - Copy.png",True
"C:\Users\user\UI-TARS-desktop\public\kelly\lessons\351\lesson-351-reaction.png","lesson-351-reaction.png","C:\Users\user\UI-TARS-desktop\public\kelly\lessons\351",SUSPICIOUS,49.9,0.5009,"Curious Kelly in final pose in Chair - UI elements will go on the side rails - Copy.png",True
"C:\Users\user\UI-TARS-desktop\public\kelly\lessons\352\lesson-352-bg.png","lesson-352-bg.png","C:\Users\user\UI-TARS-desktop\public\kelly\lessons\352",NO_MATCH,43.2,0.5685,"neutral face with hair.png",True
"C:\Users\user\UI-TARS-desktop\public\kelly\lessons\352\lesson-352-guide-point.png","lesson-352-guide-point.png","C:\Users\user\UI-TARS-desktop\public\kelly\lessons\352",SUSPICIOUS,55.4,0.4456,"Curious Kelly in final pose in Chair - UI elements will go on the side rails - Copy.png",True
"C:\Users\user\UI-TARS-desktop\public\kelly\lessons\352\lesson-352-hero.png","lesson-352-hero.png","C:\Users\user\UI-TARS-desktop\public\kelly\lessons\352",MATCH,70.4,0.2965,"neutral face with hair.png",True
"C:\Users\user\UI-TARS-desktop\public\kelly\lessons\352\lesson-352-prop.png","lesson-352-prop.png","C:\Users\user\UI-TARS-desktop\public\kelly\lessons\352",SUSPICIOUS,49.7,0.5027,"slightly turning her head.png",True
"C:\Users\user\UI-TARS-desktop\public\kelly\lessons\352\lesson-352-reaction.png","lesson-352-reaction.png","C:\Users\user\UI-TARS-desktop\public\kelly\lessons\352",NO_MATCH,34.4,0.6561,"Curious Kelly in final pose in Chair - UI elements will go on the side rails - Copy.png",True
"C:\Users\user\UI-TARS-desktop\public\kelly\lessons\353\lesson-353-bg.png","lesson-353-bg.png","C:\Users\user\UI-TARS-desktop\public\kelly\lessons\353",NO_MATCH,34.7,0.6526,"profile of kelly.png",True
"C:\Users\user\UI-TARS-desktop\public\kelly\lessons\353\lesson-353-guide-point.png","lesson-353-guide-point.png","C:\Users\user\UI-TARS-desktop\public\kelly\lessons\353",MATCH,81.9,0.1808,"neutral face with hair.png",True
"C:\Users\user\UI-TARS-desktop\public\kelly\lessons\353\lesson-353-hero.png","lesson-353-hero.png","C:\Users\user\UI-TARS-desktop\public\kelly\lessons\353",NO_MATCH,38.8,0.6119,"Curious Kelly in final pose in Chair - UI elements will go on the side rails - Copy.png",True
"C:\Users\user\UI-TARS-desktop\public\kelly\lessons\353\lesson-353-prop.png","lesson-353-prop.png","C:\Users\user\UI-TARS-desktop\public\kelly\lessons\353",NO_MATCH,30.2,0.6980,"facing to the left.png",True
"C:\Users\user\UI-TARS-desktop\public\kelly\lessons\353\lesson-353-reaction.png","lesson-353-reaction.png","C:\Users\user\UI-TARS-desktop\public\kelly\lessons\353",SUSPICIOUS,46.7,0.5327,"slightly turning her head.png",True
"C:\Users\user\UI-TARS-desktop\public\kelly\lessons\354\lesson-354-bg.png","lesson-354-bg.png","C:\Users\user\UI-TARS-desktop\public\kelly\lessons\354",NO_MATCH,36.9,0.6313,"profile of kelly.png",True
"C:\Users\user\UI-TARS-desktop\public\kelly\lessons\354\lesson-354-guide-point.png","lesson-354-guide-point.png","C:\Users\user\UI-TARS-desktop\public\kelly\lessons\354",NO_MATCH,34.9,0.6510,"Curious Kelly in final pose in Chair - UI elements will go on the side rails - Copy.png",True
"C:\Users\user\UI-TARS-desktop\public\kelly\lessons\354\lesson-354-hero.png","lesson-354-hero.png","C:\Users\user\UI-TARS-desktop\public\kelly\lessons\354",NO_MATCH,37.8,0.6215,"Curious Kelly in final pose in Chair - UI elements will go on the side rails - Copy.png",True
"C:\Users\user\UI-TARS-desktop\public\kelly\lessons\354\lesson-354-prop.png","lesson-354-prop.png","C:\Users\user\UI-TARS-desktop\public\kelly\lessons\354",SUSPICIOUS,55.4,0.4458,"neutral face with hair.png",True
"C:\Users\user\UI-TARS-desktop\public\kelly\lessons\354\lesson-354-reaction.png","lesson-354-reaction.png","C:\Users\user\UI-TARS-desktop\public\kelly\lessons\354",NO_MATCH,41.5,0.5846,"neutral face with hair.png",True
"C:\Users\user\UI-TARS-desktop\public\kelly\lessons\355\lesson-355-bg.png","lesson-355-bg.png","C:\Users\user\UI-TARS-desktop\public\kelly\lessons\355",SUSPICIOUS,45.4,0.5461,"neutral face with hair.png",True
"C:\Users\user\UI-TARS-desktop\public\kelly\lessons\355\lesson-355-guide-point.png","lesson-355-guide-point.png","C:\Users\user\UI-TARS-desktop\public\kelly\lessons\355",NO_MATCH,39.0,0.6096,"Curious Kelly in final pose in Chair - UI elements will go on the side rails - Copy.png",True
"C:\Users\user\UI-TARS-desktop\public\kelly\lessons\355\lesson-355-hero.png","lesson-355-hero.png","C:\Users\user\UI-TARS-desktop\public\kelly\lessons\355",MATCH,69.1,0.3086,"neutral face with hair.png",True
"C:\Users\user\UI-TARS-desktop\public\kelly\lessons\355\lesson-355-prop.png","lesson-355-prop.png","C:\Users\user\UI-TARS-desktop\public\kelly\lessons\355",NO_MATCH,43.4,0.5655,"Curious Kelly in final pose in Chair - UI elements will go on the side rails - Copy.png",True
"C:\Users\user\UI-TARS-desktop\public\kelly\lessons\355\lesson-355-reaction.png","lesson-355-reaction.png","C:\Users\user\UI-TARS-desktop\public\kelly\lessons\355",SUSPICIOUS,49.5,0.5048,"facing to the left.png",True
"C:\Users\user\UI-TARS-desktop\public\kelly\lessons\356\lesson-356-bg.png","lesson-356-bg.png","C:\Users\user\UI-TARS-desktop\public\kelly\lessons\356",NO_MATCH,42.1,0.5794,"neutral face with hair.png",True
"C:\Users\user\UI-TARS-desktop\public\kelly\lessons\356\lesson-356-guide-point.png","lesson-356-guide-point.png","C:\Users\user\UI-TARS-desktop\public\kelly\lessons\356",MATCH,64.1,0.3589,"neutral face with hair.png",True
"C:\Users\user\UI-TARS-desktop\public\kelly\lessons\356\lesson-356-hero.png","lesson-356-hero.png","C:\Users\user\UI-TARS-desktop\public\kelly\lessons\356",NO_MATCH,44.9,0.5514,"facing to the left.png",True
"C:\Users\user\UI-TARS-desktop\public\kelly\lessons\356\lesson-356-prop.png","lesson-356-prop.png","C:\Users\user\UI-TARS-desktop\public\kelly\lessons\356",MATCH,78.2,0.2176,"neutral face with hair.png",True
"C:\Users\user\UI-TARS-desktop\public\kelly\lessons\356\lesson-356-reaction.png","lesson-356-reaction.png","C:\Users\user\UI-TARS-desktop\public\kelly\lessons\356",NO_MATCH,37.2,0.6276,"slightly turning her head.png",True
"C:\Users\user\UI-TARS-desktop\public\kelly\lessons\357\lesson-357-bg.png","lesson-357-bg.png","C:\Users\user\UI-TARS-desktop\public\kelly\lessons\357",NO_MATCH,38.6,0.6136,"neutral face with hair.png",True
"C:\Users\user\UI-TARS-desktop\public\kelly\lessons\357\lesson-357-guide-point.png","lesson-357-guide-point.png","C:\Users\user\UI-TARS-desktop\public\kelly\lessons\357",NO_MATCH,23.1,0.7692,"slightly turning her head.png",True
"C:\Users\user\UI-TARS-desktop\public\kelly\lessons\357\lesson-357-hero.png","lesson-357-hero.png","C:\Users\user\UI-TARS-desktop\public\kelly\lessons\357",SUSPICIOUS,57.5,0.4251,"neutral face with hair.png",True
"C:\Users\user\UI-TARS-desktop\public\kelly\lessons\357\lesson-357-prop.png","lesson-357-prop.png","C:\Users\user\UI-TARS-desktop\public\kelly\lessons\357",SUSPICIOUS,45.5,0.5455,"Curious Kelly in final pose in Chair - UI elements will go on the side rails - Copy.png",True
"C:\Users\user\UI-TARS-desktop\public\kelly\lessons\357\lesson-357-reaction.png","lesson-357-reaction.png","C:\Users\user\UI-TARS-desktop\public\kelly\lessons\357",SUSPICIOUS,50.8,0.4915,"neutral face with hair.png",True
"C:\Users\user\UI-TARS-desktop\public\kelly\lessons\358\lesson-358-bg.png","lesson-358-bg.png","C:\Users\user\UI-TARS-desktop\public\kelly\lessons\358",NO_MATCH,32.9,0.6708,"neutral face with hair.png",True
"C:\Users\user\UI-TARS-desktop\public\kelly\lessons\358\lesson-358-guide-point.png","lesson-358-guide-point.png","C:\Users\user\UI-TARS-desktop\public\kelly\lessons\358",NO_MATCH,30.4,0.6963,"slightly turning her head.png",True
"C:\Users\user\UI-TARS-desktop\public\kelly\lessons\358\lesson-358-hero.png","lesson-358-hero.png","C:\Users\user\UI-TARS-desktop\public\kelly\lessons\358",NO_MATCH,29.0,0.7105,"Curious Kelly in final pose in Chair - UI elements will go on the side rails - Copy.png",True
"C:\Users\user\UI-TARS-desktop\public\kelly\lessons\358\lesson-358-prop.png","lesson-358-prop.png","C:\Users\user\UI-TARS-desktop\public\kelly\lessons\358",SUSPICIOUS,61.2,0.3877,"neutral face with hair.png",True
"C:\Users\user\UI-TARS-desktop\public\kelly\lessons\358\lesson-358-reaction.png","lesson-358-reaction.png","C:\Users\user\UI-TARS-desktop\public\kelly\lessons\358",NO_MATCH,31.4,0.6857,"slightly turning her head.png",True
"C:\Users\user\UI-TARS-desktop\public\kelly\lessons\359\lesson-359-bg.png","lesson-359-bg.png","C:\Users\user\UI-TARS-desktop\public\kelly\lessons\359",NO_MATCH,37.8,0.6222,"profile of kelly.png",True
"C:\Users\user\UI-TARS-desktop\public\kelly\lessons\359\lesson-359-guide-point.png","lesson-359-guide-point.png","C:\Users\user\UI-TARS-desktop\public\kelly\lessons\359",SUSPICIOUS,55.4,0.4464,"Curious Kelly in final pose in Chair - UI elements will go on the side rails - Copy.png",True
"C:\Users\user\UI-TARS-desktop\public\kelly\lessons\359\lesson-359-hero.png","lesson-359-hero.png","C:\Users\user\UI-TARS-desktop\public\kelly\lessons\359",SUSPICIOUS,53.0,0.4702,"Curious Kelly in final pose in Chair - UI elements will go on the side rails - Copy.png",True
"C:\Users\user\UI-TARS-desktop\public\kelly\lessons\359\lesson-359-prop.png","lesson-359-prop.png","C:\Users\user\UI-TARS-desktop\public\kelly\lessons\359",SUSPICIOUS,53.0,0.4696,"Curious Kelly in final pose in Chair - UI elements will go on the side rails - Copy.png",True
"C:\Users\user\UI-TARS-desktop\public\kelly\lessons\359\lesson-359-reaction.png","lesson-359-reaction.png","C:\Users\user\UI-TARS-desktop\public\kelly\lessons\359",NO_MATCH,35.0,0.6495,"neutral face with hair.png",True
"C:\Users\user\UI-TARS-desktop\public\kelly\lessons\360\lesson-360-bg.png","lesson-360-bg.png","C:\Users\user\UI-TARS-desktop\public\kelly\lessons\360",NO_MATCH,31.8,0.6817,"profile of kelly.png",True
"C:\Users\user\UI-TARS-desktop\public\kelly\lessons\360\lesson-360-guide-point.png","lesson-360-guide-point.png","C:\Users\user\UI-TARS-desktop\public\kelly\lessons\360",NO_MATCH,38.1,0.6189,"Curious Kelly in final pose in Chair - UI elements will go on the side rails - Copy.png",True
"C:\Users\user\UI-TARS-desktop\public\kelly\lessons\360\lesson-360-hero.png","lesson-360-hero.png","C:\Users\user\UI-TARS-desktop\public\kelly\lessons\360",NO_MATCH,44.1,0.5587,"neutral face with hair.png",True
"C:\Users\user\UI-TARS-desktop\public\kelly\lessons\360\lesson-360-prop.png","lesson-360-prop.png","C:\Users\user\UI-TARS-desktop\public\kelly\lessons\360",SUSPICIOUS,51.4,0.4862,"neutral face with hair.png",True
"C:\Users\user\UI-TARS-desktop\public\kelly\lessons\360\lesson-360-reaction.png","lesson-360-reaction.png","C:\Users\user\UI-TARS-desktop\public\kelly\lessons\360",NO_MATCH,40.7,0.5935,"neutral face with hair.png",True
"C:\Users\user\UI-TARS-desktop\public\kelly\lessons\361\lesson-361-bg.png","lesson-361-bg.png","C:\Users\user\UI-TARS-desktop\public\kelly\lessons\361",NO_MATCH,38.1,0.6193,"neutral face with hair.png",True
"C:\Users\user\UI-TARS-desktop\public\kelly\lessons\361\lesson-361-guide-point.png","lesson-361-guide-point.png","C:\Users\user\UI-TARS-desktop\public\kelly\lessons\361",SUSPICIOUS,49.5,0.5048,"head and shoulders without chair.png",True
"C:\Users\user\UI-TARS-desktop\public\kelly\lessons\361\lesson-361-hero.png","lesson-361-hero.png","C:\Users\user\UI-TARS-desktop\public\kelly\lessons\361",NO_MATCH,40.4,0.5961,"Curious Kelly in final pose in Chair - UI elements will go on the side rails - Copy.png",True
"C:\Users\user\UI-TARS-desktop\public\kelly\lessons\361\lesson-361-prop.png","lesson-361-prop.png","C:\Users\user\UI-TARS-desktop\public\kelly\lessons\361",SUSPICIOUS,54.0,0.4603,"Curious Kelly in final pose in Chair - UI elements will go on the side rails - Copy.png",True
"C:\Users\user\UI-TARS-desktop\public\kelly\lessons\361\lesson-361-reaction.png","lesson-361-reaction.png","C:\Users\user\UI-TARS-desktop\public\kelly\lessons\361",NO_MATCH,40.0,0.6002,"Curious Kelly in final pose in Chair - UI elements will go on the side rails - Copy.png",True
"C:\Users\user\UI-TARS-desktop\public\kelly\lessons\362\lesson-362-bg.png","lesson-362-bg.png","C:\Users\user\UI-TARS-desktop\public\kelly\lessons\362",NO_MATCH,39.7,0.6032,"profile of kelly.png",True
"C:\Users\user\UI-TARS-desktop\public\kelly\lessons\362\lesson-362-guide-point.png","lesson-362-guide-point.png","C:\Users\user\UI-TARS-desktop\public\kelly\lessons\362",SUSPICIOUS,45.2,0.5479,"Curious Kelly in final pose in Chair - UI elements will go on the side rails - Copy.png",True
"C:\Users\user\UI-TARS-desktop\public\kelly\lessons\362\lesson-362-hero.png","lesson-362-hero.png","C:\Users\user\UI-TARS-desktop\public\kelly\lessons\362",SUSPICIOUS,45.4,0.5464,"slightly turning her head.png",True
"C:\Users\user\UI-TARS-desktop\public\kelly\lessons\362\lesson-362-prop.png","lesson-362-prop.png","C:\Users\user\UI-TARS-desktop\public\kelly\lessons\362",NO_MATCH,32.6,0.6744,"Curious Kelly in final pose in Chair - UI elements will go on the side rails - Copy.png",True
"C:\Users\user\UI-TARS-desktop\public\kelly\lessons\362\lesson-362-reaction.png","lesson-362-reaction.png","C:\Users\user\UI-TARS-desktop\public\kelly\lessons\362",SUSPICIOUS,49.7,0.5027,"neutral face with hair.png",True
"C:\Users\user\UI-TARS-desktop\public\kelly\lessons\363\lesson-363-bg.png","lesson-363-bg.png","C:\Users\user\UI-TARS-desktop\public\kelly\lessons\363",NO_MATCH,37.8,0.6216,"neutral face with hair.png",True
"C:\Users\user\UI-TARS-desktop\public\kelly\lessons\363\lesson-363-guide-point.png","lesson-363-guide-point.png","C:\Users\user\UI-TARS-desktop\public\kelly\lessons\363",NO_MATCH,38.1,0.6187,"slightly turning her head.png",True
"C:\Users\user\UI-TARS-desktop\public\kelly\lessons\363\lesson-363-hero.png","lesson-363-hero.png","C:\Users\user\UI-TARS-desktop\public\kelly\lessons\363",NO_MATCH,42.1,0.5786,"facing to the left.png",True
"C:\Users\user\UI-TARS-desktop\public\kelly\lessons\363\lesson-363-prop.png","lesson-363-prop.png","C:\Users\user\UI-TARS-desktop\public\kelly\lessons\363",SUSPICIOUS,51.2,0.4877,"Curious Kelly in final pose in Chair - UI elements will go on the side rails - Copy.png",True
"C:\Users\user\UI-TARS-desktop\public\kelly\lessons\363\lesson-363-reaction.png","lesson-363-reaction.png","C:\Users\user\UI-TARS-desktop\public\kelly\lessons\363",MATCH,69.3,0.3071,"neutral face with hair.png",True
"C:\Users\user\UI-TARS-desktop\public\kelly\lessons\364\lesson-364-bg.png","lesson-364-bg.png","C:\Users\user\UI-TARS-desktop\public\kelly\lessons\364",NO_MATCH,40.9,0.5906,"neutral face with hair.png",True
"C:\Users\user\UI-TARS-desktop\public\kelly\lessons\364\lesson-364-guide-point.png","lesson-364-guide-point.png","C:\Users\user\UI-TARS-desktop\public\kelly\lessons\364",SUSPICIOUS,50.9,0.4908,"neutral face with hair.png",True
"C:\Users\user\UI-TARS-desktop\public\kelly\lessons\364\lesson-364-hero.png","lesson-364-hero.png","C:\Users\user\UI-TARS-desktop\public\kelly\lessons\364",NO_MATCH,43.3,0.5669,"Curious Kelly in final pose in Chair - UI elements will go on the side rails - Copy.png",True
"C:\Users\user\UI-TARS-desktop\public\kelly\lessons\364\lesson-364-prop.png","lesson-364-prop.png","C:\Users\user\UI-TARS-desktop\public\kelly\lessons\364",NO_MATCH,39.0,0.6099,"head and shoulders without chair.png",True
"C:\Users\user\UI-TARS-desktop\public\kelly\lessons\364\lesson-364-reaction.png","lesson-364-reaction.png","C:\Users\user\UI-TARS-desktop\public\kelly\lessons\364",SUSPICIOUS,48.4,0.5156,"slightly turning her head.png",True
"C:\Users\user\UI-TARS-desktop\public\kelly\lessons\365\lesson-365-bg.png","lesson-365-bg.png","C:\Users\user\UI-TARS-desktop\public\kelly\lessons\365",NO_MATCH,38.5,0.6148,"neutral face with hair.png",True
"C:\Users\user\UI-TARS-desktop\public\kelly\lessons\365\lesson-365-guide-point.png","lesson-365-guide-point.png","C:\Users\user\UI-TARS-desktop\public\kelly\lessons\365",NO_MATCH,43.8,0.5622,"head and shoulders without chair.png",True
"C:\Users\user\UI-TARS-desktop\public\kelly\lessons\365\lesson-365-hero.png","lesson-365-hero.png","C:\Users\user\UI-TARS-desktop\public\kelly\lessons\365",NO_MATCH,44.7,0.5528,"Curious Kelly in final pose in Chair - UI elements will go on the side rails - Copy.png",True
"C:\Users\user\UI-TARS-desktop\public\kelly\lessons\365\lesson-365-prop.png","lesson-365-prop.png","C:\Users\user\UI-TARS-desktop\public\kelly\lessons\365",NO_MATCH,44.8,0.5521,"head and shoulders without chair.png",True
"C:\Users\user\UI-TARS-desktop\public\kelly\lessons\365\lesson-365-reaction.png","lesson-365-reaction.png","C:\Users\user\UI-TARS-desktop\public\kelly\lessons\365",SUSPICIOUS,50.5,0.4953,"neutral face with hair.png",True
"C:\Users\user\UI-TARS-desktop\public\kelly\phases\001\hook.png","hook.png","C:\Users\user\UI-TARS-desktop\public\kelly\phases\001",MATCH,83.8,0.1618,"Curious Kelly in final pose in Chair - UI elements will go on the side rails - Copy.png",True
"C:\Users\user\UI-TARS-desktop\public\kelly\phases\001\q1.png","q1.png","C:\Users\user\UI-TARS-desktop\public\kelly\phases\001",SUSPICIOUS,50.6,0.4937,"neutral face with hair.png",True
"C:\Users\user\UI-TARS-desktop\public\kelly\phases\001\q2.png","q2.png","C:\Users\user\UI-TARS-desktop\public\kelly\phases\001",SUSPICIOUS,56.3,0.4372,"Curious Kelly in final pose in Chair - UI elements will go on the side rails - Copy.png",True
"C:\Users\user\UI-TARS-desktop\public\kelly\phases\001\q3.png","q3.png","C:\Users\user\UI-TARS-desktop\public\kelly\phases\001",NO_MATCH,37.8,0.6219,"profile of kelly.png",True
"C:\Users\user\UI-TARS-desktop\public\kelly\phases\001\wisdom.png","wisdom.png","C:\Users\user\UI-TARS-desktop\public\kelly\phases\001",MATCH,64.9,0.3515,"head and shoulders without chair.png",True
"C:\Users\user\UI-TARS-desktop\public\kelly\phases\002\hook.png","hook.png","C:\Users\user\UI-TARS-desktop\public\kelly\phases\002",MATCH,71.4,0.2858,"Curious Kelly in final pose in Chair - UI elements will go on the side rails - Copy.png",True
"C:\Users\user\UI-TARS-desktop\public\kelly\phases\002\q1.png","q1.png","C:\Users\user\UI-TARS-desktop\public\kelly\phases\002",SUSPICIOUS,49.4,0.5061,"slightly turning her head.png",True
"C:\Users\user\UI-TARS-desktop\public\kelly\phases\002\q2.png","q2.png","C:\Users\user\UI-TARS-desktop\public\kelly\phases\002",SUSPICIOUS,57.0,0.4296,"head and shoulders without chair.png",True
"C:\Users\user\UI-TARS-desktop\public\kelly\phases\002\q3.png","q3.png","C:\Users\user\UI-TARS-desktop\public\kelly\phases\002",MATCH,76.2,0.2377,"Curious Kelly in final pose in Chair - UI elements will go on the side rails - Copy.png",True
"C:\Users\user\UI-TARS-desktop\public\kelly\phases\002\wisdom.png","wisdom.png","C:\Users\user\UI-TARS-desktop\public\kelly\phases\002",MATCH,73.5,0.2653,"Curious Kelly in final pose in Chair - UI elements will go on the side rails - Copy.png",True
"C:\Users\user\UI-TARS-desktop\public\kelly\phases\003\hook.png","hook.png","C:\Users\user\UI-TARS-desktop\public\kelly\phases\003",MATCH,62.3,0.3775,"Curious Kelly in final pose in Chair - UI elements will go on the side rails - Copy.png",True
"C:\Users\user\UI-TARS-desktop\public\kelly\phases\003\q1.png","q1.png","C:\Users\user\UI-TARS-desktop\public\kelly\phases\003",SUSPICIOUS,55.3,0.4474,"Curious Kelly in final pose in Chair - UI elements will go on the side rails - Copy.png",True
"C:\Users\user\UI-TARS-desktop\public\kelly\phases\003\q2.png","q2.png","C:\Users\user\UI-TARS-desktop\public\kelly\phases\003",MATCH,67.9,0.3212,"neutral face with hair.png",True
"C:\Users\user\UI-TARS-desktop\public\kelly\phases\003\q3.png","q3.png","C:\Users\user\UI-TARS-desktop\public\kelly\phases\003",SUSPICIOUS,47.0,0.5304,"head and shoulders without chair.png",True
"C:\Users\user\UI-TARS-desktop\public\kelly\phases\003\wisdom.png","wisdom.png","C:\Users\user\UI-TARS-desktop\public\kelly\phases\003",MATCH,67.2,0.3282,"Curious Kelly in final pose in Chair - UI elements will go on the side rails - Copy.png",True
"C:\Users\user\UI-TARS-desktop\public\kelly\phases\004\hook.png","hook.png","C:\Users\user\UI-TARS-desktop\public\kelly\phases\004",MATCH,84.3,0.1570,"Curious Kelly in final pose in Chair - UI elements will go on the side rails - Copy.png",True
"C:\Users\user\UI-TARS-desktop\public\kelly\phases\004\q1.png","q1.png","C:\Users\user\UI-TARS-desktop\public\kelly\phases\004",MATCH,70.1,0.2993,"neutral face with hair.png",True
"C:\Users\user\UI-TARS-desktop\public\kelly\phases\004\q2.png","q2.png","C:\Users\user\UI-TARS-desktop\public\kelly\phases\004",MATCH,67.2,0.3285,"Curious Kelly in final pose in Chair - UI elements will go on the side rails - Copy.png",True
"C:\Users\user\UI-TARS-desktop\public\kelly\phases\004\q3.png","q3.png","C:\Users\user\UI-TARS-desktop\public\kelly\phases\004",MATCH,65.6,0.3444,"slightly turning her head.png",True
"C:\Users\user\UI-TARS-desktop\public\kelly\phases\004\wisdom.png","wisdom.png","C:\Users\user\UI-TARS-desktop\public\kelly\phases\004",MATCH,70.0,0.3005,"Curious Kelly in final pose in Chair - UI elements will go on the side rails - Copy.png",True
"C:\Users\user\UI-TARS-desktop\public\kelly\phases\005\hook.png","hook.png","C:\Users\user\UI-TARS-desktop\public\kelly\phases\005",SUSPICIOUS,58.9,0.4114,"head and shoulders without chair.png",True
"C:\Users\user\UI-TARS-desktop\public\kelly\phases\005\q1.png","q1.png","C:\Users\user\UI-TARS-desktop\public\kelly\phases\005",MATCH,72.4,0.2758,"Curious Kelly in final pose in Chair - UI elements will go on the side rails - Copy.png",True
"C:\Users\user\UI-TARS-desktop\public\kelly\phases\005\q2.png","q2.png","C:\Users\user\UI-TARS-desktop\public\kelly\phases\005",MATCH,71.3,0.2871,"Curious Kelly in final pose in Chair - UI elements will go on the side rails - Copy.png",True
"C:\Users\user\UI-TARS-desktop\public\kelly\phases\005\q3.png","q3.png","C:\Users\user\UI-TARS-desktop\public\kelly\phases\005",MATCH,78.5,0.2145,"Curious Kelly in final pose in Chair - UI elements will go on the side rails - Copy.png",True
"C:\Users\user\UI-TARS-desktop\public\kelly\phases\005\wisdom.png","wisdom.png","C:\Users\user\UI-TARS-desktop\public\kelly\phases\005",MATCH,79.5,0.2050,"Curious Kelly in final pose in Chair - UI elements will go on the side rails - Copy.png",True
"C:\Users\user\UI-TARS-desktop\public\kelly\phases\006\hook.png","hook.png","C:\Users\user\UI-TARS-desktop\public\kelly\phases\006",MATCH,84.1,0.1585,"Curious Kelly in final pose in Chair - UI elements will go on the side rails - Copy.png",True
"C:\Users\user\UI-TARS-desktop\public\kelly\phases\006\q2.png","q2.png","C:\Users\user\UI-TARS-desktop\public\kelly\phases\006",SUSPICIOUS,61.1,0.3887,"Curious Kelly in final pose in Chair - UI elements will go on the side rails - Copy.png",True
"C:\Users\user\UI-TARS-desktop\public\kelly\phases\006\q3.png","q3.png","C:\Users\user\UI-TARS-desktop\public\kelly\phases\006",MATCH,61.5,0.3845,"Curious Kelly in final pose in Chair - UI elements will go on the side rails - Copy.png",True
"C:\Users\user\UI-TARS-desktop\public\kelly\phases\006\wisdom.png","wisdom.png","C:\Users\user\UI-TARS-desktop\public\kelly\phases\006",MATCH,76.3,0.2371,"slightly turning her head.png",True
"C:\Users\user\UI-TARS-desktop\public\kelly\phases\007\hook.png","hook.png","C:\Users\user\UI-TARS-desktop\public\kelly\phases\007",MATCH,75.5,0.2448,"head and shoulders without chair.png",True
"C:\Users\user\UI-TARS-desktop\public\kelly\phases\007\q1.png","q1.png","C:\Users\user\UI-TARS-desktop\public\kelly\phases\007",MATCH,72.5,0.2751,"neutral face with hair.png",True
"C:\Users\user\UI-TARS-desktop\public\kelly\phases\007\q2.png","q2.png","C:\Users\user\UI-TARS-desktop\public\kelly\phases\007",NO_MATCH,42.4,0.5763,"neutral face with hair.png",True
"C:\Users\user\UI-TARS-desktop\public\kelly\phases\007\q3.png","q3.png","C:\Users\user\UI-TARS-desktop\public\kelly\phases\007",MATCH,70.4,0.2960,"slightly turning her head.png",True
"C:\Users\user\UI-TARS-desktop\public\kelly\phases\007\wisdom.png","wisdom.png","C:\Users\user\UI-TARS-desktop\public\kelly\phases\007",MATCH,75.8,0.2424,"Curious Kelly in final pose in Chair - UI elements will go on the side rails - Copy.png",True
"C:\Users\user\UI-TARS-desktop\public\kelly\phases\008\hook.png","hook.png","C:\Users\user\UI-TARS-desktop\public\kelly\phases\008",MATCH,85.8,0.1423,"Curious Kelly in final pose in Chair - UI elements will go on the side rails - Copy.png",True
"C:\Users\user\UI-TARS-desktop\public\kelly\phases\008\q1.png","q1.png","C:\Users\user\UI-TARS-desktop\public\kelly\phases\008",MATCH,72.8,0.2718,"head and shoulders without chair.png",True
"C:\Users\user\UI-TARS-desktop\public\kelly\phases\008\q2.png","q2.png","C:\Users\user\UI-TARS-desktop\public\kelly\phases\008",MATCH,65.3,0.3468,"head and shoulders without chair.png",True
"C:\Users\user\UI-TARS-desktop\public\kelly\phases\008\q3.png","q3.png","C:\Users\user\UI-TARS-desktop\public\kelly\phases\008",MATCH,78.9,0.2114,"Curious Kelly in final pose in Chair - UI elements will go on the side rails - Copy.png",True
"C:\Users\user\UI-TARS-desktop\public\kelly\phases\008\wisdom.png","wisdom.png","C:\Users\user\UI-TARS-desktop\public\kelly\phases\008",MATCH,79.4,0.2058,"Curious Kelly in final pose in Chair - UI elements will go on the side rails - Copy.png",True
"C:\Users\user\UI-TARS-desktop\public\kelly\phases\009\hook.png","hook.png","C:\Users\user\UI-TARS-desktop\public\kelly\phases\009",MATCH,76.1,0.2388,"Curious Kelly in final pose in Chair - UI elements will go on the side rails - Copy.png",True
"C:\Users\user\UI-TARS-desktop\public\kelly\phases\009\q1.png","q1.png","C:\Users\user\UI-TARS-desktop\public\kelly\phases\009",SUSPICIOUS,60.6,0.3941,"Curious Kelly in final pose in Chair - UI elements will go on the side rails - Copy.png",True
"C:\Users\user\UI-TARS-desktop\public\kelly\phases\009\q2.png","q2.png","C:\Users\user\UI-TARS-desktop\public\kelly\phases\009",MATCH,67.8,0.3222,"Curious Kelly in final pose in Chair - UI elements will go on the side rails - Copy.png",True
"C:\Users\user\UI-TARS-desktop\public\kelly\phases\009\q3.png","q3.png","C:\Users\user\UI-TARS-desktop\public\kelly\phases\009",MATCH,78.7,0.2133,"Curious Kelly in final pose in Chair - UI elements will go on the side rails - Copy.png",True
"C:\Users\user\UI-TARS-desktop\public\kelly\phases\009\wisdom.png","wisdom.png","C:\Users\user\UI-TARS-desktop\public\kelly\phases\009",MATCH,65.9,0.3414,"head and shoulders without chair.png",True
"C:\Users\user\UI-TARS-desktop\public\kelly\phases\010\hook.png","hook.png","C:\Users\user\UI-TARS-desktop\public\kelly\phases\010",MATCH,82.5,0.1747,"Curious Kelly in final pose in Chair - UI elements will go on the side rails - Copy.png",True
"C:\Users\user\UI-TARS-desktop\public\kelly\phases\010\q1.png","q1.png","C:\Users\user\UI-TARS-desktop\public\kelly\phases\010",MATCH,76.6,0.2337,"Curious Kelly in final pose in Chair - UI elements will go on the side rails - Copy.png",True
"C:\Users\user\UI-TARS-desktop\public\kelly\phases\010\q2.png","q2.png","C:\Users\user\UI-TARS-desktop\public\kelly\phases\010",MATCH,63.3,0.3672,"Curious Kelly in final pose in Chair - UI elements will go on the side rails - Copy.png",True
"C:\Users\user\UI-TARS-desktop\public\kelly\phases\010\q3.png","q3.png","C:\Users\user\UI-TARS-desktop\public\kelly\phases\010",MATCH,81.2,0.1879,"Curious Kelly in final pose in Chair - UI elements will go on the side rails - Copy.png",True
"C:\Users\user\UI-TARS-desktop\public\kelly\phases\010\wisdom.png","wisdom.png","C:\Users\user\UI-TARS-desktop\public\kelly\phases\010",MATCH,67.5,0.3253,"head and shoulders without chair.png",True
"C:\Users\user\UI-TARS-desktop\public\kelly\phases\011\hook.png","hook.png","C:\Users\user\UI-TARS-desktop\public\kelly\phases\011",MATCH,83.3,0.1672,"Curious Kelly in final pose in Chair - UI elements will go on the side rails - Copy.png",True
"C:\Users\user\UI-TARS-desktop\public\kelly\phases\011\q1.png","q1.png","C:\Users\user\UI-TARS-desktop\public\kelly\phases\011",SUSPICIOUS,58.1,0.4189,"slightly turning her head.png",True
"C:\Users\user\UI-TARS-desktop\public\kelly\phases\011\q2.png","q2.png","C:\Users\user\UI-TARS-desktop\public\kelly\phases\011",MATCH,63.7,0.3626,"head and shoulders without chair.png",True
"C:\Users\user\UI-TARS-desktop\public\kelly\phases\011\q3.png","q3.png","C:\Users\user\UI-TARS-desktop\public\kelly\phases\011",MATCH,77.3,0.2271,"Curious Kelly in final pose in Chair - UI elements will go on the side rails - Copy.png",True
"C:\Users\user\UI-TARS-desktop\public\kelly\phases\012\hook.png","hook.png","C:\Users\user\UI-TARS-desktop\public\kelly\phases\012",MATCH,71.9,0.2809,"Curious Kelly in final pose in Chair - UI elements will go on the side rails - Copy.png",True
"C:\Users\user\UI-TARS-desktop\public\kelly\phases\012\q1.png","q1.png","C:\Users\user\UI-TARS-desktop\public\kelly\phases\012",MATCH,70.3,0.2971,"Curious Kelly in final pose in Chair - UI elements will go on the side rails - Copy.png",True
"C:\Users\user\UI-TARS-desktop\public\kelly\phases\012\q2.png","q2.png","C:\Users\user\UI-TARS-desktop\public\kelly\phases\012",SUSPICIOUS,55.5,0.4452,"Curious Kelly in final pose in Chair - UI elements will go on the side rails - Copy.png",True
"C:\Users\user\UI-TARS-desktop\public\kelly\phases\012\q3.png","q3.png","C:\Users\user\UI-TARS-desktop\public\kelly\phases\012",MATCH,73.6,0.2644,"Curious Kelly in final pose in Chair - UI elements will go on the side rails - Copy.png",True
"C:\Users\user\UI-TARS-desktop\public\kelly\phases\012\wisdom.png","wisdom.png","C:\Users\user\UI-TARS-desktop\public\kelly\phases\012",SUSPICIOUS,53.2,0.4675,"Curious Kelly in final pose in Chair - UI elements will go on the side rails - Copy.png",True
"C:\Users\user\UI-TARS-desktop\public\kelly\phases\013\hook.png","hook.png","C:\Users\user\UI-TARS-desktop\public\kelly\phases\013",MATCH,75.2,0.2479,"Curious Kelly in final pose in Chair - UI elements will go on the side rails - Copy.png",True
"C:\Users\user\UI-TARS-desktop\public\kelly\phases\013\q1.png","q1.png","C:\Users\user\UI-TARS-desktop\public\kelly\phases\013",MATCH,62.8,0.3723,"Curious Kelly in final pose in Chair - UI elements will go on the side rails - Copy.png",True
"C:\Users\user\UI-TARS-desktop\public\kelly\phases\013\q2.png","q2.png","C:\Users\user\UI-TARS-desktop\public\kelly\phases\013",MATCH,63.4,0.3660,"Curious Kelly in final pose in Chair - UI elements will go on the side rails - Copy.png",True
"C:\Users\user\UI-TARS-desktop\public\kelly\phases\013\q3.png","q3.png","C:\Users\user\UI-TARS-desktop\public\kelly\phases\013",MATCH,64.9,0.3510,"head and shoulders without chair.png",True
"C:\Users\user\UI-TARS-desktop\public\kelly\phases\013\wisdom.png","wisdom.png","C:\Users\user\UI-TARS-desktop\public\kelly\phases\013",MATCH,67.3,0.3269,"head and shoulders without chair.png",True
"C:\Users\user\UI-TARS-desktop\public\kelly\phases\014\hook.png","hook.png","C:\Users\user\UI-TARS-desktop\public\kelly\phases\014",MATCH,74.0,0.2599,"head and shoulders without chair.png",True
"C:\Users\user\UI-TARS-desktop\public\kelly\phases\014\q1.png","q1.png","C:\Users\user\UI-TARS-desktop\public\kelly\phases\014",MATCH,73.5,0.2653,"Curious Kelly in final pose in Chair - UI elements will go on the side rails - Copy.png",True
"C:\Users\user\UI-TARS-desktop\public\kelly\phases\014\q2.png","q2.png","C:\Users\user\UI-TARS-desktop\public\kelly\phases\014",MATCH,75.5,0.2452,"Curious Kelly in final pose in Chair - UI elements will go on the side rails - Copy.png",True
"C:\Users\user\UI-TARS-desktop\public\kelly\phases\014\q3.png","q3.png","C:\Users\user\UI-TARS-desktop\public\kelly\phases\014",MATCH,85.8,0.1419,"Curious Kelly in final pose in Chair - UI elements will go on the side rails - Copy.png",True
"C:\Users\user\UI-TARS-desktop\public\kelly\phases\014\wisdom.png","wisdom.png","C:\Users\user\UI-TARS-desktop\public\kelly\phases\014",MATCH,71.2,0.2885,"Curious Kelly in final pose in Chair - UI elements will go on the side rails - Copy.png",True
"C:\Users\user\UI-TARS-desktop\public\kelly\phases\015\hook.png","hook.png","C:\Users\user\UI-TARS-desktop\public\kelly\phases\015",MATCH,78.6,0.2138,"head and shoulders without chair.png",True
"C:\Users\user\UI-TARS-desktop\public\kelly\phases\015\q1.png","q1.png","C:\Users\user\UI-TARS-desktop\public\kelly\phases\015",MATCH,70.3,0.2966,"Curious Kelly in final pose in Chair - UI elements will go on the side rails - Copy.png",True
"C:\Users\user\UI-TARS-desktop\public\kelly\phases\015\q2.png","q2.png","C:\Users\user\UI-TARS-desktop\public\kelly\phases\015",MATCH,70.1,0.2989,"head and shoulders without chair.png",True
"C:\Users\user\UI-TARS-desktop\public\kelly\phases\015\q3.png","q3.png","C:\Users\user\UI-TARS-desktop\public\kelly\phases\015",MATCH,70.8,0.2924,"head and shoulders without chair.png",True
"C:\Users\user\UI-TARS-desktop\public\kelly\phases\015\wisdom.png","wisdom.png","C:\Users\user\UI-TARS-desktop\public\kelly\phases\015",MATCH,69.7,0.3030,"Curious Kelly in final pose in Chair - UI elements will go on the side rails - Copy.png",True
"C:\Users\user\UI-TARS-desktop\public\kelly\phases\016\hook.png","hook.png","C:\Users\user\UI-TARS-desktop\public\kelly\phases\016",MATCH,75.1,0.2490,"Curious Kelly in final pose in Chair - UI elements will go on the side rails - Copy.png",True
"C:\Users\user\UI-TARS-desktop\public\kelly\phases\016\q1.png","q1.png","C:\Users\user\UI-TARS-desktop\public\kelly\phases\016",MATCH,65.3,0.3472,"head and shoulders without chair.png",True
"C:\Users\user\UI-TARS-desktop\public\kelly\phases\016\q2.png","q2.png","C:\Users\user\UI-TARS-desktop\public\kelly\phases\016",MATCH,63.4,0.3661,"Curious Kelly in final pose in Chair - UI elements will go on the side rails - Copy.png",True
"C:\Users\user\UI-TARS-desktop\public\kelly\phases\016\q3.png","q3.png","C:\Users\user\UI-TARS-desktop\public\kelly\phases\016",MATCH,72.1,0.2790,"Curious Kelly in final pose in Chair - UI elements will go on the side rails - Copy.png",True
"C:\Users\user\UI-TARS-desktop\public\kelly\phases\016\wisdom.png","wisdom.png","C:\Users\user\UI-TARS-desktop\public\kelly\phases\016",SUSPICIOUS,60.6,0.3938,"Curious Kelly in final pose in Chair - UI elements will go on the side rails - Copy.png",True
"C:\Users\user\UI-TARS-desktop\public\kelly\phases\017\hook.png","hook.png","C:\Users\user\UI-TARS-desktop\public\kelly\phases\017",MATCH,70.8,0.2921,"head and shoulders without chair.png",True
"C:\Users\user\UI-TARS-desktop\public\kelly\phases\017\q1.png","q1.png","C:\Users\user\UI-TARS-desktop\public\kelly\phases\017",MATCH,71.5,0.2850,"Curious Kelly in final pose in Chair - UI elements will go on the side rails - Copy.png",True
"C:\Users\user\UI-TARS-desktop\public\kelly\phases\017\q3.png","q3.png","C:\Users\user\UI-TARS-desktop\public\kelly\phases\017",MATCH,81.3,0.1869,"Curious Kelly in final pose in Chair - UI elements will go on the side rails - Copy.png",True
"C:\Users\user\UI-TARS-desktop\public\kelly\phases\017\wisdom.png","wisdom.png","C:\Users\user\UI-TARS-desktop\public\kelly\phases\017",MATCH,67.3,0.3271,"Curious Kelly in final pose in Chair - UI elements will go on the side rails - Copy.png",True
"C:\Users\user\UI-TARS-desktop\public\kelly\phases\018\hook.png","hook.png","C:\Users\user\UI-TARS-desktop\public\kelly\phases\018",MATCH,81.0,0.1898,"Curious Kelly in final pose in Chair - UI elements will go on the side rails - Copy.png",True
"C:\Users\user\UI-TARS-desktop\public\kelly\phases\018\q1.png","q1.png","C:\Users\user\UI-TARS-desktop\public\kelly\phases\018",SUSPICIOUS,49.9,0.5010,"neutral face with hair.png",True
"C:\Users\user\UI-TARS-desktop\public\kelly\phases\018\q2.png","q2.png","C:\Users\user\UI-TARS-desktop\public\kelly\phases\018",MATCH,88.2,0.1175,"neutral face with hair.png",True
"C:\Users\user\UI-TARS-desktop\public\kelly\phases\018\q3.png","q3.png","C:\Users\user\UI-TARS-desktop\public\kelly\phases\018",MATCH,79.0,0.2099,"Curious Kelly in final pose in Chair - UI elements will go on the side rails - Copy.png",True
"C:\Users\user\UI-TARS-desktop\public\kelly\phases\018\wisdom.png","wisdom.png","C:\Users\user\UI-TARS-desktop\public\kelly\phases\018",MATCH,76.2,0.2379,"Curious Kelly in final pose in Chair - UI elements will go on the side rails - Copy.png",True
"C:\Users\user\UI-TARS-desktop\public\kelly\phases\019\hook.png","hook.png","C:\Users\user\UI-TARS-desktop\public\kelly\phases\019",MATCH,88.6,0.1139,"Curious Kelly in final pose in Chair - UI elements will go on the side rails - Copy.png",True
"C:\Users\user\UI-TARS-desktop\public\kelly\phases\019\q1.png","q1.png","C:\Users\user\UI-TARS-desktop\public\kelly\phases\019",MATCH,69.0,0.3098,"head and shoulders without chair.png",True
"C:\Users\user\UI-TARS-desktop\public\kelly\phases\019\q2.png","q2.png","C:\Users\user\UI-TARS-desktop\public\kelly\phases\019",MATCH,64.9,0.3510,"Curious Kelly in final pose in Chair - UI elements will go on the side rails - Copy.png",True
"C:\Users\user\UI-TARS-desktop\public\kelly\phases\019\q3.png","q3.png","C:\Users\user\UI-TARS-desktop\public\kelly\phases\019",MATCH,66.3,0.3366,"Curious Kelly in final pose in Chair - UI elements will go on the side rails - Copy.png",True
"C:\Users\user\UI-TARS-desktop\public\kelly\phases\019\wisdom.png","wisdom.png","C:\Users\user\UI-TARS-desktop\public\kelly\phases\019",MATCH,86.2,0.1381,"Curious Kelly in final pose in Chair - UI elements will go on the side rails - Copy.png",True
"C:\Users\user\UI-TARS-desktop\public\kelly\phases\020\hook.png","hook.png","C:\Users\user\UI-TARS-desktop\public\kelly\phases\020",MATCH,82.3,0.1769,"Curious Kelly in final pose in Chair - UI elements will go on the side rails - Copy.png",True
"C:\Users\user\UI-TARS-desktop\public\kelly\phases\020\q1.png","q1.png","C:\Users\user\UI-TARS-desktop\public\kelly\phases\020",MATCH,71.4,0.2863,"neutral face with hair.png",True
"C:\Users\user\UI-TARS-desktop\public\kelly\phases\020\q2.png","q2.png","C:\Users\user\UI-TARS-desktop\public\kelly\phases\020",MATCH,72.4,0.2761,"Curious Kelly in final pose in Chair - UI elements will go on the side rails - Copy.png",True
"C:\Users\user\UI-TARS-desktop\public\kelly\phases\020\q3.png","q3.png","C:\Users\user\UI-TARS-desktop\public\kelly\phases\020",MATCH,77.7,0.2233,"Curious Kelly in final pose in Chair - UI elements will go on the side rails - Copy.png",True
"C:\Users\user\UI-TARS-desktop\public\kelly\phases\020\wisdom.png","wisdom.png","C:\Users\user\UI-TARS-desktop\public\kelly\phases\020",MATCH,77.5,0.2246,"Curious Kelly in final pose in Chair - UI elements will go on the side rails - Copy.png",True
"C:\Users\user\UI-TARS-desktop\public\kelly\phases\021\hook.png","hook.png","C:\Users\user\UI-TARS-desktop\public\kelly\phases\021",MATCH,82.1,0.1788,"head and shoulders without chair.png",True
"C:\Users\user\UI-TARS-desktop\public\kelly\phases\021\q1.png","q1.png","C:\Users\user\UI-TARS-desktop\public\kelly\phases\021",MATCH,71.8,0.2822,"neutral face with hair.png",True
"C:\Users\user\UI-TARS-desktop\public\kelly\phases\021\q2.png","q2.png","C:\Users\user\UI-TARS-desktop\public\kelly\phases\021",MATCH,64.1,0.3590,"head and shoulders without chair.png",True
"C:\Users\user\UI-TARS-desktop\public\kelly\phases\021\q3.png","q3.png","C:\Users\user\UI-TARS-desktop\public\kelly\phases\021",MATCH,81.8,0.1819,"head and shoulders without chair.png",True
"C:\Users\user\UI-TARS-desktop\public\kelly\phases\021\wisdom.png","wisdom.png","C:\Users\user\UI-TARS-desktop\public\kelly\phases\021",MATCH,67.2,0.3283,"Curious Kelly in final pose in Chair - UI elements will go on the side rails - Copy.png",True
"C:\Users\user\UI-TARS-desktop\public\kelly\phases\022\hook.png","hook.png","C:\Users\user\UI-TARS-desktop\public\kelly\phases\022",MATCH,65.5,0.3452,"Curious Kelly in final pose in Chair - UI elements will go on the side rails - Copy.png",True
"C:\Users\user\UI-TARS-desktop\public\kelly\phases\022\q1.png","q1.png","C:\Users\user\UI-TARS-desktop\public\kelly\phases\022",MATCH,73.3,0.2668,"head and shoulders without chair.png",True
"C:\Users\user\UI-TARS-desktop\public\kelly\phases\022\q2.png","q2.png","C:\Users\user\UI-TARS-desktop\public\kelly\phases\022",MATCH,69.9,0.3009,"head and shoulders without chair.png",True
"C:\Users\user\UI-TARS-desktop\public\kelly\phases\022\q3.png","q3.png","C:\Users\user\UI-TARS-desktop\public\kelly\phases\022",MATCH,80.6,0.1939,"Curious Kelly in final pose in Chair - UI elements will go on the side rails - Copy.png",True
"C:\Users\user\UI-TARS-desktop\public\kelly\phases\022\wisdom.png","wisdom.png","C:\Users\user\UI-TARS-desktop\public\kelly\phases\022",MATCH,78.1,0.2188,"Curious Kelly in final pose in Chair - UI elements will go on the side rails - Copy.png",True
"C:\Users\user\UI-TARS-desktop\public\kelly\phases\023\hook.png","hook.png","C:\Users\user\UI-TARS-desktop\public\kelly\phases\023",MATCH,73.2,0.2681,"Curious Kelly in final pose in Chair - UI elements will go on the side rails - Copy.png",True
"C:\Users\user\UI-TARS-desktop\public\kelly\phases\023\q1.png","q1.png","C:\Users\user\UI-TARS-desktop\public\kelly\phases\023",SUSPICIOUS,58.7,0.4130,"head and shoulders without chair.png",True
"C:\Users\user\UI-TARS-desktop\public\kelly\phases\023\q2.png","q2.png","C:\Users\user\UI-TARS-desktop\public\kelly\phases\023",MATCH,89.4,0.1056,"Curious Kelly in final pose in Chair - UI elements will go on the side rails - Copy.png",True
"C:\Users\user\UI-TARS-desktop\public\kelly\phases\023\q3.png","q3.png","C:\Users\user\UI-TARS-desktop\public\kelly\phases\023",MATCH,71.8,0.2816,"head and shoulders without chair.png",True
"C:\Users\user\UI-TARS-desktop\public\kelly\phases\023\wisdom.png","wisdom.png","C:\Users\user\UI-TARS-desktop\public\kelly\phases\023",MATCH,75.8,0.2423,"Curious Kelly in final pose in Chair - UI elements will go on the side rails - Copy.png",True
"C:\Users\user\UI-TARS-desktop\public\kelly\phases\024\hook.png","hook.png","C:\Users\user\UI-TARS-desktop\public\kelly\phases\024",MATCH,62.5,0.3749,"head and shoulders without chair.png",True
"C:\Users\user\UI-TARS-desktop\public\kelly\phases\024\q1.png","q1.png","C:\Users\user\UI-TARS-desktop\public\kelly\phases\024",MATCH,67.9,0.3210,"Curious Kelly in final pose in Chair - UI elements will go on the side rails - Copy.png",True
"C:\Users\user\UI-TARS-desktop\public\kelly\phases\024\q2.png","q2.png","C:\Users\user\UI-TARS-desktop\public\kelly\phases\024",MATCH,70.3,0.2967,"head and shoulders without chair.png",True
"C:\Users\user\UI-TARS-desktop\public\kelly\phases\024\q3.png","q3.png","C:\Users\user\UI-TARS-desktop\public\kelly\phases\024",MATCH,78.7,0.2131,"Curious Kelly in final pose in Chair - UI elements will go on the side rails - Copy.png",True
"C:\Users\user\UI-TARS-desktop\public\kelly\phases\024\wisdom.png","wisdom.png","C:\Users\user\UI-TARS-desktop\public\kelly\phases\024",MATCH,76.7,0.2328,"Curious Kelly in final pose in Chair - UI elements will go on the side rails - Copy.png",True
"C:\Users\user\UI-TARS-desktop\public\kelly\phases\025\hook.png","hook.png","C:\Users\user\UI-TARS-desktop\public\kelly\phases\025",MATCH,74.2,0.2576,"head and shoulders without chair.png",True
"C:\Users\user\UI-TARS-desktop\public\kelly\phases\025\q1.png","q1.png","C:\Users\user\UI-TARS-desktop\public\kelly\phases\025",MATCH,71.9,0.2812,"neutral face with hair.png",True
"C:\Users\user\UI-TARS-desktop\public\kelly\phases\025\q2.png","q2.png","C:\Users\user\UI-TARS-desktop\public\kelly\phases\025",SUSPICIOUS,47.9,0.5212,"head and shoulders without chair.png",True
"C:\Users\user\UI-TARS-desktop\public\kelly\phases\025\q3.png","q3.png","C:\Users\user\UI-TARS-desktop\public\kelly\phases\025",MATCH,81.4,0.1857,"Curious Kelly in final pose in Chair - UI elements will go on the side rails - Copy.png",True
"C:\Users\user\UI-TARS-desktop\public\kelly\phases\025\wisdom.png","wisdom.png","C:\Users\user\UI-TARS-desktop\public\kelly\phases\025",MATCH,76.0,0.2397,"Curious Kelly in final pose in Chair - UI elements will go on the side rails - Copy.png",True
"C:\Users\user\UI-TARS-desktop\public\kelly\phases\026\hook.png","hook.png","C:\Users\user\UI-TARS-desktop\public\kelly\phases\026",MATCH,65.6,0.3438,"Curious Kelly in final pose in Chair - UI elements will go on the side rails - Copy.png",True
"C:\Users\user\UI-TARS-desktop\public\kelly\phases\026\q1.png","q1.png","C:\Users\user\UI-TARS-desktop\public\kelly\phases\026",MATCH,69.2,0.3077,"head and shoulders without chair.png",True
"C:\Users\user\UI-TARS-desktop\public\kelly\phases\026\q2.png","q2.png","C:\Users\user\UI-TARS-desktop\public\kelly\phases\026",MATCH,62.0,0.3797,"head and shoulders without chair.png",True
"C:\Users\user\UI-TARS-desktop\public\kelly\phases\026\q3.png","q3.png","C:\Users\user\UI-TARS-desktop\public\kelly\phases\026",MATCH,72.6,0.2739,"Curious Kelly in final pose in Chair - UI elements will go on the side rails - Copy.png",True
"C:\Users\user\UI-TARS-desktop\public\kelly\phases\026\wisdom.png","wisdom.png","C:\Users\user\UI-TARS-desktop\public\kelly\phases\026",MATCH,63.4,0.3655,"head and shoulders without chair.png",True
"C:\Users\user\UI-TARS-desktop\public\kelly\phases\027\hook.png","hook.png","C:\Users\user\UI-TARS-desktop\public\kelly\phases\027",MATCH,79.1,0.2092,"Curious Kelly in final pose in Chair - UI elements will go on the side rails - Copy.png",True
"C:\Users\user\UI-TARS-desktop\public\kelly\phases\027\q1.png","q1.png","C:\Users\user\UI-TARS-desktop\public\kelly\phases\027",SUSPICIOUS,59.3,0.4073,"head and shoulders without chair.png",True
"C:\Users\user\UI-TARS-desktop\public\kelly\phases\027\q2.png","q2.png","C:\Users\user\UI-TARS-desktop\public\kelly\phases\027",SUSPICIOUS,60.2,0.3975,"Curious Kelly in final pose in Chair - UI elements will go on the side rails - Copy.png",True
"C:\Users\user\UI-TARS-desktop\public\kelly\phases\027\q3.png","q3.png","C:\Users\user\UI-TARS-desktop\public\kelly\phases\027",MATCH,79.0,0.2098,"head and shoulders without chair.png",True
"C:\Users\user\UI-TARS-desktop\public\kelly\phases\027\wisdom.png","wisdom.png","C:\Users\user\UI-TARS-desktop\public\kelly\phases\027",MATCH,70.1,0.2986,"Curious Kelly in final pose in Chair - UI elements will go on the side rails - Copy.png",True
"C:\Users\user\UI-TARS-desktop\public\kelly\phases\028\hook.png","hook.png","C:\Users\user\UI-TARS-desktop\public\kelly\phases\028",MATCH,84.1,0.1590,"Curious Kelly in final pose in Chair - UI elements will go on the side rails - Copy.png",True
"C:\Users\user\UI-TARS-desktop\public\kelly\phases\028\q1.png","q1.png","C:\Users\user\UI-TARS-desktop\public\kelly\phases\028",MATCH,74.5,0.2547,"Curious Kelly in final pose in Chair - UI elements will go on the side rails - Copy.png",True
"C:\Users\user\UI-TARS-desktop\public\kelly\phases\028\q2.png","q2.png","C:\Users\user\UI-TARS-desktop\public\kelly\phases\028",MATCH,69.9,0.3006,"head and shoulders without chair.png",True
"C:\Users\user\UI-TARS-desktop\public\kelly\phases\028\q3.png","q3.png","C:\Users\user\UI-TARS-desktop\public\kelly\phases\028",MATCH,64.7,0.3535,"head and shoulders without chair.png",True
"C:\Users\user\UI-TARS-desktop\public\kelly\phases\028\wisdom.png","wisdom.png","C:\Users\user\UI-TARS-desktop\public\kelly\phases\028",MATCH,82.4,0.1762,"Curious Kelly in final pose in Chair - UI elements will go on the side rails - Copy.png",True
"C:\Users\user\UI-TARS-desktop\public\kelly\phases\029\hook.png","hook.png","C:\Users\user\UI-TARS-desktop\public\kelly\phases\029",MATCH,80.0,0.1995,"Curious Kelly in final pose in Chair - UI elements will go on the side rails - Copy.png",True
"C:\Users\user\UI-TARS-desktop\public\kelly\phases\029\q1.png","q1.png","C:\Users\user\UI-TARS-desktop\public\kelly\phases\029",MATCH,68.1,0.3189,"slightly turning her head.png",True
"C:\Users\user\UI-TARS-desktop\public\kelly\phases\029\q2.png","q2.png","C:\Users\user\UI-TARS-desktop\public\kelly\phases\029",MATCH,70.7,0.2928,"Curious Kelly in final pose in Chair - UI elements will go on the side rails - Copy.png",True
"C:\Users\user\UI-TARS-desktop\public\kelly\phases\029\q3.png","q3.png","C:\Users\user\UI-TARS-desktop\public\kelly\phases\029",MATCH,82.2,0.1783,"Curious Kelly in final pose in Chair - UI elements will go on the side rails - Copy.png",True
"C:\Users\user\UI-TARS-desktop\public\kelly\phases\029\wisdom.png","wisdom.png","C:\Users\user\UI-TARS-desktop\public\kelly\phases\029",MATCH,76.1,0.2392,"neutral face with hair.png",True
"C:\Users\user\UI-TARS-desktop\public\kelly\phases\030\hook.png","hook.png","C:\Users\user\UI-TARS-desktop\public\kelly\phases\030",MATCH,82.9,0.1707,"Curious Kelly in final pose in Chair - UI elements will go on the side rails - Copy.png",True
"C:\Users\user\UI-TARS-desktop\public\kelly\phases\030\q1.png","q1.png","C:\Users\user\UI-TARS-desktop\public\kelly\phases\030",MATCH,72.0,0.2800,"Curious Kelly in final pose in Chair - UI elements will go on the side rails - Copy.png",True
"C:\Users\user\UI-TARS-desktop\public\kelly\phases\030\q2.png","q2.png","C:\Users\user\UI-TARS-desktop\public\kelly\phases\030",MATCH,70.6,0.2944,"neutral face with hair.png",True
"C:\Users\user\UI-TARS-desktop\public\kelly\phases\030\q3.png","q3.png","C:\Users\user\UI-TARS-desktop\public\kelly\phases\030",MATCH,74.0,0.2596,"slightly turning her head.png",True
"C:\Users\user\UI-TARS-desktop\public\kelly\phases\030\wisdom.png","wisdom.png","C:\Users\user\UI-TARS-desktop\public\kelly\phases\030",MATCH,66.7,0.3332,"head and shoulders without chair.png",True
"C:\Users\user\UI-TARS-desktop\public\kelly\phases\031\hook.png","hook.png","C:\Users\user\UI-TARS-desktop\public\kelly\phases\031",MATCH,72.4,0.2757,"Curious Kelly in final pose in Chair - UI elements will go on the side rails - Copy.png",True
"C:\Users\user\UI-TARS-desktop\public\kelly\phases\031\q1.png","q1.png","C:\Users\user\UI-TARS-desktop\public\kelly\phases\031",MATCH,62.3,0.3767,"Curious Kelly in final pose in Chair - UI elements will go on the side rails - Copy.png",True
"C:\Users\user\UI-TARS-desktop\public\kelly\phases\031\q2.png","q2.png","C:\Users\user\UI-TARS-desktop\public\kelly\phases\031",SUSPICIOUS,58.6,0.4143,"head and shoulders without chair.png",True
"C:\Users\user\UI-TARS-desktop\public\kelly\phases\031\q3.png","q3.png","C:\Users\user\UI-TARS-desktop\public\kelly\phases\031",MATCH,62.4,0.3762,"head and shoulders without chair.png",True
"C:\Users\user\UI-TARS-desktop\public\kelly\phases\031\wisdom.png","wisdom.png","C:\Users\user\UI-TARS-desktop\public\kelly\phases\031",MATCH,69.6,0.3042,"Curious Kelly in final pose in Chair - UI elements will go on the side rails - Copy.png",True
"C:\Users\user\UI-TARS-desktop\public\kelly\phases\032\hook.png","hook.png","C:\Users\user\UI-TARS-desktop\public\kelly\phases\032",MATCH,64.4,0.3556,"head and shoulders without chair.png",True
"C:\Users\user\UI-TARS-desktop\public\kelly\phases\032\q1.png","q1.png","C:\Users\user\UI-TARS-desktop\public\kelly\phases\032",SUSPICIOUS,46.3,0.5373,"neutral face with hair.png",True
"C:\Users\user\UI-TARS-desktop\public\kelly\phases\032\q2.png","q2.png","C:\Users\user\UI-TARS-desktop\public\kelly\phases\032",MATCH,74.8,0.2522,"Curious Kelly in final pose in Chair - UI elements will go on the side rails - Copy.png",True
"C:\Users\user\UI-TARS-desktop\public\kelly\phases\032\q3.png","q3.png","C:\Users\user\UI-TARS-desktop\public\kelly\phases\032",MATCH,80.9,0.1910,"Curious Kelly in final pose in Chair - UI elements will go on the side rails - Copy.png",True
"C:\Users\user\UI-TARS-desktop\public\kelly\phases\032\wisdom.png","wisdom.png","C:\Users\user\UI-TARS-desktop\public\kelly\phases\032",MATCH,75.0,0.2498,"head and shoulders without chair.png",True
"C:\Users\user\UI-TARS-desktop\public\kelly\phases\033\hook.png","hook.png","C:\Users\user\UI-TARS-desktop\public\kelly\phases\033",MATCH,72.0,0.2799,"Curious Kelly in final pose in Chair - UI elements will go on the side rails - Copy.png",True
"C:\Users\user\UI-TARS-desktop\public\kelly\phases\033\q1.png","q1.png","C:\Users\user\UI-TARS-desktop\public\kelly\phases\033",MATCH,71.6,0.2840,"head and shoulders without chair.png",True
"C:\Users\user\UI-TARS-desktop\public\kelly\phases\033\q2.png","q2.png","C:\Users\user\UI-TARS-desktop\public\kelly\phases\033",MATCH,68.8,0.3119,"Curious Kelly in final pose in Chair - UI elements will go on the side rails - Copy.png",True
"C:\Users\user\UI-TARS-desktop\public\kelly\phases\033\q3.png","q3.png","C:\Users\user\UI-TARS-desktop\public\kelly\phases\033",SUSPICIOUS,60.8,0.3917,"head and shoulders without chair.png",True
"C:\Users\user\UI-TARS-desktop\public\kelly\phases\033\wisdom.png","wisdom.png","C:\Users\user\UI-TARS-desktop\public\kelly\phases\033",MATCH,68.5,0.3151,"Curious Kelly in final pose in Chair - UI elements will go on the side rails - Copy.png",True
"C:\Users\user\UI-TARS-desktop\public\kelly\phases\034\hook.png","hook.png","C:\Users\user\UI-TARS-desktop\public\kelly\phases\034",MATCH,85.1,0.1492,"Curious Kelly in final pose in Chair - UI elements will go on the side rails - Copy.png",True
"C:\Users\user\UI-TARS-desktop\public\kelly\phases\034\q1.png","q1.png","C:\Users\user\UI-TARS-desktop\public\kelly\phases\034",MATCH,65.6,0.3439,"head and shoulders without chair.png",True
"C:\Users\user\UI-TARS-desktop\public\kelly\phases\034\q2.png","q2.png","C:\Users\user\UI-TARS-desktop\public\kelly\phases\034",MATCH,68.8,0.3116,"Curious Kelly in final pose in Chair - UI elements will go on the side rails - Copy.png",True
"C:\Users\user\UI-TARS-desktop\public\kelly\phases\034\q3.png","q3.png","C:\Users\user\UI-TARS-desktop\public\kelly\phases\034",MATCH,70.5,0.2951,"Curious Kelly in final pose in Chair - UI elements will go on the side rails - Copy.png",True
"C:\Users\user\UI-TARS-desktop\public\kelly\phases\034\wisdom.png","wisdom.png","C:\Users\user\UI-TARS-desktop\public\kelly\phases\034",MATCH,62.1,0.3794,"neutral face with hair.png",True
"C:\Users\user\UI-TARS-desktop\public\kelly\phases\035\hook.png","hook.png","C:\Users\user\UI-TARS-desktop\public\kelly\phases\035",MATCH,73.1,0.2693,"Curious Kelly in final pose in Chair - UI elements will go on the side rails - Copy.png",True
"C:\Users\user\UI-TARS-desktop\public\kelly\phases\035\q1.png","q1.png","C:\Users\user\UI-TARS-desktop\public\kelly\phases\035",SUSPICIOUS,56.6,0.4336,"neutral face with hair.png",True
"C:\Users\user\UI-TARS-desktop\public\kelly\phases\035\q2.png","q2.png","C:\Users\user\UI-TARS-desktop\public\kelly\phases\035",MATCH,70.8,0.2919,"Curious Kelly in final pose in Chair - UI elements will go on the side rails - Copy.png",True
"C:\Users\user\UI-TARS-desktop\public\kelly\phases\035\q3.png","q3.png","C:\Users\user\UI-TARS-desktop\public\kelly\phases\035",SUSPICIOUS,59.9,0.4009,"head and shoulders without chair.png",True
"C:\Users\user\UI-TARS-desktop\public\kelly\phases\035\wisdom.png","wisdom.png","C:\Users\user\UI-TARS-desktop\public\kelly\phases\035",MATCH,70.6,0.2943,"head and shoulders without chair.png",True
"C:\Users\user\UI-TARS-desktop\public\kelly\phases\036\hook.png","hook.png","C:\Users\user\UI-TARS-desktop\public\kelly\phases\036",MATCH,79.7,0.2034,"Curious Kelly in final pose in Chair - UI elements will go on the side rails - Copy.png",True
"C:\Users\user\UI-TARS-desktop\public\kelly\phases\036\q1.png","q1.png","C:\Users\user\UI-TARS-desktop\public\kelly\phases\036",NO_MATCH,43.3,0.5673,"profile of kelly.png",True
"C:\Users\user\UI-TARS-desktop\public\kelly\phases\036\q2.png","q2.png","C:\Users\user\UI-TARS-desktop\public\kelly\phases\036",MATCH,74.7,0.2526,"head and shoulders without chair.png",True
"C:\Users\user\UI-TARS-desktop\public\kelly\phases\036\q3.png","q3.png","C:\Users\user\UI-TARS-desktop\public\kelly\phases\036",MATCH,84.9,0.1510,"Curious Kelly in final pose in Chair - UI elements will go on the side rails - Copy.png",True
"C:\Users\user\UI-TARS-desktop\public\kelly\phases\036\wisdom.png","wisdom.png","C:\Users\user\UI-TARS-desktop\public\kelly\phases\036",MATCH,68.5,0.3145,"head and shoulders without chair.png",True
"C:\Users\user\UI-TARS-desktop\public\kelly\phases\037\hook.png","hook.png","C:\Users\user\UI-TARS-desktop\public\kelly\phases\037",MATCH,74.1,0.2594,"Curious Kelly in final pose in Chair - UI elements will go on the side rails - Copy.png",True
"C:\Users\user\UI-TARS-desktop\public\kelly\phases\037\q1.png","q1.png","C:\Users\user\UI-TARS-desktop\public\kelly\phases\037",MATCH,66.9,0.3309,"Curious Kelly in final pose in Chair - UI elements will go on the side rails - Copy.png",True
"C:\Users\user\UI-TARS-desktop\public\kelly\phases\037\q2.png","q2.png","C:\Users\user\UI-TARS-desktop\public\kelly\phases\037",MATCH,66.2,0.3379,"Curious Kelly in final pose in Chair - UI elements will go on the side rails - Copy.png",True
"C:\Users\user\UI-TARS-desktop\public\kelly\phases\037\q3.png","q3.png","C:\Users\user\UI-TARS-desktop\public\kelly\phases\037",MATCH,68.5,0.3146,"head and shoulders without chair.png",True
"C:\Users\user\UI-TARS-desktop\public\kelly\phases\037\wisdom.png","wisdom.png","C:\Users\user\UI-TARS-desktop\public\kelly\phases\037",MATCH,77.8,0.2215,"head and shoulders without chair.png",True
"C:\Users\user\UI-TARS-desktop\public\kelly\phases\038\hook.png","hook.png","C:\Users\user\UI-TARS-desktop\public\kelly\phases\038",MATCH,69.2,0.3080,"head and shoulders without chair.png",True
"C:\Users\user\UI-TARS-desktop\public\kelly\phases\038\q1.png","q1.png","C:\Users\user\UI-TARS-desktop\public\kelly\phases\038",SUSPICIOUS,60.9,0.3910,"head and shoulders without chair.png",True
"C:\Users\user\UI-TARS-desktop\public\kelly\phases\038\q2.png","q2.png","C:\Users\user\UI-TARS-desktop\public\kelly\phases\038",MATCH,75.6,0.2440,"Curious Kelly in final pose in Chair - UI elements will go on the side rails - Copy.png",True
"C:\Users\user\UI-TARS-desktop\public\kelly\phases\038\q3.png","q3.png","C:\Users\user\UI-TARS-desktop\public\kelly\phases\038",MATCH,63.2,0.3681,"head and shoulders without chair.png",True
"C:\Users\user\UI-TARS-desktop\public\kelly\phases\038\wisdom.png","wisdom.png","C:\Users\user\UI-TARS-desktop\public\kelly\phases\038",MATCH,75.3,0.2469,"Curious Kelly in final pose in Chair - UI elements will go on the side rails - Copy.png",True
"C:\Users\user\UI-TARS-desktop\public\kelly\phases\039\hook.png","hook.png","C:\Users\user\UI-TARS-desktop\public\kelly\phases\039",MATCH,77.2,0.2275,"Curious Kelly in final pose in Chair - UI elements will go on the side rails - Copy.png",True
"C:\Users\user\UI-TARS-desktop\public\kelly\phases\039\q1.png","q1.png","C:\Users\user\UI-TARS-desktop\public\kelly\phases\039",MATCH,64.6,0.3536,"Curious Kelly in final pose in Chair - UI elements will go on the side rails - Copy.png",True
"C:\Users\user\UI-TARS-desktop\public\kelly\phases\039\q2.png","q2.png","C:\Users\user\UI-TARS-desktop\public\kelly\phases\039",MATCH,64.9,0.3512,"Curious Kelly in final pose in Chair - UI elements will go on the side rails - Copy.png",True
"C:\Users\user\UI-TARS-desktop\public\kelly\phases\039\q3.png","q3.png","C:\Users\user\UI-TARS-desktop\public\kelly\phases\039",MATCH,85.1,0.1488,"Curious Kelly in final pose in Chair - UI elements will go on the side rails - Copy.png",True
"C:\Users\user\UI-TARS-desktop\public\kelly\phases\039\wisdom.png","wisdom.png","C:\Users\user\UI-TARS-desktop\public\kelly\phases\039",MATCH,71.5,0.2851,"Curious Kelly in final pose in Chair - UI elements will go on the side rails - Copy.png",True
"C:\Users\user\UI-TARS-desktop\public\kelly\phases\040\hook.png","hook.png","C:\Users\user\UI-TARS-desktop\public\kelly\phases\040",MATCH,71.9,0.2805,"head and shoulders without chair.png",True
"C:\Users\user\UI-TARS-desktop\public\kelly\phases\040\q1.png","q1.png","C:\Users\user\UI-TARS-desktop\public\kelly\phases\040",MATCH,65.9,0.3406,"slightly turning her head.png",True
"C:\Users\user\UI-TARS-desktop\public\kelly\phases\040\q2.png","q2.png","C:\Users\user\UI-TARS-desktop\public\kelly\phases\040",MATCH,61.9,0.3806,"Curious Kelly in final pose in Chair - UI elements will go on the side rails - Copy.png",True
"C:\Users\user\UI-TARS-desktop\public\kelly\phases\040\q3.png","q3.png","C:\Users\user\UI-TARS-desktop\public\kelly\phases\040",MATCH,65.2,0.3484,"slightly turning her head.png",True
"C:\Users\user\UI-TARS-desktop\public\kelly\phases\040\wisdom.png","wisdom.png","C:\Users\user\UI-TARS-desktop\public\kelly\phases\040",MATCH,70.3,0.2972,"head and shoulders without chair.png",True
"C:\Users\user\UI-TARS-desktop\public\kelly\phases\041\hook.png","hook.png","C:\Users\user\UI-TARS-desktop\public\kelly\phases\041",MATCH,71.5,0.2854,"head and shoulders without chair.png",True
"C:\Users\user\UI-TARS-desktop\public\kelly\phases\041\q1.png","q1.png","C:\Users\user\UI-TARS-desktop\public\kelly\phases\041",SUSPICIOUS,61.5,0.3851,"head and shoulders without chair.png",True
"C:\Users\user\UI-TARS-desktop\public\kelly\phases\041\q2.png","q2.png","C:\Users\user\UI-TARS-desktop\public\kelly\phases\041",MATCH,76.1,0.2394,"head and shoulders without chair.png",True
"C:\Users\user\UI-TARS-desktop\public\kelly\phases\041\q3.png","q3.png","C:\Users\user\UI-TARS-desktop\public\kelly\phases\041",MATCH,73.3,0.2666,"Curious Kelly in final pose in Chair - UI elements will go on the side rails - Copy.png",True
"C:\Users\user\UI-TARS-desktop\public\kelly\phases\041\wisdom.png","wisdom.png","C:\Users\user\UI-TARS-desktop\public\kelly\phases\041",MATCH,74.8,0.2519,"head and shoulders without chair.png",True
"C:\Users\user\UI-TARS-desktop\public\kelly\phases\042\hook.png","hook.png","C:\Users\user\UI-TARS-desktop\public\kelly\phases\042",MATCH,85.4,0.1459,"Curious Kelly in final pose in Chair - UI elements will go on the side rails - Copy.png",True
"C:\Users\user\UI-TARS-desktop\public\kelly\phases\042\q1.png","q1.png","C:\Users\user\UI-TARS-desktop\public\kelly\phases\042",MATCH,76.1,0.2387,"neutral face with hair.png",True
"C:\Users\user\UI-TARS-desktop\public\kelly\phases\042\q2.png","q2.png","C:\Users\user\UI-TARS-desktop\public\kelly\phases\042",MATCH,63.8,0.3617,"head and shoulders without chair.png",True
"C:\Users\user\UI-TARS-desktop\public\kelly\phases\042\q3.png","q3.png","C:\Users\user\UI-TARS-desktop\public\kelly\phases\042",MATCH,74.8,0.2520,"Curious Kelly in final pose in Chair - UI elements will go on the side rails - Copy.png",True
"C:\Users\user\UI-TARS-desktop\public\kelly\phases\042\wisdom.png","wisdom.png","C:\Users\user\UI-TARS-desktop\public\kelly\phases\042",MATCH,81.4,0.1856,"Curious Kelly in final pose in Chair - UI elements will go on the side rails - Copy.png",True
"C:\Users\user\UI-TARS-desktop\public\kelly\phases\043\hook.png","hook.png","C:\Users\user\UI-TARS-desktop\public\kelly\phases\043",MATCH,72.7,0.2726,"Curious Kelly in final pose in Chair - UI elements will go on the side rails - Copy.png",True
"C:\Users\user\UI-TARS-desktop\public\kelly\phases\043\q1.png","q1.png","C:\Users\user\UI-TARS-desktop\public\kelly\phases\043",SUSPICIOUS,61.4,0.3858,"Curious Kelly in final pose in Chair - UI elements will go on the side rails - Copy.png",True
"C:\Users\user\UI-TARS-desktop\public\kelly\phases\043\q2.png","q2.png","C:\Users\user\UI-TARS-desktop\public\kelly\phases\043",MATCH,64.3,0.3575,"head and shoulders without chair.png",True
"C:\Users\user\UI-TARS-desktop\public\kelly\phases\043\q3.png","q3.png","C:\Users\user\UI-TARS-desktop\public\kelly\phases\043",MATCH,62.5,0.3749,"head and shoulders without chair.png",True
"C:\Users\user\UI-TARS-desktop\public\kelly\phases\043\wisdom.png","wisdom.png","C:\Users\user\UI-TARS-desktop\public\kelly\phases\043",MATCH,64.1,0.3588,"head and shoulders without chair.png",True
"C:\Users\user\UI-TARS-desktop\public\kelly\phases\044\hook.png","hook.png","C:\Users\user\UI-TARS-desktop\public\kelly\phases\044",MATCH,70.4,0.2956,"Curious Kelly in final pose in Chair - UI elements will go on the side rails - Copy.png",True
"C:\Users\user\UI-TARS-desktop\public\kelly\phases\044\q1.png","q1.png","C:\Users\user\UI-TARS-desktop\public\kelly\phases\044",MATCH,74.5,0.2550,"head and shoulders without chair.png",True
"C:\Users\user\UI-TARS-desktop\public\kelly\phases\044\q2.png","q2.png","C:\Users\user\UI-TARS-desktop\public\kelly\phases\044",MATCH,63.2,0.3684,"Curious Kelly in final pose in Chair - UI elements will go on the side rails - Copy.png",True
"C:\Users\user\UI-TARS-desktop\public\kelly\phases\044\q3.png","q3.png","C:\Users\user\UI-TARS-desktop\public\kelly\phases\044",MATCH,79.9,0.2012,"Curious Kelly in final pose in Chair - UI elements will go on the side rails - Copy.png",True
"C:\Users\user\UI-TARS-desktop\public\kelly\phases\044\wisdom.png","wisdom.png","C:\Users\user\UI-TARS-desktop\public\kelly\phases\044",MATCH,80.7,0.1929,"Curious Kelly in final pose in Chair - UI elements will go on the side rails - Copy.png",True
"C:\Users\user\UI-TARS-desktop\public\kelly\phases\045\hook.png","hook.png","C:\Users\user\UI-TARS-desktop\public\kelly\phases\045",MATCH,78.5,0.2146,"head and shoulders without chair.png",True
"C:\Users\user\UI-TARS-desktop\public\kelly\phases\045\q1.png","q1.png","C:\Users\user\UI-TARS-desktop\public\kelly\phases\045",SUSPICIOUS,52.8,0.4721,"head and shoulders without chair.png",True
"C:\Users\user\UI-TARS-desktop\public\kelly\phases\045\q2.png","q2.png","C:\Users\user\UI-TARS-desktop\public\kelly\phases\045",MATCH,74.9,0.2509,"head and shoulders without chair.png",True
"C:\Users\user\UI-TARS-desktop\public\kelly\phases\045\q3.png","q3.png","C:\Users\user\UI-TARS-desktop\public\kelly\phases\045",MATCH,70.3,0.2973,"Curious Kelly in final pose in Chair - UI elements will go on the side rails - Copy.png",True
"C:\Users\user\UI-TARS-desktop\public\kelly\phases\045\wisdom.png","wisdom.png","C:\Users\user\UI-TARS-desktop\public\kelly\phases\045",MATCH,73.5,0.2647,"head and shoulders without chair.png",True
"C:\Users\user\UI-TARS-desktop\public\kelly\phases\046\hook.png","hook.png","C:\Users\user\UI-TARS-desktop\public\kelly\phases\046",MATCH,83.6,0.1638,"Curious Kelly in final pose in Chair - UI elements will go on the side rails - Copy.png",True
"C:\Users\user\UI-TARS-desktop\public\kelly\phases\046\q1.png","q1.png","C:\Users\user\UI-TARS-desktop\public\kelly\phases\046",SUSPICIOUS,53.9,0.4613,"neutral face with hair.png",True
"C:\Users\user\UI-TARS-desktop\public\kelly\phases\046\q2.png","q2.png","C:\Users\user\UI-TARS-desktop\public\kelly\phases\046",MATCH,68.6,0.3136,"head and shoulders without chair.png",True
"C:\Users\user\UI-TARS-desktop\public\kelly\phases\046\q3.png","q3.png","C:\Users\user\UI-TARS-desktop\public\kelly\phases\046",MATCH,78.9,0.2107,"Curious Kelly in final pose in Chair - UI elements will go on the side rails - Copy.png",True
"C:\Users\user\UI-TARS-desktop\public\kelly\phases\046\wisdom.png","wisdom.png","C:\Users\user\UI-TARS-desktop\public\kelly\phases\046",MATCH,81.8,0.1822,"head and shoulders without chair.png",True
"C:\Users\user\UI-TARS-desktop\public\kelly\phases\047\hook.png","hook.png","C:\Users\user\UI-TARS-desktop\public\kelly\phases\047",MATCH,76.9,0.2306,"Curious Kelly in final pose in Chair - UI elements will go on the side rails - Copy.png",True
"C:\Users\user\UI-TARS-desktop\public\kelly\phases\047\q1.png","q1.png","C:\Users\user\UI-TARS-desktop\public\kelly\phases\047",MATCH,63.2,0.3675,"head and shoulders without chair.png",True
"C:\Users\user\UI-TARS-desktop\public\kelly\phases\047\q2.png","q2.png","C:\Users\user\UI-TARS-desktop\public\kelly\phases\047",MATCH,66.6,0.3345,"Curious Kelly in final pose in Chair - UI elements will go on the side rails - Copy.png",True
"C:\Users\user\UI-TARS-desktop\public\kelly\phases\047\q3.png","q3.png","C:\Users\user\UI-TARS-desktop\public\kelly\phases\047",MATCH,80.9,0.1909,"Curious Kelly in final pose in Chair - UI elements will go on the side rails - Copy.png",True
"C:\Users\user\UI-TARS-desktop\public\kelly\phases\047\wisdom.png","wisdom.png","C:\Users\user\UI-TARS-desktop\public\kelly\phases\047",MATCH,80.3,0.1970,"Curious Kelly in final pose in Chair - UI elements will go on the side rails - Copy.png",True
"C:\Users\user\UI-TARS-desktop\public\kelly\phases\048\hook.png","hook.png","C:\Users\user\UI-TARS-desktop\public\kelly\phases\048",MATCH,61.6,0.3842,"head and shoulders without chair.png",True
"C:\Users\user\UI-TARS-desktop\public\kelly\phases\048\q1.png","q1.png","C:\Users\user\UI-TARS-desktop\public\kelly\phases\048",MATCH,72.0,0.2796,"Curious Kelly in final pose in Chair - UI elements will go on the side rails - Copy.png",True
"C:\Users\user\UI-TARS-desktop\public\kelly\phases\048\q2.png","q2.png","C:\Users\user\UI-TARS-desktop\public\kelly\phases\048",SUSPICIOUS,55.5,0.4455,"neutral face with hair.png",True
"C:\Users\user\UI-TARS-desktop\public\kelly\phases\048\q3.png","q3.png","C:\Users\user\UI-TARS-desktop\public\kelly\phases\048",MATCH,78.8,0.2115,"Curious Kelly in final pose in Chair - UI elements will go on the side rails - Copy.png",True
"C:\Users\user\UI-TARS-desktop\public\kelly\phases\048\wisdom.png","wisdom.png","C:\Users\user\UI-TARS-desktop\public\kelly\phases\048",MATCH,75.9,0.2414,"Curious Kelly in final pose in Chair - UI elements will go on the side rails - Copy.png",True
"C:\Users\user\UI-TARS-desktop\public\kelly\phases\049\hook.png","hook.png","C:\Users\user\UI-TARS-desktop\public\kelly\phases\049",MATCH,73.7,0.2626,"Curious Kelly in final pose in Chair - UI elements will go on the side rails - Copy.png",True
"C:\Users\user\UI-TARS-desktop\public\kelly\phases\049\q1.png","q1.png","C:\Users\user\UI-TARS-desktop\public\kelly\phases\049",MATCH,65.2,0.3482,"Curious Kelly in final pose in Chair - UI elements will go on the side rails - Copy.png",True
"C:\Users\user\UI-TARS-desktop\public\kelly\phases\049\q2.png","q2.png","C:\Users\user\UI-TARS-desktop\public\kelly\phases\049",MATCH,69.3,0.3075,"Curious Kelly in final pose in Chair - UI elements will go on the side rails - Copy.png",True
"C:\Users\user\UI-TARS-desktop\public\kelly\phases\049\q3.png","q3.png","C:\Users\user\UI-TARS-desktop\public\kelly\phases\049",MATCH,65.5,0.3447,"Curious Kelly in final pose in Chair - UI elements will go on the side rails - Copy.png",True
"C:\Users\user\UI-TARS-desktop\public\kelly\phases\049\wisdom.png","wisdom.png","C:\Users\user\UI-TARS-desktop\public\kelly\phases\049",MATCH,69.7,0.3028,"head and shoulders without chair.png",True
"C:\Users\user\UI-TARS-desktop\public\kelly\phases\050\hook.png","hook.png","C:\Users\user\UI-TARS-desktop\public\kelly\phases\050",MATCH,84.7,0.1532,"Curious Kelly in final pose in Chair - UI elements will go on the side rails - Copy.png",True
"C:\Users\user\UI-TARS-desktop\public\kelly\phases\050\q1.png","q1.png","C:\Users\user\UI-TARS-desktop\public\kelly\phases\050",MATCH,69.0,0.3096,"head and shoulders without chair.png",True
"C:\Users\user\UI-TARS-desktop\public\kelly\phases\050\q2.png","q2.png","C:\Users\user\UI-TARS-desktop\public\kelly\phases\050",MATCH,66.3,0.3366,"head and shoulders without chair.png",True
"C:\Users\user\UI-TARS-desktop\public\kelly\phases\050\q3.png","q3.png","C:\Users\user\UI-TARS-desktop\public\kelly\phases\050",MATCH,87.7,0.1228,"Curious Kelly in final pose in Chair - UI elements will go on the side rails - Copy.png",True
"C:\Users\user\UI-TARS-desktop\public\kelly\phases\050\wisdom.png","wisdom.png","C:\Users\user\UI-TARS-desktop\public\kelly\phases\050",MATCH,79.9,0.2013,"head and shoulders without chair.png",True
"C:\Users\user\UI-TARS-desktop\public\kelly\phases\051\hook.png","hook.png","C:\Users\user\UI-TARS-desktop\public\kelly\phases\051",MATCH,84.1,0.1591,"Curious Kelly in final pose in Chair - UI elements will go on the side rails - Copy.png",True
"C:\Users\user\UI-TARS-desktop\public\kelly\phases\051\q1.png","q1.png","C:\Users\user\UI-TARS-desktop\public\kelly\phases\051",MATCH,68.4,0.3159,"slightly turning her head.png",True
"C:\Users\user\UI-TARS-desktop\public\kelly\phases\051\q2.png","q2.png","C:\Users\user\UI-TARS-desktop\public\kelly\phases\051",SUSPICIOUS,59.9,0.4012,"head and shoulders without chair.png",True
"C:\Users\user\UI-TARS-desktop\public\kelly\phases\051\q3.png","q3.png","C:\Users\user\UI-TARS-desktop\public\kelly\phases\051",MATCH,71.8,0.2821,"slightly turning her head.png",True
"C:\Users\user\UI-TARS-desktop\public\kelly\phases\051\wisdom.png","wisdom.png","C:\Users\user\UI-TARS-desktop\public\kelly\phases\051",MATCH,79.5,0.2049,"head and shoulders without chair.png",True
"C:\Users\user\UI-TARS-desktop\public\kelly\phases\052\hook.png","hook.png","C:\Users\user\UI-TARS-desktop\public\kelly\phases\052",MATCH,78.2,0.2179,"Curious Kelly in final pose in Chair - UI elements will go on the side rails - Copy.png",True
"C:\Users\user\UI-TARS-desktop\public\kelly\phases\052\q1.png","q1.png","C:\Users\user\UI-TARS-desktop\public\kelly\phases\052",MATCH,71.4,0.2863,"neutral face with hair.png",True
"C:\Users\user\UI-TARS-desktop\public\kelly\phases\052\q2.png","q2.png","C:\Users\user\UI-TARS-desktop\public\kelly\phases\052",MATCH,72.0,0.2798,"Curious Kelly in final pose in Chair - UI elements will go on the side rails - Copy.png",True
"C:\Users\user\UI-TARS-desktop\public\kelly\phases\052\q3.png","q3.png","C:\Users\user\UI-TARS-desktop\public\kelly\phases\052",MATCH,64.6,0.3543,"head and shoulders without chair.png",True
"C:\Users\user\UI-TARS-desktop\public\kelly\phases\052\wisdom.png","wisdom.png","C:\Users\user\UI-TARS-desktop\public\kelly\phases\052",MATCH,65.5,0.3453,"head and shoulders without chair.png",True
"C:\Users\user\UI-TARS-desktop\public\kelly\phases\053\hook.png","hook.png","C:\Users\user\UI-TARS-desktop\public\kelly\phases\053",MATCH,76.0,0.2398,"Curious Kelly in final pose in Chair - UI elements will go on the side rails - Copy.png",True
"C:\Users\user\UI-TARS-desktop\public\kelly\phases\053\q1.png","q1.png","C:\Users\user\UI-TARS-desktop\public\kelly\phases\053",MATCH,72.2,0.2777,"Curious Kelly in final pose in Chair - UI elements will go on the side rails - Copy.png",True
"C:\Users\user\UI-TARS-desktop\public\kelly\phases\053\q2.png","q2.png","C:\Users\user\UI-TARS-desktop\public\kelly\phases\053",MATCH,70.0,0.3000,"Curious Kelly in final pose in Chair - UI elements will go on the side rails - Copy.png",True
"C:\Users\user\UI-TARS-desktop\public\kelly\phases\053\q3.png","q3.png","C:\Users\user\UI-TARS-desktop\public\kelly\phases\053",MATCH,70.8,0.2921,"Curious Kelly in final pose in Chair - UI elements will go on the side rails - Copy.png",True
"C:\Users\user\UI-TARS-desktop\public\kelly\phases\053\wisdom.png","wisdom.png","C:\Users\user\UI-TARS-desktop\public\kelly\phases\053",MATCH,89.3,0.1073,"Curious Kelly in final pose in Chair - UI elements will go on the side rails - Copy.png",True
"C:\Users\user\UI-TARS-desktop\public\kelly\phases\054\hook.png","hook.png","C:\Users\user\UI-TARS-desktop\public\kelly\phases\054",MATCH,78.5,0.2145,"Curious Kelly in final pose in Chair - UI elements will go on the side rails - Copy.png",True
"C:\Users\user\UI-TARS-desktop\public\kelly\phases\054\q1.png","q1.png","C:\Users\user\UI-TARS-desktop\public\kelly\phases\054",MATCH,74.9,0.2509,"head and shoulders without chair.png",True
"C:\Users\user\UI-TARS-desktop\public\kelly\phases\054\q2.png","q2.png","C:\Users\user\UI-TARS-desktop\public\kelly\phases\054",MATCH,64.5,0.3553,"Curious Kelly in final pose in Chair - UI elements will go on the side rails - Copy.png",True
"C:\Users\user\UI-TARS-desktop\public\kelly\phases\054\q3.png","q3.png","C:\Users\user\UI-TARS-desktop\public\kelly\phases\054",MATCH,72.1,0.2791,"Curious Kelly in final pose in Chair - UI elements will go on the side rails - Copy.png",True
"C:\Users\user\UI-TARS-desktop\public\kelly\phases\054\wisdom.png","wisdom.png","C:\Users\user\UI-TARS-desktop\public\kelly\phases\054",MATCH,73.2,0.2676,"Curious Kelly in final pose in Chair - UI elements will go on the side rails - Copy.png",True
"C:\Users\user\UI-TARS-desktop\public\kelly\phases\055\hook.png","hook.png","C:\Users\user\UI-TARS-desktop\public\kelly\phases\055",MATCH,70.1,0.2986,"head and shoulders without chair.png",True
"C:\Users\user\UI-TARS-desktop\public\kelly\phases\055\q1.png","q1.png","C:\Users\user\UI-TARS-desktop\public\kelly\phases\055",MATCH,73.1,0.2692,"slightly turning her head.png",True
"C:\Users\user\UI-TARS-desktop\public\kelly\phases\055\q2.png","q2.png","C:\Users\user\UI-TARS-desktop\public\kelly\phases\055",MATCH,73.9,0.2607,"neutral face with hair.png",True
"C:\Users\user\UI-TARS-desktop\public\kelly\phases\055\q3.png","q3.png","C:\Users\user\UI-TARS-desktop\public\kelly\phases\055",MATCH,86.3,0.1374,"Curious Kelly in final pose in Chair - UI elements will go on the side rails - Copy.png",True
"C:\Users\user\UI-TARS-desktop\public\kelly\phases\055\wisdom.png","wisdom.png","C:\Users\user\UI-TARS-desktop\public\kelly\phases\055",MATCH,85.8,0.1417,"Curious Kelly in final pose in Chair - UI elements will go on the side rails - Copy.png",True
"C:\Users\user\UI-TARS-desktop\public\kelly\phases\056\hook.png","hook.png","C:\Users\user\UI-TARS-desktop\public\kelly\phases\056",MATCH,68.9,0.3107,"head and shoulders without chair.png",True
"C:\Users\user\UI-TARS-desktop\public\kelly\phases\056\q1.png","q1.png","C:\Users\user\UI-TARS-desktop\public\kelly\phases\056",MATCH,69.2,0.3083,"neutral face with hair.png",True
"C:\Users\user\UI-TARS-desktop\public\kelly\phases\056\q2.png","q2.png","C:\Users\user\UI-TARS-desktop\public\kelly\phases\056",MATCH,72.9,0.2713,"Curious Kelly in final pose in Chair - UI elements will go on the side rails - Copy.png",True
"C:\Users\user\UI-TARS-desktop\public\kelly\phases\056\q3.png","q3.png","C:\Users\user\UI-TARS-desktop\public\kelly\phases\056",MATCH,70.8,0.2916,"head and shoulders without chair.png",True
"C:\Users\user\UI-TARS-desktop\public\kelly\phases\056\wisdom.png","wisdom.png","C:\Users\user\UI-TARS-desktop\public\kelly\phases\056",MATCH,78.2,0.2176,"Curious Kelly in final pose in Chair - UI elements will go on the side rails - Copy.png",True
"C:\Users\user\UI-TARS-desktop\public\kelly\phases\057\hook.png","hook.png","C:\Users\user\UI-TARS-desktop\public\kelly\phases\057",MATCH,82.2,0.1779,"Curious Kelly in final pose in Chair - UI elements will go on the side rails - Copy.png",True
"C:\Users\user\UI-TARS-desktop\public\kelly\phases\057\q1.png","q1.png","C:\Users\user\UI-TARS-desktop\public\kelly\phases\057",SUSPICIOUS,59.6,0.4045,"neutral face with hair.png",True
"C:\Users\user\UI-TARS-desktop\public\kelly\phases\057\q2.png","q2.png","C:\Users\user\UI-TARS-desktop\public\kelly\phases\057",MATCH,61.5,0.3847,"facing to the left.png",True
"C:\Users\user\UI-TARS-desktop\public\kelly\phases\057\q3.png","q3.png","C:\Users\user\UI-TARS-desktop\public\kelly\phases\057",MATCH,75.4,0.2458,"head and shoulders without chair.png",True
"C:\Users\user\UI-TARS-desktop\public\kelly\phases\057\wisdom.png","wisdom.png","C:\Users\user\UI-TARS-desktop\public\kelly\phases\057",MATCH,78.0,0.2197,"head and shoulders without chair.png",True
"C:\Users\user\UI-TARS-desktop\public\kelly\phases\058\hook.png","hook.png","C:\Users\user\UI-TARS-desktop\public\kelly\phases\058",MATCH,77.7,0.2230,"neutral face with hair.png",True
"C:\Users\user\UI-TARS-desktop\public\kelly\phases\058\q1.png","q1.png","C:\Users\user\UI-TARS-desktop\public\kelly\phases\058",SUSPICIOUS,53.4,0.4661,"neutral face with hair.png",True
"C:\Users\user\UI-TARS-desktop\public\kelly\phases\058\q2.png","q2.png","C:\Users\user\UI-TARS-desktop\public\kelly\phases\058",SUSPICIOUS,57.2,0.4279,"slightly turning her head.png",True
"C:\Users\user\UI-TARS-desktop\public\kelly\phases\058\q3.png","q3.png","C:\Users\user\UI-TARS-desktop\public\kelly\phases\058",MATCH,70.6,0.2941,"head and shoulders without chair.png",True
"C:\Users\user\UI-TARS-desktop\public\kelly\phases\058\wisdom.png","wisdom.png","C:\Users\user\UI-TARS-desktop\public\kelly\phases\058",MATCH,69.1,0.3085,"Curious Kelly in final pose in Chair - UI elements will go on the side rails - Copy.png",True
"C:\Users\user\UI-TARS-desktop\public\kelly\phases\059\hook.png","hook.png","C:\Users\user\UI-TARS-desktop\public\kelly\phases\059",MATCH,80.2,0.1976,"Curious Kelly in final pose in Chair - UI elements will go on the side rails - Copy.png",True
"C:\Users\user\UI-TARS-desktop\public\kelly\phases\059\q1.png","q1.png","C:\Users\user\UI-TARS-desktop\public\kelly\phases\059",SUSPICIOUS,59.2,0.4077,"Curious Kelly in final pose in Chair - UI elements will go on the side rails - Copy.png",True
"C:\Users\user\UI-TARS-desktop\public\kelly\phases\059\q2.png","q2.png","C:\Users\user\UI-TARS-desktop\public\kelly\phases\059",MATCH,71.1,0.2886,"Curious Kelly in final pose in Chair - UI elements will go on the side rails - Copy.png",True
"C:\Users\user\UI-TARS-desktop\public\kelly\phases\059\q3.png","q3.png","C:\Users\user\UI-TARS-desktop\public\kelly\phases\059",SUSPICIOUS,59.5,0.4052,"Curious Kelly in final pose in Chair - UI elements will go on the side rails - Copy.png",True
"C:\Users\user\UI-TARS-desktop\public\kelly\phases\059\wisdom.png","wisdom.png","C:\Users\user\UI-TARS-desktop\public\kelly\phases\059",MATCH,76.0,0.2398,"head and shoulders without chair.png",True
"C:\Users\user\UI-TARS-desktop\public\kelly\phases\060\hook.png","hook.png","C:\Users\user\UI-TARS-desktop\public\kelly\phases\060",MATCH,65.0,0.3501,"Curious Kelly in final pose in Chair - UI elements will go on the side rails - Copy.png",True
"C:\Users\user\UI-TARS-desktop\public\kelly\phases\060\q1.png","q1.png","C:\Users\user\UI-TARS-desktop\public\kelly\phases\060",SUSPICIOUS,59.0,0.4095,"head and shoulders without chair.png",True
"C:\Users\user\UI-TARS-desktop\public\kelly\phases\060\q2.png","q2.png","C:\Users\user\UI-TARS-desktop\public\kelly\phases\060",MATCH,71.3,0.2871,"slightly turning her head.png",True
"C:\Users\user\UI-TARS-desktop\public\kelly\phases\060\q3.png","q3.png","C:\Users\user\UI-TARS-desktop\public\kelly\phases\060",MATCH,72.5,0.2753,"head and shoulders without chair.png",True
"C:\Users\user\UI-TARS-desktop\public\kelly\phases\060\wisdom.png","wisdom.png","C:\Users\user\UI-TARS-desktop\public\kelly\phases\060",MATCH,83.2,0.1683,"Curious Kelly in final pose in Chair - UI elements will go on the side rails - Copy.png",True
"C:\Users\user\UI-TARS-desktop\public\kelly\phases\061\hook.png","hook.png","C:\Users\user\UI-TARS-desktop\public\kelly\phases\061",MATCH,72.7,0.2733,"Curious Kelly in final pose in Chair - UI elements will go on the side rails - Copy.png",True
"C:\Users\user\UI-TARS-desktop\public\kelly\phases\061\q1.png","q1.png","C:\Users\user\UI-TARS-desktop\public\kelly\phases\061",SUSPICIOUS,57.8,0.4222,"Curious Kelly in final pose in Chair - UI elements will go on the side rails - Copy.png",True
"C:\Users\user\UI-TARS-desktop\public\kelly\phases\061\q2.png","q2.png","C:\Users\user\UI-TARS-desktop\public\kelly\phases\061",MATCH,63.8,0.3616,"Curious Kelly in final pose in Chair - UI elements will go on the side rails - Copy.png",True
"C:\Users\user\UI-TARS-desktop\public\kelly\phases\061\q3.png","q3.png","C:\Users\user\UI-TARS-desktop\public\kelly\phases\061",MATCH,70.3,0.2972,"head and shoulders without chair.png",True
"C:\Users\user\UI-TARS-desktop\public\kelly\phases\061\wisdom.png","wisdom.png","C:\Users\user\UI-TARS-desktop\public\kelly\phases\061",MATCH,65.7,0.3429,"Curious Kelly in final pose in Chair - UI elements will go on the side rails - Copy.png",True
"C:\Users\user\UI-TARS-desktop\public\kelly\phases\062\hook.png","hook.png","C:\Users\user\UI-TARS-desktop\public\kelly\phases\062",MATCH,76.9,0.2313,"Curious Kelly in final pose in Chair - UI elements will go on the side rails - Copy.png",True
"C:\Users\user\UI-TARS-desktop\public\kelly\phases\062\q1.png","q1.png","C:\Users\user\UI-TARS-desktop\public\kelly\phases\062",MATCH,64.1,0.3592,"Curious Kelly in final pose in Chair - UI elements will go on the side rails - Copy.png",True
"C:\Users\user\UI-TARS-desktop\public\kelly\phases\062\q2.png","q2.png","C:\Users\user\UI-TARS-desktop\public\kelly\phases\062",MATCH,73.8,0.2624,"head and shoulders without chair.png",True
"C:\Users\user\UI-TARS-desktop\public\kelly\phases\062\q3.png","q3.png","C:\Users\user\UI-TARS-desktop\public\kelly\phases\062",MATCH,77.3,0.2274,"Curious Kelly in final pose in Chair - UI elements will go on the side rails - Copy.png",True
"C:\Users\user\UI-TARS-desktop\public\kelly\phases\062\wisdom.png","wisdom.png","C:\Users\user\UI-TARS-desktop\public\kelly\phases\062",SUSPICIOUS,54.0,0.4597,"Curious Kelly in final pose in Chair - UI elements will go on the side rails - Copy.png",True
"C:\Users\user\UI-TARS-desktop\public\kelly\phases\063\hook.png","hook.png","C:\Users\user\UI-TARS-desktop\public\kelly\phases\063",MATCH,61.8,0.3820,"neutral face with hair.png",True
"C:\Users\user\UI-TARS-desktop\public\kelly\phases\063\q1.png","q1.png","C:\Users\user\UI-TARS-desktop\public\kelly\phases\063",MATCH,66.6,0.3343,"Curious Kelly in final pose in Chair - UI elements will go on the side rails - Copy.png",True
"C:\Users\user\UI-TARS-desktop\public\kelly\phases\063\q2.png","q2.png","C:\Users\user\UI-TARS-desktop\public\kelly\phases\063",SUSPICIOUS,59.4,0.4060,"neutral face with hair.png",True
"C:\Users\user\UI-TARS-desktop\public\kelly\phases\063\q3.png","q3.png","C:\Users\user\UI-TARS-desktop\public\kelly\phases\063",MATCH,82.9,0.1705,"Curious Kelly in final pose in Chair - UI elements will go on the side rails - Copy.png",True
"C:\Users\user\UI-TARS-desktop\public\kelly\phases\063\wisdom.png","wisdom.png","C:\Users\user\UI-TARS-desktop\public\kelly\phases\063",MATCH,87.7,0.1232,"Curious Kelly in final pose in Chair - UI elements will go on the side rails - Copy.png",True
"C:\Users\user\UI-TARS-desktop\public\kelly\phases\064\hook.png","hook.png","C:\Users\user\UI-TARS-desktop\public\kelly\phases\064",MATCH,80.2,0.1981,"Curious Kelly in final pose in Chair - UI elements will go on the side rails - Copy.png",True
"C:\Users\user\UI-TARS-desktop\public\kelly\phases\064\q1.png","q1.png","C:\Users\user\UI-TARS-desktop\public\kelly\phases\064",MATCH,66.2,0.3378,"head and shoulders without chair.png",True
"C:\Users\user\UI-TARS-desktop\public\kelly\phases\064\q2.png","q2.png","C:\Users\user\UI-TARS-desktop\public\kelly\phases\064",MATCH,74.0,0.2599,"head and shoulders without chair.png",True
"C:\Users\user\UI-TARS-desktop\public\kelly\phases\064\q3.png","q3.png","C:\Users\user\UI-TARS-desktop\public\kelly\phases\064",MATCH,72.0,0.2803,"Curious Kelly in final pose in Chair - UI elements will go on the side rails - Copy.png",True
"C:\Users\user\UI-TARS-desktop\public\kelly\phases\064\wisdom.png","wisdom.png","C:\Users\user\UI-TARS-desktop\public\kelly\phases\064",MATCH,84.9,0.1513,"Curious Kelly in final pose in Chair - UI elements will go on the side rails - Copy.png",True
"C:\Users\user\UI-TARS-desktop\public\kelly\phases\065\hook.png","hook.png","C:\Users\user\UI-TARS-desktop\public\kelly\phases\065",MATCH,71.9,0.2807,"Curious Kelly in final pose in Chair - UI elements will go on the side rails - Copy.png",True
"C:\Users\user\UI-TARS-desktop\public\kelly\phases\065\q1.png","q1.png","C:\Users\user\UI-TARS-desktop\public\kelly\phases\065",SUSPICIOUS,47.9,0.5210,"neutral face with hair.png",True
"C:\Users\user\UI-TARS-desktop\public\kelly\phases\065\q2.png","q2.png","C:\Users\user\UI-TARS-desktop\public\kelly\phases\065",MATCH,74.2,0.2578,"Curious Kelly in final pose in Chair - UI elements will go on the side rails - Copy.png",True
"C:\Users\user\UI-TARS-desktop\public\kelly\phases\065\q3.png","q3.png","C:\Users\user\UI-TARS-desktop\public\kelly\phases\065",MATCH,71.0,0.2900,"Curious Kelly in final pose in Chair - UI elements will go on the side rails - Copy.png",True
"C:\Users\user\UI-TARS-desktop\public\kelly\phases\065\wisdom.png","wisdom.png","C:\Users\user\UI-TARS-desktop\public\kelly\phases\065",MATCH,75.4,0.2463,"Curious Kelly in final pose in Chair - UI elements will go on the side rails - Copy.png",True
"C:\Users\user\UI-TARS-desktop\public\kelly\phases\066\hook.png","hook.png","C:\Users\user\UI-TARS-desktop\public\kelly\phases\066",MATCH,71.0,0.2900,"Curious Kelly in final pose in Chair - UI elements will go on the side rails - Copy.png",True
"C:\Users\user\UI-TARS-desktop\public\kelly\phases\066\q1.png","q1.png","C:\Users\user\UI-TARS-desktop\public\kelly\phases\066",SUSPICIOUS,60.3,0.3971,"Curious Kelly in final pose in Chair - UI elements will go on the side rails - Copy.png",True
"C:\Users\user\UI-TARS-desktop\public\kelly\phases\066\q2.png","q2.png","C:\Users\user\UI-TARS-desktop\public\kelly\phases\066",MATCH,70.9,0.2905,"Curious Kelly in final pose in Chair - UI elements will go on the side rails - Copy.png",True
"C:\Users\user\UI-TARS-desktop\public\kelly\phases\066\q3.png","q3.png","C:\Users\user\UI-TARS-desktop\public\kelly\phases\066",MATCH,68.9,0.3113,"Curious Kelly in final pose in Chair - UI elements will go on the side rails - Copy.png",True
"C:\Users\user\UI-TARS-desktop\public\kelly\phases\066\wisdom.png","wisdom.png","C:\Users\user\UI-TARS-desktop\public\kelly\phases\066",MATCH,69.2,0.3076,"Curious Kelly in final pose in Chair - UI elements will go on the side rails - Copy.png",True
"C:\Users\user\UI-TARS-desktop\public\kelly\phases\067\hook.png","hook.png","C:\Users\user\UI-TARS-desktop\public\kelly\phases\067",MATCH,68.4,0.3162,"Curious Kelly in final pose in Chair - UI elements will go on the side rails - Copy.png",True
"C:\Users\user\UI-TARS-desktop\public\kelly\phases\067\q1.png","q1.png","C:\Users\user\UI-TARS-desktop\public\kelly\phases\067",SUSPICIOUS,58.1,0.4192,"neutral face with hair.png",True
"C:\Users\user\UI-TARS-desktop\public\kelly\phases\067\q2.png","q2.png","C:\Users\user\UI-TARS-desktop\public\kelly\phases\067",MATCH,64.0,0.3605,"head and shoulders without chair.png",True
"C:\Users\user\UI-TARS-desktop\public\kelly\phases\067\q3.png","q3.png","C:\Users\user\UI-TARS-desktop\public\kelly\phases\067",MATCH,66.5,0.3355,"Curious Kelly in final pose in Chair - UI elements will go on the side rails - Copy.png",True
"C:\Users\user\UI-TARS-desktop\public\kelly\phases\067\wisdom.png","wisdom.png","C:\Users\user\UI-TARS-desktop\public\kelly\phases\067",MATCH,69.6,0.3037,"Curious Kelly in final pose in Chair - UI elements will go on the side rails - Copy.png",True
"C:\Users\user\UI-TARS-desktop\public\kelly\phases\068\hook.png","hook.png","C:\Users\user\UI-TARS-desktop\public\kelly\phases\068",SUSPICIOUS,55.7,0.4432,"Curious Kelly in final pose in Chair - UI elements will go on the side rails - Copy.png",True
"C:\Users\user\UI-TARS-desktop\public\kelly\phases\068\q1.png","q1.png","C:\Users\user\UI-TARS-desktop\public\kelly\phases\068",MATCH,63.2,0.3676,"head and shoulders without chair.png",True
"C:\Users\user\UI-TARS-desktop\public\kelly\phases\068\q2.png","q2.png","C:\Users\user\UI-TARS-desktop\public\kelly\phases\068",MATCH,65.4,0.3455,"Curious Kelly in final pose in Chair - UI elements will go on the side rails - Copy.png",True
"C:\Users\user\UI-TARS-desktop\public\kelly\phases\068\q3.png","q3.png","C:\Users\user\UI-TARS-desktop\public\kelly\phases\068",MATCH,74.1,0.2593,"head and shoulders without chair.png",True
"C:\Users\user\UI-TARS-desktop\public\kelly\phases\068\wisdom.png","wisdom.png","C:\Users\user\UI-TARS-desktop\public\kelly\phases\068",MATCH,73.4,0.2657,"Curious Kelly in final pose in Chair - UI elements will go on the side rails - Copy.png",True
"C:\Users\user\UI-TARS-desktop\public\kelly\phases\069\hook.png","hook.png","C:\Users\user\UI-TARS-desktop\public\kelly\phases\069",MATCH,63.5,0.3651,"neutral face with hair.png",True
"C:\Users\user\UI-TARS-desktop\public\kelly\phases\069\q1.png","q1.png","C:\Users\user\UI-TARS-desktop\public\kelly\phases\069",MATCH,64.4,0.3557,"Curious Kelly in final pose in Chair - UI elements will go on the side rails - Copy.png",True
"C:\Users\user\UI-TARS-desktop\public\kelly\phases\069\q2.png","q2.png","C:\Users\user\UI-TARS-desktop\public\kelly\phases\069",MATCH,80.6,0.1939,"Curious Kelly in final pose in Chair - UI elements will go on the side rails - Copy.png",True
"C:\Users\user\UI-TARS-desktop\public\kelly\phases\069\q3.png","q3.png","C:\Users\user\UI-TARS-desktop\public\kelly\phases\069",MATCH,78.2,0.2178,"Curious Kelly in final pose in Chair - UI elements will go on the side rails - Copy.png",True
"C:\Users\user\UI-TARS-desktop\public\kelly\phases\069\wisdom.png","wisdom.png","C:\Users\user\UI-TARS-desktop\public\kelly\phases\069",MATCH,75.2,0.2484,"head and shoulders without chair.png",True
"C:\Users\user\UI-TARS-desktop\public\kelly\phases\070\hook.png","hook.png","C:\Users\user\UI-TARS-desktop\public\kelly\phases\070",MATCH,68.6,0.3143,"head and shoulders without chair.png",True
"C:\Users\user\UI-TARS-desktop\public\kelly\phases\070\q1.png","q1.png","C:\Users\user\UI-TARS-desktop\public\kelly\phases\070",MATCH,62.2,0.3777,"Curious Kelly in final pose in Chair - UI elements will go on the side rails - Copy.png",True
"C:\Users\user\UI-TARS-desktop\public\kelly\phases\070\q2.png","q2.png","C:\Users\user\UI-TARS-desktop\public\kelly\phases\070",MATCH,62.0,0.3799,"neutral face with hair.png",True
"C:\Users\user\UI-TARS-desktop\public\kelly\phases\070\q3.png","q3.png","C:\Users\user\UI-TARS-desktop\public\kelly\phases\070",MATCH,64.1,0.3593,"head and shoulders without chair.png",True
"C:\Users\user\UI-TARS-desktop\public\kelly\phases\070\wisdom.png","wisdom.png","C:\Users\user\UI-TARS-desktop\public\kelly\phases\070",MATCH,68.1,0.3192,"Curious Kelly in final pose in Chair - UI elements will go on the side rails - Copy.png",True
"C:\Users\user\UI-TARS-desktop\public\kelly\phases\071\hook.png","hook.png","C:\Users\user\UI-TARS-desktop\public\kelly\phases\071",MATCH,76.5,0.2352,"head and shoulders without chair.png",True
"C:\Users\user\UI-TARS-desktop\public\kelly\phases\071\q1.png","q1.png","C:\Users\user\UI-TARS-desktop\public\kelly\phases\071",MATCH,77.9,0.2208,"Curious Kelly in final pose in Chair - UI elements will go on the side rails - Copy.png",True
"C:\Users\user\UI-TARS-desktop\public\kelly\phases\071\q2.png","q2.png","C:\Users\user\UI-TARS-desktop\public\kelly\phases\071",MATCH,75.9,0.2414,"Curious Kelly in final pose in Chair - UI elements will go on the side rails - Copy.png",True
"C:\Users\user\UI-TARS-desktop\public\kelly\phases\071\q3.png","q3.png","C:\Users\user\UI-TARS-desktop\public\kelly\phases\071",MATCH,79.5,0.2045,"Curious Kelly in final pose in Chair - UI elements will go on the side rails - Copy.png",True
"C:\Users\user\UI-TARS-desktop\public\kelly\phases\071\wisdom.png","wisdom.png","C:\Users\user\UI-TARS-desktop\public\kelly\phases\071",MATCH,79.9,0.2008,"head and shoulders without chair.png",True
"C:\Users\user\UI-TARS-desktop\public\kelly\phases\072\hook.png","hook.png","C:\Users\user\UI-TARS-desktop\public\kelly\phases\072",MATCH,78.0,0.2204,"head and shoulders without chair.png",True
"C:\Users\user\UI-TARS-desktop\public\kelly\phases\072\q1.png","q1.png","C:\Users\user\UI-TARS-desktop\public\kelly\phases\072",MATCH,71.7,0.2827,"Curious Kelly in final pose in Chair - UI elements will go on the side rails - Copy.png",True
"C:\Users\user\UI-TARS-desktop\public\kelly\phases\072\q2.png","q2.png","C:\Users\user\UI-TARS-desktop\public\kelly\phases\072",MATCH,64.1,0.3593,"Curious Kelly in final pose in Chair - UI elements will go on the side rails - Copy.png",True
"C:\Users\user\UI-TARS-desktop\public\kelly\phases\072\q3.png","q3.png","C:\Users\user\UI-TARS-desktop\public\kelly\phases\072",MATCH,66.6,0.3336,"head and shoulders without chair.png",True
"C:\Users\user\UI-TARS-desktop\public\kelly\phases\072\wisdom.png","wisdom.png","C:\Users\user\UI-TARS-desktop\public\kelly\phases\072",MATCH,74.0,0.2603,"head and shoulders without chair.png",True
"C:\Users\user\UI-TARS-desktop\public\kelly\phases\073\hook.png","hook.png","C:\Users\user\UI-TARS-desktop\public\kelly\phases\073",MATCH,70.0,0.2997,"neutral face with hair.png",True
"C:\Users\user\UI-TARS-desktop\public\kelly\phases\073\q1.png","q1.png","C:\Users\user\UI-TARS-desktop\public\kelly\phases\073",MATCH,73.4,0.2660,"neutral face with hair.png",True
"C:\Users\user\UI-TARS-desktop\public\kelly\phases\073\q2.png","q2.png","C:\Users\user\UI-TARS-desktop\public\kelly\phases\073",MATCH,77.9,0.2209,"head and shoulders without chair.png",True
"C:\Users\user\UI-TARS-desktop\public\kelly\phases\073\q3.png","q3.png","C:\Users\user\UI-TARS-desktop\public\kelly\phases\073",MATCH,75.3,0.2467,"head and shoulders without chair.png",True
"C:\Users\user\UI-TARS-desktop\public\kelly\phases\073\wisdom.png","wisdom.png","C:\Users\user\UI-TARS-desktop\public\kelly\phases\073",SUSPICIOUS,51.4,0.4861,"neutral face with hair.png",True
"C:\Users\user\UI-TARS-desktop\public\kelly\phases\074\hook.png","hook.png","C:\Users\user\UI-TARS-desktop\public\kelly\phases\074",MATCH,83.9,0.1608,"head and shoulders without chair.png",True
"C:\Users\user\UI-TARS-desktop\public\kelly\phases\074\q1.png","q1.png","C:\Users\user\UI-TARS-desktop\public\kelly\phases\074",MATCH,67.8,0.3220,"Curious Kelly in final pose in Chair - UI elements will go on the side rails - Copy.png",True
"C:\Users\user\UI-TARS-desktop\public\kelly\phases\074\q2.png","q2.png","C:\Users\user\UI-TARS-desktop\public\kelly\phases\074",MATCH,68.6,0.3143,"Curious Kelly in final pose in Chair - UI elements will go on the side rails - Copy.png",True
"C:\Users\user\UI-TARS-desktop\public\kelly\phases\074\q3.png","q3.png","C:\Users\user\UI-TARS-desktop\public\kelly\phases\074",MATCH,71.3,0.2870,"head and shoulders without chair.png",True
"C:\Users\user\UI-TARS-desktop\public\kelly\phases\074\wisdom.png","wisdom.png","C:\Users\user\UI-TARS-desktop\public\kelly\phases\074",MATCH,75.7,0.2426,"Curious Kelly in final pose in Chair - UI elements will go on the side rails - Copy.png",True
"C:\Users\user\UI-TARS-desktop\public\kelly\phases\075\hook.png","hook.png","C:\Users\user\UI-TARS-desktop\public\kelly\phases\075",MATCH,65.7,0.3434,"head and shoulders without chair.png",True
"C:\Users\user\UI-TARS-desktop\public\kelly\phases\075\q1.png","q1.png","C:\Users\user\UI-TARS-desktop\public\kelly\phases\075",MATCH,75.9,0.2413,"slightly turning her head.png",True
"C:\Users\user\UI-TARS-desktop\public\kelly\phases\075\q2.png","q2.png","C:\Users\user\UI-TARS-desktop\public\kelly\phases\075",MATCH,66.5,0.3345,"Curious Kelly in final pose in Chair - UI elements will go on the side rails - Copy.png",True
"C:\Users\user\UI-TARS-desktop\public\kelly\phases\075\q3.png","q3.png","C:\Users\user\UI-TARS-desktop\public\kelly\phases\075",MATCH,80.7,0.1933,"head and shoulders without chair.png",True
"C:\Users\user\UI-TARS-desktop\public\kelly\phases\075\wisdom.png","wisdom.png","C:\Users\user\UI-TARS-desktop\public\kelly\phases\075",MATCH,69.1,0.3087,"Curious Kelly in final pose in Chair - UI elements will go on the side rails - Copy.png",True
"C:\Users\user\UI-TARS-desktop\public\kelly\phases\076\hook.png","hook.png","C:\Users\user\UI-TARS-desktop\public\kelly\phases\076",MATCH,63.5,0.3653,"neutral face with hair.png",True
"C:\Users\user\UI-TARS-desktop\public\kelly\phases\076\q1.png","q1.png","C:\Users\user\UI-TARS-desktop\public\kelly\phases\076",SUSPICIOUS,54.6,0.4538,"facing to the left.png",True
"C:\Users\user\UI-TARS-desktop\public\kelly\phases\076\q2.png","q2.png","C:\Users\user\UI-TARS-desktop\public\kelly\phases\076",MATCH,71.6,0.2842,"head and shoulders without chair.png",True
"C:\Users\user\UI-TARS-desktop\public\kelly\phases\076\q3.png","q3.png","C:\Users\user\UI-TARS-desktop\public\kelly\phases\076",MATCH,64.8,0.3522,"slightly turning her head.png",True
"C:\Users\user\UI-TARS-desktop\public\kelly\phases\076\wisdom.png","wisdom.png","C:\Users\user\UI-TARS-desktop\public\kelly\phases\076",MATCH,81.0,0.1903,"Curious Kelly in final pose in Chair - UI elements will go on the side rails - Copy.png",True
"C:\Users\user\UI-TARS-desktop\public\kelly\phases\077\hook.png","hook.png","C:\Users\user\UI-TARS-desktop\public\kelly\phases\077",MATCH,79.9,0.2008,"Curious Kelly in final pose in Chair - UI elements will go on the side rails - Copy.png",True
"C:\Users\user\UI-TARS-desktop\public\kelly\phases\077\q1.png","q1.png","C:\Users\user\UI-TARS-desktop\public\kelly\phases\077",MATCH,78.1,0.2186,"Curious Kelly in final pose in Chair - UI elements will go on the side rails - Copy.png",True
"C:\Users\user\UI-TARS-desktop\public\kelly\phases\077\q2.png","q2.png","C:\Users\user\UI-TARS-desktop\public\kelly\phases\077",SUSPICIOUS,61.1,0.3895,"Curious Kelly in final pose in Chair - UI elements will go on the side rails - Copy.png",True
"C:\Users\user\UI-TARS-desktop\public\kelly\phases\077\q3.png","q3.png","C:\Users\user\UI-TARS-desktop\public\kelly\phases\077",MATCH,80.3,0.1970,"Curious Kelly in final pose in Chair - UI elements will go on the side rails - Copy.png",True
"C:\Users\user\UI-TARS-desktop\public\kelly\phases\077\wisdom.png","wisdom.png","C:\Users\user\UI-TARS-desktop\public\kelly\phases\077",MATCH,74.7,0.2533,"head and shoulders without chair.png",True
"C:\Users\user\UI-TARS-desktop\public\kelly\phases\078\hook.png","hook.png","C:\Users\user\UI-TARS-desktop\public\kelly\phases\078",MATCH,62.3,0.3770,"Curious Kelly in final pose in Chair - UI elements will go on the side rails - Copy.png",True
"C:\Users\user\UI-TARS-desktop\public\kelly\phases\078\q1.png","q1.png","C:\Users\user\UI-TARS-desktop\public\kelly\phases\078",MATCH,80.1,0.1990,"Curious Kelly in final pose in Chair - UI elements will go on the side rails - Copy.png",True
"C:\Users\user\UI-TARS-desktop\public\kelly\phases\078\q2.png","q2.png","C:\Users\user\UI-TARS-desktop\public\kelly\phases\078",SUSPICIOUS,57.3,0.4270,"head and shoulders without chair.png",True
"C:\Users\user\UI-TARS-desktop\public\kelly\phases\078\q3.png","q3.png","C:\Users\user\UI-TARS-desktop\public\kelly\phases\078",MATCH,70.9,0.2909,"slightly turning her head.png",True
"C:\Users\user\UI-TARS-desktop\public\kelly\phases\078\wisdom.png","wisdom.png","C:\Users\user\UI-TARS-desktop\public\kelly\phases\078",MATCH,65.2,0.3478,"Curious Kelly in final pose in Chair - UI elements will go on the side rails - Copy.png",True
"C:\Users\user\UI-TARS-desktop\public\kelly\phases\079\hook.png","hook.png","C:\Users\user\UI-TARS-desktop\public\kelly\phases\079",MATCH,65.6,0.3437,"Curious Kelly in final pose in Chair - UI elements will go on the side rails - Copy.png",True
"C:\Users\user\UI-TARS-desktop\public\kelly\phases\079\q1.png","q1.png","C:\Users\user\UI-TARS-desktop\public\kelly\phases\079",SUSPICIOUS,59.4,0.4064,"head and shoulders without chair.png",True
"C:\Users\user\UI-TARS-desktop\public\kelly\phases\079\q2.png","q2.png","C:\Users\user\UI-TARS-desktop\public\kelly\phases\079",MATCH,70.4,0.2964,"head and shoulders without chair.png",True
"C:\Users\user\UI-TARS-desktop\public\kelly\phases\079\q3.png","q3.png","C:\Users\user\UI-TARS-desktop\public\kelly\phases\079",MATCH,78.0,0.2199,"head and shoulders without chair.png",True
"C:\Users\user\UI-TARS-desktop\public\kelly\phases\079\wisdom.png","wisdom.png","C:\Users\user\UI-TARS-desktop\public\kelly\phases\079",MATCH,70.1,0.2988,"Curious Kelly in final pose in Chair - UI elements will go on the side rails - Copy.png",True
"C:\Users\user\UI-TARS-desktop\public\kelly\phases\080\hook.png","hook.png","C:\Users\user\UI-TARS-desktop\public\kelly\phases\080",MATCH,79.0,0.2097,"head and shoulders without chair.png",True
"C:\Users\user\UI-TARS-desktop\public\kelly\phases\080\q1.png","q1.png","C:\Users\user\UI-TARS-desktop\public\kelly\phases\080",MATCH,75.2,0.2480,"Curious Kelly in final pose in Chair - UI elements will go on the side rails - Copy.png",True
"C:\Users\user\UI-TARS-desktop\public\kelly\phases\080\q2.png","q2.png","C:\Users\user\UI-TARS-desktop\public\kelly\phases\080",MATCH,66.5,0.3350,"Curious Kelly in final pose in Chair - UI elements will go on the side rails - Copy.png",True
"C:\Users\user\UI-TARS-desktop\public\kelly\phases\080\q3.png","q3.png","C:\Users\user\UI-TARS-desktop\public\kelly\phases\080",MATCH,75.7,0.2433,"head and shoulders without chair.png",True
"C:\Users\user\UI-TARS-desktop\public\kelly\phases\080\wisdom.png","wisdom.png","C:\Users\user\UI-TARS-desktop\public\kelly\phases\080",MATCH,74.2,0.2580,"Curious Kelly in final pose in Chair - UI elements will go on the side rails - Copy.png",True
"C:\Users\user\UI-TARS-desktop\public\kelly\phases\081\hook.png","hook.png","C:\Users\user\UI-TARS-desktop\public\kelly\phases\081",MATCH,76.9,0.2313,"Curious Kelly in final pose in Chair - UI elements will go on the side rails - Copy.png",True
"C:\Users\user\UI-TARS-desktop\public\kelly\phases\081\q1.png","q1.png","C:\Users\user\UI-TARS-desktop\public\kelly\phases\081",SUSPICIOUS,54.5,0.4547,"neutral face with hair.png",True
"C:\Users\user\UI-TARS-desktop\public\kelly\phases\081\q2.png","q2.png","C:\Users\user\UI-TARS-desktop\public\kelly\phases\081",MATCH,68.6,0.3140,"Curious Kelly in final pose in Chair - UI elements will go on the side rails - Copy.png",True
"C:\Users\user\UI-TARS-desktop\public\kelly\phases\081\q3.png","q3.png","C:\Users\user\UI-TARS-desktop\public\kelly\phases\081",MATCH,77.9,0.2207,"Curious Kelly in final pose in Chair - UI elements will go on the side rails - Copy.png",True
"C:\Users\user\UI-TARS-desktop\public\kelly\phases\081\wisdom.png","wisdom.png","C:\Users\user\UI-TARS-desktop\public\kelly\phases\081",MATCH,68.0,0.3203,"neutral face with hair.png",True
"C:\Users\user\UI-TARS-desktop\public\kelly\phases\082\hook.png","hook.png","C:\Users\user\UI-TARS-desktop\public\kelly\phases\082",MATCH,78.9,0.2111,"head and shoulders without chair.png",True
"C:\Users\user\UI-TARS-desktop\public\kelly\phases\082\q1.png","q1.png","C:\Users\user\UI-TARS-desktop\public\kelly\phases\082",MATCH,62.0,0.3797,"Curious Kelly in final pose in Chair - UI elements will go on the side rails - Copy.png",True
"C:\Users\user\UI-TARS-desktop\public\kelly\phases\082\q2.png","q2.png","C:\Users\user\UI-TARS-desktop\public\kelly\phases\082",MATCH,72.8,0.2718,"Curious Kelly in final pose in Chair - UI elements will go on the side rails - Copy.png",True
"C:\Users\user\UI-TARS-desktop\public\kelly\phases\082\q3.png","q3.png","C:\Users\user\UI-TARS-desktop\public\kelly\phases\082",MATCH,83.5,0.1649,"Curious Kelly in final pose in Chair - UI elements will go on the side rails - Copy.png",True
"C:\Users\user\UI-TARS-desktop\public\kelly\phases\082\wisdom.png","wisdom.png","C:\Users\user\UI-TARS-desktop\public\kelly\phases\082",MATCH,80.8,0.1920,"neutral face with hair.png",True
"C:\Users\user\UI-TARS-desktop\public\kelly\phases\083\hook.png","hook.png","C:\Users\user\UI-TARS-desktop\public\kelly\phases\083",MATCH,62.1,0.3792,"head and shoulders without chair.png",True
"C:\Users\user\UI-TARS-desktop\public\kelly\phases\083\q1.png","q1.png","C:\Users\user\UI-TARS-desktop\public\kelly\phases\083",SUSPICIOUS,49.9,0.5014,"head and shoulders without chair.png",True
"C:\Users\user\UI-TARS-desktop\public\kelly\phases\083\q2.png","q2.png","C:\Users\user\UI-TARS-desktop\public\kelly\phases\083",MATCH,66.5,0.3347,"head and shoulders without chair.png",True
"C:\Users\user\UI-TARS-desktop\public\kelly\phases\083\q3.png","q3.png","C:\Users\user\UI-TARS-desktop\public\kelly\phases\083",MATCH,73.4,0.2660,"Curious Kelly in final pose in Chair - UI elements will go on the side rails - Copy.png",True
"C:\Users\user\UI-TARS-desktop\public\kelly\phases\083\wisdom.png","wisdom.png","C:\Users\user\UI-TARS-desktop\public\kelly\phases\083",MATCH,78.2,0.2176,"head and shoulders without chair.png",True
"C:\Users\user\UI-TARS-desktop\public\kelly\phases\084\hook.png","hook.png","C:\Users\user\UI-TARS-desktop\public\kelly\phases\084",MATCH,81.6,0.1838,"Curious Kelly in final pose in Chair - UI elements will go on the side rails - Copy.png",True
"C:\Users\user\UI-TARS-desktop\public\kelly\phases\084\q1.png","q1.png","C:\Users\user\UI-TARS-desktop\public\kelly\phases\084",MATCH,68.5,0.3150,"Curious Kelly in final pose in Chair - UI elements will go on the side rails - Copy.png",True
"C:\Users\user\UI-TARS-desktop\public\kelly\phases\084\q2.png","q2.png","C:\Users\user\UI-TARS-desktop\public\kelly\phases\084",MATCH,76.2,0.2380,"Curious Kelly in final pose in Chair - UI elements will go on the side rails - Copy.png",True
"C:\Users\user\UI-TARS-desktop\public\kelly\phases\084\q3.png","q3.png","C:\Users\user\UI-TARS-desktop\public\kelly\phases\084",MATCH,70.6,0.2941,"head and shoulders without chair.png",True
"C:\Users\user\UI-TARS-desktop\public\kelly\phases\084\wisdom.png","wisdom.png","C:\Users\user\UI-TARS-desktop\public\kelly\phases\084",MATCH,80.1,0.1993,"Curious Kelly in final pose in Chair - UI elements will go on the side rails - Copy.png",True
"C:\Users\user\UI-TARS-desktop\public\kelly\phases\085\hook.png","hook.png","C:\Users\user\UI-TARS-desktop\public\kelly\phases\085",MATCH,83.0,0.1701,"Curious Kelly in final pose in Chair - UI elements will go on the side rails - Copy.png",True
"C:\Users\user\UI-TARS-desktop\public\kelly\phases\085\q1.png","q1.png","C:\Users\user\UI-TARS-desktop\public\kelly\phases\085",NO_MATCH,40.3,0.5969,"neutral face with hair.png",True
"C:\Users\user\UI-TARS-desktop\public\kelly\phases\085\q2.png","q2.png","C:\Users\user\UI-TARS-desktop\public\kelly\phases\085",SUSPICIOUS,57.7,0.4226,"Curious Kelly in final pose in Chair - UI elements will go on the side rails - Copy.png",True
"C:\Users\user\UI-TARS-desktop\public\kelly\phases\085\q3.png","q3.png","C:\Users\user\UI-TARS-desktop\public\kelly\phases\085",MATCH,69.5,0.3051,"head and shoulders without chair.png",True
"C:\Users\user\UI-TARS-desktop\public\kelly\phases\085\wisdom.png","wisdom.png","C:\Users\user\UI-TARS-desktop\public\kelly\phases\085",MATCH,69.8,0.3024,"Curious Kelly in final pose in Chair - UI elements will go on the side rails - Copy.png",True
"C:\Users\user\UI-TARS-desktop\public\kelly\phases\086\hook.png","hook.png","C:\Users\user\UI-TARS-desktop\public\kelly\phases\086",MATCH,70.4,0.2956,"Curious Kelly in final pose in Chair - UI elements will go on the side rails - Copy.png",True
"C:\Users\user\UI-TARS-desktop\public\kelly\phases\086\q1.png","q1.png","C:\Users\user\UI-TARS-desktop\public\kelly\phases\086",SUSPICIOUS,60.0,0.4003,"slightly turning her head.png",True
"C:\Users\user\UI-TARS-desktop\public\kelly\phases\086\q2.png","q2.png","C:\Users\user\UI-TARS-desktop\public\kelly\phases\086",MATCH,85.3,0.1474,"neutral face with hair.png",True
"C:\Users\user\UI-TARS-desktop\public\kelly\phases\086\q3.png","q3.png","C:\Users\user\UI-TARS-desktop\public\kelly\phases\086",MATCH,86.8,0.1323,"head and shoulders without chair.png",True
"C:\Users\user\UI-TARS-desktop\public\kelly\phases\086\wisdom.png","wisdom.png","C:\Users\user\UI-TARS-desktop\public\kelly\phases\086",MATCH,72.3,0.2771,"head and shoulders without chair.png",True
"C:\Users\user\UI-TARS-desktop\public\kelly\phases\087\hook.png","hook.png","C:\Users\user\UI-TARS-desktop\public\kelly\phases\087",MATCH,61.6,0.3842,"head and shoulders without chair.png",True
"C:\Users\user\UI-TARS-desktop\public\kelly\phases\087\q1.png","q1.png","C:\Users\user\UI-TARS-desktop\public\kelly\phases\087",SUSPICIOUS,56.9,0.4311,"head and shoulders without chair.png",True
"C:\Users\user\UI-TARS-desktop\public\kelly\phases\087\q2.png","q2.png","C:\Users\user\UI-TARS-desktop\public\kelly\phases\087",MATCH,78.4,0.2162,"Curious Kelly in final pose in Chair - UI elements will go on the side rails - Copy.png",True
"C:\Users\user\UI-TARS-desktop\public\kelly\phases\087\q3.png","q3.png","C:\Users\user\UI-TARS-desktop\public\kelly\phases\087",MATCH,66.3,0.3368,"head and shoulders without chair.png",True
"C:\Users\user\UI-TARS-desktop\public\kelly\phases\087\wisdom.png","wisdom.png","C:\Users\user\UI-TARS-desktop\public\kelly\phases\087",MATCH,84.2,0.1579,"Curious Kelly in final pose in Chair - UI elements will go on the side rails - Copy.png",True
"C:\Users\user\UI-TARS-desktop\public\kelly\phases\088\hook.png","hook.png","C:\Users\user\UI-TARS-desktop\public\kelly\phases\088",MATCH,79.6,0.2043,"Curious Kelly in final pose in Chair - UI elements will go on the side rails - Copy.png",True
"C:\Users\user\UI-TARS-desktop\public\kelly\phases\088\q1.png","q1.png","C:\Users\user\UI-TARS-desktop\public\kelly\phases\088",MATCH,82.7,0.1726,"Curious Kelly in final pose in Chair - UI elements will go on the side rails - Copy.png",True
"C:\Users\user\UI-TARS-desktop\public\kelly\phases\088\q2.png","q2.png","C:\Users\user\UI-TARS-desktop\public\kelly\phases\088",MATCH,71.1,0.2885,"Curious Kelly in final pose in Chair - UI elements will go on the side rails - Copy.png",True
"C:\Users\user\UI-TARS-desktop\public\kelly\phases\088\q3.png","q3.png","C:\Users\user\UI-TARS-desktop\public\kelly\phases\088",MATCH,82.3,0.1770,"Curious Kelly in final pose in Chair - UI elements will go on the side rails - Copy.png",True
"C:\Users\user\UI-TARS-desktop\public\kelly\phases\088\wisdom.png","wisdom.png","C:\Users\user\UI-TARS-desktop\public\kelly\phases\088",MATCH,71.6,0.2842,"neutral face with hair.png",True
"C:\Users\user\UI-TARS-desktop\public\kelly\phases\089\hook.png","hook.png","C:\Users\user\UI-TARS-desktop\public\kelly\phases\089",MATCH,82.2,0.1780,"Curious Kelly in final pose in Chair - UI elements will go on the side rails - Copy.png",True
"C:\Users\user\UI-TARS-desktop\public\kelly\phases\089\q1.png","q1.png","C:\Users\user\UI-TARS-desktop\public\kelly\phases\089",MATCH,70.4,0.2962,"Curious Kelly in final pose in Chair - UI elements will go on the side rails - Copy.png",True
"C:\Users\user\UI-TARS-desktop\public\kelly\phases\089\q2.png","q2.png","C:\Users\user\UI-TARS-desktop\public\kelly\phases\089",MATCH,71.4,0.2864,"head and shoulders without chair.png",True
"C:\Users\user\UI-TARS-desktop\public\kelly\phases\089\q3.png","q3.png","C:\Users\user\UI-TARS-desktop\public\kelly\phases\089",MATCH,72.3,0.2770,"slightly turning her head.png",True
"C:\Users\user\UI-TARS-desktop\public\kelly\phases\089\wisdom.png","wisdom.png","C:\Users\user\UI-TARS-desktop\public\kelly\phases\089",MATCH,63.4,0.3655,"neutral face with hair.png",True
"C:\Users\user\UI-TARS-desktop\public\kelly\phases\090\hook.png","hook.png","C:\Users\user\UI-TARS-desktop\public\kelly\phases\090",MATCH,76.9,0.2309,"head and shoulders without chair.png",True
"C:\Users\user\UI-TARS-desktop\public\kelly\phases\090\q1.png","q1.png","C:\Users\user\UI-TARS-desktop\public\kelly\phases\090",MATCH,65.1,0.3489,"Curious Kelly in final pose in Chair - UI elements will go on the side rails - Copy.png",True
"C:\Users\user\UI-TARS-desktop\public\kelly\phases\090\q2.png","q2.png","C:\Users\user\UI-TARS-desktop\public\kelly\phases\090",MATCH,74.0,0.2599,"neutral face with hair.png",True
"C:\Users\user\UI-TARS-desktop\public\kelly\phases\090\q3.png","q3.png","C:\Users\user\UI-TARS-desktop\public\kelly\phases\090",MATCH,76.6,0.2343,"Curious Kelly in final pose in Chair - UI elements will go on the side rails - Copy.png",True
"C:\Users\user\UI-TARS-desktop\public\kelly\phases\090\wisdom.png","wisdom.png","C:\Users\user\UI-TARS-desktop\public\kelly\phases\090",MATCH,76.5,0.2347,"Curious Kelly in final pose in Chair - UI elements will go on the side rails - Copy.png",True
"C:\Users\user\UI-TARS-desktop\public\kelly\phases\091\hook.png","hook.png","C:\Users\user\UI-TARS-desktop\public\kelly\phases\091",MATCH,74.6,0.2541,"Curious Kelly in final pose in Chair - UI elements will go on the side rails - Copy.png",True
"C:\Users\user\UI-TARS-desktop\public\kelly\phases\091\q1.png","q1.png","C:\Users\user\UI-TARS-desktop\public\kelly\phases\091",MATCH,62.3,0.3772,"head and shoulders without chair.png",True
"C:\Users\user\UI-TARS-desktop\public\kelly\phases\091\q2.png","q2.png","C:\Users\user\UI-TARS-desktop\public\kelly\phases\091",MATCH,68.5,0.3146,"Curious Kelly in final pose in Chair - UI elements will go on the side rails - Copy.png",True
"C:\Users\user\UI-TARS-desktop\public\kelly\phases\091\q3.png","q3.png","C:\Users\user\UI-TARS-desktop\public\kelly\phases\091",MATCH,78.2,0.2179,"head and shoulders without chair.png",True
"C:\Users\user\UI-TARS-desktop\public\kelly\phases\091\wisdom.png","wisdom.png","C:\Users\user\UI-TARS-desktop\public\kelly\phases\091",MATCH,76.0,0.2399,"Curious Kelly in final pose in Chair - UI elements will go on the side rails - Copy.png",True
"C:\Users\user\UI-TARS-desktop\public\kelly\phases\092\hook.png","hook.png","C:\Users\user\UI-TARS-desktop\public\kelly\phases\092",MATCH,73.4,0.2661,"Curious Kelly in final pose in Chair - UI elements will go on the side rails - Copy.png",True
"C:\Users\user\UI-TARS-desktop\public\kelly\phases\092\q1.png","q1.png","C:\Users\user\UI-TARS-desktop\public\kelly\phases\092",MATCH,62.3,0.3773,"head and shoulders without chair.png",True
"C:\Users\user\UI-TARS-desktop\public\kelly\phases\092\q2.png","q2.png","C:\Users\user\UI-TARS-desktop\public\kelly\phases\092",MATCH,68.0,0.3198,"Curious Kelly in final pose in Chair - UI elements will go on the side rails - Copy.png",True
"C:\Users\user\UI-TARS-desktop\public\kelly\phases\092\q3.png","q3.png","C:\Users\user\UI-TARS-desktop\public\kelly\phases\092",MATCH,64.2,0.3585,"slightly turning her head.png",True
"C:\Users\user\UI-TARS-desktop\public\kelly\phases\092\wisdom.png","wisdom.png","C:\Users\user\UI-TARS-desktop\public\kelly\phases\092",MATCH,78.2,0.2178,"Curious Kelly in final pose in Chair - UI elements will go on the side rails - Copy.png",True
"C:\Users\user\UI-TARS-desktop\public\kelly\phases\093\hook.png","hook.png","C:\Users\user\UI-TARS-desktop\public\kelly\phases\093",MATCH,88.1,0.1189,"Curious Kelly in final pose in Chair - UI elements will go on the side rails - Copy.png",True
"C:\Users\user\UI-TARS-desktop\public\kelly\phases\093\q1.png","q1.png","C:\Users\user\UI-TARS-desktop\public\kelly\phases\093",MATCH,72.0,0.2797,"slightly turning her head.png",True
"C:\Users\user\UI-TARS-desktop\public\kelly\phases\093\q2.png","q2.png","C:\Users\user\UI-TARS-desktop\public\kelly\phases\093",MATCH,72.0,0.2799,"head and shoulders without chair.png",True
"C:\Users\user\UI-TARS-desktop\public\kelly\phases\093\q3.png","q3.png","C:\Users\user\UI-TARS-desktop\public\kelly\phases\093",MATCH,68.3,0.3170,"head and shoulders without chair.png",True
"C:\Users\user\UI-TARS-desktop\public\kelly\phases\093\wisdom.png","wisdom.png","C:\Users\user\UI-TARS-desktop\public\kelly\phases\093",SUSPICIOUS,61.3,0.3873,"head and shoulders without chair.png",True
"C:\Users\user\UI-TARS-desktop\public\kelly\phases\094\hook.png","hook.png","C:\Users\user\UI-TARS-desktop\public\kelly\phases\094",MATCH,82.1,0.1792,"Curious Kelly in final pose in Chair - UI elements will go on the side rails - Copy.png",True
"C:\Users\user\UI-TARS-desktop\public\kelly\phases\094\q1.png","q1.png","C:\Users\user\UI-TARS-desktop\public\kelly\phases\094",MATCH,61.8,0.3824,"slightly turning her head.png",True
"C:\Users\user\UI-TARS-desktop\public\kelly\phases\094\q2.png","q2.png","C:\Users\user\UI-TARS-desktop\public\kelly\phases\094",MATCH,74.8,0.2522,"head and shoulders without chair.png",True
"C:\Users\user\UI-TARS-desktop\public\kelly\phases\094\q3.png","q3.png","C:\Users\user\UI-TARS-desktop\public\kelly\phases\094",MATCH,65.2,0.3479,"head and shoulders without chair.png",True
"C:\Users\user\UI-TARS-desktop\public\kelly\phases\094\wisdom.png","wisdom.png","C:\Users\user\UI-TARS-desktop\public\kelly\phases\094",MATCH,72.8,0.2718,"Curious Kelly in final pose in Chair - UI elements will go on the side rails - Copy.png",True
"C:\Users\user\UI-TARS-desktop\public\kelly\phases\095\hook.png","hook.png","C:\Users\user\UI-TARS-desktop\public\kelly\phases\095",MATCH,77.4,0.2256,"Curious Kelly in final pose in Chair - UI elements will go on the side rails - Copy.png",True
"C:\Users\user\UI-TARS-desktop\public\kelly\phases\095\q1.png","q1.png","C:\Users\user\UI-TARS-desktop\public\kelly\phases\095",MATCH,73.7,0.2630,"Curious Kelly in final pose in Chair - UI elements will go on the side rails - Copy.png",True
"C:\Users\user\UI-TARS-desktop\public\kelly\phases\095\q2.png","q2.png","C:\Users\user\UI-TARS-desktop\public\kelly\phases\095",MATCH,68.0,0.3197,"head and shoulders without chair.png",True
"C:\Users\user\UI-TARS-desktop\public\kelly\phases\095\q3.png","q3.png","C:\Users\user\UI-TARS-desktop\public\kelly\phases\095",SUSPICIOUS,58.5,0.4152,"head and shoulders without chair.png",True
"C:\Users\user\UI-TARS-desktop\public\kelly\phases\095\wisdom.png","wisdom.png","C:\Users\user\UI-TARS-desktop\public\kelly\phases\095",MATCH,74.5,0.2555,"Curious Kelly in final pose in Chair - UI elements will go on the side rails - Copy.png",True
"C:\Users\user\UI-TARS-desktop\public\kelly\phases\096\hook.png","hook.png","C:\Users\user\UI-TARS-desktop\public\kelly\phases\096",MATCH,66.2,0.3377,"Curious Kelly in final pose in Chair - UI elements will go on the side rails - Copy.png",True
"C:\Users\user\UI-TARS-desktop\public\kelly\phases\096\q1.png","q1.png","C:\Users\user\UI-TARS-desktop\public\kelly\phases\096",MATCH,72.6,0.2736,"head and shoulders without chair.png",True
"C:\Users\user\UI-TARS-desktop\public\kelly\phases\096\q2.png","q2.png","C:\Users\user\UI-TARS-desktop\public\kelly\phases\096",NO_MATCH,37.5,0.6249,"neutral face with hair.png",True
"C:\Users\user\UI-TARS-desktop\public\kelly\phases\096\q3.png","q3.png","C:\Users\user\UI-TARS-desktop\public\kelly\phases\096",NO_MATCH,39.5,0.6054,"facing to the left.png",True
"C:\Users\user\UI-TARS-desktop\public\kelly\phases\096\wisdom.png","wisdom.png","C:\Users\user\UI-TARS-desktop\public\kelly\phases\096",MATCH,72.2,0.2782,"Curious Kelly in final pose in Chair - UI elements will go on the side rails - Copy.png",True
"C:\Users\user\UI-TARS-desktop\public\kelly\phases\097\hook.png","hook.png","C:\Users\user\UI-TARS-desktop\public\kelly\phases\097",MATCH,68.4,0.3161,"head and shoulders without chair.png",True
"C:\Users\user\UI-TARS-desktop\public\kelly\phases\097\q1.png","q1.png","C:\Users\user\UI-TARS-desktop\public\kelly\phases\097",NO_MATCH,40.9,0.5905,"slightly turning her head.png",True
"C:\Users\user\UI-TARS-desktop\public\kelly\phases\097\q2.png","q2.png","C:\Users\user\UI-TARS-desktop\public\kelly\phases\097",MATCH,65.9,0.3413,"head and shoulders without chair.png",True
"C:\Users\user\UI-TARS-desktop\public\kelly\phases\097\q3.png","q3.png","C:\Users\user\UI-TARS-desktop\public\kelly\phases\097",MATCH,76.4,0.2355,"Curious Kelly in final pose in Chair - UI elements will go on the side rails - Copy.png",True
"C:\Users\user\UI-TARS-desktop\public\kelly\phases\097\wisdom.png","wisdom.png","C:\Users\user\UI-TARS-desktop\public\kelly\phases\097",MATCH,82.4,0.1757,"Curious Kelly in final pose in Chair - UI elements will go on the side rails - Copy.png",True
"C:\Users\user\UI-TARS-desktop\public\kelly\phases\098\hook.png","hook.png","C:\Users\user\UI-TARS-desktop\public\kelly\phases\098",MATCH,76.9,0.2307,"neutral face with hair.png",True
"C:\Users\user\UI-TARS-desktop\public\kelly\phases\098\q1.png","q1.png","C:\Users\user\UI-TARS-desktop\public\kelly\phases\098",SUSPICIOUS,56.0,0.4396,"neutral face with hair.png",True
"C:\Users\user\UI-TARS-desktop\public\kelly\phases\098\q2.png","q2.png","C:\Users\user\UI-TARS-desktop\public\kelly\phases\098",MATCH,71.5,0.2853,"neutral face with hair.png",True
"C:\Users\user\UI-TARS-desktop\public\kelly\phases\098\q3.png","q3.png","C:\Users\user\UI-TARS-desktop\public\kelly\phases\098",MATCH,80.7,0.1931,"Curious Kelly in final pose in Chair - UI elements will go on the side rails - Copy.png",True
"C:\Users\user\UI-TARS-desktop\public\kelly\phases\098\wisdom.png","wisdom.png","C:\Users\user\UI-TARS-desktop\public\kelly\phases\098",MATCH,75.1,0.2490,"head and shoulders without chair.png",True
"C:\Users\user\UI-TARS-desktop\public\kelly\phases\099\hook.png","hook.png","C:\Users\user\UI-TARS-desktop\public\kelly\phases\099",MATCH,82.3,0.1771,"Curious Kelly in final pose in Chair - UI elements will go on the side rails - Copy.png",True
"C:\Users\user\UI-TARS-desktop\public\kelly\phases\099\q1.png","q1.png","C:\Users\user\UI-TARS-desktop\public\kelly\phases\099",MATCH,84.2,0.1584,"Curious Kelly in final pose in Chair - UI elements will go on the side rails - Copy.png",True
"C:\Users\user\UI-TARS-desktop\public\kelly\phases\099\q2.png","q2.png","C:\Users\user\UI-TARS-desktop\public\kelly\phases\099",MATCH,76.1,0.2390,"Curious Kelly in final pose in Chair - UI elements will go on the side rails - Copy.png",True
"C:\Users\user\UI-TARS-desktop\public\kelly\phases\099\q3.png","q3.png","C:\Users\user\UI-TARS-desktop\public\kelly\phases\099",MATCH,70.4,0.2964,"head and shoulders without chair.png",True
"C:\Users\user\UI-TARS-desktop\public\kelly\phases\099\wisdom.png","wisdom.png","C:\Users\user\UI-TARS-desktop\public\kelly\phases\099",MATCH,63.6,0.3638,"head and shoulders without chair.png",True
"C:\Users\user\UI-TARS-desktop\public\kelly\phases\100\hook.png","hook.png","C:\Users\user\UI-TARS-desktop\public\kelly\phases\100",MATCH,70.6,0.2938,"head and shoulders without chair.png",True
"C:\Users\user\UI-TARS-desktop\public\kelly\phases\100\q1.png","q1.png","C:\Users\user\UI-TARS-desktop\public\kelly\phases\100",MATCH,86.5,0.1350,"Curious Kelly in final pose in Chair - UI elements will go on the side rails - Copy.png",True
"C:\Users\user\UI-TARS-desktop\public\kelly\phases\100\q2.png","q2.png","C:\Users\user\UI-TARS-desktop\public\kelly\phases\100",MATCH,69.4,0.3057,"Curious Kelly in final pose in Chair - UI elements will go on the side rails - Copy.png",True
"C:\Users\user\UI-TARS-desktop\public\kelly\phases\100\q3.png","q3.png","C:\Users\user\UI-TARS-desktop\public\kelly\phases\100",MATCH,77.1,0.2292,"head and shoulders without chair.png",True
"C:\Users\user\UI-TARS-desktop\public\kelly\phases\100\wisdom.png","wisdom.png","C:\Users\user\UI-TARS-desktop\public\kelly\phases\100",MATCH,69.1,0.3093,"Curious Kelly in final pose in Chair - UI elements will go on the side rails - Copy.png",True
"C:\Users\user\UI-TARS-desktop\public\kelly\phases\101\hook.png","hook.png","C:\Users\user\UI-TARS-desktop\public\kelly\phases\101",MATCH,81.6,0.1842,"Curious Kelly in final pose in Chair - UI elements will go on the side rails - Copy.png",True
"C:\Users\user\UI-TARS-desktop\public\kelly\phases\101\q1.png","q1.png","C:\Users\user\UI-TARS-desktop\public\kelly\phases\101",SUSPICIOUS,50.3,0.4967,"slightly turning her head.png",True
"C:\Users\user\UI-TARS-desktop\public\kelly\phases\101\q2.png","q2.png","C:\Users\user\UI-TARS-desktop\public\kelly\phases\101",MATCH,75.3,0.2466,"head and shoulders without chair.png",True
"C:\Users\user\UI-TARS-desktop\public\kelly\phases\101\q3.png","q3.png","C:\Users\user\UI-TARS-desktop\public\kelly\phases\101",MATCH,73.7,0.2634,"slightly turning her head.png",True
"C:\Users\user\UI-TARS-desktop\public\kelly\phases\101\wisdom.png","wisdom.png","C:\Users\user\UI-TARS-desktop\public\kelly\phases\101",MATCH,82.4,0.1761,"Curious Kelly in final pose in Chair - UI elements will go on the side rails - Copy.png",True
"C:\Users\user\UI-TARS-desktop\public\kelly\phases\102\hook.png","hook.png","C:\Users\user\UI-TARS-desktop\public\kelly\phases\102",MATCH,69.7,0.3032,"Curious Kelly in final pose in Chair - UI elements will go on the side rails - Copy.png",True
"C:\Users\user\UI-TARS-desktop\public\kelly\phases\102\q1.png","q1.png","C:\Users\user\UI-TARS-desktop\public\kelly\phases\102",MATCH,61.8,0.3819,"head and shoulders without chair.png",True
"C:\Users\user\UI-TARS-desktop\public\kelly\phases\102\q2.png","q2.png","C:\Users\user\UI-TARS-desktop\public\kelly\phases\102",MATCH,70.2,0.2983,"Curious Kelly in final pose in Chair - UI elements will go on the side rails - Copy.png",True
"C:\Users\user\UI-TARS-desktop\public\kelly\phases\102\q3.png","q3.png","C:\Users\user\UI-TARS-desktop\public\kelly\phases\102",MATCH,70.9,0.2908,"slightly turning her head.png",True
"C:\Users\user\UI-TARS-desktop\public\kelly\phases\102\wisdom.png","wisdom.png","C:\Users\user\UI-TARS-desktop\public\kelly\phases\102",MATCH,77.9,0.2209,"Curious Kelly in final pose in Chair - UI elements will go on the side rails - Copy.png",True
"C:\Users\user\UI-TARS-desktop\public\kelly\phases\103\hook.png","hook.png","C:\Users\user\UI-TARS-desktop\public\kelly\phases\103",MATCH,66.9,0.3315,"head and shoulders without chair.png",True
"C:\Users\user\UI-TARS-desktop\public\kelly\phases\103\q1.png","q1.png","C:\Users\user\UI-TARS-desktop\public\kelly\phases\103",MATCH,80.1,0.1994,"neutral face with hair.png",True
"C:\Users\user\UI-TARS-desktop\public\kelly\phases\103\q2.png","q2.png","C:\Users\user\UI-TARS-desktop\public\kelly\phases\103",MATCH,72.7,0.2728,"head and shoulders without chair.png",True
"C:\Users\user\UI-TARS-desktop\public\kelly\phases\103\q3.png","q3.png","C:\Users\user\UI-TARS-desktop\public\kelly\phases\103",MATCH,71.4,0.2857,"Curious Kelly in final pose in Chair - UI elements will go on the side rails - Copy.png",True
"C:\Users\user\UI-TARS-desktop\public\kelly\phases\103\wisdom.png","wisdom.png","C:\Users\user\UI-TARS-desktop\public\kelly\phases\103",MATCH,87.9,0.1215,"Curious Kelly in final pose in Chair - UI elements will go on the side rails - Copy.png",True
"C:\Users\user\UI-TARS-desktop\public\kelly\phases\104\hook.png","hook.png","C:\Users\user\UI-TARS-desktop\public\kelly\phases\104",MATCH,79.7,0.2033,"Curious Kelly in final pose in Chair - UI elements will go on the side rails - Copy.png",True
"C:\Users\user\UI-TARS-desktop\public\kelly\phases\104\q1.png","q1.png","C:\Users\user\UI-TARS-desktop\public\kelly\phases\104",MATCH,65.7,0.3426,"head and shoulders without chair.png",True
"C:\Users\user\UI-TARS-desktop\public\kelly\phases\104\q2.png","q2.png","C:\Users\user\UI-TARS-desktop\public\kelly\phases\104",MATCH,64.3,0.3566,"Curious Kelly in final pose in Chair - UI elements will go on the side rails - Copy.png",True
"C:\Users\user\UI-TARS-desktop\public\kelly\phases\104\q3.png","q3.png","C:\Users\user\UI-TARS-desktop\public\kelly\phases\104",MATCH,73.5,0.2653,"neutral face with hair.png",True
"C:\Users\user\UI-TARS-desktop\public\kelly\phases\104\wisdom.png","wisdom.png","C:\Users\user\UI-TARS-desktop\public\kelly\phases\104",MATCH,73.8,0.2617,"Curious Kelly in final pose in Chair - UI elements will go on the side rails - Copy.png",True
"C:\Users\user\UI-TARS-desktop\public\kelly\phases\105\hook.png","hook.png","C:\Users\user\UI-TARS-desktop\public\kelly\phases\105",MATCH,63.7,0.3625,"Curious Kelly in final pose in Chair - UI elements will go on the side rails - Copy.png",True
"C:\Users\user\UI-TARS-desktop\public\kelly\phases\105\q1.png","q1.png","C:\Users\user\UI-TARS-desktop\public\kelly\phases\105",SUSPICIOUS,61.1,0.3893,"head and shoulders without chair.png",True
"C:\Users\user\UI-TARS-desktop\public\kelly\phases\105\q2.png","q2.png","C:\Users\user\UI-TARS-desktop\public\kelly\phases\105",MATCH,67.7,0.3233,"head and shoulders without chair.png",True
"C:\Users\user\UI-TARS-desktop\public\kelly\phases\105\q3.png","q3.png","C:\Users\user\UI-TARS-desktop\public\kelly\phases\105",MATCH,79.9,0.2010,"head and shoulders without chair.png",True
"C:\Users\user\UI-TARS-desktop\public\kelly\phases\105\wisdom.png","wisdom.png","C:\Users\user\UI-TARS-desktop\public\kelly\phases\105",MATCH,64.4,0.3561,"head and shoulders without chair.png",True
"C:\Users\user\UI-TARS-desktop\public\kelly\phases\106\hook.png","hook.png","C:\Users\user\UI-TARS-desktop\public\kelly\phases\106",SUSPICIOUS,45.7,0.5433,"neutral face with hair.png",True
"C:\Users\user\UI-TARS-desktop\public\kelly\phases\106\q1.png","q1.png","C:\Users\user\UI-TARS-desktop\public\kelly\phases\106",SUSPICIOUS,49.2,0.5081,"slightly turning her head.png",True
"C:\Users\user\UI-TARS-desktop\public\kelly\phases\106\q2.png","q2.png","C:\Users\user\UI-TARS-desktop\public\kelly\phases\106",MATCH,75.9,0.2406,"neutral face with hair.png",True
"C:\Users\user\UI-TARS-desktop\public\kelly\phases\106\q3.png","q3.png","C:\Users\user\UI-TARS-desktop\public\kelly\phases\106",MATCH,65.6,0.3444,"head and shoulders without chair.png",True
"C:\Users\user\UI-TARS-desktop\public\kelly\phases\106\wisdom.png","wisdom.png","C:\Users\user\UI-TARS-desktop\public\kelly\phases\106",MATCH,73.2,0.2685,"Curious Kelly in final pose in Chair - UI elements will go on the side rails - Copy.png",True
"C:\Users\user\UI-TARS-desktop\public\kelly\phases\107\hook.png","hook.png","C:\Users\user\UI-TARS-desktop\public\kelly\phases\107",MATCH,72.1,0.2791,"head and shoulders without chair.png",True
"C:\Users\user\UI-TARS-desktop\public\kelly\phases\107\q1.png","q1.png","C:\Users\user\UI-TARS-desktop\public\kelly\phases\107",NO_MATCH,39.6,0.6040,"neutral face with hair.png",True
"C:\Users\user\UI-TARS-desktop\public\kelly\phases\107\q2.png","q2.png","C:\Users\user\UI-TARS-desktop\public\kelly\phases\107",MATCH,70.5,0.2951,"Curious Kelly in final pose in Chair - UI elements will go on the side rails - Copy.png",True
"C:\Users\user\UI-TARS-desktop\public\kelly\phases\107\q3.png","q3.png","C:\Users\user\UI-TARS-desktop\public\kelly\phases\107",MATCH,84.7,0.1530,"Curious Kelly in final pose in Chair - UI elements will go on the side rails - Copy.png",True
"C:\Users\user\UI-TARS-desktop\public\kelly\phases\107\wisdom.png","wisdom.png","C:\Users\user\UI-TARS-desktop\public\kelly\phases\107",MATCH,68.0,0.3197,"Curious Kelly in final pose in Chair - UI elements will go on the side rails - Copy.png",True
"C:\Users\user\UI-TARS-desktop\public\kelly\phases\108\hook.png","hook.png","C:\Users\user\UI-TARS-desktop\public\kelly\phases\108",MATCH,72.1,0.2795,"Curious Kelly in final pose in Chair - UI elements will go on the side rails - Copy.png",True
"C:\Users\user\UI-TARS-desktop\public\kelly\phases\108\q1.png","q1.png","C:\Users\user\UI-TARS-desktop\public\kelly\phases\108",MATCH,75.8,0.2418,"Curious Kelly in final pose in Chair - UI elements will go on the side rails - Copy.png",True
"C:\Users\user\UI-TARS-desktop\public\kelly\phases\108\q2.png","q2.png","C:\Users\user\UI-TARS-desktop\public\kelly\phases\108",MATCH,73.9,0.2612,"Curious Kelly in final pose in Chair - UI elements will go on the side rails - Copy.png",True
"C:\Users\user\UI-TARS-desktop\public\kelly\phases\108\q3.png","q3.png","C:\Users\user\UI-TARS-desktop\public\kelly\phases\108",MATCH,72.0,0.2801,"Curious Kelly in final pose in Chair - UI elements will go on the side rails - Copy.png",True
"C:\Users\user\UI-TARS-desktop\public\kelly\phases\108\wisdom.png","wisdom.png","C:\Users\user\UI-TARS-desktop\public\kelly\phases\108",MATCH,74.6,0.2536,"head and shoulders without chair.png",True
"C:\Users\user\UI-TARS-desktop\public\kelly\phases\109\hook.png","hook.png","C:\Users\user\UI-TARS-desktop\public\kelly\phases\109",MATCH,72.1,0.2791,"Curious Kelly in final pose in Chair - UI elements will go on the side rails - Copy.png",True
"C:\Users\user\UI-TARS-desktop\public\kelly\phases\109\q1.png","q1.png","C:\Users\user\UI-TARS-desktop\public\kelly\phases\109",MATCH,63.1,0.3693,"head and shoulders without chair.png",True
"C:\Users\user\UI-TARS-desktop\public\kelly\phases\109\q2.png","q2.png","C:\Users\user\UI-TARS-desktop\public\kelly\phases\109",MATCH,71.6,0.2843,"slightly turning her head.png",True
"C:\Users\user\UI-TARS-desktop\public\kelly\phases\109\q3.png","q3.png","C:\Users\user\UI-TARS-desktop\public\kelly\phases\109",MATCH,78.1,0.2193,"Curious Kelly in final pose in Chair - UI elements will go on the side rails - Copy.png",True
"C:\Users\user\UI-TARS-desktop\public\kelly\phases\109\wisdom.png","wisdom.png","C:\Users\user\UI-TARS-desktop\public\kelly\phases\109",MATCH,72.6,0.2738,"Curious Kelly in final pose in Chair - UI elements will go on the side rails - Copy.png",True
"C:\Users\user\UI-TARS-desktop\public\kelly\phases\110\hook.png","hook.png","C:\Users\user\UI-TARS-desktop\public\kelly\phases\110",MATCH,68.4,0.3165,"Curious Kelly in final pose in Chair - UI elements will go on the side rails - Copy.png",True
"C:\Users\user\UI-TARS-desktop\public\kelly\phases\110\q1.png","q1.png","C:\Users\user\UI-TARS-desktop\public\kelly\phases\110",MATCH,72.9,0.2707,"Curious Kelly in final pose in Chair - UI elements will go on the side rails - Copy.png",True
"C:\Users\user\UI-TARS-desktop\public\kelly\phases\110\q2.png","q2.png","C:\Users\user\UI-TARS-desktop\public\kelly\phases\110",MATCH,63.3,0.3668,"head and shoulders without chair.png",True
"C:\Users\user\UI-TARS-desktop\public\kelly\phases\110\q3.png","q3.png","C:\Users\user\UI-TARS-desktop\public\kelly\phases\110",MATCH,82.2,0.1775,"Curious Kelly in final pose in Chair - UI elements will go on the side rails - Copy.png",True
"C:\Users\user\UI-TARS-desktop\public\kelly\phases\110\wisdom.png","wisdom.png","C:\Users\user\UI-TARS-desktop\public\kelly\phases\110",MATCH,77.7,0.2234,"Curious Kelly in final pose in Chair - UI elements will go on the side rails - Copy.png",True
"C:\Users\user\UI-TARS-desktop\public\kelly\phases\111\hook.png","hook.png","C:\Users\user\UI-TARS-desktop\public\kelly\phases\111",MATCH,69.9,0.3008,"Curious Kelly in final pose in Chair - UI elements will go on the side rails - Copy.png",True
"C:\Users\user\UI-TARS-desktop\public\kelly\phases\111\q1.png","q1.png","C:\Users\user\UI-TARS-desktop\public\kelly\phases\111",MATCH,64.8,0.3522,"head and shoulders without chair.png",True
"C:\Users\user\UI-TARS-desktop\public\kelly\phases\111\q2.png","q2.png","C:\Users\user\UI-TARS-desktop\public\kelly\phases\111",MATCH,69.7,0.3029,"head and shoulders without chair.png",True
"C:\Users\user\UI-TARS-desktop\public\kelly\phases\111\q3.png","q3.png","C:\Users\user\UI-TARS-desktop\public\kelly\phases\111",MATCH,67.7,0.3229,"head and shoulders without chair.png",True
"C:\Users\user\UI-TARS-desktop\public\kelly\phases\111\wisdom.png","wisdom.png","C:\Users\user\UI-TARS-desktop\public\kelly\phases\111",MATCH,71.0,0.2899,"Curious Kelly in final pose in Chair - UI elements will go on the side rails - Copy.png",True
"C:\Users\user\UI-TARS-desktop\public\kelly\phases\112\hook.png","hook.png","C:\Users\user\UI-TARS-desktop\public\kelly\phases\112",MATCH,69.3,0.3074,"head and shoulders without chair.png",True
"C:\Users\user\UI-TARS-desktop\public\kelly\phases\112\q1.png","q1.png","C:\Users\user\UI-TARS-desktop\public\kelly\phases\112",MATCH,73.6,0.2642,"Curious Kelly in final pose in Chair - UI elements will go on the side rails - Copy.png",True
"C:\Users\user\UI-TARS-desktop\public\kelly\phases\112\q2.png","q2.png","C:\Users\user\UI-TARS-desktop\public\kelly\phases\112",MATCH,62.2,0.3783,"Curious Kelly in final pose in Chair - UI elements will go on the side rails - Copy.png",True
"C:\Users\user\UI-TARS-desktop\public\kelly\phases\112\q3.png","q3.png","C:\Users\user\UI-TARS-desktop\public\kelly\phases\112",SUSPICIOUS,60.4,0.3964,"head and shoulders without chair.png",True
"C:\Users\user\UI-TARS-desktop\public\kelly\phases\112\wisdom.png","wisdom.png","C:\Users\user\UI-TARS-desktop\public\kelly\phases\112",MATCH,73.1,0.2687,"Curious Kelly in final pose in Chair - UI elements will go on the side rails - Copy.png",True
"C:\Users\user\UI-TARS-desktop\public\kelly\phases\113\hook.png","hook.png","C:\Users\user\UI-TARS-desktop\public\kelly\phases\113",MATCH,67.1,0.3289,"Curious Kelly in final pose in Chair - UI elements will go on the side rails - Copy.png",True
"C:\Users\user\UI-TARS-desktop\public\kelly\phases\113\q1.png","q1.png","C:\Users\user\UI-TARS-desktop\public\kelly\phases\113",MATCH,70.8,0.2918,"Curious Kelly in final pose in Chair - UI elements will go on the side rails - Copy.png",True
"C:\Users\user\UI-TARS-desktop\public\kelly\phases\113\q2.png","q2.png","C:\Users\user\UI-TARS-desktop\public\kelly\phases\113",MATCH,75.4,0.2456,"head and shoulders without chair.png",True
"C:\Users\user\UI-TARS-desktop\public\kelly\phases\113\q3.png","q3.png","C:\Users\user\UI-TARS-desktop\public\kelly\phases\113",MATCH,85.1,0.1493,"Curious Kelly in final pose in Chair - UI elements will go on the side rails - Copy.png",True
"C:\Users\user\UI-TARS-desktop\public\kelly\phases\113\wisdom.png","wisdom.png","C:\Users\user\UI-TARS-desktop\public\kelly\phases\113",MATCH,76.0,0.2399,"Curious Kelly in final pose in Chair - UI elements will go on the side rails - Copy.png",True
"C:\Users\user\UI-TARS-desktop\public\kelly\phases\114\hook.png","hook.png","C:\Users\user\UI-TARS-desktop\public\kelly\phases\114",MATCH,73.9,0.2611,"Curious Kelly in final pose in Chair - UI elements will go on the side rails - Copy.png",True
"C:\Users\user\UI-TARS-desktop\public\kelly\phases\114\q1.png","q1.png","C:\Users\user\UI-TARS-desktop\public\kelly\phases\114",MATCH,62.8,0.3719,"Curious Kelly in final pose in Chair - UI elements will go on the side rails - Copy.png",True
"C:\Users\user\UI-TARS-desktop\public\kelly\phases\114\q2.png","q2.png","C:\Users\user\UI-TARS-desktop\public\kelly\phases\114",MATCH,64.5,0.3551,"slightly turning her head.png",True
"C:\Users\user\UI-TARS-desktop\public\kelly\phases\114\q3.png","q3.png","C:\Users\user\UI-TARS-desktop\public\kelly\phases\114",MATCH,77.3,0.2271,"Curious Kelly in final pose in Chair - UI elements will go on the side rails - Copy.png",True
"C:\Users\user\UI-TARS-desktop\public\kelly\phases\114\wisdom.png","wisdom.png","C:\Users\user\UI-TARS-desktop\public\kelly\phases\114",MATCH,65.8,0.3423,"head and shoulders without chair.png",True
"C:\Users\user\UI-TARS-desktop\public\kelly\phases\115\hook.png","hook.png","C:\Users\user\UI-TARS-desktop\public\kelly\phases\115",MATCH,87.3,0.1267,"Curious Kelly in final pose in Chair - UI elements will go on the side rails - Copy.png",True
"C:\Users\user\UI-TARS-desktop\public\kelly\phases\115\q1.png","q1.png","C:\Users\user\UI-TARS-desktop\public\kelly\phases\115",MATCH,67.9,0.3211,"Curious Kelly in final pose in Chair - UI elements will go on the side rails - Copy.png",True
"C:\Users\user\UI-TARS-desktop\public\kelly\phases\115\q2.png","q2.png","C:\Users\user\UI-TARS-desktop\public\kelly\phases\115",MATCH,74.0,0.2597,"neutral face with hair.png",True
"C:\Users\user\UI-TARS-desktop\public\kelly\phases\115\q3.png","q3.png","C:\Users\user\UI-TARS-desktop\public\kelly\phases\115",MATCH,70.4,0.2965,"Curious Kelly in final pose in Chair - UI elements will go on the side rails - Copy.png",True
"C:\Users\user\UI-TARS-desktop\public\kelly\phases\115\wisdom.png","wisdom.png","C:\Users\user\UI-TARS-desktop\public\kelly\phases\115",MATCH,73.7,0.2633,"Curious Kelly in final pose in Chair - UI elements will go on the side rails - Copy.png",True
"C:\Users\user\UI-TARS-desktop\public\kelly\phases\116\hook.png","hook.png","C:\Users\user\UI-TARS-desktop\public\kelly\phases\116",MATCH,82.1,0.1789,"Curious Kelly in final pose in Chair - UI elements will go on the side rails - Copy.png",True
"C:\Users\user\UI-TARS-desktop\public\kelly\phases\116\q1.png","q1.png","C:\Users\user\UI-TARS-desktop\public\kelly\phases\116",MATCH,62.0,0.3800,"head and shoulders without chair.png",True
"C:\Users\user\UI-TARS-desktop\public\kelly\phases\116\q2.png","q2.png","C:\Users\user\UI-TARS-desktop\public\kelly\phases\116",MATCH,67.1,0.3286,"Curious Kelly in final pose in Chair - UI elements will go on the side rails - Copy.png",True
"C:\Users\user\UI-TARS-desktop\public\kelly\phases\116\q3.png","q3.png","C:\Users\user\UI-TARS-desktop\public\kelly\phases\116",MATCH,75.2,0.2476,"Curious Kelly in final pose in Chair - UI elements will go on the side rails - Copy.png",True
"C:\Users\user\UI-TARS-desktop\public\kelly\phases\116\wisdom.png","wisdom.png","C:\Users\user\UI-TARS-desktop\public\kelly\phases\116",MATCH,65.1,0.3488,"Curious Kelly in final pose in Chair - UI elements will go on the side rails - Copy.png",True
"C:\Users\user\UI-TARS-desktop\public\kelly\phases\117\hook.png","hook.png","C:\Users\user\UI-TARS-desktop\public\kelly\phases\117",MATCH,84.5,0.1552,"Curious Kelly in final pose in Chair - UI elements will go on the side rails - Copy.png",True
"C:\Users\user\UI-TARS-desktop\public\kelly\phases\117\q1.png","q1.png","C:\Users\user\UI-TARS-desktop\public\kelly\phases\117",SUSPICIOUS,45.2,0.5481,"slightly turning her head.png",True
"C:\Users\user\UI-TARS-desktop\public\kelly\phases\117\q2.png","q2.png","C:\Users\user\UI-TARS-desktop\public\kelly\phases\117",MATCH,69.6,0.3036,"head and shoulders without chair.png",True
"C:\Users\user\UI-TARS-desktop\public\kelly\phases\117\q3.png","q3.png","C:\Users\user\UI-TARS-desktop\public\kelly\phases\117",SUSPICIOUS,58.5,0.4149,"slightly turning her head.png",True
"C:\Users\user\UI-TARS-desktop\public\kelly\phases\117\wisdom.png","wisdom.png","C:\Users\user\UI-TARS-desktop\public\kelly\phases\117",MATCH,72.3,0.2775,"Curious Kelly in final pose in Chair - UI elements will go on the side rails - Copy.png",True
"C:\Users\user\UI-TARS-desktop\public\kelly\phases\118\hook.png","hook.png","C:\Users\user\UI-TARS-desktop\public\kelly\phases\118",MATCH,80.5,0.1955,"head and shoulders without chair.png",True
"C:\Users\user\UI-TARS-desktop\public\kelly\phases\118\q1.png","q1.png","C:\Users\user\UI-TARS-desktop\public\kelly\phases\118",SUSPICIOUS,45.2,0.5483,"neutral face with hair.png",True
"C:\Users\user\UI-TARS-desktop\public\kelly\phases\118\q2.png","q2.png","C:\Users\user\UI-TARS-desktop\public\kelly\phases\118",MATCH,78.5,0.2145,"slightly turning her head.png",True
"C:\Users\user\UI-TARS-desktop\public\kelly\phases\118\q3.png","q3.png","C:\Users\user\UI-TARS-desktop\public\kelly\phases\118",MATCH,69.4,0.3064,"head and shoulders without chair.png",True
"C:\Users\user\UI-TARS-desktop\public\kelly\phases\118\wisdom.png","wisdom.png","C:\Users\user\UI-TARS-desktop\public\kelly\phases\118",MATCH,78.5,0.2151,"Curious Kelly in final pose in Chair - UI elements will go on the side rails - Copy.png",True
"C:\Users\user\UI-TARS-desktop\public\kelly\phases\119\hook.png","hook.png","C:\Users\user\UI-TARS-desktop\public\kelly\phases\119",MATCH,76.3,0.2372,"Curious Kelly in final pose in Chair - UI elements will go on the side rails - Copy.png",True
"C:\Users\user\UI-TARS-desktop\public\kelly\phases\119\q1.png","q1.png","C:\Users\user\UI-TARS-desktop\public\kelly\phases\119",MATCH,65.0,0.3504,"head and shoulders without chair.png",True
"C:\Users\user\UI-TARS-desktop\public\kelly\phases\119\q2.png","q2.png","C:\Users\user\UI-TARS-desktop\public\kelly\phases\119",SUSPICIOUS,58.1,0.4189,"Curious Kelly in final pose in Chair - UI elements will go on the side rails - Copy.png",True
"C:\Users\user\UI-TARS-desktop\public\kelly\phases\119\q3.png","q3.png","C:\Users\user\UI-TARS-desktop\public\kelly\phases\119",MATCH,71.8,0.2816,"slightly turning her head.png",True
"C:\Users\user\UI-TARS-desktop\public\kelly\phases\119\wisdom.png","wisdom.png","C:\Users\user\UI-TARS-desktop\public\kelly\phases\119",MATCH,73.4,0.2665,"head and shoulders without chair.png",True
"C:\Users\user\UI-TARS-desktop\public\kelly\phases\120\hook.png","hook.png","C:\Users\user\UI-TARS-desktop\public\kelly\phases\120",MATCH,81.0,0.1898,"Curious Kelly in final pose in Chair - UI elements will go on the side rails - Copy.png",True
"C:\Users\user\UI-TARS-desktop\public\kelly\phases\120\q1.png","q1.png","C:\Users\user\UI-TARS-desktop\public\kelly\phases\120",MATCH,77.0,0.2303,"head and shoulders without chair.png",True
"C:\Users\user\UI-TARS-desktop\public\kelly\phases\120\q2.png","q2.png","C:\Users\user\UI-TARS-desktop\public\kelly\phases\120",MATCH,72.1,0.2791,"Curious Kelly in final pose in Chair - UI elements will go on the side rails - Copy.png",True
"C:\Users\user\UI-TARS-desktop\public\kelly\phases\120\q3.png","q3.png","C:\Users\user\UI-TARS-desktop\public\kelly\phases\120",MATCH,78.0,0.2197,"Curious Kelly in final pose in Chair - UI elements will go on the side rails - Copy.png",True
"C:\Users\user\UI-TARS-desktop\public\kelly\phases\120\wisdom.png","wisdom.png","C:\Users\user\UI-TARS-desktop\public\kelly\phases\120",MATCH,71.2,0.2880,"Curious Kelly in final pose in Chair - UI elements will go on the side rails - Copy.png",True
"C:\Users\user\UI-TARS-desktop\public\kelly\phases\121\hook.png","hook.png","C:\Users\user\UI-TARS-desktop\public\kelly\phases\121",MATCH,67.0,0.3299,"head and shoulders without chair.png",True
"C:\Users\user\UI-TARS-desktop\public\kelly\phases\121\q1.png","q1.png","C:\Users\user\UI-TARS-desktop\public\kelly\phases\121",MATCH,73.6,0.2644,"Curious Kelly in final pose in Chair - UI elements will go on the side rails - Copy.png",True
"C:\Users\user\UI-TARS-desktop\public\kelly\phases\121\q2.png","q2.png","C:\Users\user\UI-TARS-desktop\public\kelly\phases\121",MATCH,68.5,0.3151,"Curious Kelly in final pose in Chair - UI elements will go on the side rails - Copy.png",True
"C:\Users\user\UI-TARS-desktop\public\kelly\phases\121\q3.png","q3.png","C:\Users\user\UI-TARS-desktop\public\kelly\phases\121",MATCH,87.0,0.1303,"Curious Kelly in final pose in Chair - UI elements will go on the side rails - Copy.png",True
"C:\Users\user\UI-TARS-desktop\public\kelly\phases\121\wisdom.png","wisdom.png","C:\Users\user\UI-TARS-desktop\public\kelly\phases\121",MATCH,71.5,0.2851,"Curious Kelly in final pose in Chair - UI elements will go on the side rails - Copy.png",True
"C:\Users\user\UI-TARS-desktop\public\kelly\phases\122\hook.png","hook.png","C:\Users\user\UI-TARS-desktop\public\kelly\phases\122",MATCH,70.8,0.2924,"Curious Kelly in final pose in Chair - UI elements will go on the side rails - Copy.png",True
"C:\Users\user\UI-TARS-desktop\public\kelly\phases\122\q1.png","q1.png","C:\Users\user\UI-TARS-desktop\public\kelly\phases\122",MATCH,77.9,0.2211,"Curious Kelly in final pose in Chair - UI elements will go on the side rails - Copy.png",True
"C:\Users\user\UI-TARS-desktop\public\kelly\phases\122\q2.png","q2.png","C:\Users\user\UI-TARS-desktop\public\kelly\phases\122",MATCH,66.6,0.3339,"Curious Kelly in final pose in Chair - UI elements will go on the side rails - Copy.png",True
"C:\Users\user\UI-TARS-desktop\public\kelly\phases\122\q3.png","q3.png","C:\Users\user\UI-TARS-desktop\public\kelly\phases\122",MATCH,64.5,0.3554,"head and shoulders without chair.png",True
"C:\Users\user\UI-TARS-desktop\public\kelly\phases\122\wisdom.png","wisdom.png","C:\Users\user\UI-TARS-desktop\public\kelly\phases\122",MATCH,71.3,0.2865,"Curious Kelly in final pose in Chair - UI elements will go on the side rails - Copy.png",True
"C:\Users\user\UI-TARS-desktop\public\kelly\phases\123\hook.png","hook.png","C:\Users\user\UI-TARS-desktop\public\kelly\phases\123",MATCH,74.7,0.2532,"Curious Kelly in final pose in Chair - UI elements will go on the side rails - Copy.png",True
"C:\Users\user\UI-TARS-desktop\public\kelly\phases\123\q1.png","q1.png","C:\Users\user\UI-TARS-desktop\public\kelly\phases\123",MATCH,70.1,0.2985,"slightly turning her head.png",True
"C:\Users\user\UI-TARS-desktop\public\kelly\phases\123\q2.png","q2.png","C:\Users\user\UI-TARS-desktop\public\kelly\phases\123",MATCH,72.2,0.2778,"Curious Kelly in final pose in Chair - UI elements will go on the side rails - Copy.png",True
"C:\Users\user\UI-TARS-desktop\public\kelly\phases\123\q3.png","q3.png","C:\Users\user\UI-TARS-desktop\public\kelly\phases\123",MATCH,84.8,0.1518,"Curious Kelly in final pose in Chair - UI elements will go on the side rails - Copy.png",True
"C:\Users\user\UI-TARS-desktop\public\kelly\phases\123\wisdom.png","wisdom.png","C:\Users\user\UI-TARS-desktop\public\kelly\phases\123",MATCH,80.9,0.1912,"Curious Kelly in final pose in Chair - UI elements will go on the side rails - Copy.png",True
"C:\Users\user\UI-TARS-desktop\public\kelly\phases\124\hook.png","hook.png","C:\Users\user\UI-TARS-desktop\public\kelly\phases\124",MATCH,75.0,0.2498,"Curious Kelly in final pose in Chair - UI elements will go on the side rails - Copy.png",True
"C:\Users\user\UI-TARS-desktop\public\kelly\phases\124\q1.png","q1.png","C:\Users\user\UI-TARS-desktop\public\kelly\phases\124",MATCH,62.2,0.3779,"head and shoulders without chair.png",True
"C:\Users\user\UI-TARS-desktop\public\kelly\phases\124\q2.png","q2.png","C:\Users\user\UI-TARS-desktop\public\kelly\phases\124",MATCH,68.8,0.3122,"Curious Kelly in final pose in Chair - UI elements will go on the side rails - Copy.png",True
"C:\Users\user\UI-TARS-desktop\public\kelly\phases\124\q3.png","q3.png","C:\Users\user\UI-TARS-desktop\public\kelly\phases\124",MATCH,78.3,0.2168,"Curious Kelly in final pose in Chair - UI elements will go on the side rails - Copy.png",True
"C:\Users\user\UI-TARS-desktop\public\kelly\phases\124\wisdom.png","wisdom.png","C:\Users\user\UI-TARS-desktop\public\kelly\phases\124",MATCH,75.6,0.2437,"Curious Kelly in final pose in Chair - UI elements will go on the side rails - Copy.png",True
"C:\Users\user\UI-TARS-desktop\public\kelly\phases\125\hook.png","hook.png","C:\Users\user\UI-TARS-desktop\public\kelly\phases\125",MATCH,62.7,0.3727,"Curious Kelly in final pose in Chair - UI elements will go on the side rails - Copy.png",True
"C:\Users\user\UI-TARS-desktop\public\kelly\phases\125\q1.png","q1.png","C:\Users\user\UI-TARS-desktop\public\kelly\phases\125",MATCH,67.2,0.3282,"head and shoulders without chair.png",True
"C:\Users\user\UI-TARS-desktop\public\kelly\phases\125\q2.png","q2.png","C:\Users\user\UI-TARS-desktop\public\kelly\phases\125",MATCH,70.4,0.2957,"head and shoulders without chair.png",True
"C:\Users\user\UI-TARS-desktop\public\kelly\phases\125\q3.png","q3.png","C:\Users\user\UI-TARS-desktop\public\kelly\phases\125",MATCH,78.7,0.2128,"head and shoulders without chair.png",True
"C:\Users\user\UI-TARS-desktop\public\kelly\phases\125\wisdom.png","wisdom.png","C:\Users\user\UI-TARS-desktop\public\kelly\phases\125",MATCH,74.6,0.2544,"Curious Kelly in final pose in Chair - UI elements will go on the side rails - Copy.png",True
"C:\Users\user\UI-TARS-desktop\public\kelly\phases\126\hook.png","hook.png","C:\Users\user\UI-TARS-desktop\public\kelly\phases\126",MATCH,69.8,0.3017,"head and shoulders without chair.png",True
"C:\Users\user\UI-TARS-desktop\public\kelly\phases\126\q1.png","q1.png","C:\Users\user\UI-TARS-desktop\public\kelly\phases\126",SUSPICIOUS,53.5,0.4646,"head and shoulders without chair.png",True
"C:\Users\user\UI-TARS-desktop\public\kelly\phases\126\q2.png","q2.png","C:\Users\user\UI-TARS-desktop\public\kelly\phases\126",MATCH,73.2,0.2684,"Curious Kelly in final pose in Chair - UI elements will go on the side rails - Copy.png",True
"C:\Users\user\UI-TARS-desktop\public\kelly\phases\126\q3.png","q3.png","C:\Users\user\UI-TARS-desktop\public\kelly\phases\126",MATCH,65.4,0.3464,"head and shoulders without chair.png",True
"C:\Users\user\UI-TARS-desktop\public\kelly\phases\126\wisdom.png","wisdom.png","C:\Users\user\UI-TARS-desktop\public\kelly\phases\126",MATCH,70.7,0.2928,"head and shoulders without chair.png",True
"C:\Users\user\UI-TARS-desktop\public\kelly\phases\127\hook.png","hook.png","C:\Users\user\UI-TARS-desktop\public\kelly\phases\127",MATCH,70.7,0.2927,"Curious Kelly in final pose in Chair - UI elements will go on the side rails - Copy.png",True
"C:\Users\user\UI-TARS-desktop\public\kelly\phases\127\q1.png","q1.png","C:\Users\user\UI-TARS-desktop\public\kelly\phases\127",SUSPICIOUS,51.9,0.4809,"head and shoulders without chair.png",True
"C:\Users\user\UI-TARS-desktop\public\kelly\phases\127\q2.png","q2.png","C:\Users\user\UI-TARS-desktop\public\kelly\phases\127",MATCH,62.5,0.3754,"head and shoulders without chair.png",True
"C:\Users\user\UI-TARS-desktop\public\kelly\phases\127\q3.png","q3.png","C:\Users\user\UI-TARS-desktop\public\kelly\phases\127",MATCH,72.8,0.2719,"neutral face with hair.png",True
"C:\Users\user\UI-TARS-desktop\public\kelly\phases\127\wisdom.png","wisdom.png","C:\Users\user\UI-TARS-desktop\public\kelly\phases\127",SUSPICIOUS,58.1,0.4193,"head and shoulders without chair.png",True
"C:\Users\user\UI-TARS-desktop\public\kelly\phases\128\hook.png","hook.png","C:\Users\user\UI-TARS-desktop\public\kelly\phases\128",MATCH,80.5,0.1954,"Curious Kelly in final pose in Chair - UI elements will go on the side rails - Copy.png",True
"C:\Users\user\UI-TARS-desktop\public\kelly\phases\128\q1.png","q1.png","C:\Users\user\UI-TARS-desktop\public\kelly\phases\128",MATCH,72.7,0.2726,"Curious Kelly in final pose in Chair - UI elements will go on the side rails - Copy.png",True
"C:\Users\user\UI-TARS-desktop\public\kelly\phases\128\q2.png","q2.png","C:\Users\user\UI-TARS-desktop\public\kelly\phases\128",MATCH,69.7,0.3033,"Curious Kelly in final pose in Chair - UI elements will go on the side rails - Copy.png",True
"C:\Users\user\UI-TARS-desktop\public\kelly\phases\128\q3.png","q3.png","C:\Users\user\UI-TARS-desktop\public\kelly\phases\128",SUSPICIOUS,52.7,0.4727,"neutral face with hair.png",True
"C:\Users\user\UI-TARS-desktop\public\kelly\phases\128\wisdom.png","wisdom.png","C:\Users\user\UI-TARS-desktop\public\kelly\phases\128",MATCH,79.4,0.2057,"Curious Kelly in final pose in Chair - UI elements will go on the side rails - Copy.png",True
"C:\Users\user\UI-TARS-desktop\public\kelly\phases\129\hook.png","hook.png","C:\Users\user\UI-TARS-desktop\public\kelly\phases\129",MATCH,71.6,0.2837,"head and shoulders without chair.png",True
"C:\Users\user\UI-TARS-desktop\public\kelly\phases\129\q1.png","q1.png","C:\Users\user\UI-TARS-desktop\public\kelly\phases\129",MATCH,67.2,0.3282,"head and shoulders without chair.png",True
"C:\Users\user\UI-TARS-desktop\public\kelly\phases\129\q2.png","q2.png","C:\Users\user\UI-TARS-desktop\public\kelly\phases\129",MATCH,72.1,0.2795,"Curious Kelly in final pose in Chair - UI elements will go on the side rails - Copy.png",True
"C:\Users\user\UI-TARS-desktop\public\kelly\phases\129\q3.png","q3.png","C:\Users\user\UI-TARS-desktop\public\kelly\phases\129",MATCH,75.2,0.2485,"neutral face with hair.png",True
"C:\Users\user\UI-TARS-desktop\public\kelly\phases\129\wisdom.png","wisdom.png","C:\Users\user\UI-TARS-desktop\public\kelly\phases\129",MATCH,70.9,0.2912,"Curious Kelly in final pose in Chair - UI elements will go on the side rails - Copy.png",True
"C:\Users\user\UI-TARS-desktop\public\kelly\phases\130\hook.png","hook.png","C:\Users\user\UI-TARS-desktop\public\kelly\phases\130",MATCH,73.2,0.2679,"Curious Kelly in final pose in Chair - UI elements will go on the side rails - Copy.png",True
"C:\Users\user\UI-TARS-desktop\public\kelly\phases\130\q1.png","q1.png","C:\Users\user\UI-TARS-desktop\public\kelly\phases\130",MATCH,66.6,0.3337,"Curious Kelly in final pose in Chair - UI elements will go on the side rails - Copy.png",True
"C:\Users\user\UI-TARS-desktop\public\kelly\phases\130\q2.png","q2.png","C:\Users\user\UI-TARS-desktop\public\kelly\phases\130",MATCH,61.9,0.3809,"Curious Kelly in final pose in Chair - UI elements will go on the side rails - Copy.png",True
"C:\Users\user\UI-TARS-desktop\public\kelly\phases\130\q3.png","q3.png","C:\Users\user\UI-TARS-desktop\public\kelly\phases\130",MATCH,70.9,0.2911,"Curious Kelly in final pose in Chair - UI elements will go on the side rails - Copy.png",True
"C:\Users\user\UI-TARS-desktop\public\kelly\phases\130\wisdom.png","wisdom.png","C:\Users\user\UI-TARS-desktop\public\kelly\phases\130",MATCH,71.1,0.2893,"Curious Kelly in final pose in Chair - UI elements will go on the side rails - Copy.png",True
"C:\Users\user\UI-TARS-desktop\public\kelly\phases\131\hook.png","hook.png","C:\Users\user\UI-TARS-desktop\public\kelly\phases\131",MATCH,75.3,0.2470,"neutral face with hair.png",True
"C:\Users\user\UI-TARS-desktop\public\kelly\phases\131\q1.png","q1.png","C:\Users\user\UI-TARS-desktop\public\kelly\phases\131",MATCH,69.9,0.3008,"Curious Kelly in final pose in Chair - UI elements will go on the side rails - Copy.png",True
"C:\Users\user\UI-TARS-desktop\public\kelly\phases\131\q2.png","q2.png","C:\Users\user\UI-TARS-desktop\public\kelly\phases\131",MATCH,66.5,0.3354,"head and shoulders without chair.png",True
"C:\Users\user\UI-TARS-desktop\public\kelly\phases\131\q3.png","q3.png","C:\Users\user\UI-TARS-desktop\public\kelly\phases\131",SUSPICIOUS,59.9,0.4009,"Curious Kelly in final pose in Chair - UI elements will go on the side rails - Copy.png",True
"C:\Users\user\UI-TARS-desktop\public\kelly\phases\131\wisdom.png","wisdom.png","C:\Users\user\UI-TARS-desktop\public\kelly\phases\131",MATCH,67.7,0.3233,"Curious Kelly in final pose in Chair - UI elements will go on the side rails - Copy.png",True
"C:\Users\user\UI-TARS-desktop\public\kelly\phases\132\hook.png","hook.png","C:\Users\user\UI-TARS-desktop\public\kelly\phases\132",MATCH,81.9,0.1812,"Curious Kelly in final pose in Chair - UI elements will go on the side rails - Copy.png",True
"C:\Users\user\UI-TARS-desktop\public\kelly\phases\132\q1.png","q1.png","C:\Users\user\UI-TARS-desktop\public\kelly\phases\132",MATCH,71.6,0.2840,"Curious Kelly in final pose in Chair - UI elements will go on the side rails - Copy.png",True
"C:\Users\user\UI-TARS-desktop\public\kelly\phases\132\q2.png","q2.png","C:\Users\user\UI-TARS-desktop\public\kelly\phases\132",SUSPICIOUS,60.8,0.3921,"facing to the left.png",True
"C:\Users\user\UI-TARS-desktop\public\kelly\phases\132\q3.png","q3.png","C:\Users\user\UI-TARS-desktop\public\kelly\phases\132",MATCH,64.1,0.3586,"head and shoulders without chair.png",True
"C:\Users\user\UI-TARS-desktop\public\kelly\phases\132\wisdom.png","wisdom.png","C:\Users\user\UI-TARS-desktop\public\kelly\phases\132",MATCH,64.9,0.3511,"head and shoulders without chair.png",True
"C:\Users\user\UI-TARS-desktop\public\kelly\phases\133\hook.png","hook.png","C:\Users\user\UI-TARS-desktop\public\kelly\phases\133",MATCH,84.3,0.1565,"Curious Kelly in final pose in Chair - UI elements will go on the side rails - Copy.png",True
"C:\Users\user\UI-TARS-desktop\public\kelly\phases\133\q1.png","q1.png","C:\Users\user\UI-TARS-desktop\public\kelly\phases\133",MATCH,78.3,0.2169,"neutral face with hair.png",True
"C:\Users\user\UI-TARS-desktop\public\kelly\phases\133\q2.png","q2.png","C:\Users\user\UI-TARS-desktop\public\kelly\phases\133",MATCH,63.4,0.3661,"Curious Kelly in final pose in Chair - UI elements will go on the side rails - Copy.png",True
"C:\Users\user\UI-TARS-desktop\public\kelly\phases\133\q3.png","q3.png","C:\Users\user\UI-TARS-desktop\public\kelly\phases\133",MATCH,76.0,0.2403,"head and shoulders without chair.png",True
"C:\Users\user\UI-TARS-desktop\public\kelly\phases\133\wisdom.png","wisdom.png","C:\Users\user\UI-TARS-desktop\public\kelly\phases\133",MATCH,85.2,0.1476,"Curious Kelly in final pose in Chair - UI elements will go on the side rails - Copy.png",True
"C:\Users\user\UI-TARS-desktop\public\kelly\phases\134\hook.png","hook.png","C:\Users\user\UI-TARS-desktop\public\kelly\phases\134",MATCH,72.6,0.2744,"Curious Kelly in final pose in Chair - UI elements will go on the side rails - Copy.png",True
"C:\Users\user\UI-TARS-desktop\public\kelly\phases\134\q1.png","q1.png","C:\Users\user\UI-TARS-desktop\public\kelly\phases\134",SUSPICIOUS,59.5,0.4054,"head and shoulders without chair.png",True
"C:\Users\user\UI-TARS-desktop\public\kelly\phases\134\q2.png","q2.png","C:\Users\user\UI-TARS-desktop\public\kelly\phases\134",MATCH,77.6,0.2245,"head and shoulders without chair.png",True
"C:\Users\user\UI-TARS-desktop\public\kelly\phases\134\q3.png","q3.png","C:\Users\user\UI-TARS-desktop\public\kelly\phases\134",MATCH,77.7,0.2232,"Curious Kelly in final pose in Chair - UI elements will go on the side rails - Copy.png",True
"C:\Users\user\UI-TARS-desktop\public\kelly\phases\134\wisdom.png","wisdom.png","C:\Users\user\UI-TARS-desktop\public\kelly\phases\134",MATCH,70.5,0.2945,"Curious Kelly in final pose in Chair - UI elements will go on the side rails - Copy.png",True
"C:\Users\user\UI-TARS-desktop\public\kelly\phases\135\hook.png","hook.png","C:\Users\user\UI-TARS-desktop\public\kelly\phases\135",MATCH,69.3,0.3073,"head and shoulders without chair.png",True
"C:\Users\user\UI-TARS-desktop\public\kelly\phases\135\q1.png","q1.png","C:\Users\user\UI-TARS-desktop\public\kelly\phases\135",MATCH,73.3,0.2668,"Curious Kelly in final pose in Chair - UI elements will go on the side rails - Copy.png",True
"C:\Users\user\UI-TARS-desktop\public\kelly\phases\135\q2.png","q2.png","C:\Users\user\UI-TARS-desktop\public\kelly\phases\135",MATCH,66.8,0.3318,"head and shoulders without chair.png",True
"C:\Users\user\UI-TARS-desktop\public\kelly\phases\135\q3.png","q3.png","C:\Users\user\UI-TARS-desktop\public\kelly\phases\135",MATCH,71.8,0.2821,"Curious Kelly in final pose in Chair - UI elements will go on the side rails - Copy.png",True
"C:\Users\user\UI-TARS-desktop\public\kelly\phases\135\wisdom.png","wisdom.png","C:\Users\user\UI-TARS-desktop\public\kelly\phases\135",MATCH,78.8,0.2116,"Curious Kelly in final pose in Chair - UI elements will go on the side rails - Copy.png",True
"C:\Users\user\UI-TARS-desktop\public\kelly\phases\136\hook.png","hook.png","C:\Users\user\UI-TARS-desktop\public\kelly\phases\136",MATCH,71.9,0.2815,"head and shoulders without chair.png",True
"C:\Users\user\UI-TARS-desktop\public\kelly\phases\136\q1.png","q1.png","C:\Users\user\UI-TARS-desktop\public\kelly\phases\136",MATCH,71.3,0.2866,"Curious Kelly in final pose in Chair - UI elements will go on the side rails - Copy.png",True
"C:\Users\user\UI-TARS-desktop\public\kelly\phases\136\q2.png","q2.png","C:\Users\user\UI-TARS-desktop\public\kelly\phases\136",MATCH,64.8,0.3522,"head and shoulders without chair.png",True
"C:\Users\user\UI-TARS-desktop\public\kelly\phases\136\q3.png","q3.png","C:\Users\user\UI-TARS-desktop\public\kelly\phases\136",MATCH,74.9,0.2514,"head and shoulders without chair.png",True
"C:\Users\user\UI-TARS-desktop\public\kelly\phases\136\wisdom.png","wisdom.png","C:\Users\user\UI-TARS-desktop\public\kelly\phases\136",MATCH,82.9,0.1709,"Curious Kelly in final pose in Chair - UI elements will go on the side rails - Copy.png",True
"C:\Users\user\UI-TARS-desktop\public\kelly\phases\137\hook.png","hook.png","C:\Users\user\UI-TARS-desktop\public\kelly\phases\137",MATCH,64.6,0.3537,"head and shoulders without chair.png",True
"C:\Users\user\UI-TARS-desktop\public\kelly\phases\137\q1.png","q1.png","C:\Users\user\UI-TARS-desktop\public\kelly\phases\137",MATCH,64.9,0.3514,"head and shoulders without chair.png",True
"C:\Users\user\UI-TARS-desktop\public\kelly\phases\137\q2.png","q2.png","C:\Users\user\UI-TARS-desktop\public\kelly\phases\137",MATCH,70.7,0.2926,"slightly turning her head.png",True
"C:\Users\user\UI-TARS-desktop\public\kelly\phases\137\q3.png","q3.png","C:\Users\user\UI-TARS-desktop\public\kelly\phases\137",MATCH,81.6,0.1843,"Curious Kelly in final pose in Chair - UI elements will go on the side rails - Copy.png",True
"C:\Users\user\UI-TARS-desktop\public\kelly\phases\137\wisdom.png","wisdom.png","C:\Users\user\UI-TARS-desktop\public\kelly\phases\137",MATCH,68.5,0.3149,"head and shoulders without chair.png",True
"C:\Users\user\UI-TARS-desktop\public\kelly\phases\138\hook.png","hook.png","C:\Users\user\UI-TARS-desktop\public\kelly\phases\138",MATCH,75.2,0.2476,"Curious Kelly in final pose in Chair - UI elements will go on the side rails - Copy.png",True
"C:\Users\user\UI-TARS-desktop\public\kelly\phases\138\q1.png","q1.png","C:\Users\user\UI-TARS-desktop\public\kelly\phases\138",MATCH,75.6,0.2439,"Curious Kelly in final pose in Chair - UI elements will go on the side rails - Copy.png",True
"C:\Users\user\UI-TARS-desktop\public\kelly\phases\138\q2.png","q2.png","C:\Users\user\UI-TARS-desktop\public\kelly\phases\138",MATCH,68.3,0.3165,"head and shoulders without chair.png",True
"C:\Users\user\UI-TARS-desktop\public\kelly\phases\138\q3.png","q3.png","C:\Users\user\UI-TARS-desktop\public\kelly\phases\138",MATCH,68.9,0.3114,"slightly turning her head.png",True
"C:\Users\user\UI-TARS-desktop\public\kelly\phases\138\wisdom.png","wisdom.png","C:\Users\user\UI-TARS-desktop\public\kelly\phases\138",MATCH,76.7,0.2334,"Curious Kelly in final pose in Chair - UI elements will go on the side rails - Copy.png",True
"C:\Users\user\UI-TARS-desktop\public\kelly\phases\139\hook.png","hook.png","C:\Users\user\UI-TARS-desktop\public\kelly\phases\139",MATCH,65.8,0.3418,"Curious Kelly in final pose in Chair - UI elements will go on the side rails - Copy.png",True
"C:\Users\user\UI-TARS-desktop\public\kelly\phases\139\q1.png","q1.png","C:\Users\user\UI-TARS-desktop\public\kelly\phases\139",MATCH,74.0,0.2596,"neutral face with hair.png",True
"C:\Users\user\UI-TARS-desktop\public\kelly\phases\139\q2.png","q2.png","C:\Users\user\UI-TARS-desktop\public\kelly\phases\139",MATCH,65.1,0.3494,"head and shoulders without chair.png",True
"C:\Users\user\UI-TARS-desktop\public\kelly\phases\139\q3.png","q3.png","C:\Users\user\UI-TARS-desktop\public\kelly\phases\139",MATCH,80.1,0.1988,"Curious Kelly in final pose in Chair - UI elements will go on the side rails - Copy.png",True
"C:\Users\user\UI-TARS-desktop\public\kelly\phases\139\wisdom.png","wisdom.png","C:\Users\user\UI-TARS-desktop\public\kelly\phases\139",MATCH,80.3,0.1967,"head and shoulders without chair.png",True
"C:\Users\user\UI-TARS-desktop\public\kelly\phases\140\hook.png","hook.png","C:\Users\user\UI-TARS-desktop\public\kelly\phases\140",MATCH,67.3,0.3274,"head and shoulders without chair.png",True
"C:\Users\user\UI-TARS-desktop\public\kelly\phases\140\q1.png","q1.png","C:\Users\user\UI-TARS-desktop\public\kelly\phases\140",MATCH,67.5,0.3245,"Curious Kelly in final pose in Chair - UI elements will go on the side rails - Copy.png",True
"C:\Users\user\UI-TARS-desktop\public\kelly\phases\140\q2.png","q2.png","C:\Users\user\UI-TARS-desktop\public\kelly\phases\140",SUSPICIOUS,58.8,0.4118,"head and shoulders without chair.png",True
"C:\Users\user\UI-TARS-desktop\public\kelly\phases\140\q3.png","q3.png","C:\Users\user\UI-TARS-desktop\public\kelly\phases\140",MATCH,70.4,0.2959,"slightly turning her head.png",True
"C:\Users\user\UI-TARS-desktop\public\kelly\phases\140\wisdom.png","wisdom.png","C:\Users\user\UI-TARS-desktop\public\kelly\phases\140",MATCH,76.6,0.2336,"head and shoulders without chair.png",True
"C:\Users\user\UI-TARS-desktop\public\kelly\phases\141\hook.png","hook.png","C:\Users\user\UI-TARS-desktop\public\kelly\phases\141",MATCH,72.1,0.2786,"head and shoulders without chair.png",True
"C:\Users\user\UI-TARS-desktop\public\kelly\phases\141\q1.png","q1.png","C:\Users\user\UI-TARS-desktop\public\kelly\phases\141",MATCH,72.8,0.2716,"Curious Kelly in final pose in Chair - UI elements will go on the side rails - Copy.png",True
"C:\Users\user\UI-TARS-desktop\public\kelly\phases\141\q2.png","q2.png","C:\Users\user\UI-TARS-desktop\public\kelly\phases\141",MATCH,65.5,0.3447,"neutral face with hair.png",True
"C:\Users\user\UI-TARS-desktop\public\kelly\phases\141\q3.png","q3.png","C:\Users\user\UI-TARS-desktop\public\kelly\phases\141",MATCH,78.5,0.2147,"Curious Kelly in final pose in Chair - UI elements will go on the side rails - Copy.png",True
"C:\Users\user\UI-TARS-desktop\public\kelly\phases\141\wisdom.png","wisdom.png","C:\Users\user\UI-TARS-desktop\public\kelly\phases\141",MATCH,88.2,0.1183,"Curious Kelly in final pose in Chair - UI elements will go on the side rails - Copy.png",True
"C:\Users\user\UI-TARS-desktop\public\kelly\phases\142\hook.png","hook.png","C:\Users\user\UI-TARS-desktop\public\kelly\phases\142",MATCH,79.7,0.2034,"Curious Kelly in final pose in Chair - UI elements will go on the side rails - Copy.png",True
"C:\Users\user\UI-TARS-desktop\public\kelly\phases\142\q1.png","q1.png","C:\Users\user\UI-TARS-desktop\public\kelly\phases\142",MATCH,62.8,0.3720,"head and shoulders without chair.png",True
"C:\Users\user\UI-TARS-desktop\public\kelly\phases\142\q2.png","q2.png","C:\Users\user\UI-TARS-desktop\public\kelly\phases\142",MATCH,75.1,0.2489,"Curious Kelly in final pose in Chair - UI elements will go on the side rails - Copy.png",True
"C:\Users\user\UI-TARS-desktop\public\kelly\phases\142\q3.png","q3.png","C:\Users\user\UI-TARS-desktop\public\kelly\phases\142",MATCH,82.4,0.1763,"Curious Kelly in final pose in Chair - UI elements will go on the side rails - Copy.png",True
"C:\Users\user\UI-TARS-desktop\public\kelly\phases\142\wisdom.png","wisdom.png","C:\Users\user\UI-TARS-desktop\public\kelly\phases\142",MATCH,69.9,0.3013,"Curious Kelly in final pose in Chair - UI elements will go on the side rails - Copy.png",True
"C:\Users\user\UI-TARS-desktop\public\kelly\phases\143\hook.png","hook.png","C:\Users\user\UI-TARS-desktop\public\kelly\phases\143",MATCH,78.2,0.2183,"Curious Kelly in final pose in Chair - UI elements will go on the side rails - Copy.png",True
"C:\Users\user\UI-TARS-desktop\public\kelly\phases\143\q1.png","q1.png","C:\Users\user\UI-TARS-desktop\public\kelly\phases\143",MATCH,76.3,0.2371,"slightly turning her head.png",True
"C:\Users\user\UI-TARS-desktop\public\kelly\phases\143\q2.png","q2.png","C:\Users\user\UI-TARS-desktop\public\kelly\phases\143",MATCH,79.1,0.2092,"neutral face with hair.png",True
"C:\Users\user\UI-TARS-desktop\public\kelly\phases\143\q3.png","q3.png","C:\Users\user\UI-TARS-desktop\public\kelly\phases\143",MATCH,70.8,0.2924,"slightly turning her head.png",True
"C:\Users\user\UI-TARS-desktop\public\kelly\phases\143\wisdom.png","wisdom.png","C:\Users\user\UI-TARS-desktop\public\kelly\phases\143",MATCH,76.2,0.2380,"Curious Kelly in final pose in Chair - UI elements will go on the side rails - Copy.png",True
"C:\Users\user\UI-TARS-desktop\public\kelly\phases\144\hook.png","hook.png","C:\Users\user\UI-TARS-desktop\public\kelly\phases\144",MATCH,71.3,0.2870,"Curious Kelly in final pose in Chair - UI elements will go on the side rails - Copy.png",True
"C:\Users\user\UI-TARS-desktop\public\kelly\phases\144\q1.png","q1.png","C:\Users\user\UI-TARS-desktop\public\kelly\phases\144",MATCH,62.7,0.3727,"slightly turning her head.png",True
"C:\Users\user\UI-TARS-desktop\public\kelly\phases\144\q2.png","q2.png","C:\Users\user\UI-TARS-desktop\public\kelly\phases\144",MATCH,89.7,0.1026,"neutral face with hair.png",True
"C:\Users\user\UI-TARS-desktop\public\kelly\phases\144\q3.png","q3.png","C:\Users\user\UI-TARS-desktop\public\kelly\phases\144",SUSPICIOUS,57.8,0.4222,"Curious Kelly in final pose in Chair - UI elements will go on the side rails - Copy.png",True
"C:\Users\user\UI-TARS-desktop\public\kelly\phases\144\wisdom.png","wisdom.png","C:\Users\user\UI-TARS-desktop\public\kelly\phases\144",MATCH,74.1,0.2585,"Curious Kelly in final pose in Chair - UI elements will go on the side rails - Copy.png",True
"C:\Users\user\UI-TARS-desktop\public\kelly\phases\145\hook.png","hook.png","C:\Users\user\UI-TARS-desktop\public\kelly\phases\145",MATCH,81.8,0.1823,"head and shoulders without chair.png",True
"C:\Users\user\UI-TARS-desktop\public\kelly\phases\145\q1.png","q1.png","C:\Users\user\UI-TARS-desktop\public\kelly\phases\145",MATCH,64.4,0.3562,"Curious Kelly in final pose in Chair - UI elements will go on the side rails - Copy.png",True
"C:\Users\user\UI-TARS-desktop\public\kelly\phases\145\q2.png","q2.png","C:\Users\user\UI-TARS-desktop\public\kelly\phases\145",MATCH,70.1,0.2989,"Curious Kelly in final pose in Chair - UI elements will go on the side rails - Copy.png",True
"C:\Users\user\UI-TARS-desktop\public\kelly\phases\145\q3.png","q3.png","C:\Users\user\UI-TARS-desktop\public\kelly\phases\145",MATCH,67.7,0.3234,"head and shoulders without chair.png",True
"C:\Users\user\UI-TARS-desktop\public\kelly\phases\145\wisdom.png","wisdom.png","C:\Users\user\UI-TARS-desktop\public\kelly\phases\145",MATCH,74.0,0.2601,"Curious Kelly in final pose in Chair - UI elements will go on the side rails - Copy.png",True
"C:\Users\user\UI-TARS-desktop\public\kelly\phases\146\hook.png","hook.png","C:\Users\user\UI-TARS-desktop\public\kelly\phases\146",MATCH,65.5,0.3450,"Curious Kelly in final pose in Chair - UI elements will go on the side rails - Copy.png",True
"C:\Users\user\UI-TARS-desktop\public\kelly\phases\146\q1.png","q1.png","C:\Users\user\UI-TARS-desktop\public\kelly\phases\146",MATCH,66.8,0.3325,"head and shoulders without chair.png",True
"C:\Users\user\UI-TARS-desktop\public\kelly\phases\146\q2.png","q2.png","C:\Users\user\UI-TARS-desktop\public\kelly\phases\146",MATCH,71.2,0.2876,"slightly turning her head.png",True
"C:\Users\user\UI-TARS-desktop\public\kelly\phases\146\q3.png","q3.png","C:\Users\user\UI-TARS-desktop\public\kelly\phases\146",MATCH,84.3,0.1571,"Curious Kelly in final pose in Chair - UI elements will go on the side rails - Copy.png",True
"C:\Users\user\UI-TARS-desktop\public\kelly\phases\146\wisdom.png","wisdom.png","C:\Users\user\UI-TARS-desktop\public\kelly\phases\146",MATCH,82.5,0.1750,"Curious Kelly in final pose in Chair - UI elements will go on the side rails - Copy.png",True
"C:\Users\user\UI-TARS-desktop\public\kelly\phases\147\hook.png","hook.png","C:\Users\user\UI-TARS-desktop\public\kelly\phases\147",MATCH,70.2,0.2984,"Curious Kelly in final pose in Chair - UI elements will go on the side rails - Copy.png",True
"C:\Users\user\UI-TARS-desktop\public\kelly\phases\147\q1.png","q1.png","C:\Users\user\UI-TARS-desktop\public\kelly\phases\147",MATCH,76.5,0.2354,"Curious Kelly in final pose in Chair - UI elements will go on the side rails - Copy.png",True
"C:\Users\user\UI-TARS-desktop\public\kelly\phases\147\q2.png","q2.png","C:\Users\user\UI-TARS-desktop\public\kelly\phases\147",MATCH,76.5,0.2352,"head and shoulders without chair.png",True
"C:\Users\user\UI-TARS-desktop\public\kelly\phases\147\q3.png","q3.png","C:\Users\user\UI-TARS-desktop\public\kelly\phases\147",MATCH,89.2,0.1084,"Curious Kelly in final pose in Chair - UI elements will go on the side rails - Copy.png",True
"C:\Users\user\UI-TARS-desktop\public\kelly\phases\147\wisdom.png","wisdom.png","C:\Users\user\UI-TARS-desktop\public\kelly\phases\147",MATCH,62.6,0.3736,"head and shoulders without chair.png",True
"C:\Users\user\UI-TARS-desktop\public\kelly\phases\148\hook.png","hook.png","C:\Users\user\UI-TARS-desktop\public\kelly\phases\148",MATCH,80.7,0.1934,"Curious Kelly in final pose in Chair - UI elements will go on the side rails - Copy.png",True
"C:\Users\user\UI-TARS-desktop\public\kelly\phases\148\q1.png","q1.png","C:\Users\user\UI-TARS-desktop\public\kelly\phases\148",SUSPICIOUS,57.0,0.4303,"neutral face with hair.png",True
"C:\Users\user\UI-TARS-desktop\public\kelly\phases\148\q2.png","q2.png","C:\Users\user\UI-TARS-desktop\public\kelly\phases\148",MATCH,62.0,0.3804,"Curious Kelly in final pose in Chair - UI elements will go on the side rails - Copy.png",True
"C:\Users\user\UI-TARS-desktop\public\kelly\phases\148\q3.png","q3.png","C:\Users\user\UI-TARS-desktop\public\kelly\phases\148",MATCH,75.1,0.2486,"Curious Kelly in final pose in Chair - UI elements will go on the side rails - Copy.png",True
"C:\Users\user\UI-TARS-desktop\public\kelly\phases\148\wisdom.png","wisdom.png","C:\Users\user\UI-TARS-desktop\public\kelly\phases\148",MATCH,66.1,0.3387,"Curious Kelly in final pose in Chair - UI elements will go on the side rails - Copy.png",True
"C:\Users\user\UI-TARS-desktop\public\kelly\phases\149\hook.png","hook.png","C:\Users\user\UI-TARS-desktop\public\kelly\phases\149",MATCH,87.7,0.1225,"Curious Kelly in final pose in Chair - UI elements will go on the side rails - Copy.png",True
"C:\Users\user\UI-TARS-desktop\public\kelly\phases\149\q1.png","q1.png","C:\Users\user\UI-TARS-desktop\public\kelly\phases\149",MATCH,67.2,0.3281,"head and shoulders without chair.png",True
"C:\Users\user\UI-TARS-desktop\public\kelly\phases\149\q2.png","q2.png","C:\Users\user\UI-TARS-desktop\public\kelly\phases\149",MATCH,76.9,0.2307,"head and shoulders without chair.png",True
"C:\Users\user\UI-TARS-desktop\public\kelly\phases\149\q3.png","q3.png","C:\Users\user\UI-TARS-desktop\public\kelly\phases\149",MATCH,81.7,0.1834,"Curious Kelly in final pose in Chair - UI elements will go on the side rails - Copy.png",True
"C:\Users\user\UI-TARS-desktop\public\kelly\phases\149\wisdom.png","wisdom.png","C:\Users\user\UI-TARS-desktop\public\kelly\phases\149",MATCH,72.2,0.2781,"Curious Kelly in final pose in Chair - UI elements will go on the side rails - Copy.png",True
"C:\Users\user\UI-TARS-desktop\public\kelly\phases\150\hook.png","hook.png","C:\Users\user\UI-TARS-desktop\public\kelly\phases\150",MATCH,80.0,0.1997,"Curious Kelly in final pose in Chair - UI elements will go on the side rails - Copy.png",True
"C:\Users\user\UI-TARS-desktop\public\kelly\phases\150\q1.png","q1.png","C:\Users\user\UI-TARS-desktop\public\kelly\phases\150",MATCH,62.5,0.3754,"neutral face with hair.png",True
"C:\Users\user\UI-TARS-desktop\public\kelly\phases\150\q2.png","q2.png","C:\Users\user\UI-TARS-desktop\public\kelly\phases\150",MATCH,74.4,0.2565,"Curious Kelly in final pose in Chair - UI elements will go on the side rails - Copy.png",True
"C:\Users\user\UI-TARS-desktop\public\kelly\phases\150\q3.png","q3.png","C:\Users\user\UI-TARS-desktop\public\kelly\phases\150",MATCH,74.5,0.2550,"slightly turning her head.png",True
"C:\Users\user\UI-TARS-desktop\public\kelly\phases\150\wisdom.png","wisdom.png","C:\Users\user\UI-TARS-desktop\public\kelly\phases\150",MATCH,85.6,0.1436,"Curious Kelly in final pose in Chair - UI elements will go on the side rails - Copy.png",True
"C:\Users\user\UI-TARS-desktop\public\kelly\phases\151\hook.png","hook.png","C:\Users\user\UI-TARS-desktop\public\kelly\phases\151",MATCH,73.1,0.2691,"Curious Kelly in final pose in Chair - UI elements will go on the side rails - Copy.png",True
"C:\Users\user\UI-TARS-desktop\public\kelly\phases\151\q1.png","q1.png","C:\Users\user\UI-TARS-desktop\public\kelly\phases\151",MATCH,64.5,0.3554,"head and shoulders without chair.png",True
"C:\Users\user\UI-TARS-desktop\public\kelly\phases\151\q2.png","q2.png","C:\Users\user\UI-TARS-desktop\public\kelly\phases\151",MATCH,81.6,0.1840,"Curious Kelly in final pose in Chair - UI elements will go on the side rails - Copy.png",True
"C:\Users\user\UI-TARS-desktop\public\kelly\phases\151\q3.png","q3.png","C:\Users\user\UI-TARS-desktop\public\kelly\phases\151",MATCH,70.2,0.2980,"Curious Kelly in final pose in Chair - UI elements will go on the side rails - Copy.png",True
"C:\Users\user\UI-TARS-desktop\public\kelly\phases\151\wisdom.png","wisdom.png","C:\Users\user\UI-TARS-desktop\public\kelly\phases\151",MATCH,71.6,0.2844,"head and shoulders without chair.png",True
"C:\Users\user\UI-TARS-desktop\public\kelly\phases\152\hook.png","hook.png","C:\Users\user\UI-TARS-desktop\public\kelly\phases\152",MATCH,84.1,0.1594,"Curious Kelly in final pose in Chair - UI elements will go on the side rails - Copy.png",True
"C:\Users\user\UI-TARS-desktop\public\kelly\phases\152\q1.png","q1.png","C:\Users\user\UI-TARS-desktop\public\kelly\phases\152",MATCH,67.6,0.3239,"Curious Kelly in final pose in Chair - UI elements will go on the side rails - Copy.png",True
"C:\Users\user\UI-TARS-desktop\public\kelly\phases\152\q2.png","q2.png","C:\Users\user\UI-TARS-desktop\public\kelly\phases\152",MATCH,65.7,0.3432,"head and shoulders without chair.png",True
"C:\Users\user\UI-TARS-desktop\public\kelly\phases\152\q3.png","q3.png","C:\Users\user\UI-TARS-desktop\public\kelly\phases\152",MATCH,78.6,0.2136,"Curious Kelly in final pose in Chair - UI elements will go on the side rails - Copy.png",True
"C:\Users\user\UI-TARS-desktop\public\kelly\phases\152\wisdom.png","wisdom.png","C:\Users\user\UI-TARS-desktop\public\kelly\phases\152",MATCH,71.4,0.2858,"Curious Kelly in final pose in Chair - UI elements will go on the side rails - Copy.png",True
"C:\Users\user\UI-TARS-desktop\public\kelly\phases\153\hook.png","hook.png","C:\Users\user\UI-TARS-desktop\public\kelly\phases\153",MATCH,64.5,0.3550,"Curious Kelly in final pose in Chair - UI elements will go on the side rails - Copy.png",True
"C:\Users\user\UI-TARS-desktop\public\kelly\phases\153\q1.png","q1.png","C:\Users\user\UI-TARS-desktop\public\kelly\phases\153",MATCH,72.4,0.2758,"Curious Kelly in final pose in Chair - UI elements will go on the side rails - Copy.png",True
"C:\Users\user\UI-TARS-desktop\public\kelly\phases\153\q2.png","q2.png","C:\Users\user\UI-TARS-desktop\public\kelly\phases\153",MATCH,62.0,0.3797,"head and shoulders without chair.png",True
"C:\Users\user\UI-TARS-desktop\public\kelly\phases\153\q3.png","q3.png","C:\Users\user\UI-TARS-desktop\public\kelly\phases\153",MATCH,75.4,0.2459,"slightly turning her head.png",True
"C:\Users\user\UI-TARS-desktop\public\kelly\phases\153\wisdom.png","wisdom.png","C:\Users\user\UI-TARS-desktop\public\kelly\phases\153",MATCH,84.3,0.1575,"head and shoulders without chair.png",True
"C:\Users\user\UI-TARS-desktop\public\kelly\phases\154\hook.png","hook.png","C:\Users\user\UI-TARS-desktop\public\kelly\phases\154",MATCH,69.0,0.3097,"head and shoulders without chair.png",True
"C:\Users\user\UI-TARS-desktop\public\kelly\phases\154\q1.png","q1.png","C:\Users\user\UI-TARS-desktop\public\kelly\phases\154",SUSPICIOUS,60.9,0.3906,"neutral face with hair.png",True
"C:\Users\user\UI-TARS-desktop\public\kelly\phases\154\q2.png","q2.png","C:\Users\user\UI-TARS-desktop\public\kelly\phases\154",MATCH,67.4,0.3258,"head and shoulders without chair.png",True
"C:\Users\user\UI-TARS-desktop\public\kelly\phases\154\q3.png","q3.png","C:\Users\user\UI-TARS-desktop\public\kelly\phases\154",MATCH,68.5,0.3153,"slightly turning her head.png",True
"C:\Users\user\UI-TARS-desktop\public\kelly\phases\154\wisdom.png","wisdom.png","C:\Users\user\UI-TARS-desktop\public\kelly\phases\154",SUSPICIOUS,55.8,0.4424,"Curious Kelly in final pose in Chair - UI elements will go on the side rails - Copy.png",True
"C:\Users\user\UI-TARS-desktop\public\kelly\phases\155\hook.png","hook.png","C:\Users\user\UI-TARS-desktop\public\kelly\phases\155",MATCH,70.9,0.2914,"Curious Kelly in final pose in Chair - UI elements will go on the side rails - Copy.png",True
"C:\Users\user\UI-TARS-desktop\public\kelly\phases\155\q1.png","q1.png","C:\Users\user\UI-TARS-desktop\public\kelly\phases\155",MATCH,63.6,0.3640,"head and shoulders without chair.png",True
"C:\Users\user\UI-TARS-desktop\public\kelly\phases\155\q2.png","q2.png","C:\Users\user\UI-TARS-desktop\public\kelly\phases\155",MATCH,71.0,0.2899,"Curious Kelly in final pose in Chair - UI elements will go on the side rails - Copy.png",True
"C:\Users\user\UI-TARS-desktop\public\kelly\phases\155\q3.png","q3.png","C:\Users\user\UI-TARS-desktop\public\kelly\phases\155",MATCH,86.6,0.1337,"Curious Kelly in final pose in Chair - UI elements will go on the side rails - Copy.png",True
"C:\Users\user\UI-TARS-desktop\public\kelly\phases\155\wisdom.png","wisdom.png","C:\Users\user\UI-TARS-desktop\public\kelly\phases\155",MATCH,72.6,0.2740,"head and shoulders without chair.png",True
"C:\Users\user\UI-TARS-desktop\public\kelly\phases\156\hook.png","hook.png","C:\Users\user\UI-TARS-desktop\public\kelly\phases\156",SUSPICIOUS,58.6,0.4144,"Curious Kelly in final pose in Chair - UI elements will go on the side rails - Copy.png",True
"C:\Users\user\UI-TARS-desktop\public\kelly\phases\156\q1.png","q1.png","C:\Users\user\UI-TARS-desktop\public\kelly\phases\156",SUSPICIOUS,60.6,0.3944,"head and shoulders without chair.png",True
"C:\Users\user\UI-TARS-desktop\public\kelly\phases\156\q2.png","q2.png","C:\Users\user\UI-TARS-desktop\public\kelly\phases\156",MATCH,73.6,0.2643,"Curious Kelly in final pose in Chair - UI elements will go on the side rails - Copy.png",True
"C:\Users\user\UI-TARS-desktop\public\kelly\phases\156\q3.png","q3.png","C:\Users\user\UI-TARS-desktop\public\kelly\phases\156",MATCH,74.6,0.2537,"slightly turning her head.png",True
"C:\Users\user\UI-TARS-desktop\public\kelly\phases\156\wisdom.png","wisdom.png","C:\Users\user\UI-TARS-desktop\public\kelly\phases\156",MATCH,74.7,0.2529,"Curious Kelly in final pose in Chair - UI elements will go on the side rails - Copy.png",True
"C:\Users\user\UI-TARS-desktop\public\kelly\phases\157\hook.png","hook.png","C:\Users\user\UI-TARS-desktop\public\kelly\phases\157",MATCH,81.6,0.1839,"head and shoulders without chair.png",True
"C:\Users\user\UI-TARS-desktop\public\kelly\phases\157\q1.png","q1.png","C:\Users\user\UI-TARS-desktop\public\kelly\phases\157",MATCH,69.5,0.3055,"neutral face with hair.png",True
"C:\Users\user\UI-TARS-desktop\public\kelly\phases\157\q2.png","q2.png","C:\Users\user\UI-TARS-desktop\public\kelly\phases\157",MATCH,69.7,0.3032,"slightly turning her head.png",True
"C:\Users\user\UI-TARS-desktop\public\kelly\phases\157\q3.png","q3.png","C:\Users\user\UI-TARS-desktop\public\kelly\phases\157",MATCH,73.6,0.2636,"Curious Kelly in final pose in Chair - UI elements will go on the side rails - Copy.png",True
"C:\Users\user\UI-TARS-desktop\public\kelly\phases\157\wisdom.png","wisdom.png","C:\Users\user\UI-TARS-desktop\public\kelly\phases\157",MATCH,71.3,0.2872,"Curious Kelly in final pose in Chair - UI elements will go on the side rails - Copy.png",True
"C:\Users\user\UI-TARS-desktop\public\kelly\phases\158\hook.png","hook.png","C:\Users\user\UI-TARS-desktop\public\kelly\phases\158",MATCH,88.2,0.1175,"Curious Kelly in final pose in Chair - UI elements will go on the side rails - Copy.png",True
"C:\Users\user\UI-TARS-desktop\public\kelly\phases\158\q1.png","q1.png","C:\Users\user\UI-TARS-desktop\public\kelly\phases\158",MATCH,66.0,0.3402,"Curious Kelly in final pose in Chair - UI elements will go on the side rails - Copy.png",True
"C:\Users\user\UI-TARS-desktop\public\kelly\phases\158\q2.png","q2.png","C:\Users\user\UI-TARS-desktop\public\kelly\phases\158",MATCH,71.5,0.2852,"Curious Kelly in final pose in Chair - UI elements will go on the side rails - Copy.png",True
"C:\Users\user\UI-TARS-desktop\public\kelly\phases\158\q3.png","q3.png","C:\Users\user\UI-TARS-desktop\public\kelly\phases\158",SUSPICIOUS,53.4,0.4658,"neutral face with hair.png",True
"C:\Users\user\UI-TARS-desktop\public\kelly\phases\158\wisdom.png","wisdom.png","C:\Users\user\UI-TARS-desktop\public\kelly\phases\158",SUSPICIOUS,60.7,0.3926,"neutral face with hair.png",True
"C:\Users\user\UI-TARS-desktop\public\kelly\phases\159\hook.png","hook.png","C:\Users\user\UI-TARS-desktop\public\kelly\phases\159",MATCH,72.0,0.2795,"head and shoulders without chair.png",True
"C:\Users\user\UI-TARS-desktop\public\kelly\phases\159\q1.png","q1.png","C:\Users\user\UI-TARS-desktop\public\kelly\phases\159",MATCH,71.1,0.2893,"head and shoulders without chair.png",True
"C:\Users\user\UI-TARS-desktop\public\kelly\phases\159\q2.png","q2.png","C:\Users\user\UI-TARS-desktop\public\kelly\phases\159",MATCH,79.8,0.2023,"Curious Kelly in final pose in Chair - UI elements will go on the side rails - Copy.png",True
"C:\Users\user\UI-TARS-desktop\public\kelly\phases\159\q3.png","q3.png","C:\Users\user\UI-TARS-desktop\public\kelly\phases\159",SUSPICIOUS,59.3,0.4068,"head and shoulders without chair.png",True
"C:\Users\user\UI-TARS-desktop\public\kelly\phases\159\wisdom.png","wisdom.png","C:\Users\user\UI-TARS-desktop\public\kelly\phases\159",MATCH,76.0,0.2403,"Curious Kelly in final pose in Chair - UI elements will go on the side rails - Copy.png",True
"C:\Users\user\UI-TARS-desktop\public\kelly\phases\160\hook.png","hook.png","C:\Users\user\UI-TARS-desktop\public\kelly\phases\160",MATCH,81.8,0.1816,"Curious Kelly in final pose in Chair - UI elements will go on the side rails - Copy.png",True
"C:\Users\user\UI-TARS-desktop\public\kelly\phases\160\q1.png","q1.png","C:\Users\user\UI-TARS-desktop\public\kelly\phases\160",MATCH,62.2,0.3778,"head and shoulders without chair.png",True
"C:\Users\user\UI-TARS-desktop\public\kelly\phases\160\q2.png","q2.png","C:\Users\user\UI-TARS-desktop\public\kelly\phases\160",MATCH,68.2,0.3176,"head and shoulders without chair.png",True
"C:\Users\user\UI-TARS-desktop\public\kelly\phases\160\q3.png","q3.png","C:\Users\user\UI-TARS-desktop\public\kelly\phases\160",MATCH,72.5,0.2754,"Curious Kelly in final pose in Chair - UI elements will go on the side rails - Copy.png",True
"C:\Users\user\UI-TARS-desktop\public\kelly\phases\160\wisdom.png","wisdom.png","C:\Users\user\UI-TARS-desktop\public\kelly\phases\160",MATCH,70.6,0.2935,"head and shoulders without chair.png",True
"C:\Users\user\UI-TARS-desktop\public\kelly\phases\161\hook.png","hook.png","C:\Users\user\UI-TARS-desktop\public\kelly\phases\161",MATCH,85.1,0.1493,"Curious Kelly in final pose in Chair - UI elements will go on the side rails - Copy.png",True
"C:\Users\user\UI-TARS-desktop\public\kelly\phases\161\q1.png","q1.png","C:\Users\user\UI-TARS-desktop\public\kelly\phases\161",MATCH,61.8,0.3817,"slightly turning her head.png",True
"C:\Users\user\UI-TARS-desktop\public\kelly\phases\161\q2.png","q2.png","C:\Users\user\UI-TARS-desktop\public\kelly\phases\161",SUSPICIOUS,52.9,0.4710,"neutral face with hair.png",True
"C:\Users\user\UI-TARS-desktop\public\kelly\phases\161\q3.png","q3.png","C:\Users\user\UI-TARS-desktop\public\kelly\phases\161",MATCH,78.8,0.2122,"Curious Kelly in final pose in Chair - UI elements will go on the side rails - Copy.png",True
"C:\Users\user\UI-TARS-desktop\public\kelly\phases\161\wisdom.png","wisdom.png","C:\Users\user\UI-TARS-desktop\public\kelly\phases\161",MATCH,66.4,0.3363,"Curious Kelly in final pose in Chair - UI elements will go on the side rails - Copy.png",True
"C:\Users\user\UI-TARS-desktop\public\kelly\phases\162\hook.png","hook.png","C:\Users\user\UI-TARS-desktop\public\kelly\phases\162",MATCH,78.0,0.2200,"Curious Kelly in final pose in Chair - UI elements will go on the side rails - Copy.png",True
"C:\Users\user\UI-TARS-desktop\public\kelly\phases\162\q1.png","q1.png","C:\Users\user\UI-TARS-desktop\public\kelly\phases\162",NO_MATCH,40.3,0.5969,"profile of kelly.png",True
"C:\Users\user\UI-TARS-desktop\public\kelly\phases\162\q2.png","q2.png","C:\Users\user\UI-TARS-desktop\public\kelly\phases\162",NO_MATCH,40.1,0.5991,"neutral face with hair.png",True
"C:\Users\user\UI-TARS-desktop\public\kelly\phases\162\q3.png","q3.png","C:\Users\user\UI-TARS-desktop\public\kelly\phases\162",MATCH,83.0,0.1703,"slightly turning her head.png",True
"C:\Users\user\UI-TARS-desktop\public\kelly\phases\162\wisdom.png","wisdom.png","C:\Users\user\UI-TARS-desktop\public\kelly\phases\162",MATCH,71.5,0.2849,"Curious Kelly in final pose in Chair - UI elements will go on the side rails - Copy.png",True
"C:\Users\user\UI-TARS-desktop\public\kelly\phases\163\hook.png","hook.png","C:\Users\user\UI-TARS-desktop\public\kelly\phases\163",MATCH,68.4,0.3158,"head and shoulders without chair.png",True
"C:\Users\user\UI-TARS-desktop\public\kelly\phases\163\q1.png","q1.png","C:\Users\user\UI-TARS-desktop\public\kelly\phases\163",MATCH,78.9,0.2112,"Curious Kelly in final pose in Chair - UI elements will go on the side rails - Copy.png",True
"C:\Users\user\UI-TARS-desktop\public\kelly\phases\163\q2.png","q2.png","C:\Users\user\UI-TARS-desktop\public\kelly\phases\163",MATCH,75.3,0.2472,"Curious Kelly in final pose in Chair - UI elements will go on the side rails - Copy.png",True
"C:\Users\user\UI-TARS-desktop\public\kelly\phases\163\q3.png","q3.png","C:\Users\user\UI-TARS-desktop\public\kelly\phases\163",MATCH,65.9,0.3412,"neutral face with hair.png",True
"C:\Users\user\UI-TARS-desktop\public\kelly\phases\163\wisdom.png","wisdom.png","C:\Users\user\UI-TARS-desktop\public\kelly\phases\163",MATCH,80.8,0.1918,"Curious Kelly in final pose in Chair - UI elements will go on the side rails - Copy.png",True
"C:\Users\user\UI-TARS-desktop\public\kelly\phases\164\hook.png","hook.png","C:\Users\user\UI-TARS-desktop\public\kelly\phases\164",MATCH,64.4,0.3562,"head and shoulders without chair.png",True
"C:\Users\user\UI-TARS-desktop\public\kelly\phases\164\q1.png","q1.png","C:\Users\user\UI-TARS-desktop\public\kelly\phases\164",MATCH,71.5,0.2845,"head and shoulders without chair.png",True
"C:\Users\user\UI-TARS-desktop\public\kelly\phases\164\q2.png","q2.png","C:\Users\user\UI-TARS-desktop\public\kelly\phases\164",NO_MATCH,38.6,0.6143,"slightly turning her head.png",True
"C:\Users\user\UI-TARS-desktop\public\kelly\phases\164\q3.png","q3.png","C:\Users\user\UI-TARS-desktop\public\kelly\phases\164",MATCH,75.1,0.2494,"Curious Kelly in final pose in Chair - UI elements will go on the side rails - Copy.png",True
"C:\Users\user\UI-TARS-desktop\public\kelly\phases\164\wisdom.png","wisdom.png","C:\Users\user\UI-TARS-desktop\public\kelly\phases\164",MATCH,64.8,0.3516,"head and shoulders without chair.png",True
"C:\Users\user\UI-TARS-desktop\public\kelly\phases\165\hook.png","hook.png","C:\Users\user\UI-TARS-desktop\public\kelly\phases\165",MATCH,71.7,0.2826,"Curious Kelly in final pose in Chair - UI elements will go on the side rails - Copy.png",True
"C:\Users\user\UI-TARS-desktop\public\kelly\phases\165\q1.png","q1.png","C:\Users\user\UI-TARS-desktop\public\kelly\phases\165",MATCH,66.6,0.3342,"head and shoulders without chair.png",True
"C:\Users\user\UI-TARS-desktop\public\kelly\phases\165\q2.png","q2.png","C:\Users\user\UI-TARS-desktop\public\kelly\phases\165",SUSPICIOUS,58.3,0.4166,"slightly turning her head.png",True
"C:\Users\user\UI-TARS-desktop\public\kelly\phases\165\q3.png","q3.png","C:\Users\user\UI-TARS-desktop\public\kelly\phases\165",SUSPICIOUS,58.2,0.4178,"Curious Kelly in final pose in Chair - UI elements will go on the side rails - Copy.png",True
"C:\Users\user\UI-TARS-desktop\public\kelly\phases\165\wisdom.png","wisdom.png","C:\Users\user\UI-TARS-desktop\public\kelly\phases\165",MATCH,83.2,0.1676,"head and shoulders without chair.png",True
"C:\Users\user\UI-TARS-desktop\public\kelly\phases\166\hook.png","hook.png","C:\Users\user\UI-TARS-desktop\public\kelly\phases\166",MATCH,82.8,0.1715,"Curious Kelly in final pose in Chair - UI elements will go on the side rails - Copy.png",True
"C:\Users\user\UI-TARS-desktop\public\kelly\phases\166\q1.png","q1.png","C:\Users\user\UI-TARS-desktop\public\kelly\phases\166",SUSPICIOUS,60.2,0.3977,"Curious Kelly in final pose in Chair - UI elements will go on the side rails - Copy.png",True
"C:\Users\user\UI-TARS-desktop\public\kelly\phases\166\q2.png","q2.png","C:\Users\user\UI-TARS-desktop\public\kelly\phases\166",SUSPICIOUS,56.9,0.4310,"slightly turning her head.png",True
"C:\Users\user\UI-TARS-desktop\public\kelly\phases\166\q3.png","q3.png","C:\Users\user\UI-TARS-desktop\public\kelly\phases\166",MATCH,73.7,0.2625,"Curious Kelly in final pose in Chair - UI elements will go on the side rails - Copy.png",True
"C:\Users\user\UI-TARS-desktop\public\kelly\phases\166\wisdom.png","wisdom.png","C:\Users\user\UI-TARS-desktop\public\kelly\phases\166",MATCH,78.6,0.2143,"Curious Kelly in final pose in Chair - UI elements will go on the side rails - Copy.png",True
"C:\Users\user\UI-TARS-desktop\public\kelly\phases\167\hook.png","hook.png","C:\Users\user\UI-TARS-desktop\public\kelly\phases\167",MATCH,75.6,0.2436,"slightly turning her head.png",True
"C:\Users\user\UI-TARS-desktop\public\kelly\phases\167\q1.png","q1.png","C:\Users\user\UI-TARS-desktop\public\kelly\phases\167",SUSPICIOUS,48.1,0.5185,"Curious Kelly in final pose in Chair - UI elements will go on the side rails - Copy.png",True
"C:\Users\user\UI-TARS-desktop\public\kelly\phases\167\q2.png","q2.png","C:\Users\user\UI-TARS-desktop\public\kelly\phases\167",MATCH,67.9,0.3210,"Curious Kelly in final pose in Chair - UI elements will go on the side rails - Copy.png",True
"C:\Users\user\UI-TARS-desktop\public\kelly\phases\167\q3.png","q3.png","C:\Users\user\UI-TARS-desktop\public\kelly\phases\167",MATCH,66.1,0.3391,"neutral face with hair.png",True
"C:\Users\user\UI-TARS-desktop\public\kelly\phases\167\wisdom.png","wisdom.png","C:\Users\user\UI-TARS-desktop\public\kelly\phases\167",MATCH,79.3,0.2075,"Curious Kelly in final pose in Chair - UI elements will go on the side rails - Copy.png",True
"C:\Users\user\UI-TARS-desktop\public\kelly\phases\168\hook.png","hook.png","C:\Users\user\UI-TARS-desktop\public\kelly\phases\168",MATCH,82.8,0.1717,"Curious Kelly in final pose in Chair - UI elements will go on the side rails - Copy.png",True
"C:\Users\user\UI-TARS-desktop\public\kelly\phases\168\q1.png","q1.png","C:\Users\user\UI-TARS-desktop\public\kelly\phases\168",SUSPICIOUS,57.1,0.4292,"head and shoulders without chair.png",True
"C:\Users\user\UI-TARS-desktop\public\kelly\phases\168\q2.png","q2.png","C:\Users\user\UI-TARS-desktop\public\kelly\phases\168",MATCH,65.1,0.3486,"head and shoulders without chair.png",True
"C:\Users\user\UI-TARS-desktop\public\kelly\phases\168\q3.png","q3.png","C:\Users\user\UI-TARS-desktop\public\kelly\phases\168",MATCH,61.8,0.3816,"head and shoulders without chair.png",True
"C:\Users\user\UI-TARS-desktop\public\kelly\phases\168\wisdom.png","wisdom.png","C:\Users\user\UI-TARS-desktop\public\kelly\phases\168",MATCH,72.0,0.2800,"Curious Kelly in final pose in Chair - UI elements will go on the side rails - Copy.png",True
"C:\Users\user\UI-TARS-desktop\public\kelly\phases\169\hook.png","hook.png","C:\Users\user\UI-TARS-desktop\public\kelly\phases\169",SUSPICIOUS,60.6,0.3943,"Curious Kelly in final pose in Chair - UI elements will go on the side rails - Copy.png",True
"C:\Users\user\UI-TARS-desktop\public\kelly\phases\169\q1.png","q1.png","C:\Users\user\UI-TARS-desktop\public\kelly\phases\169",SUSPICIOUS,55.4,0.4462,"Curious Kelly in final pose in Chair - UI elements will go on the side rails - Copy.png",True
"C:\Users\user\UI-TARS-desktop\public\kelly\phases\169\q2.png","q2.png","C:\Users\user\UI-TARS-desktop\public\kelly\phases\169",MATCH,72.4,0.2763,"head and shoulders without chair.png",True
"C:\Users\user\UI-TARS-desktop\public\kelly\phases\169\q3.png","q3.png","C:\Users\user\UI-TARS-desktop\public\kelly\phases\169",MATCH,79.1,0.2094,"Curious Kelly in final pose in Chair - UI elements will go on the side rails - Copy.png",True
"C:\Users\user\UI-TARS-desktop\public\kelly\phases\169\wisdom.png","wisdom.png","C:\Users\user\UI-TARS-desktop\public\kelly\phases\169",MATCH,72.0,0.2800,"Curious Kelly in final pose in Chair - UI elements will go on the side rails - Copy.png",True
"C:\Users\user\UI-TARS-desktop\public\kelly\phases\170\hook.png","hook.png","C:\Users\user\UI-TARS-desktop\public\kelly\phases\170",SUSPICIOUS,58.8,0.4118,"head and shoulders without chair.png",True
"C:\Users\user\UI-TARS-desktop\public\kelly\phases\170\q1.png","q1.png","C:\Users\user\UI-TARS-desktop\public\kelly\phases\170",MATCH,76.1,0.2389,"Curious Kelly in final pose in Chair - UI elements will go on the side rails - Copy.png",True
"C:\Users\user\UI-TARS-desktop\public\kelly\phases\170\q2.png","q2.png","C:\Users\user\UI-TARS-desktop\public\kelly\phases\170",MATCH,62.2,0.3778,"slightly turning her head.png",True
"C:\Users\user\UI-TARS-desktop\public\kelly\phases\170\q3.png","q3.png","C:\Users\user\UI-TARS-desktop\public\kelly\phases\170",MATCH,83.1,0.1689,"head and shoulders without chair.png",True
"C:\Users\user\UI-TARS-desktop\public\kelly\phases\170\wisdom.png","wisdom.png","C:\Users\user\UI-TARS-desktop\public\kelly\phases\170",MATCH,63.8,0.3618,"head and shoulders without chair.png",True
"C:\Users\user\UI-TARS-desktop\public\kelly\phases\171\hook.png","hook.png","C:\Users\user\UI-TARS-desktop\public\kelly\phases\171",MATCH,81.5,0.1850,"Curious Kelly in final pose in Chair - UI elements will go on the side rails - Copy.png",True
"C:\Users\user\UI-TARS-desktop\public\kelly\phases\171\q1.png","q1.png","C:\Users\user\UI-TARS-desktop\public\kelly\phases\171",MATCH,66.3,0.3373,"Curious Kelly in final pose in Chair - UI elements will go on the side rails - Copy.png",True
"C:\Users\user\UI-TARS-desktop\public\kelly\phases\171\q2.png","q2.png","C:\Users\user\UI-TARS-desktop\public\kelly\phases\171",MATCH,63.5,0.3653,"head and shoulders without chair.png",True
"C:\Users\user\UI-TARS-desktop\public\kelly\phases\171\q3.png","q3.png","C:\Users\user\UI-TARS-desktop\public\kelly\phases\171",MATCH,76.9,0.2311,"Curious Kelly in final pose in Chair - UI elements will go on the side rails - Copy.png",True
"C:\Users\user\UI-TARS-desktop\public\kelly\phases\171\wisdom.png","wisdom.png","C:\Users\user\UI-TARS-desktop\public\kelly\phases\171",MATCH,72.8,0.2716,"Curious Kelly in final pose in Chair - UI elements will go on the side rails - Copy.png",True
"C:\Users\user\UI-TARS-desktop\public\kelly\phases\172\hook.png","hook.png","C:\Users\user\UI-TARS-desktop\public\kelly\phases\172",MATCH,79.1,0.2085,"head and shoulders without chair.png",True
"C:\Users\user\UI-TARS-desktop\public\kelly\phases\172\q1.png","q1.png","C:\Users\user\UI-TARS-desktop\public\kelly\phases\172",MATCH,61.5,0.3849,"head and shoulders without chair.png",True
"C:\Users\user\UI-TARS-desktop\public\kelly\phases\172\q2.png","q2.png","C:\Users\user\UI-TARS-desktop\public\kelly\phases\172",MATCH,69.2,0.3079,"neutral face with hair.png",True
"C:\Users\user\UI-TARS-desktop\public\kelly\phases\172\q3.png","q3.png","C:\Users\user\UI-TARS-desktop\public\kelly\phases\172",MATCH,65.4,0.3456,"Curious Kelly in final pose in Chair - UI elements will go on the side rails - Copy.png",True
"C:\Users\user\UI-TARS-desktop\public\kelly\phases\172\wisdom.png","wisdom.png","C:\Users\user\UI-TARS-desktop\public\kelly\phases\172",MATCH,76.4,0.2363,"head and shoulders without chair.png",True
"C:\Users\user\UI-TARS-desktop\public\kelly\phases\173\hook.png","hook.png","C:\Users\user\UI-TARS-desktop\public\kelly\phases\173",MATCH,76.5,0.2349,"Curious Kelly in final pose in Chair - UI elements will go on the side rails - Copy.png",True
"C:\Users\user\UI-TARS-desktop\public\kelly\phases\173\q1.png","q1.png","C:\Users\user\UI-TARS-desktop\public\kelly\phases\173",MATCH,63.7,0.3630,"head and shoulders without chair.png",True
"C:\Users\user\UI-TARS-desktop\public\kelly\phases\173\q2.png","q2.png","C:\Users\user\UI-TARS-desktop\public\kelly\phases\173",MATCH,70.3,0.2975,"head and shoulders without chair.png",True
"C:\Users\user\UI-TARS-desktop\public\kelly\phases\173\q3.png","q3.png","C:\Users\user\UI-TARS-desktop\public\kelly\phases\173",MATCH,75.5,0.2451,"Curious Kelly in final pose in Chair - UI elements will go on the side rails - Copy.png",True
"C:\Users\user\UI-TARS-desktop\public\kelly\phases\173\wisdom.png","wisdom.png","C:\Users\user\UI-TARS-desktop\public\kelly\phases\173",MATCH,71.6,0.2840,"head and shoulders without chair.png",True
"C:\Users\user\UI-TARS-desktop\public\kelly\phases\174\hook.png","hook.png","C:\Users\user\UI-TARS-desktop\public\kelly\phases\174",MATCH,66.3,0.3368,"head and shoulders without chair.png",True
"C:\Users\user\UI-TARS-desktop\public\kelly\phases\174\q1.png","q1.png","C:\Users\user\UI-TARS-desktop\public\kelly\phases\174",MATCH,78.1,0.2187,"Curious Kelly in final pose in Chair - UI elements will go on the side rails - Copy.png",True
"C:\Users\user\UI-TARS-desktop\public\kelly\phases\174\q2.png","q2.png","C:\Users\user\UI-TARS-desktop\public\kelly\phases\174",MATCH,70.0,0.2999,"Curious Kelly in final pose in Chair - UI elements will go on the side rails - Copy.png",True
"C:\Users\user\UI-TARS-desktop\public\kelly\phases\174\q3.png","q3.png","C:\Users\user\UI-TARS-desktop\public\kelly\phases\174",MATCH,62.6,0.3737,"Curious Kelly in final pose in Chair - UI elements will go on the side rails - Copy.png",True
"C:\Users\user\UI-TARS-desktop\public\kelly\phases\174\wisdom.png","wisdom.png","C:\Users\user\UI-TARS-desktop\public\kelly\phases\174",MATCH,80.7,0.1926,"Curious Kelly in final pose in Chair - UI elements will go on the side rails - Copy.png",True
"C:\Users\user\UI-TARS-desktop\public\kelly\phases\175\hook.png","hook.png","C:\Users\user\UI-TARS-desktop\public\kelly\phases\175",MATCH,71.0,0.2900,"head and shoulders without chair.png",True
"C:\Users\user\UI-TARS-desktop\public\kelly\phases\175\q1.png","q1.png","C:\Users\user\UI-TARS-desktop\public\kelly\phases\175",MATCH,70.5,0.2947,"Curious Kelly in final pose in Chair - UI elements will go on the side rails - Copy.png",True
"C:\Users\user\UI-TARS-desktop\public\kelly\phases\175\q2.png","q2.png","C:\Users\user\UI-TARS-desktop\public\kelly\phases\175",MATCH,67.6,0.3241,"Curious Kelly in final pose in Chair - UI elements will go on the side rails - Copy.png",True
"C:\Users\user\UI-TARS-desktop\public\kelly\phases\175\q3.png","q3.png","C:\Users\user\UI-TARS-desktop\public\kelly\phases\175",MATCH,75.1,0.2487,"head and shoulders without chair.png",True
"C:\Users\user\UI-TARS-desktop\public\kelly\phases\175\wisdom.png","wisdom.png","C:\Users\user\UI-TARS-desktop\public\kelly\phases\175",MATCH,62.2,0.3780,"head and shoulders without chair.png",True
"C:\Users\user\UI-TARS-desktop\public\kelly\phases\176\hook.png","hook.png","C:\Users\user\UI-TARS-desktop\public\kelly\phases\176",MATCH,80.3,0.1971,"head and shoulders without chair.png",True
"C:\Users\user\UI-TARS-desktop\public\kelly\phases\176\q1.png","q1.png","C:\Users\user\UI-TARS-desktop\public\kelly\phases\176",MATCH,67.8,0.3216,"head and shoulders without chair.png",True
"C:\Users\user\UI-TARS-desktop\public\kelly\phases\176\q2.png","q2.png","C:\Users\user\UI-TARS-desktop\public\kelly\phases\176",MATCH,72.1,0.2791,"Curious Kelly in final pose in Chair - UI elements will go on the side rails - Copy.png",True
"C:\Users\user\UI-TARS-desktop\public\kelly\phases\176\q3.png","q3.png","C:\Users\user\UI-TARS-desktop\public\kelly\phases\176",MATCH,82.1,0.1793,"Curious Kelly in final pose in Chair - UI elements will go on the side rails - Copy.png",True
"C:\Users\user\UI-TARS-desktop\public\kelly\phases\176\wisdom.png","wisdom.png","C:\Users\user\UI-TARS-desktop\public\kelly\phases\176",MATCH,66.8,0.3324,"head and shoulders without chair.png",True
"C:\Users\user\UI-TARS-desktop\public\kelly\phases\177\hook.png","hook.png","C:\Users\user\UI-TARS-desktop\public\kelly\phases\177",MATCH,72.2,0.2776,"head and shoulders without chair.png",True
"C:\Users\user\UI-TARS-desktop\public\kelly\phases\177\q1.png","q1.png","C:\Users\user\UI-TARS-desktop\public\kelly\phases\177",MATCH,70.9,0.2913,"head and shoulders without chair.png",True
"C:\Users\user\UI-TARS-desktop\public\kelly\phases\177\q2.png","q2.png","C:\Users\user\UI-TARS-desktop\public\kelly\phases\177",MATCH,76.2,0.2376,"head and shoulders without chair.png",True
"C:\Users\user\UI-TARS-desktop\public\kelly\phases\177\q3.png","q3.png","C:\Users\user\UI-TARS-desktop\public\kelly\phases\177",MATCH,76.6,0.2340,"head and shoulders without chair.png",True
"C:\Users\user\UI-TARS-desktop\public\kelly\phases\177\wisdom.png","wisdom.png","C:\Users\user\UI-TARS-desktop\public\kelly\phases\177",MATCH,79.1,0.2089,"Curious Kelly in final pose in Chair - UI elements will go on the side rails - Copy.png",True
"C:\Users\user\UI-TARS-desktop\public\kelly\phases\178\hook.png","hook.png","C:\Users\user\UI-TARS-desktop\public\kelly\phases\178",MATCH,73.5,0.2650,"Curious Kelly in final pose in Chair - UI elements will go on the side rails - Copy.png",True
"C:\Users\user\UI-TARS-desktop\public\kelly\phases\178\q1.png","q1.png","C:\Users\user\UI-TARS-desktop\public\kelly\phases\178",MATCH,66.2,0.3377,"Curious Kelly in final pose in Chair - UI elements will go on the side rails - Copy.png",True
"C:\Users\user\UI-TARS-desktop\public\kelly\phases\178\q2.png","q2.png","C:\Users\user\UI-TARS-desktop\public\kelly\phases\178",MATCH,64.4,0.3562,"Curious Kelly in final pose in Chair - UI elements will go on the side rails - Copy.png",True
"C:\Users\user\UI-TARS-desktop\public\kelly\phases\178\q3.png","q3.png","C:\Users\user\UI-TARS-desktop\public\kelly\phases\178",MATCH,80.1,0.1993,"Curious Kelly in final pose in Chair - UI elements will go on the side rails - Copy.png",True
"C:\Users\user\UI-TARS-desktop\public\kelly\phases\178\wisdom.png","wisdom.png","C:\Users\user\UI-TARS-desktop\public\kelly\phases\178",MATCH,72.0,0.2797,"head and shoulders without chair.png",True
"C:\Users\user\UI-TARS-desktop\public\kelly\phases\179\hook.png","hook.png","C:\Users\user\UI-TARS-desktop\public\kelly\phases\179",MATCH,79.6,0.2041,"Curious Kelly in final pose in Chair - UI elements will go on the side rails - Copy.png",True
"C:\Users\user\UI-TARS-desktop\public\kelly\phases\179\q1.png","q1.png","C:\Users\user\UI-TARS-desktop\public\kelly\phases\179",MATCH,64.5,0.3549,"head and shoulders without chair.png",True
"C:\Users\user\UI-TARS-desktop\public\kelly\phases\179\q2.png","q2.png","C:\Users\user\UI-TARS-desktop\public\kelly\phases\179",MATCH,70.1,0.2990,"slightly turning her head.png",True
"C:\Users\user\UI-TARS-desktop\public\kelly\phases\179\q3.png","q3.png","C:\Users\user\UI-TARS-desktop\public\kelly\phases\179",MATCH,75.1,0.2486,"Curious Kelly in final pose in Chair - UI elements will go on the side rails - Copy.png",True
"C:\Users\user\UI-TARS-desktop\public\kelly\phases\179\wisdom.png","wisdom.png","C:\Users\user\UI-TARS-desktop\public\kelly\phases\179",MATCH,70.8,0.2919,"Curious Kelly in final pose in Chair - UI elements will go on the side rails - Copy.png",True
"C:\Users\user\UI-TARS-desktop\public\kelly\phases\180\hook.png","hook.png","C:\Users\user\UI-TARS-desktop\public\kelly\phases\180",MATCH,85.0,0.1503,"Curious Kelly in final pose in Chair - UI elements will go on the side rails - Copy.png",True
"C:\Users\user\UI-TARS-desktop\public\kelly\phases\180\q1.png","q1.png","C:\Users\user\UI-TARS-desktop\public\kelly\phases\180",MATCH,66.5,0.3353,"Curious Kelly in final pose in Chair - UI elements will go on the side rails - Copy.png",True
"C:\Users\user\UI-TARS-desktop\public\kelly\phases\180\q2.png","q2.png","C:\Users\user\UI-TARS-desktop\public\kelly\phases\180",MATCH,70.3,0.2968,"head and shoulders without chair.png",True
"C:\Users\user\UI-TARS-desktop\public\kelly\phases\180\q3.png","q3.png","C:\Users\user\UI-TARS-desktop\public\kelly\phases\180",MATCH,67.4,0.3257,"Curious Kelly in final pose in Chair - UI elements will go on the side rails - Copy.png",True
"C:\Users\user\UI-TARS-desktop\public\kelly\phases\180\wisdom.png","wisdom.png","C:\Users\user\UI-TARS-desktop\public\kelly\phases\180",MATCH,73.8,0.2617,"head and shoulders without chair.png",True
"C:\Users\user\UI-TARS-desktop\public\kelly\phases\181\hook.png","hook.png","C:\Users\user\UI-TARS-desktop\public\kelly\phases\181",MATCH,71.3,0.2868,"head and shoulders without chair.png",True
"C:\Users\user\UI-TARS-desktop\public\kelly\phases\181\q1.png","q1.png","C:\Users\user\UI-TARS-desktop\public\kelly\phases\181",MATCH,69.4,0.3062,"Curious Kelly in final pose in Chair - UI elements will go on the side rails - Copy.png",True
"C:\Users\user\UI-TARS-desktop\public\kelly\phases\181\q2.png","q2.png","C:\Users\user\UI-TARS-desktop\public\kelly\phases\181",MATCH,70.1,0.2986,"head and shoulders without chair.png",True
"C:\Users\user\UI-TARS-desktop\public\kelly\phases\181\q3.png","q3.png","C:\Users\user\UI-TARS-desktop\public\kelly\phases\181",MATCH,74.6,0.2544,"head and shoulders without chair.png",True
"C:\Users\user\UI-TARS-desktop\public\kelly\phases\181\wisdom.png","wisdom.png","C:\Users\user\UI-TARS-desktop\public\kelly\phases\181",MATCH,66.3,0.3366,"Curious Kelly in final pose in Chair - UI elements will go on the side rails - Copy.png",True
"C:\Users\user\UI-TARS-desktop\public\kelly\phases\182\hook.png","hook.png","C:\Users\user\UI-TARS-desktop\public\kelly\phases\182",MATCH,69.4,0.3057,"head and shoulders without chair.png",True
"C:\Users\user\UI-TARS-desktop\public\kelly\phases\182\q1.png","q1.png","C:\Users\user\UI-TARS-desktop\public\kelly\phases\182",MATCH,79.5,0.2046,"Curious Kelly in final pose in Chair - UI elements will go on the side rails - Copy.png",True
"C:\Users\user\UI-TARS-desktop\public\kelly\phases\182\q2.png","q2.png","C:\Users\user\UI-TARS-desktop\public\kelly\phases\182",MATCH,65.5,0.3452,"head and shoulders without chair.png",True
"C:\Users\user\UI-TARS-desktop\public\kelly\phases\182\q3.png","q3.png","C:\Users\user\UI-TARS-desktop\public\kelly\phases\182",MATCH,75.2,0.2480,"Curious Kelly in final pose in Chair - UI elements will go on the side rails - Copy.png",True
"C:\Users\user\UI-TARS-desktop\public\kelly\phases\182\wisdom.png","wisdom.png","C:\Users\user\UI-TARS-desktop\public\kelly\phases\182",MATCH,77.3,0.2271,"Curious Kelly in final pose in Chair - UI elements will go on the side rails - Copy.png",True
"C:\Users\user\UI-TARS-desktop\public\kelly\phases\183\hook.png","hook.png","C:\Users\user\UI-TARS-desktop\public\kelly\phases\183",MATCH,67.2,0.3278,"Curious Kelly in final pose in Chair - UI elements will go on the side rails - Copy.png",True
"C:\Users\user\UI-TARS-desktop\public\kelly\phases\183\q1.png","q1.png","C:\Users\user\UI-TARS-desktop\public\kelly\phases\183",MATCH,74.1,0.2595,"neutral face with hair.png",True
"C:\Users\user\UI-TARS-desktop\public\kelly\phases\183\q2.png","q2.png","C:\Users\user\UI-TARS-desktop\public\kelly\phases\183",MATCH,71.3,0.2869,"Curious Kelly in final pose in Chair - UI elements will go on the side rails - Copy.png",True
"C:\Users\user\UI-TARS-desktop\public\kelly\phases\183\q3.png","q3.png","C:\Users\user\UI-TARS-desktop\public\kelly\phases\183",MATCH,74.0,0.2597,"neutral face with hair.png",True
"C:\Users\user\UI-TARS-desktop\public\kelly\phases\183\wisdom.png","wisdom.png","C:\Users\user\UI-TARS-desktop\public\kelly\phases\183",MATCH,86.9,0.1307,"Curious Kelly in final pose in Chair - UI elements will go on the side rails - Copy.png",True
"C:\Users\user\UI-TARS-desktop\public\kelly\phases\184\hook.png","hook.png","C:\Users\user\UI-TARS-desktop\public\kelly\phases\184",MATCH,69.6,0.3039,"Curious Kelly in final pose in Chair - UI elements will go on the side rails - Copy.png",True
"C:\Users\user\UI-TARS-desktop\public\kelly\phases\184\q1.png","q1.png","C:\Users\user\UI-TARS-desktop\public\kelly\phases\184",SUSPICIOUS,60.8,0.3920,"Curious Kelly in final pose in Chair - UI elements will go on the side rails - Copy.png",True
"C:\Users\user\UI-TARS-desktop\public\kelly\phases\184\q2.png","q2.png","C:\Users\user\UI-TARS-desktop\public\kelly\phases\184",SUSPICIOUS,55.3,0.4472,"Curious Kelly in final pose in Chair - UI elements will go on the side rails - Copy.png",True
"C:\Users\user\UI-TARS-desktop\public\kelly\phases\184\q3.png","q3.png","C:\Users\user\UI-TARS-desktop\public\kelly\phases\184",MATCH,83.2,0.1675,"neutral face with hair.png",True
"C:\Users\user\UI-TARS-desktop\public\kelly\phases\184\wisdom.png","wisdom.png","C:\Users\user\UI-TARS-desktop\public\kelly\phases\184",MATCH,71.1,0.2888,"Curious Kelly in final pose in Chair - UI elements will go on the side rails - Copy.png",True
"C:\Users\user\UI-TARS-desktop\public\kelly\phases\185\hook.png","hook.png","C:\Users\user\UI-TARS-desktop\public\kelly\phases\185",MATCH,84.7,0.1526,"Curious Kelly in final pose in Chair - UI elements will go on the side rails - Copy.png",True
"C:\Users\user\UI-TARS-desktop\public\kelly\phases\185\q1.png","q1.png","C:\Users\user\UI-TARS-desktop\public\kelly\phases\185",MATCH,73.8,0.2624,"Curious Kelly in final pose in Chair - UI elements will go on the side rails - Copy.png",True
"C:\Users\user\UI-TARS-desktop\public\kelly\phases\185\q2.png","q2.png","C:\Users\user\UI-TARS-desktop\public\kelly\phases\185",MATCH,67.2,0.3280,"head and shoulders without chair.png",True
"C:\Users\user\UI-TARS-desktop\public\kelly\phases\185\q3.png","q3.png","C:\Users\user\UI-TARS-desktop\public\kelly\phases\185",MATCH,73.5,0.2651,"Curious Kelly in final pose in Chair - UI elements will go on the side rails - Copy.png",True
"C:\Users\user\UI-TARS-desktop\public\kelly\phases\185\wisdom.png","wisdom.png","C:\Users\user\UI-TARS-desktop\public\kelly\phases\185",MATCH,68.3,0.3175,"Curious Kelly in final pose in Chair - UI elements will go on the side rails - Copy.png",True
"C:\Users\user\UI-TARS-desktop\public\kelly\phases\186\hook.png","hook.png","C:\Users\user\UI-TARS-desktop\public\kelly\phases\186",MATCH,81.3,0.1872,"head and shoulders without chair.png",True
"C:\Users\user\UI-TARS-desktop\public\kelly\phases\186\q1.png","q1.png","C:\Users\user\UI-TARS-desktop\public\kelly\phases\186",MATCH,63.3,0.3672,"Curious Kelly in final pose in Chair - UI elements will go on the side rails - Copy.png",True
"C:\Users\user\UI-TARS-desktop\public\kelly\phases\186\q2.png","q2.png","C:\Users\user\UI-TARS-desktop\public\kelly\phases\186",MATCH,67.6,0.3238,"Curious Kelly in final pose in Chair - UI elements will go on the side rails - Copy.png",True
"C:\Users\user\UI-TARS-desktop\public\kelly\phases\186\q3.png","q3.png","C:\Users\user\UI-TARS-desktop\public\kelly\phases\186",MATCH,73.6,0.2644,"head and shoulders without chair.png",True
"C:\Users\user\UI-TARS-desktop\public\kelly\phases\186\wisdom.png","wisdom.png","C:\Users\user\UI-TARS-desktop\public\kelly\phases\186",MATCH,71.1,0.2889,"Curious Kelly in final pose in Chair - UI elements will go on the side rails - Copy.png",True
"C:\Users\user\UI-TARS-desktop\public\kelly\phases\187\hook.png","hook.png","C:\Users\user\UI-TARS-desktop\public\kelly\phases\187",MATCH,81.5,0.1848,"Curious Kelly in final pose in Chair - UI elements will go on the side rails - Copy.png",True
"C:\Users\user\UI-TARS-desktop\public\kelly\phases\187\q1.png","q1.png","C:\Users\user\UI-TARS-desktop\public\kelly\phases\187",MATCH,64.0,0.3600,"neutral face with hair.png",True
"C:\Users\user\UI-TARS-desktop\public\kelly\phases\187\q2.png","q2.png","C:\Users\user\UI-TARS-desktop\public\kelly\phases\187",MATCH,74.4,0.2556,"neutral face with hair.png",True
"C:\Users\user\UI-TARS-desktop\public\kelly\phases\187\q3.png","q3.png","C:\Users\user\UI-TARS-desktop\public\kelly\phases\187",MATCH,81.0,0.1900,"Curious Kelly in final pose in Chair - UI elements will go on the side rails - Copy.png",True
"C:\Users\user\UI-TARS-desktop\public\kelly\phases\187\wisdom.png","wisdom.png","C:\Users\user\UI-TARS-desktop\public\kelly\phases\187",MATCH,78.5,0.2146,"Curious Kelly in final pose in Chair - UI elements will go on the side rails - Copy.png",True
"C:\Users\user\UI-TARS-desktop\public\kelly\phases\188\hook.png","hook.png","C:\Users\user\UI-TARS-desktop\public\kelly\phases\188",MATCH,77.8,0.2221,"Curious Kelly in final pose in Chair - UI elements will go on the side rails - Copy.png",True
"C:\Users\user\UI-TARS-desktop\public\kelly\phases\188\q1.png","q1.png","C:\Users\user\UI-TARS-desktop\public\kelly\phases\188",MATCH,64.6,0.3542,"head and shoulders without chair.png",True
"C:\Users\user\UI-TARS-desktop\public\kelly\phases\188\q2.png","q2.png","C:\Users\user\UI-TARS-desktop\public\kelly\phases\188",MATCH,77.3,0.2274,"head and shoulders without chair.png",True
"C:\Users\user\UI-TARS-desktop\public\kelly\phases\188\q3.png","q3.png","C:\Users\user\UI-TARS-desktop\public\kelly\phases\188",MATCH,63.5,0.3652,"head and shoulders without chair.png",True
"C:\Users\user\UI-TARS-desktop\public\kelly\phases\188\wisdom.png","wisdom.png","C:\Users\user\UI-TARS-desktop\public\kelly\phases\188",MATCH,68.2,0.3180,"Curious Kelly in final pose in Chair - UI elements will go on the side rails - Copy.png",True
"C:\Users\user\UI-TARS-desktop\public\kelly\phases\189\hook.png","hook.png","C:\Users\user\UI-TARS-desktop\public\kelly\phases\189",MATCH,72.4,0.2763,"Curious Kelly in final pose in Chair - UI elements will go on the side rails - Copy.png",True
"C:\Users\user\UI-TARS-desktop\public\kelly\phases\189\q1.png","q1.png","C:\Users\user\UI-TARS-desktop\public\kelly\phases\189",SUSPICIOUS,60.9,0.3910,"head and shoulders without chair.png",True
"C:\Users\user\UI-TARS-desktop\public\kelly\phases\189\q2.png","q2.png","C:\Users\user\UI-TARS-desktop\public\kelly\phases\189",MATCH,73.2,0.2680,"head and shoulders without chair.png",True
"C:\Users\user\UI-TARS-desktop\public\kelly\phases\189\q3.png","q3.png","C:\Users\user\UI-TARS-desktop\public\kelly\phases\189",MATCH,77.4,0.2255,"head and shoulders without chair.png",True
"C:\Users\user\UI-TARS-desktop\public\kelly\phases\189\wisdom.png","wisdom.png","C:\Users\user\UI-TARS-desktop\public\kelly\phases\189",MATCH,84.7,0.1531,"Curious Kelly in final pose in Chair - UI elements will go on the side rails - Copy.png",True
"C:\Users\user\UI-TARS-desktop\public\kelly\phases\190\hook.png","hook.png","C:\Users\user\UI-TARS-desktop\public\kelly\phases\190",MATCH,79.9,0.2015,"Curious Kelly in final pose in Chair - UI elements will go on the side rails - Copy.png",True
"C:\Users\user\UI-TARS-desktop\public\kelly\phases\190\q1.png","q1.png","C:\Users\user\UI-TARS-desktop\public\kelly\phases\190",MATCH,66.6,0.3342,"head and shoulders without chair.png",True
"C:\Users\user\UI-TARS-desktop\public\kelly\phases\190\q2.png","q2.png","C:\Users\user\UI-TARS-desktop\public\kelly\phases\190",MATCH,64.0,0.3597,"Curious Kelly in final pose in Chair - UI elements will go on the side rails - Copy.png",True
"C:\Users\user\UI-TARS-desktop\public\kelly\phases\190\q3.png","q3.png","C:\Users\user\UI-TARS-desktop\public\kelly\phases\190",MATCH,73.6,0.2638,"Curious Kelly in final pose in Chair - UI elements will go on the side rails - Copy.png",True
"C:\Users\user\UI-TARS-desktop\public\kelly\phases\190\wisdom.png","wisdom.png","C:\Users\user\UI-TARS-desktop\public\kelly\phases\190",MATCH,70.3,0.2974,"Curious Kelly in final pose in Chair - UI elements will go on the side rails - Copy.png",True
"C:\Users\user\UI-TARS-desktop\public\kelly\phases\191\hook.png","hook.png","C:\Users\user\UI-TARS-desktop\public\kelly\phases\191",MATCH,82.2,0.1783,"head and shoulders without chair.png",True
"C:\Users\user\UI-TARS-desktop\public\kelly\phases\191\q1.png","q1.png","C:\Users\user\UI-TARS-desktop\public\kelly\phases\191",MATCH,68.1,0.3187,"Curious Kelly in final pose in Chair - UI elements will go on the side rails - Copy.png",True
"C:\Users\user\UI-TARS-desktop\public\kelly\phases\191\q2.png","q2.png","C:\Users\user\UI-TARS-desktop\public\kelly\phases\191",MATCH,65.5,0.3452,"head and shoulders without chair.png",True
"C:\Users\user\UI-TARS-desktop\public\kelly\phases\191\q3.png","q3.png","C:\Users\user\UI-TARS-desktop\public\kelly\phases\191",MATCH,72.0,0.2805,"Curious Kelly in final pose in Chair - UI elements will go on the side rails - Copy.png",True
"C:\Users\user\UI-TARS-desktop\public\kelly\phases\191\wisdom.png","wisdom.png","C:\Users\user\UI-TARS-desktop\public\kelly\phases\191",MATCH,83.1,0.1688,"Curious Kelly in final pose in Chair - UI elements will go on the side rails - Copy.png",True
"C:\Users\user\UI-TARS-desktop\public\kelly\phases\192\hook.png","hook.png","C:\Users\user\UI-TARS-desktop\public\kelly\phases\192",SUSPICIOUS,58.8,0.4117,"head and shoulders without chair.png",True
"C:\Users\user\UI-TARS-desktop\public\kelly\phases\192\q1.png","q1.png","C:\Users\user\UI-TARS-desktop\public\kelly\phases\192",MATCH,76.7,0.2332,"head and shoulders without chair.png",True
"C:\Users\user\UI-TARS-desktop\public\kelly\phases\192\q2.png","q2.png","C:\Users\user\UI-TARS-desktop\public\kelly\phases\192",MATCH,72.5,0.2752,"Curious Kelly in final pose in Chair - UI elements will go on the side rails - Copy.png",True
"C:\Users\user\UI-TARS-desktop\public\kelly\phases\192\q3.png","q3.png","C:\Users\user\UI-TARS-desktop\public\kelly\phases\192",MATCH,79.5,0.2047,"Curious Kelly in final pose in Chair - UI elements will go on the side rails - Copy.png",True
"C:\Users\user\UI-TARS-desktop\public\kelly\phases\192\wisdom.png","wisdom.png","C:\Users\user\UI-TARS-desktop\public\kelly\phases\192",MATCH,69.6,0.3039,"Curious Kelly in final pose in Chair - UI elements will go on the side rails - Copy.png",True
"C:\Users\user\UI-TARS-desktop\public\kelly\phases\193\hook.png","hook.png","C:\Users\user\UI-TARS-desktop\public\kelly\phases\193",MATCH,71.5,0.2850,"head and shoulders without chair.png",True
"C:\Users\user\UI-TARS-desktop\public\kelly\phases\193\q1.png","q1.png","C:\Users\user\UI-TARS-desktop\public\kelly\phases\193",MATCH,65.0,0.3498,"Curious Kelly in final pose in Chair - UI elements will go on the side rails - Copy.png",True
"C:\Users\user\UI-TARS-desktop\public\kelly\phases\193\q2.png","q2.png","C:\Users\user\UI-TARS-desktop\public\kelly\phases\193",MATCH,65.4,0.3461,"head and shoulders without chair.png",True
"C:\Users\user\UI-TARS-desktop\public\kelly\phases\193\q3.png","q3.png","C:\Users\user\UI-TARS-desktop\public\kelly\phases\193",MATCH,77.4,0.2261,"Curious Kelly in final pose in Chair - UI elements will go on the side rails - Copy.png",True
"C:\Users\user\UI-TARS-desktop\public\kelly\phases\193\wisdom.png","wisdom.png","C:\Users\user\UI-TARS-desktop\public\kelly\phases\193",MATCH,75.0,0.2500,"Curious Kelly in final pose in Chair - UI elements will go on the side rails - Copy.png",True
"C:\Users\user\UI-TARS-desktop\public\kelly\phases\194\hook.png","hook.png","C:\Users\user\UI-TARS-desktop\public\kelly\phases\194",MATCH,65.0,0.3504,"Curious Kelly in final pose in Chair - UI elements will go on the side rails - Copy.png",True
"C:\Users\user\UI-TARS-desktop\public\kelly\phases\194\q1.png","q1.png","C:\Users\user\UI-TARS-desktop\public\kelly\phases\194",MATCH,63.0,0.3704,"head and shoulders without chair.png",True
"C:\Users\user\UI-TARS-desktop\public\kelly\phases\194\q2.png","q2.png","C:\Users\user\UI-TARS-desktop\public\kelly\phases\194",MATCH,79.2,0.2080,"head and shoulders without chair.png",True
"C:\Users\user\UI-TARS-desktop\public\kelly\phases\194\q3.png","q3.png","C:\Users\user\UI-TARS-desktop\public\kelly\phases\194",MATCH,68.1,0.3189,"head and shoulders without chair.png",True
"C:\Users\user\UI-TARS-desktop\public\kelly\phases\194\wisdom.png","wisdom.png","C:\Users\user\UI-TARS-desktop\public\kelly\phases\194",MATCH,69.2,0.3085,"Curious Kelly in final pose in Chair - UI elements will go on the side rails - Copy.png",True
"C:\Users\user\UI-TARS-desktop\public\kelly\phases\195\hook.png","hook.png","C:\Users\user\UI-TARS-desktop\public\kelly\phases\195",MATCH,82.2,0.1778,"Curious Kelly in final pose in Chair - UI elements will go on the side rails - Copy.png",True
"C:\Users\user\UI-TARS-desktop\public\kelly\phases\195\q1.png","q1.png","C:\Users\user\UI-TARS-desktop\public\kelly\phases\195",NO_MATCH,44.4,0.5563,"Curious Kelly in final pose in Chair - UI elements will go on the side rails - Copy.png",True
"C:\Users\user\UI-TARS-desktop\public\kelly\phases\195\q2.png","q2.png","C:\Users\user\UI-TARS-desktop\public\kelly\phases\195",SUSPICIOUS,59.4,0.4056,"Curious Kelly in final pose in Chair - UI elements will go on the side rails - Copy.png",True
"C:\Users\user\UI-TARS-desktop\public\kelly\phases\195\q3.png","q3.png","C:\Users\user\UI-TARS-desktop\public\kelly\phases\195",MATCH,85.5,0.1450,"Curious Kelly in final pose in Chair - UI elements will go on the side rails - Copy.png",True
"C:\Users\user\UI-TARS-desktop\public\kelly\phases\195\wisdom.png","wisdom.png","C:\Users\user\UI-TARS-desktop\public\kelly\phases\195",MATCH,87.3,0.1269,"Curious Kelly in final pose in Chair - UI elements will go on the side rails - Copy.png",True
"C:\Users\user\UI-TARS-desktop\public\kelly\phases\196\hook.png","hook.png","C:\Users\user\UI-TARS-desktop\public\kelly\phases\196",MATCH,83.8,0.1619,"head and shoulders without chair.png",True
"C:\Users\user\UI-TARS-desktop\public\kelly\phases\196\q1.png","q1.png","C:\Users\user\UI-TARS-desktop\public\kelly\phases\196",NO_MATCH,34.3,0.6571,"profile of kelly.png",True
"C:\Users\user\UI-TARS-desktop\public\kelly\phases\196\q2.png","q2.png","C:\Users\user\UI-TARS-desktop\public\kelly\phases\196",MATCH,65.3,0.3472,"Curious Kelly in final pose in Chair - UI elements will go on the side rails - Copy.png",True
"C:\Users\user\UI-TARS-desktop\public\kelly\phases\196\q3.png","q3.png","C:\Users\user\UI-TARS-desktop\public\kelly\phases\196",MATCH,80.0,0.2004,"Curious Kelly in final pose in Chair - UI elements will go on the side rails - Copy.png",True
"C:\Users\user\UI-TARS-desktop\public\kelly\phases\196\wisdom.png","wisdom.png","C:\Users\user\UI-TARS-desktop\public\kelly\phases\196",MATCH,74.2,0.2578,"Curious Kelly in final pose in Chair - UI elements will go on the side rails - Copy.png",True
"C:\Users\user\UI-TARS-desktop\public\kelly\phases\197\hook.png","hook.png","C:\Users\user\UI-TARS-desktop\public\kelly\phases\197",MATCH,79.0,0.2104,"head and shoulders without chair.png",True
"C:\Users\user\UI-TARS-desktop\public\kelly\phases\197\q1.png","q1.png","C:\Users\user\UI-TARS-desktop\public\kelly\phases\197",SUSPICIOUS,60.1,0.3993,"head and shoulders without chair.png",True
"C:\Users\user\UI-TARS-desktop\public\kelly\phases\197\q2.png","q2.png","C:\Users\user\UI-TARS-desktop\public\kelly\phases\197",MATCH,72.5,0.2752,"Curious Kelly in final pose in Chair - UI elements will go on the side rails - Copy.png",True
"C:\Users\user\UI-TARS-desktop\public\kelly\phases\197\q3.png","q3.png","C:\Users\user\UI-TARS-desktop\public\kelly\phases\197",SUSPICIOUS,53.4,0.4664,"head and shoulders without chair.png",True
"C:\Users\user\UI-TARS-desktop\public\kelly\phases\197\wisdom.png","wisdom.png","C:\Users\user\UI-TARS-desktop\public\kelly\phases\197",MATCH,66.2,0.3378,"Curious Kelly in final pose in Chair - UI elements will go on the side rails - Copy.png",True
"C:\Users\user\UI-TARS-desktop\public\kelly\phases\198\hook.png","hook.png","C:\Users\user\UI-TARS-desktop\public\kelly\phases\198",MATCH,63.7,0.3631,"Curious Kelly in final pose in Chair - UI elements will go on the side rails - Copy.png",True
"C:\Users\user\UI-TARS-desktop\public\kelly\phases\198\q1.png","q1.png","C:\Users\user\UI-TARS-desktop\public\kelly\phases\198",SUSPICIOUS,52.2,0.4776,"neutral face with hair.png",True
"C:\Users\user\UI-TARS-desktop\public\kelly\phases\198\q2.png","q2.png","C:\Users\user\UI-TARS-desktop\public\kelly\phases\198",MATCH,62.3,0.3767,"head and shoulders without chair.png",True
"C:\Users\user\UI-TARS-desktop\public\kelly\phases\198\q3.png","q3.png","C:\Users\user\UI-TARS-desktop\public\kelly\phases\198",MATCH,77.2,0.2277,"head and shoulders without chair.png",True
"C:\Users\user\UI-TARS-desktop\public\kelly\phases\198\wisdom.png","wisdom.png","C:\Users\user\UI-TARS-desktop\public\kelly\phases\198",SUSPICIOUS,54.6,0.4544,"neutral face with hair.png",True
"C:\Users\user\UI-TARS-desktop\public\kelly\phases\199\hook.png","hook.png","C:\Users\user\UI-TARS-desktop\public\kelly\phases\199",MATCH,79.6,0.2042,"Curious Kelly in final pose in Chair - UI elements will go on the side rails - Copy.png",True
"C:\Users\user\UI-TARS-desktop\public\kelly\phases\199\q1.png","q1.png","C:\Users\user\UI-TARS-desktop\public\kelly\phases\199",MATCH,83.1,0.1686,"Curious Kelly in final pose in Chair - UI elements will go on the side rails - Copy.png",True
"C:\Users\user\UI-TARS-desktop\public\kelly\phases\199\q2.png","q2.png","C:\Users\user\UI-TARS-desktop\public\kelly\phases\199",MATCH,75.2,0.2484,"Curious Kelly in final pose in Chair - UI elements will go on the side rails - Copy.png",True
"C:\Users\user\UI-TARS-desktop\public\kelly\phases\199\q3.png","q3.png","C:\Users\user\UI-TARS-desktop\public\kelly\phases\199",MATCH,82.9,0.1709,"Curious Kelly in final pose in Chair - UI elements will go on the side rails - Copy.png",True
"C:\Users\user\UI-TARS-desktop\public\kelly\phases\199\wisdom.png","wisdom.png","C:\Users\user\UI-TARS-desktop\public\kelly\phases\199",MATCH,72.2,0.2778,"head and shoulders without chair.png",True
"C:\Users\user\UI-TARS-desktop\public\kelly\phases\200\hook.png","hook.png","C:\Users\user\UI-TARS-desktop\public\kelly\phases\200",MATCH,72.2,0.2778,"head and shoulders without chair.png",True
"C:\Users\user\UI-TARS-desktop\public\kelly\phases\200\q1.png","q1.png","C:\Users\user\UI-TARS-desktop\public\kelly\phases\200",MATCH,62.7,0.3726,"Curious Kelly in final pose in Chair - UI elements will go on the side rails - Copy.png",True
"C:\Users\user\UI-TARS-desktop\public\kelly\phases\200\q2.png","q2.png","C:\Users\user\UI-TARS-desktop\public\kelly\phases\200",MATCH,61.9,0.3810,"head and shoulders without chair.png",True
"C:\Users\user\UI-TARS-desktop\public\kelly\phases\200\q3.png","q3.png","C:\Users\user\UI-TARS-desktop\public\kelly\phases\200",MATCH,64.7,0.3529,"Curious Kelly in final pose in Chair - UI elements will go on the side rails - Copy.png",True
"C:\Users\user\UI-TARS-desktop\public\kelly\phases\200\wisdom.png","wisdom.png","C:\Users\user\UI-TARS-desktop\public\kelly\phases\200",MATCH,68.5,0.3155,"Curious Kelly in final pose in Chair - UI elements will go on the side rails - Copy.png",True
"C:\Users\user\UI-TARS-desktop\public\kelly\phases\201\hook.png","hook.png","C:\Users\user\UI-TARS-desktop\public\kelly\phases\201",MATCH,75.5,0.2446,"Curious Kelly in final pose in Chair - UI elements will go on the side rails - Copy.png",True
"C:\Users\user\UI-TARS-desktop\public\kelly\phases\201\q1.png","q1.png","C:\Users\user\UI-TARS-desktop\public\kelly\phases\201",MATCH,74.7,0.2531,"Curious Kelly in final pose in Chair - UI elements will go on the side rails - Copy.png",True
"C:\Users\user\UI-TARS-desktop\public\kelly\phases\201\q2.png","q2.png","C:\Users\user\UI-TARS-desktop\public\kelly\phases\201",MATCH,73.4,0.2655,"Curious Kelly in final pose in Chair - UI elements will go on the side rails - Copy.png",True
"C:\Users\user\UI-TARS-desktop\public\kelly\phases\201\q3.png","q3.png","C:\Users\user\UI-TARS-desktop\public\kelly\phases\201",MATCH,91.2,0.0881,"Curious Kelly in final pose in Chair - UI elements will go on the side rails - Copy.png",True
"C:\Users\user\UI-TARS-desktop\public\kelly\phases\201\wisdom.png","wisdom.png","C:\Users\user\UI-TARS-desktop\public\kelly\phases\201",MATCH,69.1,0.3093,"Curious Kelly in final pose in Chair - UI elements will go on the side rails - Copy.png",True
"C:\Users\user\UI-TARS-desktop\public\kelly\phases\202\hook.png","hook.png","C:\Users\user\UI-TARS-desktop\public\kelly\phases\202",MATCH,73.8,0.2620,"Curious Kelly in final pose in Chair - UI elements will go on the side rails - Copy.png",True
"C:\Users\user\UI-TARS-desktop\public\kelly\phases\202\q1.png","q1.png","C:\Users\user\UI-TARS-desktop\public\kelly\phases\202",MATCH,71.3,0.2867,"head and shoulders without chair.png",True
"C:\Users\user\UI-TARS-desktop\public\kelly\phases\202\q2.png","q2.png","C:\Users\user\UI-TARS-desktop\public\kelly\phases\202",MATCH,77.7,0.2233,"Curious Kelly in final pose in Chair - UI elements will go on the side rails - Copy.png",True
"C:\Users\user\UI-TARS-desktop\public\kelly\phases\202\q3.png","q3.png","C:\Users\user\UI-TARS-desktop\public\kelly\phases\202",MATCH,66.4,0.3355,"head and shoulders without chair.png",True
"C:\Users\user\UI-TARS-desktop\public\kelly\phases\202\wisdom.png","wisdom.png","C:\Users\user\UI-TARS-desktop\public\kelly\phases\202",MATCH,70.7,0.2930,"Curious Kelly in final pose in Chair - UI elements will go on the side rails - Copy.png",True
"C:\Users\user\UI-TARS-desktop\public\kelly\phases\203\hook.png","hook.png","C:\Users\user\UI-TARS-desktop\public\kelly\phases\203",MATCH,72.6,0.2744,"head and shoulders without chair.png",True
"C:\Users\user\UI-TARS-desktop\public\kelly\phases\203\q1.png","q1.png","C:\Users\user\UI-TARS-desktop\public\kelly\phases\203",SUSPICIOUS,57.9,0.4210,"Curious Kelly in final pose in Chair - UI elements will go on the side rails - Copy.png",True
"C:\Users\user\UI-TARS-desktop\public\kelly\phases\203\q2.png","q2.png","C:\Users\user\UI-TARS-desktop\public\kelly\phases\203",MATCH,76.5,0.2353,"Curious Kelly in final pose in Chair - UI elements will go on the side rails - Copy.png",True
"C:\Users\user\UI-TARS-desktop\public\kelly\phases\203\q3.png","q3.png","C:\Users\user\UI-TARS-desktop\public\kelly\phases\203",MATCH,73.0,0.2696,"head and shoulders without chair.png",True
"C:\Users\user\UI-TARS-desktop\public\kelly\phases\203\wisdom.png","wisdom.png","C:\Users\user\UI-TARS-desktop\public\kelly\phases\203",SUSPICIOUS,61.2,0.3880,"Curious Kelly in final pose in Chair - UI elements will go on the side rails - Copy.png",True
"C:\Users\user\UI-TARS-desktop\public\kelly\phases\204\hook.png","hook.png","C:\Users\user\UI-TARS-desktop\public\kelly\phases\204",MATCH,84.9,0.1509,"head and shoulders without chair.png",True
"C:\Users\user\UI-TARS-desktop\public\kelly\phases\204\q1.png","q1.png","C:\Users\user\UI-TARS-desktop\public\kelly\phases\204",SUSPICIOUS,61.5,0.3851,"neutral face with hair.png",True
"C:\Users\user\UI-TARS-desktop\public\kelly\phases\204\q2.png","q2.png","C:\Users\user\UI-TARS-desktop\public\kelly\phases\204",MATCH,68.4,0.3164,"Curious Kelly in final pose in Chair - UI elements will go on the side rails - Copy.png",True
"C:\Users\user\UI-TARS-desktop\public\kelly\phases\204\q3.png","q3.png","C:\Users\user\UI-TARS-desktop\public\kelly\phases\204",MATCH,76.6,0.2336,"Curious Kelly in final pose in Chair - UI elements will go on the side rails - Copy.png",True
"C:\Users\user\UI-TARS-desktop\public\kelly\phases\204\wisdom.png","wisdom.png","C:\Users\user\UI-TARS-desktop\public\kelly\phases\204",MATCH,67.3,0.3270,"head and shoulders without chair.png",True
"C:\Users\user\UI-TARS-desktop\public\kelly\phases\205\hook.png","hook.png","C:\Users\user\UI-TARS-desktop\public\kelly\phases\205",MATCH,79.0,0.2097,"Curious Kelly in final pose in Chair - UI elements will go on the side rails - Copy.png",True
"C:\Users\user\UI-TARS-desktop\public\kelly\phases\205\q1.png","q1.png","C:\Users\user\UI-TARS-desktop\public\kelly\phases\205",MATCH,72.5,0.2750,"Curious Kelly in final pose in Chair - UI elements will go on the side rails - Copy.png",True
"C:\Users\user\UI-TARS-desktop\public\kelly\phases\205\q2.png","q2.png","C:\Users\user\UI-TARS-desktop\public\kelly\phases\205",MATCH,66.6,0.3343,"Curious Kelly in final pose in Chair - UI elements will go on the side rails - Copy.png",True
"C:\Users\user\UI-TARS-desktop\public\kelly\phases\205\q3.png","q3.png","C:\Users\user\UI-TARS-desktop\public\kelly\phases\205",MATCH,71.6,0.2841,"slightly turning her head.png",True
"C:\Users\user\UI-TARS-desktop\public\kelly\phases\205\wisdom.png","wisdom.png","C:\Users\user\UI-TARS-desktop\public\kelly\phases\205",MATCH,64.6,0.3538,"Curious Kelly in final pose in Chair - UI elements will go on the side rails - Copy.png",True
"C:\Users\user\UI-TARS-desktop\public\kelly\phases\206\hook.png","hook.png","C:\Users\user\UI-TARS-desktop\public\kelly\phases\206",MATCH,72.1,0.2787,"head and shoulders without chair.png",True
"C:\Users\user\UI-TARS-desktop\public\kelly\phases\206\q1.png","q1.png","C:\Users\user\UI-TARS-desktop\public\kelly\phases\206",MATCH,70.3,0.2973,"head and shoulders without chair.png",True
"C:\Users\user\UI-TARS-desktop\public\kelly\phases\206\q2.png","q2.png","C:\Users\user\UI-TARS-desktop\public\kelly\phases\206",MATCH,74.3,0.2574,"neutral face with hair.png",True
"C:\Users\user\UI-TARS-desktop\public\kelly\phases\206\q3.png","q3.png","C:\Users\user\UI-TARS-desktop\public\kelly\phases\206",MATCH,78.1,0.2192,"Curious Kelly in final pose in Chair - UI elements will go on the side rails - Copy.png",True
"C:\Users\user\UI-TARS-desktop\public\kelly\phases\206\wisdom.png","wisdom.png","C:\Users\user\UI-TARS-desktop\public\kelly\phases\206",MATCH,61.8,0.3823,"head and shoulders without chair.png",True
"C:\Users\user\UI-TARS-desktop\public\kelly\phases\207\hook.png","hook.png","C:\Users\user\UI-TARS-desktop\public\kelly\phases\207",MATCH,69.4,0.3058,"head and shoulders without chair.png",True
"C:\Users\user\UI-TARS-desktop\public\kelly\phases\207\q1.png","q1.png","C:\Users\user\UI-TARS-desktop\public\kelly\phases\207",MATCH,67.5,0.3247,"Curious Kelly in final pose in Chair - UI elements will go on the side rails - Copy.png",True
"C:\Users\user\UI-TARS-desktop\public\kelly\phases\207\q2.png","q2.png","C:\Users\user\UI-TARS-desktop\public\kelly\phases\207",MATCH,71.9,0.2811,"head and shoulders without chair.png",True
"C:\Users\user\UI-TARS-desktop\public\kelly\phases\207\q3.png","q3.png","C:\Users\user\UI-TARS-desktop\public\kelly\phases\207",MATCH,70.2,0.2981,"Curious Kelly in final pose in Chair - UI elements will go on the side rails - Copy.png",True
"C:\Users\user\UI-TARS-desktop\public\kelly\phases\207\wisdom.png","wisdom.png","C:\Users\user\UI-TARS-desktop\public\kelly\phases\207",MATCH,67.3,0.3272,"Curious Kelly in final pose in Chair - UI elements will go on the side rails - Copy.png",True
"C:\Users\user\UI-TARS-desktop\public\kelly\phases\208\hook.png","hook.png","C:\Users\user\UI-TARS-desktop\public\kelly\phases\208",MATCH,81.2,0.1882,"Curious Kelly in final pose in Chair - UI elements will go on the side rails - Copy.png",True
"C:\Users\user\UI-TARS-desktop\public\kelly\phases\208\q1.png","q1.png","C:\Users\user\UI-TARS-desktop\public\kelly\phases\208",MATCH,72.2,0.2779,"Curious Kelly in final pose in Chair - UI elements will go on the side rails - Copy.png",True
"C:\Users\user\UI-TARS-desktop\public\kelly\phases\208\q2.png","q2.png","C:\Users\user\UI-TARS-desktop\public\kelly\phases\208",MATCH,67.8,0.3216,"Curious Kelly in final pose in Chair - UI elements will go on the side rails - Copy.png",True
"C:\Users\user\UI-TARS-desktop\public\kelly\phases\208\q3.png","q3.png","C:\Users\user\UI-TARS-desktop\public\kelly\phases\208",MATCH,73.4,0.2661,"Curious Kelly in final pose in Chair - UI elements will go on the side rails - Copy.png",True
"C:\Users\user\UI-TARS-desktop\public\kelly\phases\208\wisdom.png","wisdom.png","C:\Users\user\UI-TARS-desktop\public\kelly\phases\208",MATCH,76.4,0.2358,"Curious Kelly in final pose in Chair - UI elements will go on the side rails - Copy.png",True
"C:\Users\user\UI-TARS-desktop\public\kelly\phases\209\hook.png","hook.png","C:\Users\user\UI-TARS-desktop\public\kelly\phases\209",MATCH,83.6,0.1645,"Curious Kelly in final pose in Chair - UI elements will go on the side rails - Copy.png",True
"C:\Users\user\UI-TARS-desktop\public\kelly\phases\209\q1.png","q1.png","C:\Users\user\UI-TARS-desktop\public\kelly\phases\209",MATCH,71.3,0.2874,"neutral face with hair.png",True
"C:\Users\user\UI-TARS-desktop\public\kelly\phases\209\q2.png","q2.png","C:\Users\user\UI-TARS-desktop\public\kelly\phases\209",MATCH,75.7,0.2432,"neutral face with hair.png",True
"C:\Users\user\UI-TARS-desktop\public\kelly\phases\209\q3.png","q3.png","C:\Users\user\UI-TARS-desktop\public\kelly\phases\209",MATCH,75.3,0.2468,"head and shoulders without chair.png",True
"C:\Users\user\UI-TARS-desktop\public\kelly\phases\209\wisdom.png","wisdom.png","C:\Users\user\UI-TARS-desktop\public\kelly\phases\209",MATCH,73.5,0.2649,"head and shoulders without chair.png",True
"C:\Users\user\UI-TARS-desktop\public\kelly\phases\210\hook.png","hook.png","C:\Users\user\UI-TARS-desktop\public\kelly\phases\210",MATCH,85.7,0.1432,"Curious Kelly in final pose in Chair - UI elements will go on the side rails - Copy.png",True
"C:\Users\user\UI-TARS-desktop\public\kelly\phases\210\q1.png","q1.png","C:\Users\user\UI-TARS-desktop\public\kelly\phases\210",MATCH,64.4,0.3561,"neutral face with hair.png",True
"C:\Users\user\UI-TARS-desktop\public\kelly\phases\210\q2.png","q2.png","C:\Users\user\UI-TARS-desktop\public\kelly\phases\210",MATCH,64.8,0.3525,"Curious Kelly in final pose in Chair - UI elements will go on the side rails - Copy.png",True
"C:\Users\user\UI-TARS-desktop\public\kelly\phases\210\q3.png","q3.png","C:\Users\user\UI-TARS-desktop\public\kelly\phases\210",MATCH,77.1,0.2287,"Curious Kelly in final pose in Chair - UI elements will go on the side rails - Copy.png",True
"C:\Users\user\UI-TARS-desktop\public\kelly\phases\210\wisdom.png","wisdom.png","C:\Users\user\UI-TARS-desktop\public\kelly\phases\210",MATCH,85.8,0.1417,"Curious Kelly in final pose in Chair - UI elements will go on the side rails - Copy.png",True
"C:\Users\user\UI-TARS-desktop\public\kelly\phases\211\hook.png","hook.png","C:\Users\user\UI-TARS-desktop\public\kelly\phases\211",MATCH,71.9,0.2806,"Curious Kelly in final pose in Chair - UI elements will go on the side rails - Copy.png",True
"C:\Users\user\UI-TARS-desktop\public\kelly\phases\211\q1.png","q1.png","C:\Users\user\UI-TARS-desktop\public\kelly\phases\211",MATCH,74.2,0.2585,"neutral face with hair.png",True
"C:\Users\user\UI-TARS-desktop\public\kelly\phases\211\q2.png","q2.png","C:\Users\user\UI-TARS-desktop\public\kelly\phases\211",MATCH,69.8,0.3021,"head and shoulders without chair.png",True
"C:\Users\user\UI-TARS-desktop\public\kelly\phases\211\q3.png","q3.png","C:\Users\user\UI-TARS-desktop\public\kelly\phases\211",MATCH,66.6,0.3337,"Curious Kelly in final pose in Chair - UI elements will go on the side rails - Copy.png",True
"C:\Users\user\UI-TARS-desktop\public\kelly\phases\211\wisdom.png","wisdom.png","C:\Users\user\UI-TARS-desktop\public\kelly\phases\211",MATCH,78.5,0.2150,"Curious Kelly in final pose in Chair - UI elements will go on the side rails - Copy.png",True
"C:\Users\user\UI-TARS-desktop\public\kelly\phases\212\hook.png","hook.png","C:\Users\user\UI-TARS-desktop\public\kelly\phases\212",MATCH,72.9,0.2709,"Curious Kelly in final pose in Chair - UI elements will go on the side rails - Copy.png",True
"C:\Users\user\UI-TARS-desktop\public\kelly\phases\212\q1.png","q1.png","C:\Users\user\UI-TARS-desktop\public\kelly\phases\212",MATCH,75.9,0.2409,"Curious Kelly in final pose in Chair - UI elements will go on the side rails - Copy.png",True
"C:\Users\user\UI-TARS-desktop\public\kelly\phases\212\q2.png","q2.png","C:\Users\user\UI-TARS-desktop\public\kelly\phases\212",SUSPICIOUS,53.7,0.4629,"Curious Kelly in final pose in Chair - UI elements will go on the side rails - Copy.png",True
"C:\Users\user\UI-TARS-desktop\public\kelly\phases\212\q3.png","q3.png","C:\Users\user\UI-TARS-desktop\public\kelly\phases\212",MATCH,72.1,0.2793,"neutral face with hair.png",True
"C:\Users\user\UI-TARS-desktop\public\kelly\phases\212\wisdom.png","wisdom.png","C:\Users\user\UI-TARS-desktop\public\kelly\phases\212",MATCH,70.5,0.2950,"Curious Kelly in final pose in Chair - UI elements will go on the side rails - Copy.png",True
"C:\Users\user\UI-TARS-desktop\public\kelly\phases\213\hook.png","hook.png","C:\Users\user\UI-TARS-desktop\public\kelly\phases\213",MATCH,61.6,0.3836,"Curious Kelly in final pose in Chair - UI elements will go on the side rails - Copy.png",True
"C:\Users\user\UI-TARS-desktop\public\kelly\phases\213\q1.png","q1.png","C:\Users\user\UI-TARS-desktop\public\kelly\phases\213",MATCH,70.9,0.2912,"Curious Kelly in final pose in Chair - UI elements will go on the side rails - Copy.png",True
"C:\Users\user\UI-TARS-desktop\public\kelly\phases\213\q2.png","q2.png","C:\Users\user\UI-TARS-desktop\public\kelly\phases\213",MATCH,65.9,0.3408,"Curious Kelly in final pose in Chair - UI elements will go on the side rails - Copy.png",True
"C:\Users\user\UI-TARS-desktop\public\kelly\phases\213\q3.png","q3.png","C:\Users\user\UI-TARS-desktop\public\kelly\phases\213",MATCH,68.0,0.3203,"Curious Kelly in final pose in Chair - UI elements will go on the side rails - Copy.png",True
"C:\Users\user\UI-TARS-desktop\public\kelly\phases\213\wisdom.png","wisdom.png","C:\Users\user\UI-TARS-desktop\public\kelly\phases\213",MATCH,82.3,0.1774,"Curious Kelly in final pose in Chair - UI elements will go on the side rails - Copy.png",True
"C:\Users\user\UI-TARS-desktop\public\kelly\phases\214\hook.png","hook.png","C:\Users\user\UI-TARS-desktop\public\kelly\phases\214",MATCH,77.2,0.2282,"Curious Kelly in final pose in Chair - UI elements will go on the side rails - Copy.png",True
"C:\Users\user\UI-TARS-desktop\public\kelly\phases\214\q1.png","q1.png","C:\Users\user\UI-TARS-desktop\public\kelly\phases\214",MATCH,76.6,0.2336,"head and shoulders without chair.png",True
"C:\Users\user\UI-TARS-desktop\public\kelly\phases\214\q2.png","q2.png","C:\Users\user\UI-TARS-desktop\public\kelly\phases\214",MATCH,71.2,0.2884,"Curious Kelly in final pose in Chair - UI elements will go on the side rails - Copy.png",True
"C:\Users\user\UI-TARS-desktop\public\kelly\phases\214\q3.png","q3.png","C:\Users\user\UI-TARS-desktop\public\kelly\phases\214",MATCH,76.5,0.2352,"head and shoulders without chair.png",True
"C:\Users\user\UI-TARS-desktop\public\kelly\phases\214\wisdom.png","wisdom.png","C:\Users\user\UI-TARS-desktop\public\kelly\phases\214",MATCH,65.6,0.3442,"neutral face with hair.png",True
"C:\Users\user\UI-TARS-desktop\public\kelly\phases\215\hook.png","hook.png","C:\Users\user\UI-TARS-desktop\public\kelly\phases\215",MATCH,68.7,0.3130,"Curious Kelly in final pose in Chair - UI elements will go on the side rails - Copy.png",True
"C:\Users\user\UI-TARS-desktop\public\kelly\phases\215\q1.png","q1.png","C:\Users\user\UI-TARS-desktop\public\kelly\phases\215",SUSPICIOUS,54.4,0.4562,"Curious Kelly in final pose in Chair - UI elements will go on the side rails - Copy.png",True
"C:\Users\user\UI-TARS-desktop\public\kelly\phases\215\q2.png","q2.png","C:\Users\user\UI-TARS-desktop\public\kelly\phases\215",MATCH,69.8,0.3023,"Curious Kelly in final pose in Chair - UI elements will go on the side rails - Copy.png",True
"C:\Users\user\UI-TARS-desktop\public\kelly\phases\215\q3.png","q3.png","C:\Users\user\UI-TARS-desktop\public\kelly\phases\215",MATCH,69.5,0.3051,"Curious Kelly in final pose in Chair - UI elements will go on the side rails - Copy.png",True
"C:\Users\user\UI-TARS-desktop\public\kelly\phases\215\wisdom.png","wisdom.png","C:\Users\user\UI-TARS-desktop\public\kelly\phases\215",MATCH,69.8,0.3020,"head and shoulders without chair.png",True
"C:\Users\user\UI-TARS-desktop\public\kelly\phases\216\hook.png","hook.png","C:\Users\user\UI-TARS-desktop\public\kelly\phases\216",MATCH,85.2,0.1478,"Curious Kelly in final pose in Chair - UI elements will go on the side rails - Copy.png",True
"C:\Users\user\UI-TARS-desktop\public\kelly\phases\216\q1.png","q1.png","C:\Users\user\UI-TARS-desktop\public\kelly\phases\216",MATCH,68.1,0.3188,"Curious Kelly in final pose in Chair - UI elements will go on the side rails - Copy.png",True
"C:\Users\user\UI-TARS-desktop\public\kelly\phases\216\q2.png","q2.png","C:\Users\user\UI-TARS-desktop\public\kelly\phases\216",MATCH,70.4,0.2962,"head and shoulders without chair.png",True
"C:\Users\user\UI-TARS-desktop\public\kelly\phases\216\q3.png","q3.png","C:\Users\user\UI-TARS-desktop\public\kelly\phases\216",MATCH,65.1,0.3490,"head and shoulders without chair.png",True
"C:\Users\user\UI-TARS-desktop\public\kelly\phases\216\wisdom.png","wisdom.png","C:\Users\user\UI-TARS-desktop\public\kelly\phases\216",MATCH,77.4,0.2259,"Curious Kelly in final pose in Chair - UI elements will go on the side rails - Copy.png",True
"C:\Users\user\UI-TARS-desktop\public\kelly\phases\217\hook.png","hook.png","C:\Users\user\UI-TARS-desktop\public\kelly\phases\217",MATCH,79.9,0.2007,"Curious Kelly in final pose in Chair - UI elements will go on the side rails - Copy.png",True
"C:\Users\user\UI-TARS-desktop\public\kelly\phases\217\q1.png","q1.png","C:\Users\user\UI-TARS-desktop\public\kelly\phases\217",SUSPICIOUS,53.3,0.4672,"slightly turning her head.png",True
"C:\Users\user\UI-TARS-desktop\public\kelly\phases\217\q2.png","q2.png","C:\Users\user\UI-TARS-desktop\public\kelly\phases\217",MATCH,62.7,0.3728,"facing to the left.png",True
"C:\Users\user\UI-TARS-desktop\public\kelly\phases\217\q3.png","q3.png","C:\Users\user\UI-TARS-desktop\public\kelly\phases\217",MATCH,81.7,0.1833,"head and shoulders without chair.png",True
"C:\Users\user\UI-TARS-desktop\public\kelly\phases\217\wisdom.png","wisdom.png","C:\Users\user\UI-TARS-desktop\public\kelly\phases\217",MATCH,66.5,0.3351,"Curious Kelly in final pose in Chair - UI elements will go on the side rails - Copy.png",True
"C:\Users\user\UI-TARS-desktop\public\kelly\phases\218\hook.png","hook.png","C:\Users\user\UI-TARS-desktop\public\kelly\phases\218",MATCH,75.8,0.2416,"Curious Kelly in final pose in Chair - UI elements will go on the side rails - Copy.png",True
"C:\Users\user\UI-TARS-desktop\public\kelly\phases\218\q1.png","q1.png","C:\Users\user\UI-TARS-desktop\public\kelly\phases\218",MATCH,74.3,0.2569,"Curious Kelly in final pose in Chair - UI elements will go on the side rails - Copy.png",True
"C:\Users\user\UI-TARS-desktop\public\kelly\phases\218\q2.png","q2.png","C:\Users\user\UI-TARS-desktop\public\kelly\phases\218",MATCH,70.8,0.2918,"head and shoulders without chair.png",True
"C:\Users\user\UI-TARS-desktop\public\kelly\phases\218\q3.png","q3.png","C:\Users\user\UI-TARS-desktop\public\kelly\phases\218",MATCH,74.9,0.2511,"Curious Kelly in final pose in Chair - UI elements will go on the side rails - Copy.png",True
"C:\Users\user\UI-TARS-desktop\public\kelly\phases\218\wisdom.png","wisdom.png","C:\Users\user\UI-TARS-desktop\public\kelly\phases\218",MATCH,67.9,0.3207,"head and shoulders without chair.png",True
"C:\Users\user\UI-TARS-desktop\public\kelly\phases\219\hook.png","hook.png","C:\Users\user\UI-TARS-desktop\public\kelly\phases\219",MATCH,76.4,0.2364,"Curious Kelly in final pose in Chair - UI elements will go on the side rails - Copy.png",True
"C:\Users\user\UI-TARS-desktop\public\kelly\phases\219\q1.png","q1.png","C:\Users\user\UI-TARS-desktop\public\kelly\phases\219",SUSPICIOUS,52.8,0.4719,"Curious Kelly in final pose in Chair - UI elements will go on the side rails - Copy.png",True
"C:\Users\user\UI-TARS-desktop\public\kelly\phases\219\q2.png","q2.png","C:\Users\user\UI-TARS-desktop\public\kelly\phases\219",SUSPICIOUS,60.5,0.3952,"slightly turning her head.png",True
"C:\Users\user\UI-TARS-desktop\public\kelly\phases\219\q3.png","q3.png","C:\Users\user\UI-TARS-desktop\public\kelly\phases\219",MATCH,87.3,0.1267,"head and shoulders without chair.png",True
"C:\Users\user\UI-TARS-desktop\public\kelly\phases\219\wisdom.png","wisdom.png","C:\Users\user\UI-TARS-desktop\public\kelly\phases\219",MATCH,85.1,0.1492,"Curious Kelly in final pose in Chair - UI elements will go on the side rails - Copy.png",True
"C:\Users\user\UI-TARS-desktop\public\kelly\phases\220\hook.png","hook.png","C:\Users\user\UI-TARS-desktop\public\kelly\phases\220",MATCH,79.6,0.2035,"Curious Kelly in final pose in Chair - UI elements will go on the side rails - Copy.png",True
"C:\Users\user\UI-TARS-desktop\public\kelly\phases\220\q1.png","q1.png","C:\Users\user\UI-TARS-desktop\public\kelly\phases\220",MATCH,71.4,0.2863,"Curious Kelly in final pose in Chair - UI elements will go on the side rails - Copy.png",True
"C:\Users\user\UI-TARS-desktop\public\kelly\phases\220\q2.png","q2.png","C:\Users\user\UI-TARS-desktop\public\kelly\phases\220",MATCH,67.6,0.3238,"Curious Kelly in final pose in Chair - UI elements will go on the side rails - Copy.png",True
"C:\Users\user\UI-TARS-desktop\public\kelly\phases\220\q3.png","q3.png","C:\Users\user\UI-TARS-desktop\public\kelly\phases\220",MATCH,69.3,0.3069,"head and shoulders without chair.png",True
"C:\Users\user\UI-TARS-desktop\public\kelly\phases\220\wisdom.png","wisdom.png","C:\Users\user\UI-TARS-desktop\public\kelly\phases\220",MATCH,69.9,0.3009,"Curious Kelly in final pose in Chair - UI elements will go on the side rails - Copy.png",True
"C:\Users\user\UI-TARS-desktop\public\kelly\phases\221\hook.png","hook.png","C:\Users\user\UI-TARS-desktop\public\kelly\phases\221",MATCH,73.3,0.2672,"Curious Kelly in final pose in Chair - UI elements will go on the side rails - Copy.png",True
"C:\Users\user\UI-TARS-desktop\public\kelly\phases\221\q1.png","q1.png","C:\Users\user\UI-TARS-desktop\public\kelly\phases\221",MATCH,72.4,0.2760,"Curious Kelly in final pose in Chair - UI elements will go on the side rails - Copy.png",True
"C:\Users\user\UI-TARS-desktop\public\kelly\phases\221\q2.png","q2.png","C:\Users\user\UI-TARS-desktop\public\kelly\phases\221",MATCH,71.1,0.2890,"head and shoulders without chair.png",True
"C:\Users\user\UI-TARS-desktop\public\kelly\phases\221\q3.png","q3.png","C:\Users\user\UI-TARS-desktop\public\kelly\phases\221",MATCH,69.0,0.3101,"head and shoulders without chair.png",True
"C:\Users\user\UI-TARS-desktop\public\kelly\phases\221\wisdom.png","wisdom.png","C:\Users\user\UI-TARS-desktop\public\kelly\phases\221",MATCH,88.3,0.1167,"Curious Kelly in final pose in Chair - UI elements will go on the side rails - Copy.png",True
"C:\Users\user\UI-TARS-desktop\public\kelly\phases\222\hook.png","hook.png","C:\Users\user\UI-TARS-desktop\public\kelly\phases\222",MATCH,78.6,0.2139,"Curious Kelly in final pose in Chair - UI elements will go on the side rails - Copy.png",True
"C:\Users\user\UI-TARS-desktop\public\kelly\phases\222\q1.png","q1.png","C:\Users\user\UI-TARS-desktop\public\kelly\phases\222",MATCH,63.6,0.3639,"neutral face with hair.png",True
"C:\Users\user\UI-TARS-desktop\public\kelly\phases\222\q2.png","q2.png","C:\Users\user\UI-TARS-desktop\public\kelly\phases\222",MATCH,63.1,0.3687,"Curious Kelly in final pose in Chair - UI elements will go on the side rails - Copy.png",True
"C:\Users\user\UI-TARS-desktop\public\kelly\phases\222\q3.png","q3.png","C:\Users\user\UI-TARS-desktop\public\kelly\phases\222",MATCH,80.0,0.2004,"Curious Kelly in final pose in Chair - UI elements will go on the side rails - Copy.png",True
"C:\Users\user\UI-TARS-desktop\public\kelly\phases\222\wisdom.png","wisdom.png","C:\Users\user\UI-TARS-desktop\public\kelly\phases\222",MATCH,63.2,0.3679,"Curious Kelly in final pose in Chair - UI elements will go on the side rails - Copy.png",True
"C:\Users\user\UI-TARS-desktop\public\kelly\phases\223\hook.png","hook.png","C:\Users\user\UI-TARS-desktop\public\kelly\phases\223",MATCH,82.7,0.1725,"Curious Kelly in final pose in Chair - UI elements will go on the side rails - Copy.png",True
"C:\Users\user\UI-TARS-desktop\public\kelly\phases\223\q1.png","q1.png","C:\Users\user\UI-TARS-desktop\public\kelly\phases\223",MATCH,62.7,0.3730,"Curious Kelly in final pose in Chair - UI elements will go on the side rails - Copy.png",True
"C:\Users\user\UI-TARS-desktop\public\kelly\phases\223\q2.png","q2.png","C:\Users\user\UI-TARS-desktop\public\kelly\phases\223",SUSPICIOUS,54.5,0.4545,"Curious Kelly in final pose in Chair - UI elements will go on the side rails - Copy.png",True
"C:\Users\user\UI-TARS-desktop\public\kelly\phases\223\q3.png","q3.png","C:\Users\user\UI-TARS-desktop\public\kelly\phases\223",MATCH,80.3,0.1966,"Curious Kelly in final pose in Chair - UI elements will go on the side rails - Copy.png",True
"C:\Users\user\UI-TARS-desktop\public\kelly\phases\223\wisdom.png","wisdom.png","C:\Users\user\UI-TARS-desktop\public\kelly\phases\223",MATCH,82.1,0.1787,"head and shoulders without chair.png",True
"C:\Users\user\UI-TARS-desktop\public\kelly\phases\224\hook.png","hook.png","C:\Users\user\UI-TARS-desktop\public\kelly\phases\224",MATCH,76.6,0.2340,"head and shoulders without chair.png",True
"C:\Users\user\UI-TARS-desktop\public\kelly\phases\224\q1.png","q1.png","C:\Users\user\UI-TARS-desktop\public\kelly\phases\224",SUSPICIOUS,54.9,0.4512,"slightly turning her head.png",True
"C:\Users\user\UI-TARS-desktop\public\kelly\phases\224\q2.png","q2.png","C:\Users\user\UI-TARS-desktop\public\kelly\phases\224",MATCH,68.8,0.3123,"head and shoulders without chair.png",True
"C:\Users\user\UI-TARS-desktop\public\kelly\phases\224\q3.png","q3.png","C:\Users\user\UI-TARS-desktop\public\kelly\phases\224",MATCH,79.1,0.2088,"Curious Kelly in final pose in Chair - UI elements will go on the side rails - Copy.png",True
"C:\Users\user\UI-TARS-desktop\public\kelly\phases\224\wisdom.png","wisdom.png","C:\Users\user\UI-TARS-desktop\public\kelly\phases\224",MATCH,70.2,0.2981,"Curious Kelly in final pose in Chair - UI elements will go on the side rails - Copy.png",True
"C:\Users\user\UI-TARS-desktop\public\kelly\phases\225\hook.png","hook.png","C:\Users\user\UI-TARS-desktop\public\kelly\phases\225",MATCH,72.8,0.2724,"Curious Kelly in final pose in Chair - UI elements will go on the side rails - Copy.png",True
"C:\Users\user\UI-TARS-desktop\public\kelly\phases\225\q1.png","q1.png","C:\Users\user\UI-TARS-desktop\public\kelly\phases\225",NO_MATCH,41.0,0.5900,"neutral face with hair.png",True
"C:\Users\user\UI-TARS-desktop\public\kelly\phases\225\q2.png","q2.png","C:\Users\user\UI-TARS-desktop\public\kelly\phases\225",MATCH,65.3,0.3467,"Curious Kelly in final pose in Chair - UI elements will go on the side rails - Copy.png",True
"C:\Users\user\UI-TARS-desktop\public\kelly\phases\225\q3.png","q3.png","C:\Users\user\UI-TARS-desktop\public\kelly\phases\225",MATCH,83.0,0.1701,"Curious Kelly in final pose in Chair - UI elements will go on the side rails - Copy.png",True
"C:\Users\user\UI-TARS-desktop\public\kelly\phases\225\wisdom.png","wisdom.png","C:\Users\user\UI-TARS-desktop\public\kelly\phases\225",MATCH,62.3,0.3770,"head and shoulders without chair.png",True
"C:\Users\user\UI-TARS-desktop\public\kelly\phases\226\hook.png","hook.png","C:\Users\user\UI-TARS-desktop\public\kelly\phases\226",SUSPICIOUS,57.7,0.4228,"Curious Kelly in final pose in Chair - UI elements will go on the side rails - Copy.png",True
"C:\Users\user\UI-TARS-desktop\public\kelly\phases\226\q1.png","q1.png","C:\Users\user\UI-TARS-desktop\public\kelly\phases\226",MATCH,66.1,0.3394,"Curious Kelly in final pose in Chair - UI elements will go on the side rails - Copy.png",True
"C:\Users\user\UI-TARS-desktop\public\kelly\phases\226\q2.png","q2.png","C:\Users\user\UI-TARS-desktop\public\kelly\phases\226",MATCH,65.2,0.3478,"Curious Kelly in final pose in Chair - UI elements will go on the side rails - Copy.png",True
"C:\Users\user\UI-TARS-desktop\public\kelly\phases\226\q3.png","q3.png","C:\Users\user\UI-TARS-desktop\public\kelly\phases\226",MATCH,78.2,0.2181,"neutral face with hair.png",True
"C:\Users\user\UI-TARS-desktop\public\kelly\phases\226\wisdom.png","wisdom.png","C:\Users\user\UI-TARS-desktop\public\kelly\phases\226",MATCH,76.4,0.2362,"Curious Kelly in final pose in Chair - UI elements will go on the side rails - Copy.png",True
"C:\Users\user\UI-TARS-desktop\public\kelly\phases\227\hook.png","hook.png","C:\Users\user\UI-TARS-desktop\public\kelly\phases\227",MATCH,66.8,0.3316,"head and shoulders without chair.png",True
"C:\Users\user\UI-TARS-desktop\public\kelly\phases\227\q1.png","q1.png","C:\Users\user\UI-TARS-desktop\public\kelly\phases\227",SUSPICIOUS,60.8,0.3916,"Curious Kelly in final pose in Chair - UI elements will go on the side rails - Copy.png",True
"C:\Users\user\UI-TARS-desktop\public\kelly\phases\227\q2.png","q2.png","C:\Users\user\UI-TARS-desktop\public\kelly\phases\227",MATCH,70.2,0.2976,"head and shoulders without chair.png",True
"C:\Users\user\UI-TARS-desktop\public\kelly\phases\227\q3.png","q3.png","C:\Users\user\UI-TARS-desktop\public\kelly\phases\227",MATCH,84.4,0.1562,"Curious Kelly in final pose in Chair - UI elements will go on the side rails - Copy.png",True
"C:\Users\user\UI-TARS-desktop\public\kelly\phases\227\wisdom.png","wisdom.png","C:\Users\user\UI-TARS-desktop\public\kelly\phases\227",MATCH,65.5,0.3454,"Curious Kelly in final pose in Chair - UI elements will go on the side rails - Copy.png",True
"C:\Users\user\UI-TARS-desktop\public\kelly\phases\228\hook.png","hook.png","C:\Users\user\UI-TARS-desktop\public\kelly\phases\228",MATCH,68.0,0.3199,"Curious Kelly in final pose in Chair - UI elements will go on the side rails - Copy.png",True
"C:\Users\user\UI-TARS-desktop\public\kelly\phases\228\q1.png","q1.png","C:\Users\user\UI-TARS-desktop\public\kelly\phases\228",SUSPICIOUS,52.4,0.4760,"slightly turning her head.png",True
"C:\Users\user\UI-TARS-desktop\public\kelly\phases\228\q2.png","q2.png","C:\Users\user\UI-TARS-desktop\public\kelly\phases\228",SUSPICIOUS,59.4,0.4064,"Curious Kelly in final pose in Chair - UI elements will go on the side rails - Copy.png",True
"C:\Users\user\UI-TARS-desktop\public\kelly\phases\228\q3.png","q3.png","C:\Users\user\UI-TARS-desktop\public\kelly\phases\228",MATCH,66.6,0.3336,"Curious Kelly in final pose in Chair - UI elements will go on the side rails - Copy.png",True
"C:\Users\user\UI-TARS-desktop\public\kelly\phases\228\wisdom.png","wisdom.png","C:\Users\user\UI-TARS-desktop\public\kelly\phases\228",MATCH,70.9,0.2910,"Curious Kelly in final pose in Chair - UI elements will go on the side rails - Copy.png",True
"C:\Users\user\UI-TARS-desktop\public\kelly\phases\229\hook.png","hook.png","C:\Users\user\UI-TARS-desktop\public\kelly\phases\229",MATCH,74.7,0.2529,"Curious Kelly in final pose in Chair - UI elements will go on the side rails - Copy.png",True
"C:\Users\user\UI-TARS-desktop\public\kelly\phases\229\q1.png","q1.png","C:\Users\user\UI-TARS-desktop\public\kelly\phases\229",SUSPICIOUS,58.4,0.4155,"Curious Kelly in final pose in Chair - UI elements will go on the side rails - Copy.png",True
"C:\Users\user\UI-TARS-desktop\public\kelly\phases\229\q2.png","q2.png","C:\Users\user\UI-TARS-desktop\public\kelly\phases\229",SUSPICIOUS,57.1,0.4288,"Curious Kelly in final pose in Chair - UI elements will go on the side rails - Copy.png",True
"C:\Users\user\UI-TARS-desktop\public\kelly\phases\229\q3.png","q3.png","C:\Users\user\UI-TARS-desktop\public\kelly\phases\229",MATCH,66.9,0.3312,"facing to the left.png",True
"C:\Users\user\UI-TARS-desktop\public\kelly\phases\229\wisdom.png","wisdom.png","C:\Users\user\UI-TARS-desktop\public\kelly\phases\229",MATCH,66.4,0.3362,"Curious Kelly in final pose in Chair - UI elements will go on the side rails - Copy.png",True
"C:\Users\user\UI-TARS-desktop\public\kelly\phases\230\hook.png","hook.png","C:\Users\user\UI-TARS-desktop\public\kelly\phases\230",MATCH,90.1,0.0994,"Curious Kelly in final pose in Chair - UI elements will go on the side rails - Copy.png",True
"C:\Users\user\UI-TARS-desktop\public\kelly\phases\230\q1.png","q1.png","C:\Users\user\UI-TARS-desktop\public\kelly\phases\230",MATCH,65.7,0.3428,"head and shoulders without chair.png",True
"C:\Users\user\UI-TARS-desktop\public\kelly\phases\230\q2.png","q2.png","C:\Users\user\UI-TARS-desktop\public\kelly\phases\230",MATCH,70.0,0.3002,"neutral face with hair.png",True
"C:\Users\user\UI-TARS-desktop\public\kelly\phases\230\q3.png","q3.png","C:\Users\user\UI-TARS-desktop\public\kelly\phases\230",MATCH,68.7,0.3130,"head and shoulders without chair.png",True
"C:\Users\user\UI-TARS-desktop\public\kelly\phases\230\wisdom.png","wisdom.png","C:\Users\user\UI-TARS-desktop\public\kelly\phases\230",MATCH,75.0,0.2502,"head and shoulders without chair.png",True
"C:\Users\user\UI-TARS-desktop\public\kelly\phases\231\hook.png","hook.png","C:\Users\user\UI-TARS-desktop\public\kelly\phases\231",MATCH,63.1,0.3695,"Curious Kelly in final pose in Chair - UI elements will go on the side rails - Copy.png",True
"C:\Users\user\UI-TARS-desktop\public\kelly\phases\231\q1.png","q1.png","C:\Users\user\UI-TARS-desktop\public\kelly\phases\231",MATCH,75.1,0.2493,"head and shoulders without chair.png",True
"C:\Users\user\UI-TARS-desktop\public\kelly\phases\231\q2.png","q2.png","C:\Users\user\UI-TARS-desktop\public\kelly\phases\231",SUSPICIOUS,60.0,0.3996,"Curious Kelly in final pose in Chair - UI elements will go on the side rails - Copy.png",True
"C:\Users\user\UI-TARS-desktop\public\kelly\phases\231\q3.png","q3.png","C:\Users\user\UI-TARS-desktop\public\kelly\phases\231",MATCH,75.4,0.2458,"head and shoulders without chair.png",True
"C:\Users\user\UI-TARS-desktop\public\kelly\phases\231\wisdom.png","wisdom.png","C:\Users\user\UI-TARS-desktop\public\kelly\phases\231",MATCH,68.6,0.3142,"Curious Kelly in final pose in Chair - UI elements will go on the side rails - Copy.png",True
"C:\Users\user\UI-TARS-desktop\public\kelly\phases\232\hook.png","hook.png","C:\Users\user\UI-TARS-desktop\public\kelly\phases\232",MATCH,67.4,0.3257,"Curious Kelly in final pose in Chair - UI elements will go on the side rails - Copy.png",True
"C:\Users\user\UI-TARS-desktop\public\kelly\phases\232\q1.png","q1.png","C:\Users\user\UI-TARS-desktop\public\kelly\phases\232",MATCH,84.3,0.1572,"Curious Kelly in final pose in Chair - UI elements will go on the side rails - Copy.png",True
"C:\Users\user\UI-TARS-desktop\public\kelly\phases\232\q2.png","q2.png","C:\Users\user\UI-TARS-desktop\public\kelly\phases\232",SUSPICIOUS,60.1,0.3985,"head and shoulders without chair.png",True
"C:\Users\user\UI-TARS-desktop\public\kelly\phases\232\q3.png","q3.png","C:\Users\user\UI-TARS-desktop\public\kelly\phases\232",MATCH,72.0,0.2797,"head and shoulders without chair.png",True
"C:\Users\user\UI-TARS-desktop\public\kelly\phases\232\wisdom.png","wisdom.png","C:\Users\user\UI-TARS-desktop\public\kelly\phases\232",MATCH,71.6,0.2839,"Curious Kelly in final pose in Chair - UI elements will go on the side rails - Copy.png",True
"C:\Users\user\UI-TARS-desktop\public\kelly\phases\233\hook.png","hook.png","C:\Users\user\UI-TARS-desktop\public\kelly\phases\233",MATCH,81.3,0.1873,"Curious Kelly in final pose in Chair - UI elements will go on the side rails - Copy.png",True
"C:\Users\user\UI-TARS-desktop\public\kelly\phases\233\q1.png","q1.png","C:\Users\user\UI-TARS-desktop\public\kelly\phases\233",SUSPICIOUS,46.1,0.5389,"neutral face with hair.png",True
"C:\Users\user\UI-TARS-desktop\public\kelly\phases\233\q2.png","q2.png","C:\Users\user\UI-TARS-desktop\public\kelly\phases\233",MATCH,69.7,0.3026,"Curious Kelly in final pose in Chair - UI elements will go on the side rails - Copy.png",True
"C:\Users\user\UI-TARS-desktop\public\kelly\phases\233\q3.png","q3.png","C:\Users\user\UI-TARS-desktop\public\kelly\phases\233",MATCH,66.2,0.3379,"Curious Kelly in final pose in Chair - UI elements will go on the side rails - Copy.png",True
"C:\Users\user\UI-TARS-desktop\public\kelly\phases\233\wisdom.png","wisdom.png","C:\Users\user\UI-TARS-desktop\public\kelly\phases\233",MATCH,76.1,0.2392,"Curious Kelly in final pose in Chair - UI elements will go on the side rails - Copy.png",True
"C:\Users\user\UI-TARS-desktop\public\kelly\phases\234\hook.png","hook.png","C:\Users\user\UI-TARS-desktop\public\kelly\phases\234",MATCH,64.2,0.3576,"head and shoulders without chair.png",True
"C:\Users\user\UI-TARS-desktop\public\kelly\phases\234\q1.png","q1.png","C:\Users\user\UI-TARS-desktop\public\kelly\phases\234",MATCH,64.9,0.3515,"Curious Kelly in final pose in Chair - UI elements will go on the side rails - Copy.png",True
"C:\Users\user\UI-TARS-desktop\public\kelly\phases\234\q2.png","q2.png","C:\Users\user\UI-TARS-desktop\public\kelly\phases\234",MATCH,64.8,0.3518,"head and shoulders without chair.png",True
"C:\Users\user\UI-TARS-desktop\public\kelly\phases\234\q3.png","q3.png","C:\Users\user\UI-TARS-desktop\public\kelly\phases\234",SUSPICIOUS,46.2,0.5381,"slightly turning her head.png",True
"C:\Users\user\UI-TARS-desktop\public\kelly\phases\234\wisdom.png","wisdom.png","C:\Users\user\UI-TARS-desktop\public\kelly\phases\234",MATCH,75.0,0.2502,"head and shoulders without chair.png",True
"C:\Users\user\UI-TARS-desktop\public\kelly\phases\235\hook.png","hook.png","C:\Users\user\UI-TARS-desktop\public\kelly\phases\235",MATCH,89.5,0.1051,"Curious Kelly in final pose in Chair - UI elements will go on the side rails - Copy.png",True
"C:\Users\user\UI-TARS-desktop\public\kelly\phases\235\q1.png","q1.png","C:\Users\user\UI-TARS-desktop\public\kelly\phases\235",MATCH,80.5,0.1949,"Curious Kelly in final pose in Chair - UI elements will go on the side rails - Copy.png",True
"C:\Users\user\UI-TARS-desktop\public\kelly\phases\235\q2.png","q2.png","C:\Users\user\UI-TARS-desktop\public\kelly\phases\235",MATCH,70.1,0.2994,"Curious Kelly in final pose in Chair - UI elements will go on the side rails - Copy.png",True
"C:\Users\user\UI-TARS-desktop\public\kelly\phases\235\q3.png","q3.png","C:\Users\user\UI-TARS-desktop\public\kelly\phases\235",MATCH,73.8,0.2621,"Curious Kelly in final pose in Chair - UI elements will go on the side rails - Copy.png",True
"C:\Users\user\UI-TARS-desktop\public\kelly\phases\235\wisdom.png","wisdom.png","C:\Users\user\UI-TARS-desktop\public\kelly\phases\235",MATCH,68.5,0.3147,"head and shoulders without chair.png",True
"C:\Users\user\UI-TARS-desktop\public\kelly\phases\236\hook.png","hook.png","C:\Users\user\UI-TARS-desktop\public\kelly\phases\236",MATCH,81.3,0.1872,"neutral face with hair.png",True
"C:\Users\user\UI-TARS-desktop\public\kelly\phases\236\q1.png","q1.png","C:\Users\user\UI-TARS-desktop\public\kelly\phases\236",MATCH,71.8,0.2817,"Curious Kelly in final pose in Chair - UI elements will go on the side rails - Copy.png",True
"C:\Users\user\UI-TARS-desktop\public\kelly\phases\236\q2.png","q2.png","C:\Users\user\UI-TARS-desktop\public\kelly\phases\236",MATCH,72.0,0.2804,"head and shoulders without chair.png",True
"C:\Users\user\UI-TARS-desktop\public\kelly\phases\236\q3.png","q3.png","C:\Users\user\UI-TARS-desktop\public\kelly\phases\236",MATCH,65.2,0.3481,"Curious Kelly in final pose in Chair - UI elements will go on the side rails - Copy.png",True
"C:\Users\user\UI-TARS-desktop\public\kelly\phases\236\wisdom.png","wisdom.png","C:\Users\user\UI-TARS-desktop\public\kelly\phases\236",MATCH,70.7,0.2932,"Curious Kelly in final pose in Chair - UI elements will go on the side rails - Copy.png",True
"C:\Users\user\UI-TARS-desktop\public\kelly\phases\237\hook.png","hook.png","C:\Users\user\UI-TARS-desktop\public\kelly\phases\237",MATCH,72.2,0.2781,"Curious Kelly in final pose in Chair - UI elements will go on the side rails - Copy.png",True
"C:\Users\user\UI-TARS-desktop\public\kelly\phases\237\q1.png","q1.png","C:\Users\user\UI-TARS-desktop\public\kelly\phases\237",SUSPICIOUS,53.5,0.4648,"head and shoulders without chair.png",True
"C:\Users\user\UI-TARS-desktop\public\kelly\phases\237\q2.png","q2.png","C:\Users\user\UI-TARS-desktop\public\kelly\phases\237",MATCH,70.0,0.3002,"Curious Kelly in final pose in Chair - UI elements will go on the side rails - Copy.png",True
"C:\Users\user\UI-TARS-desktop\public\kelly\phases\237\q3.png","q3.png","C:\Users\user\UI-TARS-desktop\public\kelly\phases\237",MATCH,74.6,0.2541,"Curious Kelly in final pose in Chair - UI elements will go on the side rails - Copy.png",True
"C:\Users\user\UI-TARS-desktop\public\kelly\phases\237\wisdom.png","wisdom.png","C:\Users\user\UI-TARS-desktop\public\kelly\phases\237",MATCH,82.0,0.1802,"Curious Kelly in final pose in Chair - UI elements will go on the side rails - Copy.png",True
"C:\Users\user\UI-TARS-desktop\public\kelly\phases\238\hook.png","hook.png","C:\Users\user\UI-TARS-desktop\public\kelly\phases\238",MATCH,71.3,0.2871,"head and shoulders without chair.png",True
"C:\Users\user\UI-TARS-desktop\public\kelly\phases\238\q1.png","q1.png","C:\Users\user\UI-TARS-desktop\public\kelly\phases\238",MATCH,74.4,0.2559,"neutral face with hair.png",True
"C:\Users\user\UI-TARS-desktop\public\kelly\phases\238\q2.png","q2.png","C:\Users\user\UI-TARS-desktop\public\kelly\phases\238",MATCH,74.3,0.2574,"head and shoulders without chair.png",True
"C:\Users\user\UI-TARS-desktop\public\kelly\phases\238\q3.png","q3.png","C:\Users\user\UI-TARS-desktop\public\kelly\phases\238",MATCH,72.2,0.2776,"neutral face with hair.png",True
"C:\Users\user\UI-TARS-desktop\public\kelly\phases\238\wisdom.png","wisdom.png","C:\Users\user\UI-TARS-desktop\public\kelly\phases\238",MATCH,76.3,0.2367,"Curious Kelly in final pose in Chair - UI elements will go on the side rails - Copy.png",True
"C:\Users\user\UI-TARS-desktop\public\kelly\phases\239\hook.png","hook.png","C:\Users\user\UI-TARS-desktop\public\kelly\phases\239",MATCH,71.2,0.2884,"Curious Kelly in final pose in Chair - UI elements will go on the side rails - Copy.png",True
"C:\Users\user\UI-TARS-desktop\public\kelly\phases\239\q1.png","q1.png","C:\Users\user\UI-TARS-desktop\public\kelly\phases\239",MATCH,68.0,0.3202,"Curious Kelly in final pose in Chair - UI elements will go on the side rails - Copy.png",True
"C:\Users\user\UI-TARS-desktop\public\kelly\phases\239\q2.png","q2.png","C:\Users\user\UI-TARS-desktop\public\kelly\phases\239",MATCH,64.1,0.3595,"Curious Kelly in final pose in Chair - UI elements will go on the side rails - Copy.png",True
"C:\Users\user\UI-TARS-desktop\public\kelly\phases\239\q3.png","q3.png","C:\Users\user\UI-TARS-desktop\public\kelly\phases\239",MATCH,81.8,0.1824,"Curious Kelly in final pose in Chair - UI elements will go on the side rails - Copy.png",True
"C:\Users\user\UI-TARS-desktop\public\kelly\phases\239\wisdom.png","wisdom.png","C:\Users\user\UI-TARS-desktop\public\kelly\phases\239",MATCH,64.1,0.3595,"head and shoulders without chair.png",True
"C:\Users\user\UI-TARS-desktop\public\kelly\phases\240\hook.png","hook.png","C:\Users\user\UI-TARS-desktop\public\kelly\phases\240",MATCH,72.4,0.2757,"Curious Kelly in final pose in Chair - UI elements will go on the side rails - Copy.png",True
"C:\Users\user\UI-TARS-desktop\public\kelly\phases\240\q1.png","q1.png","C:\Users\user\UI-TARS-desktop\public\kelly\phases\240",MATCH,72.9,0.2712,"neutral face with hair.png",True
"C:\Users\user\UI-TARS-desktop\public\kelly\phases\240\q2.png","q2.png","C:\Users\user\UI-TARS-desktop\public\kelly\phases\240",MATCH,74.9,0.2508,"neutral face with hair.png",True
"C:\Users\user\UI-TARS-desktop\public\kelly\phases\240\q3.png","q3.png","C:\Users\user\UI-TARS-desktop\public\kelly\phases\240",MATCH,78.5,0.2151,"Curious Kelly in final pose in Chair - UI elements will go on the side rails - Copy.png",True
"C:\Users\user\UI-TARS-desktop\public\kelly\phases\240\wisdom.png","wisdom.png","C:\Users\user\UI-TARS-desktop\public\kelly\phases\240",MATCH,70.4,0.2958,"Curious Kelly in final pose in Chair - UI elements will go on the side rails - Copy.png",True
"C:\Users\user\UI-TARS-desktop\public\kelly\phases\241\hook.png","hook.png","C:\Users\user\UI-TARS-desktop\public\kelly\phases\241",MATCH,67.7,0.3233,"head and shoulders without chair.png",True
"C:\Users\user\UI-TARS-desktop\public\kelly\phases\241\q1.png","q1.png","C:\Users\user\UI-TARS-desktop\public\kelly\phases\241",MATCH,74.3,0.2566,"head and shoulders without chair.png",True
"C:\Users\user\UI-TARS-desktop\public\kelly\phases\241\q2.png","q2.png","C:\Users\user\UI-TARS-desktop\public\kelly\phases\241",MATCH,71.0,0.2897,"Curious Kelly in final pose in Chair - UI elements will go on the side rails - Copy.png",True
"C:\Users\user\UI-TARS-desktop\public\kelly\phases\241\q3.png","q3.png","C:\Users\user\UI-TARS-desktop\public\kelly\phases\241",MATCH,66.1,0.3385,"Curious Kelly in final pose in Chair - UI elements will go on the side rails - Copy.png",True
"C:\Users\user\UI-TARS-desktop\public\kelly\phases\241\wisdom.png","wisdom.png","C:\Users\user\UI-TARS-desktop\public\kelly\phases\241",MATCH,71.6,0.2839,"head and shoulders without chair.png",True
"C:\Users\user\UI-TARS-desktop\public\kelly\phases\242\hook.png","hook.png","C:\Users\user\UI-TARS-desktop\public\kelly\phases\242",MATCH,74.4,0.2559,"Curious Kelly in final pose in Chair - UI elements will go on the side rails - Copy.png",True
"C:\Users\user\UI-TARS-desktop\public\kelly\phases\242\q1.png","q1.png","C:\Users\user\UI-TARS-desktop\public\kelly\phases\242",MATCH,77.9,0.2207,"head and shoulders without chair.png",True
"C:\Users\user\UI-TARS-desktop\public\kelly\phases\242\q2.png","q2.png","C:\Users\user\UI-TARS-desktop\public\kelly\phases\242",MATCH,64.6,0.3544,"head and shoulders without chair.png",True
"C:\Users\user\UI-TARS-desktop\public\kelly\phases\242\q3.png","q3.png","C:\Users\user\UI-TARS-desktop\public\kelly\phases\242",SUSPICIOUS,60.6,0.3943,"slightly turning her head.png",True
"C:\Users\user\UI-TARS-desktop\public\kelly\phases\242\wisdom.png","wisdom.png","C:\Users\user\UI-TARS-desktop\public\kelly\phases\242",MATCH,77.5,0.2248,"Curious Kelly in final pose in Chair - UI elements will go on the side rails - Copy.png",True
"C:\Users\user\UI-TARS-desktop\public\kelly\phases\243\hook.png","hook.png","C:\Users\user\UI-TARS-desktop\public\kelly\phases\243",MATCH,90.0,0.0999,"Curious Kelly in final pose in Chair - UI elements will go on the side rails - Copy.png",True
"C:\Users\user\UI-TARS-desktop\public\kelly\phases\243\q1.png","q1.png","C:\Users\user\UI-TARS-desktop\public\kelly\phases\243",MATCH,65.9,0.3411,"Curious Kelly in final pose in Chair - UI elements will go on the side rails - Copy.png",True
"C:\Users\user\UI-TARS-desktop\public\kelly\phases\243\q2.png","q2.png","C:\Users\user\UI-TARS-desktop\public\kelly\phases\243",MATCH,71.0,0.2902,"Curious Kelly in final pose in Chair - UI elements will go on the side rails - Copy.png",True
"C:\Users\user\UI-TARS-desktop\public\kelly\phases\243\q3.png","q3.png","C:\Users\user\UI-TARS-desktop\public\kelly\phases\243",MATCH,67.9,0.3215,"Curious Kelly in final pose in Chair - UI elements will go on the side rails - Copy.png",True
"C:\Users\user\UI-TARS-desktop\public\kelly\phases\243\wisdom.png","wisdom.png","C:\Users\user\UI-TARS-desktop\public\kelly\phases\243",MATCH,68.4,0.3157,"head and shoulders without chair.png",True
"C:\Users\user\UI-TARS-desktop\public\kelly\phases\244\hook.png","hook.png","C:\Users\user\UI-TARS-desktop\public\kelly\phases\244",MATCH,72.1,0.2788,"Curious Kelly in final pose in Chair - UI elements will go on the side rails - Copy.png",True
"C:\Users\user\UI-TARS-desktop\public\kelly\phases\244\q1.png","q1.png","C:\Users\user\UI-TARS-desktop\public\kelly\phases\244",MATCH,70.1,0.2991,"Curious Kelly in final pose in Chair - UI elements will go on the side rails - Copy.png",True
"C:\Users\user\UI-TARS-desktop\public\kelly\phases\244\q2.png","q2.png","C:\Users\user\UI-TARS-desktop\public\kelly\phases\244",MATCH,66.8,0.3320,"Curious Kelly in final pose in Chair - UI elements will go on the side rails - Copy.png",True
"C:\Users\user\UI-TARS-desktop\public\kelly\phases\244\q3.png","q3.png","C:\Users\user\UI-TARS-desktop\public\kelly\phases\244",SUSPICIOUS,59.1,0.4085,"neutral face with hair.png",True
"C:\Users\user\UI-TARS-desktop\public\kelly\phases\244\wisdom.png","wisdom.png","C:\Users\user\UI-TARS-desktop\public\kelly\phases\244",MATCH,87.7,0.1232,"Curious Kelly in final pose in Chair - UI elements will go on the side rails - Copy.png",True
"C:\Users\user\UI-TARS-desktop\public\kelly\phases\245\hook.png","hook.png","C:\Users\user\UI-TARS-desktop\public\kelly\phases\245",MATCH,75.4,0.2463,"Curious Kelly in final pose in Chair - UI elements will go on the side rails - Copy.png",True
"C:\Users\user\UI-TARS-desktop\public\kelly\phases\245\q1.png","q1.png","C:\Users\user\UI-TARS-desktop\public\kelly\phases\245",MATCH,75.2,0.2477,"head and shoulders without chair.png",True
"C:\Users\user\UI-TARS-desktop\public\kelly\phases\245\q2.png","q2.png","C:\Users\user\UI-TARS-desktop\public\kelly\phases\245",SUSPICIOUS,54.9,0.4515,"Curious Kelly in final pose in Chair - UI elements will go on the side rails - Copy.png",True
"C:\Users\user\UI-TARS-desktop\public\kelly\phases\245\q3.png","q3.png","C:\Users\user\UI-TARS-desktop\public\kelly\phases\245",MATCH,68.1,0.3190,"head and shoulders without chair.png",True
"C:\Users\user\UI-TARS-desktop\public\kelly\phases\245\wisdom.png","wisdom.png","C:\Users\user\UI-TARS-desktop\public\kelly\phases\245",MATCH,79.0,0.2096,"Curious Kelly in final pose in Chair - UI elements will go on the side rails - Copy.png",True
"C:\Users\user\UI-TARS-desktop\public\kelly\phases\246\hook.png","hook.png","C:\Users\user\UI-TARS-desktop\public\kelly\phases\246",MATCH,75.0,0.2502,"Curious Kelly in final pose in Chair - UI elements will go on the side rails - Copy.png",True
"C:\Users\user\UI-TARS-desktop\public\kelly\phases\246\q1.png","q1.png","C:\Users\user\UI-TARS-desktop\public\kelly\phases\246",MATCH,67.8,0.3220,"Curious Kelly in final pose in Chair - UI elements will go on the side rails - Copy.png",True
"C:\Users\user\UI-TARS-desktop\public\kelly\phases\246\q2.png","q2.png","C:\Users\user\UI-TARS-desktop\public\kelly\phases\246",MATCH,76.9,0.2310,"head and shoulders without chair.png",True
"C:\Users\user\UI-TARS-desktop\public\kelly\phases\246\q3.png","q3.png","C:\Users\user\UI-TARS-desktop\public\kelly\phases\246",SUSPICIOUS,52.2,0.4783,"neutral face with hair.png",True
"C:\Users\user\UI-TARS-desktop\public\kelly\phases\246\wisdom.png","wisdom.png","C:\Users\user\UI-TARS-desktop\public\kelly\phases\246",MATCH,79.5,0.2051,"head and shoulders without chair.png",True
"C:\Users\user\UI-TARS-desktop\public\kelly\phases\247\hook.png","hook.png","C:\Users\user\UI-TARS-desktop\public\kelly\phases\247",MATCH,80.0,0.2004,"Curious Kelly in final pose in Chair - UI elements will go on the side rails - Copy.png",True
"C:\Users\user\UI-TARS-desktop\public\kelly\phases\247\q1.png","q1.png","C:\Users\user\UI-TARS-desktop\public\kelly\phases\247",MATCH,66.9,0.3311,"head and shoulders without chair.png",True
"C:\Users\user\UI-TARS-desktop\public\kelly\phases\247\q2.png","q2.png","C:\Users\user\UI-TARS-desktop\public\kelly\phases\247",MATCH,65.8,0.3425,"head and shoulders without chair.png",True
"C:\Users\user\UI-TARS-desktop\public\kelly\phases\247\q3.png","q3.png","C:\Users\user\UI-TARS-desktop\public\kelly\phases\247",MATCH,63.1,0.3692,"head and shoulders without chair.png",True
"C:\Users\user\UI-TARS-desktop\public\kelly\phases\247\wisdom.png","wisdom.png","C:\Users\user\UI-TARS-desktop\public\kelly\phases\247",MATCH,75.8,0.2417,"Curious Kelly in final pose in Chair - UI elements will go on the side rails - Copy.png",True
"C:\Users\user\UI-TARS-desktop\public\kelly\phases\248\hook.png","hook.png","C:\Users\user\UI-TARS-desktop\public\kelly\phases\248",MATCH,84.3,0.1568,"Curious Kelly in final pose in Chair - UI elements will go on the side rails - Copy.png",True
"C:\Users\user\UI-TARS-desktop\public\kelly\phases\248\q1.png","q1.png","C:\Users\user\UI-TARS-desktop\public\kelly\phases\248",SUSPICIOUS,60.4,0.3959,"Curious Kelly in final pose in Chair - UI elements will go on the side rails - Copy.png",True
"C:\Users\user\UI-TARS-desktop\public\kelly\phases\248\q2.png","q2.png","C:\Users\user\UI-TARS-desktop\public\kelly\phases\248",MATCH,73.1,0.2691,"Curious Kelly in final pose in Chair - UI elements will go on the side rails - Copy.png",True
"C:\Users\user\UI-TARS-desktop\public\kelly\phases\248\q3.png","q3.png","C:\Users\user\UI-TARS-desktop\public\kelly\phases\248",MATCH,81.0,0.1896,"Curious Kelly in final pose in Chair - UI elements will go on the side rails - Copy.png",True
"C:\Users\user\UI-TARS-desktop\public\kelly\phases\248\wisdom.png","wisdom.png","C:\Users\user\UI-TARS-desktop\public\kelly\phases\248",MATCH,79.6,0.2037,"Curious Kelly in final pose in Chair - UI elements will go on the side rails - Copy.png",True
"C:\Users\user\UI-TARS-desktop\public\kelly\phases\249\hook.png","hook.png","C:\Users\user\UI-TARS-desktop\public\kelly\phases\249",MATCH,78.3,0.2173,"Curious Kelly in final pose in Chair - UI elements will go on the side rails - Copy.png",True
"C:\Users\user\UI-TARS-desktop\public\kelly\phases\249\q1.png","q1.png","C:\Users\user\UI-TARS-desktop\public\kelly\phases\249",MATCH,63.0,0.3700,"slightly turning her head.png",True
"C:\Users\user\UI-TARS-desktop\public\kelly\phases\249\q2.png","q2.png","C:\Users\user\UI-TARS-desktop\public\kelly\phases\249",MATCH,71.5,0.2852,"head and shoulders without chair.png",True
"C:\Users\user\UI-TARS-desktop\public\kelly\phases\249\q3.png","q3.png","C:\Users\user\UI-TARS-desktop\public\kelly\phases\249",SUSPICIOUS,46.9,0.5315,"neutral face with hair.png",True
"C:\Users\user\UI-TARS-desktop\public\kelly\phases\249\wisdom.png","wisdom.png","C:\Users\user\UI-TARS-desktop\public\kelly\phases\249",MATCH,85.9,0.1409,"Curious Kelly in final pose in Chair - UI elements will go on the side rails - Copy.png",True
"C:\Users\user\UI-TARS-desktop\public\kelly\phases\250\hook.png","hook.png","C:\Users\user\UI-TARS-desktop\public\kelly\phases\250",MATCH,72.3,0.2765,"Curious Kelly in final pose in Chair - UI elements will go on the side rails - Copy.png",True
"C:\Users\user\UI-TARS-desktop\public\kelly\phases\250\q1.png","q1.png","C:\Users\user\UI-TARS-desktop\public\kelly\phases\250",MATCH,64.1,0.3591,"head and shoulders without chair.png",True
"C:\Users\user\UI-TARS-desktop\public\kelly\phases\250\q2.png","q2.png","C:\Users\user\UI-TARS-desktop\public\kelly\phases\250",MATCH,72.3,0.2770,"head and shoulders without chair.png",True
"C:\Users\user\UI-TARS-desktop\public\kelly\phases\250\q3.png","q3.png","C:\Users\user\UI-TARS-desktop\public\kelly\phases\250",MATCH,84.9,0.1514,"head and shoulders without chair.png",True
"C:\Users\user\UI-TARS-desktop\public\kelly\phases\250\wisdom.png","wisdom.png","C:\Users\user\UI-TARS-desktop\public\kelly\phases\250",MATCH,64.9,0.3506,"Curious Kelly in final pose in Chair - UI elements will go on the side rails - Copy.png",True
"C:\Users\user\UI-TARS-desktop\public\kelly\phases\251\hook.png","hook.png","C:\Users\user\UI-TARS-desktop\public\kelly\phases\251",MATCH,72.5,0.2752,"Curious Kelly in final pose in Chair - UI elements will go on the side rails - Copy.png",True
"C:\Users\user\UI-TARS-desktop\public\kelly\phases\251\q1.png","q1.png","C:\Users\user\UI-TARS-desktop\public\kelly\phases\251",MATCH,69.0,0.3100,"Curious Kelly in final pose in Chair - UI elements will go on the side rails - Copy.png",True
"C:\Users\user\UI-TARS-desktop\public\kelly\phases\251\q2.png","q2.png","C:\Users\user\UI-TARS-desktop\public\kelly\phases\251",MATCH,76.0,0.2404,"head and shoulders without chair.png",True
"C:\Users\user\UI-TARS-desktop\public\kelly\phases\251\q3.png","q3.png","C:\Users\user\UI-TARS-desktop\public\kelly\phases\251",MATCH,82.8,0.1717,"slightly turning her head.png",True
"C:\Users\user\UI-TARS-desktop\public\kelly\phases\251\wisdom.png","wisdom.png","C:\Users\user\UI-TARS-desktop\public\kelly\phases\251",MATCH,83.4,0.1661,"Curious Kelly in final pose in Chair - UI elements will go on the side rails - Copy.png",True
"C:\Users\user\UI-TARS-desktop\public\kelly\phases\252\hook.png","hook.png","C:\Users\user\UI-TARS-desktop\public\kelly\phases\252",MATCH,82.4,0.1760,"head and shoulders without chair.png",True
"C:\Users\user\UI-TARS-desktop\public\kelly\phases\252\q1.png","q1.png","C:\Users\user\UI-TARS-desktop\public\kelly\phases\252",SUSPICIOUS,46.8,0.5321,"neutral face with hair.png",True
"C:\Users\user\UI-TARS-desktop\public\kelly\phases\252\q2.png","q2.png","C:\Users\user\UI-TARS-desktop\public\kelly\phases\252",MATCH,66.5,0.3354,"head and shoulders without chair.png",True
"C:\Users\user\UI-TARS-desktop\public\kelly\phases\252\q3.png","q3.png","C:\Users\user\UI-TARS-desktop\public\kelly\phases\252",MATCH,80.7,0.1929,"Curious Kelly in final pose in Chair - UI elements will go on the side rails - Copy.png",True
"C:\Users\user\UI-TARS-desktop\public\kelly\phases\252\wisdom.png","wisdom.png","C:\Users\user\UI-TARS-desktop\public\kelly\phases\252",MATCH,77.8,0.2224,"Curious Kelly in final pose in Chair - UI elements will go on the side rails - Copy.png",True
"C:\Users\user\UI-TARS-desktop\public\kelly\phases\253\hook.png","hook.png","C:\Users\user\UI-TARS-desktop\public\kelly\phases\253",MATCH,64.7,0.3527,"Curious Kelly in final pose in Chair - UI elements will go on the side rails - Copy.png",True
"C:\Users\user\UI-TARS-desktop\public\kelly\phases\253\q1.png","q1.png","C:\Users\user\UI-TARS-desktop\public\kelly\phases\253",SUSPICIOUS,60.8,0.3918,"Curious Kelly in final pose in Chair - UI elements will go on the side rails - Copy.png",True
"C:\Users\user\UI-TARS-desktop\public\kelly\phases\253\q2.png","q2.png","C:\Users\user\UI-TARS-desktop\public\kelly\phases\253",MATCH,70.9,0.2908,"head and shoulders without chair.png",True
"C:\Users\user\UI-TARS-desktop\public\kelly\phases\253\q3.png","q3.png","C:\Users\user\UI-TARS-desktop\public\kelly\phases\253",MATCH,73.7,0.2631,"Curious Kelly in final pose in Chair - UI elements will go on the side rails - Copy.png",True
"C:\Users\user\UI-TARS-desktop\public\kelly\phases\253\wisdom.png","wisdom.png","C:\Users\user\UI-TARS-desktop\public\kelly\phases\253",SUSPICIOUS,57.8,0.4224,"Curious Kelly in final pose in Chair - UI elements will go on the side rails - Copy.png",True
"C:\Users\user\UI-TARS-desktop\public\kelly\phases\254\hook.png","hook.png","C:\Users\user\UI-TARS-desktop\public\kelly\phases\254",MATCH,78.4,0.2161,"Curious Kelly in final pose in Chair - UI elements will go on the side rails - Copy.png",True
"C:\Users\user\UI-TARS-desktop\public\kelly\phases\254\q1.png","q1.png","C:\Users\user\UI-TARS-desktop\public\kelly\phases\254",MATCH,76.2,0.2380,"neutral face with hair.png",True
"C:\Users\user\UI-TARS-desktop\public\kelly\phases\254\q2.png","q2.png","C:\Users\user\UI-TARS-desktop\public\kelly\phases\254",MATCH,78.6,0.2144,"Curious Kelly in final pose in Chair - UI elements will go on the side rails - Copy.png",True
"C:\Users\user\UI-TARS-desktop\public\kelly\phases\254\q3.png","q3.png","C:\Users\user\UI-TARS-desktop\public\kelly\phases\254",MATCH,79.7,0.2032,"Curious Kelly in final pose in Chair - UI elements will go on the side rails - Copy.png",True
"C:\Users\user\UI-TARS-desktop\public\kelly\phases\254\wisdom.png","wisdom.png","C:\Users\user\UI-TARS-desktop\public\kelly\phases\254",MATCH,75.1,0.2494,"Curious Kelly in final pose in Chair - UI elements will go on the side rails - Copy.png",True
"C:\Users\user\UI-TARS-desktop\public\kelly\phases\255\hook.png","hook.png","C:\Users\user\UI-TARS-desktop\public\kelly\phases\255",MATCH,73.2,0.2676,"head and shoulders without chair.png",True
"C:\Users\user\UI-TARS-desktop\public\kelly\phases\255\q1.png","q1.png","C:\Users\user\UI-TARS-desktop\public\kelly\phases\255",MATCH,72.1,0.2791,"neutral face with hair.png",True
"C:\Users\user\UI-TARS-desktop\public\kelly\phases\255\q2.png","q2.png","C:\Users\user\UI-TARS-desktop\public\kelly\phases\255",MATCH,76.0,0.2405,"Curious Kelly in final pose in Chair - UI elements will go on the side rails - Copy.png",True
"C:\Users\user\UI-TARS-desktop\public\kelly\phases\255\q3.png","q3.png","C:\Users\user\UI-TARS-desktop\public\kelly\phases\255",MATCH,84.4,0.1565,"head and shoulders without chair.png",True
"C:\Users\user\UI-TARS-desktop\public\kelly\phases\255\wisdom.png","wisdom.png","C:\Users\user\UI-TARS-desktop\public\kelly\phases\255",MATCH,75.4,0.2456,"head and shoulders without chair.png",True
"C:\Users\user\UI-TARS-desktop\public\kelly\phases\256\hook.png","hook.png","C:\Users\user\UI-TARS-desktop\public\kelly\phases\256",MATCH,65.9,0.3411,"head and shoulders without chair.png",True
"C:\Users\user\UI-TARS-desktop\public\kelly\phases\256\q1.png","q1.png","C:\Users\user\UI-TARS-desktop\public\kelly\phases\256",MATCH,63.3,0.3675,"head and shoulders without chair.png",True
"C:\Users\user\UI-TARS-desktop\public\kelly\phases\256\q2.png","q2.png","C:\Users\user\UI-TARS-desktop\public\kelly\phases\256",MATCH,70.8,0.2919,"head and shoulders without chair.png",True
"C:\Users\user\UI-TARS-desktop\public\kelly\phases\256\q3.png","q3.png","C:\Users\user\UI-TARS-desktop\public\kelly\phases\256",MATCH,80.8,0.1924,"Curious Kelly in final pose in Chair - UI elements will go on the side rails - Copy.png",True
"C:\Users\user\UI-TARS-desktop\public\kelly\phases\256\wisdom.png","wisdom.png","C:\Users\user\UI-TARS-desktop\public\kelly\phases\256",MATCH,75.7,0.2429,"Curious Kelly in final pose in Chair - UI elements will go on the side rails - Copy.png",True
"C:\Users\user\UI-TARS-desktop\public\kelly\phases\257\hook.png","hook.png","C:\Users\user\UI-TARS-desktop\public\kelly\phases\257",MATCH,85.3,0.1472,"head and shoulders without chair.png",True
"C:\Users\user\UI-TARS-desktop\public\kelly\phases\257\q1.png","q1.png","C:\Users\user\UI-TARS-desktop\public\kelly\phases\257",SUSPICIOUS,58.6,0.4141,"slightly turning her head.png",True
"C:\Users\user\UI-TARS-desktop\public\kelly\phases\257\q2.png","q2.png","C:\Users\user\UI-TARS-desktop\public\kelly\phases\257",MATCH,70.9,0.2911,"Curious Kelly in final pose in Chair - UI elements will go on the side rails - Copy.png",True
"C:\Users\user\UI-TARS-desktop\public\kelly\phases\257\q3.png","q3.png","C:\Users\user\UI-TARS-desktop\public\kelly\phases\257",MATCH,64.8,0.3521,"facing to the left.png",True
"C:\Users\user\UI-TARS-desktop\public\kelly\phases\257\wisdom.png","wisdom.png","C:\Users\user\UI-TARS-desktop\public\kelly\phases\257",MATCH,70.9,0.2909,"Curious Kelly in final pose in Chair - UI elements will go on the side rails - Copy.png",True
"C:\Users\user\UI-TARS-desktop\public\kelly\phases\258\hook.png","hook.png","C:\Users\user\UI-TARS-desktop\public\kelly\phases\258",MATCH,74.3,0.2566,"head and shoulders without chair.png",True
"C:\Users\user\UI-TARS-desktop\public\kelly\phases\258\q1.png","q1.png","C:\Users\user\UI-TARS-desktop\public\kelly\phases\258",MATCH,75.8,0.2424,"head and shoulders without chair.png",True
"C:\Users\user\UI-TARS-desktop\public\kelly\phases\258\q2.png","q2.png","C:\Users\user\UI-TARS-desktop\public\kelly\phases\258",MATCH,71.0,0.2905,"neutral face with hair.png",True
"C:\Users\user\UI-TARS-desktop\public\kelly\phases\258\q3.png","q3.png","C:\Users\user\UI-TARS-desktop\public\kelly\phases\258",MATCH,78.3,0.2169,"head and shoulders without chair.png",True
"C:\Users\user\UI-TARS-desktop\public\kelly\phases\258\wisdom.png","wisdom.png","C:\Users\user\UI-TARS-desktop\public\kelly\phases\258",MATCH,72.7,0.2725,"Curious Kelly in final pose in Chair - UI elements will go on the side rails - Copy.png",True
"C:\Users\user\UI-TARS-desktop\public\kelly\phases\259\hook.png","hook.png","C:\Users\user\UI-TARS-desktop\public\kelly\phases\259",MATCH,76.3,0.2371,"Curious Kelly in final pose in Chair - UI elements will go on the side rails - Copy.png",True
"C:\Users\user\UI-TARS-desktop\public\kelly\phases\259\q1.png","q1.png","C:\Users\user\UI-TARS-desktop\public\kelly\phases\259",MATCH,86.1,0.1385,"Curious Kelly in final pose in Chair - UI elements will go on the side rails - Copy.png",True
"C:\Users\user\UI-TARS-desktop\public\kelly\phases\259\q2.png","q2.png","C:\Users\user\UI-TARS-desktop\public\kelly\phases\259",MATCH,67.4,0.3258,"Curious Kelly in final pose in Chair - UI elements will go on the side rails - Copy.png",True
"C:\Users\user\UI-TARS-desktop\public\kelly\phases\259\q3.png","q3.png","C:\Users\user\UI-TARS-desktop\public\kelly\phases\259",MATCH,77.3,0.2274,"head and shoulders without chair.png",True
"C:\Users\user\UI-TARS-desktop\public\kelly\phases\259\wisdom.png","wisdom.png","C:\Users\user\UI-TARS-desktop\public\kelly\phases\259",MATCH,72.0,0.2800,"Curious Kelly in final pose in Chair - UI elements will go on the side rails - Copy.png",True
"C:\Users\user\UI-TARS-desktop\public\kelly\phases\260\hook.png","hook.png","C:\Users\user\UI-TARS-desktop\public\kelly\phases\260",MATCH,80.6,0.1941,"head and shoulders without chair.png",True
"C:\Users\user\UI-TARS-desktop\public\kelly\phases\260\q1.png","q1.png","C:\Users\user\UI-TARS-desktop\public\kelly\phases\260",MATCH,72.6,0.2740,"head and shoulders without chair.png",True
"C:\Users\user\UI-TARS-desktop\public\kelly\phases\260\q2.png","q2.png","C:\Users\user\UI-TARS-desktop\public\kelly\phases\260",MATCH,73.1,0.2687,"Curious Kelly in final pose in Chair - UI elements will go on the side rails - Copy.png",True
"C:\Users\user\UI-TARS-desktop\public\kelly\phases\260\q3.png","q3.png","C:\Users\user\UI-TARS-desktop\public\kelly\phases\260",MATCH,83.2,0.1683,"Curious Kelly in final pose in Chair - UI elements will go on the side rails - Copy.png",True
"C:\Users\user\UI-TARS-desktop\public\kelly\phases\260\wisdom.png","wisdom.png","C:\Users\user\UI-TARS-desktop\public\kelly\phases\260",MATCH,75.3,0.2466,"head and shoulders without chair.png",True
"C:\Users\user\UI-TARS-desktop\public\kelly\phases\261\hook.png","hook.png","C:\Users\user\UI-TARS-desktop\public\kelly\phases\261",MATCH,73.0,0.2705,"Curious Kelly in final pose in Chair - UI elements will go on the side rails - Copy.png",True
"C:\Users\user\UI-TARS-desktop\public\kelly\phases\261\q1.png","q1.png","C:\Users\user\UI-TARS-desktop\public\kelly\phases\261",MATCH,67.4,0.3264,"head and shoulders without chair.png",True
"C:\Users\user\UI-TARS-desktop\public\kelly\phases\261\q2.png","q2.png","C:\Users\user\UI-TARS-desktop\public\kelly\phases\261",MATCH,67.8,0.3219,"head and shoulders without chair.png",True
"C:\Users\user\UI-TARS-desktop\public\kelly\phases\261\q3.png","q3.png","C:\Users\user\UI-TARS-desktop\public\kelly\phases\261",MATCH,76.4,0.2359,"Curious Kelly in final pose in Chair - UI elements will go on the side rails - Copy.png",True
"C:\Users\user\UI-TARS-desktop\public\kelly\phases\261\wisdom.png","wisdom.png","C:\Users\user\UI-TARS-desktop\public\kelly\phases\261",MATCH,73.8,0.2617,"head and shoulders without chair.png",True
"C:\Users\user\UI-TARS-desktop\public\kelly\phases\262\hook.png","hook.png","C:\Users\user\UI-TARS-desktop\public\kelly\phases\262",MATCH,66.0,0.3402,"Curious Kelly in final pose in Chair - UI elements will go on the side rails - Copy.png",True
"C:\Users\user\UI-TARS-desktop\public\kelly\phases\262\q1.png","q1.png","C:\Users\user\UI-TARS-desktop\public\kelly\phases\262",MATCH,69.3,0.3071,"Curious Kelly in final pose in Chair - UI elements will go on the side rails - Copy.png",True
"C:\Users\user\UI-TARS-desktop\public\kelly\phases\262\q2.png","q2.png","C:\Users\user\UI-TARS-desktop\public\kelly\phases\262",MATCH,70.1,0.2995,"neutral face with hair.png",True
"C:\Users\user\UI-TARS-desktop\public\kelly\phases\262\q3.png","q3.png","C:\Users\user\UI-TARS-desktop\public\kelly\phases\262",MATCH,77.7,0.2226,"neutral face with hair.png",True
"C:\Users\user\UI-TARS-desktop\public\kelly\phases\262\wisdom.png","wisdom.png","C:\Users\user\UI-TARS-desktop\public\kelly\phases\262",MATCH,71.8,0.2818,"Curious Kelly in final pose in Chair - UI elements will go on the side rails - Copy.png",True
"C:\Users\user\UI-TARS-desktop\public\kelly\phases\263\hook.png","hook.png","C:\Users\user\UI-TARS-desktop\public\kelly\phases\263",MATCH,72.6,0.2736,"Curious Kelly in final pose in Chair - UI elements will go on the side rails - Copy.png",True
"C:\Users\user\UI-TARS-desktop\public\kelly\phases\263\q1.png","q1.png","C:\Users\user\UI-TARS-desktop\public\kelly\phases\263",MATCH,70.0,0.3000,"slightly turning her head.png",True
"C:\Users\user\UI-TARS-desktop\public\kelly\phases\263\q2.png","q2.png","C:\Users\user\UI-TARS-desktop\public\kelly\phases\263",MATCH,76.2,0.2379,"Curious Kelly in final pose in Chair - UI elements will go on the side rails - Copy.png",True
"C:\Users\user\UI-TARS-desktop\public\kelly\phases\263\q3.png","q3.png","C:\Users\user\UI-TARS-desktop\public\kelly\phases\263",MATCH,65.7,0.3429,"head and shoulders without chair.png",True
"C:\Users\user\UI-TARS-desktop\public\kelly\phases\263\wisdom.png","wisdom.png","C:\Users\user\UI-TARS-desktop\public\kelly\phases\263",MATCH,64.9,0.3507,"head and shoulders without chair.png",True
"C:\Users\user\UI-TARS-desktop\public\kelly\phases\264\hook.png","hook.png","C:\Users\user\UI-TARS-desktop\public\kelly\phases\264",MATCH,74.1,0.2589,"Curious Kelly in final pose in Chair - UI elements will go on the side rails - Copy.png",True
"C:\Users\user\UI-TARS-desktop\public\kelly\phases\264\q1.png","q1.png","C:\Users\user\UI-TARS-desktop\public\kelly\phases\264",SUSPICIOUS,59.1,0.4090,"head and shoulders without chair.png",True
"C:\Users\user\UI-TARS-desktop\public\kelly\phases\264\q2.png","q2.png","C:\Users\user\UI-TARS-desktop\public\kelly\phases\264",MATCH,75.6,0.2444,"Curious Kelly in final pose in Chair - UI elements will go on the side rails - Copy.png",True
"C:\Users\user\UI-TARS-desktop\public\kelly\phases\264\q3.png","q3.png","C:\Users\user\UI-TARS-desktop\public\kelly\phases\264",SUSPICIOUS,58.2,0.4180,"Curious Kelly in final pose in Chair - UI elements will go on the side rails - Copy.png",True
"C:\Users\user\UI-TARS-desktop\public\kelly\phases\264\wisdom.png","wisdom.png","C:\Users\user\UI-TARS-desktop\public\kelly\phases\264",MATCH,83.9,0.1606,"Curious Kelly in final pose in Chair - UI elements will go on the side rails - Copy.png",True
"C:\Users\user\UI-TARS-desktop\public\kelly\phases\265\hook.png","hook.png","C:\Users\user\UI-TARS-desktop\public\kelly\phases\265",MATCH,79.9,0.2005,"Curious Kelly in final pose in Chair - UI elements will go on the side rails - Copy.png",True
"C:\Users\user\UI-TARS-desktop\public\kelly\phases\265\q1.png","q1.png","C:\Users\user\UI-TARS-desktop\public\kelly\phases\265",MATCH,61.9,0.3815,"head and shoulders without chair.png",True
"C:\Users\user\UI-TARS-desktop\public\kelly\phases\265\q2.png","q2.png","C:\Users\user\UI-TARS-desktop\public\kelly\phases\265",MATCH,72.8,0.2717,"neutral face with hair.png",True
"C:\Users\user\UI-TARS-desktop\public\kelly\phases\265\q3.png","q3.png","C:\Users\user\UI-TARS-desktop\public\kelly\phases\265",MATCH,79.6,0.2042,"Curious Kelly in final pose in Chair - UI elements will go on the side rails - Copy.png",True
"C:\Users\user\UI-TARS-desktop\public\kelly\phases\265\wisdom.png","wisdom.png","C:\Users\user\UI-TARS-desktop\public\kelly\phases\265",MATCH,85.7,0.1434,"Curious Kelly in final pose in Chair - UI elements will go on the side rails - Copy.png",True
"C:\Users\user\UI-TARS-desktop\public\kelly\phases\266\hook.png","hook.png","C:\Users\user\UI-TARS-desktop\public\kelly\phases\266",MATCH,83.7,0.1633,"Curious Kelly in final pose in Chair - UI elements will go on the side rails - Copy.png",True
"C:\Users\user\UI-TARS-desktop\public\kelly\phases\266\q1.png","q1.png","C:\Users\user\UI-TARS-desktop\public\kelly\phases\266",MATCH,70.8,0.2925,"head and shoulders without chair.png",True
"C:\Users\user\UI-TARS-desktop\public\kelly\phases\266\q2.png","q2.png","C:\Users\user\UI-TARS-desktop\public\kelly\phases\266",MATCH,71.2,0.2879,"head and shoulders without chair.png",True
"C:\Users\user\UI-TARS-desktop\public\kelly\phases\266\q3.png","q3.png","C:\Users\user\UI-TARS-desktop\public\kelly\phases\266",MATCH,81.0,0.1900,"head and shoulders without chair.png",True
"C:\Users\user\UI-TARS-desktop\public\kelly\phases\266\wisdom.png","wisdom.png","C:\Users\user\UI-TARS-desktop\public\kelly\phases\266",MATCH,75.0,0.2502,"head and shoulders without chair.png",True
"C:\Users\user\UI-TARS-desktop\public\kelly\phases\267\hook.png","hook.png","C:\Users\user\UI-TARS-desktop\public\kelly\phases\267",SUSPICIOUS,57.7,0.4233,"Curious Kelly in final pose in Chair - UI elements will go on the side rails - Copy.png",True
"C:\Users\user\UI-TARS-desktop\public\kelly\phases\267\q1.png","q1.png","C:\Users\user\UI-TARS-desktop\public\kelly\phases\267",SUSPICIOUS,60.8,0.3924,"head and shoulders without chair.png",True
"C:\Users\user\UI-TARS-desktop\public\kelly\phases\267\q2.png","q2.png","C:\Users\user\UI-TARS-desktop\public\kelly\phases\267",MATCH,69.6,0.3040,"Curious Kelly in final pose in Chair - UI elements will go on the side rails - Copy.png",True
"C:\Users\user\UI-TARS-desktop\public\kelly\phases\267\q3.png","q3.png","C:\Users\user\UI-TARS-desktop\public\kelly\phases\267",MATCH,71.6,0.2836,"Curious Kelly in final pose in Chair - UI elements will go on the side rails - Copy.png",True
"C:\Users\user\UI-TARS-desktop\public\kelly\phases\267\wisdom.png","wisdom.png","C:\Users\user\UI-TARS-desktop\public\kelly\phases\267",MATCH,86.6,0.1340,"Curious Kelly in final pose in Chair - UI elements will go on the side rails - Copy.png",True
"C:\Users\user\UI-TARS-desktop\public\kelly\phases\268\hook.png","hook.png","C:\Users\user\UI-TARS-desktop\public\kelly\phases\268",MATCH,72.3,0.2769,"Curious Kelly in final pose in Chair - UI elements will go on the side rails - Copy.png",True
"C:\Users\user\UI-TARS-desktop\public\kelly\phases\268\q1.png","q1.png","C:\Users\user\UI-TARS-desktop\public\kelly\phases\268",MATCH,72.7,0.2728,"Curious Kelly in final pose in Chair - UI elements will go on the side rails - Copy.png",True
"C:\Users\user\UI-TARS-desktop\public\kelly\phases\268\q2.png","q2.png","C:\Users\user\UI-TARS-desktop\public\kelly\phases\268",MATCH,66.3,0.3367,"head and shoulders without chair.png",True
"C:\Users\user\UI-TARS-desktop\public\kelly\phases\268\q3.png","q3.png","C:\Users\user\UI-TARS-desktop\public\kelly\phases\268",MATCH,78.1,0.2190,"Curious Kelly in final pose in Chair - UI elements will go on the side rails - Copy.png",True
"C:\Users\user\UI-TARS-desktop\public\kelly\phases\268\wisdom.png","wisdom.png","C:\Users\user\UI-TARS-desktop\public\kelly\phases\268",MATCH,79.3,0.2069,"Curious Kelly in final pose in Chair - UI elements will go on the side rails - Copy.png",True
"C:\Users\user\UI-TARS-desktop\public\kelly\phases\269\hook.png","hook.png","C:\Users\user\UI-TARS-desktop\public\kelly\phases\269",MATCH,71.4,0.2864,"head and shoulders without chair.png",True
"C:\Users\user\UI-TARS-desktop\public\kelly\phases\269\q1.png","q1.png","C:\Users\user\UI-TARS-desktop\public\kelly\phases\269",MATCH,75.8,0.2423,"Curious Kelly in final pose in Chair - UI elements will go on the side rails - Copy.png",True
"C:\Users\user\UI-TARS-desktop\public\kelly\phases\269\q2.png","q2.png","C:\Users\user\UI-TARS-desktop\public\kelly\phases\269",MATCH,68.8,0.3119,"head and shoulders without chair.png",True
"C:\Users\user\UI-TARS-desktop\public\kelly\phases\269\q3.png","q3.png","C:\Users\user\UI-TARS-desktop\public\kelly\phases\269",MATCH,81.9,0.1809,"head and shoulders without chair.png",True
"C:\Users\user\UI-TARS-desktop\public\kelly\phases\269\wisdom.png","wisdom.png","C:\Users\user\UI-TARS-desktop\public\kelly\phases\269",MATCH,75.4,0.2462,"Curious Kelly in final pose in Chair - UI elements will go on the side rails - Copy.png",True
"C:\Users\user\UI-TARS-desktop\public\kelly\phases\270\hook.png","hook.png","C:\Users\user\UI-TARS-desktop\public\kelly\phases\270",MATCH,80.7,0.1934,"Curious Kelly in final pose in Chair - UI elements will go on the side rails - Copy.png",True
"C:\Users\user\UI-TARS-desktop\public\kelly\phases\270\q1.png","q1.png","C:\Users\user\UI-TARS-desktop\public\kelly\phases\270",MATCH,69.2,0.3077,"Curious Kelly in final pose in Chair - UI elements will go on the side rails - Copy.png",True
"C:\Users\user\UI-TARS-desktop\public\kelly\phases\270\q2.png","q2.png","C:\Users\user\UI-TARS-desktop\public\kelly\phases\270",MATCH,71.7,0.2830,"Curious Kelly in final pose in Chair - UI elements will go on the side rails - Copy.png",True
"C:\Users\user\UI-TARS-desktop\public\kelly\phases\270\q3.png","q3.png","C:\Users\user\UI-TARS-desktop\public\kelly\phases\270",MATCH,73.7,0.2630,"head and shoulders without chair.png",True
"C:\Users\user\UI-TARS-desktop\public\kelly\phases\270\wisdom.png","wisdom.png","C:\Users\user\UI-TARS-desktop\public\kelly\phases\270",MATCH,66.2,0.3380,"Curious Kelly in final pose in Chair - UI elements will go on the side rails - Copy.png",True
"C:\Users\user\UI-TARS-desktop\public\kelly\phases\271\hook.png","hook.png","C:\Users\user\UI-TARS-desktop\public\kelly\phases\271",MATCH,75.7,0.2430,"head and shoulders without chair.png",True
"C:\Users\user\UI-TARS-desktop\public\kelly\phases\271\q1.png","q1.png","C:\Users\user\UI-TARS-desktop\public\kelly\phases\271",SUSPICIOUS,54.9,0.4510,"head and shoulders without chair.png",True
"C:\Users\user\UI-TARS-desktop\public\kelly\phases\271\q2.png","q2.png","C:\Users\user\UI-TARS-desktop\public\kelly\phases\271",MATCH,62.2,0.3784,"head and shoulders without chair.png",True
"C:\Users\user\UI-TARS-desktop\public\kelly\phases\271\q3.png","q3.png","C:\Users\user\UI-TARS-desktop\public\kelly\phases\271",NO_MATCH,37.4,0.6257,"neutral face with hair.png",True
"C:\Users\user\UI-TARS-desktop\public\kelly\phases\271\wisdom.png","wisdom.png","C:\Users\user\UI-TARS-desktop\public\kelly\phases\271",MATCH,71.4,0.2857,"Curious Kelly in final pose in Chair - UI elements will go on the side rails - Copy.png",True
"C:\Users\user\UI-TARS-desktop\public\kelly\phases\272\hook.png","hook.png","C:\Users\user\UI-TARS-desktop\public\kelly\phases\272",MATCH,78.8,0.2116,"Curious Kelly in final pose in Chair - UI elements will go on the side rails - Copy.png",True
"C:\Users\user\UI-TARS-desktop\public\kelly\phases\272\q1.png","q1.png","C:\Users\user\UI-TARS-desktop\public\kelly\phases\272",MATCH,63.6,0.3636,"head and shoulders without chair.png",True
"C:\Users\user\UI-TARS-desktop\public\kelly\phases\272\q2.png","q2.png","C:\Users\user\UI-TARS-desktop\public\kelly\phases\272",SUSPICIOUS,60.1,0.3988,"head and shoulders without chair.png",True
"C:\Users\user\UI-TARS-desktop\public\kelly\phases\272\q3.png","q3.png","C:\Users\user\UI-TARS-desktop\public\kelly\phases\272",MATCH,77.5,0.2245,"Curious Kelly in final pose in Chair - UI elements will go on the side rails - Copy.png",True
"C:\Users\user\UI-TARS-desktop\public\kelly\phases\272\wisdom.png","wisdom.png","C:\Users\user\UI-TARS-desktop\public\kelly\phases\272",MATCH,74.9,0.2513,"Curious Kelly in final pose in Chair - UI elements will go on the side rails - Copy.png",True
"C:\Users\user\UI-TARS-desktop\public\kelly\phases\273\hook.png","hook.png","C:\Users\user\UI-TARS-desktop\public\kelly\phases\273",MATCH,83.0,0.1696,"Curious Kelly in final pose in Chair - UI elements will go on the side rails - Copy.png",True
"C:\Users\user\UI-TARS-desktop\public\kelly\phases\273\q1.png","q1.png","C:\Users\user\UI-TARS-desktop\public\kelly\phases\273",MATCH,65.9,0.3410,"Curious Kelly in final pose in Chair - UI elements will go on the side rails - Copy.png",True
"C:\Users\user\UI-TARS-desktop\public\kelly\phases\273\q2.png","q2.png","C:\Users\user\UI-TARS-desktop\public\kelly\phases\273",MATCH,73.8,0.2623,"head and shoulders without chair.png",True
"C:\Users\user\UI-TARS-desktop\public\kelly\phases\273\q3.png","q3.png","C:\Users\user\UI-TARS-desktop\public\kelly\phases\273",MATCH,70.1,0.2993,"Curious Kelly in final pose in Chair - UI elements will go on the side rails - Copy.png",True
"C:\Users\user\UI-TARS-desktop\public\kelly\phases\273\wisdom.png","wisdom.png","C:\Users\user\UI-TARS-desktop\public\kelly\phases\273",MATCH,74.3,0.2572,"Curious Kelly in final pose in Chair - UI elements will go on the side rails - Copy.png",True
"C:\Users\user\UI-TARS-desktop\public\kelly\phases\274\hook.png","hook.png","C:\Users\user\UI-TARS-desktop\public\kelly\phases\274",MATCH,65.8,0.3424,"neutral face with hair.png",True
"C:\Users\user\UI-TARS-desktop\public\kelly\phases\274\q1.png","q1.png","C:\Users\user\UI-TARS-desktop\public\kelly\phases\274",SUSPICIOUS,61.5,0.3853,"neutral face with hair.png",True
"C:\Users\user\UI-TARS-desktop\public\kelly\phases\274\q2.png","q2.png","C:\Users\user\UI-TARS-desktop\public\kelly\phases\274",SUSPICIOUS,58.5,0.4145,"head and shoulders without chair.png",True
"C:\Users\user\UI-TARS-desktop\public\kelly\phases\274\q3.png","q3.png","C:\Users\user\UI-TARS-desktop\public\kelly\phases\274",MATCH,70.8,0.2923,"neutral face with hair.png",True
"C:\Users\user\UI-TARS-desktop\public\kelly\phases\274\wisdom.png","wisdom.png","C:\Users\user\UI-TARS-desktop\public\kelly\phases\274",MATCH,76.7,0.2333,"Curious Kelly in final pose in Chair - UI elements will go on the side rails - Copy.png",True
"C:\Users\user\UI-TARS-desktop\public\kelly\phases\275\hook.png","hook.png","C:\Users\user\UI-TARS-desktop\public\kelly\phases\275",MATCH,70.9,0.2906,"head and shoulders without chair.png",True
"C:\Users\user\UI-TARS-desktop\public\kelly\phases\275\q1.png","q1.png","C:\Users\user\UI-TARS-desktop\public\kelly\phases\275",MATCH,76.1,0.2390,"Curious Kelly in final pose in Chair - UI elements will go on the side rails - Copy.png",True
"C:\Users\user\UI-TARS-desktop\public\kelly\phases\275\q2.png","q2.png","C:\Users\user\UI-TARS-desktop\public\kelly\phases\275",MATCH,65.9,0.3411,"Curious Kelly in final pose in Chair - UI elements will go on the side rails - Copy.png",True
"C:\Users\user\UI-TARS-desktop\public\kelly\phases\275\q3.png","q3.png","C:\Users\user\UI-TARS-desktop\public\kelly\phases\275",MATCH,72.6,0.2739,"head and shoulders without chair.png",True
"C:\Users\user\UI-TARS-desktop\public\kelly\phases\275\wisdom.png","wisdom.png","C:\Users\user\UI-TARS-desktop\public\kelly\phases\275",MATCH,80.2,0.1981,"Curious Kelly in final pose in Chair - UI elements will go on the side rails - Copy.png",True
"C:\Users\user\UI-TARS-desktop\public\kelly\phases\276\hook.png","hook.png","C:\Users\user\UI-TARS-desktop\public\kelly\phases\276",MATCH,68.2,0.3180,"neutral face with hair.png",True
"C:\Users\user\UI-TARS-desktop\public\kelly\phases\276\q1.png","q1.png","C:\Users\user\UI-TARS-desktop\public\kelly\phases\276",MATCH,66.4,0.3358,"Curious Kelly in final pose in Chair - UI elements will go on the side rails - Copy.png",True
"C:\Users\user\UI-TARS-desktop\public\kelly\phases\276\q2.png","q2.png","C:\Users\user\UI-TARS-desktop\public\kelly\phases\276",MATCH,63.8,0.3624,"head and shoulders without chair.png",True
"C:\Users\user\UI-TARS-desktop\public\kelly\phases\276\q3.png","q3.png","C:\Users\user\UI-TARS-desktop\public\kelly\phases\276",MATCH,63.4,0.3657,"head and shoulders without chair.png",True
"C:\Users\user\UI-TARS-desktop\public\kelly\phases\276\wisdom.png","wisdom.png","C:\Users\user\UI-TARS-desktop\public\kelly\phases\276",MATCH,87.9,0.1209,"Curious Kelly in final pose in Chair - UI elements will go on the side rails - Copy.png",True
"C:\Users\user\UI-TARS-desktop\public\kelly\phases\277\hook.png","hook.png","C:\Users\user\UI-TARS-desktop\public\kelly\phases\277",MATCH,74.9,0.2509,"Curious Kelly in final pose in Chair - UI elements will go on the side rails - Copy.png",True
"C:\Users\user\UI-TARS-desktop\public\kelly\phases\277\q1.png","q1.png","C:\Users\user\UI-TARS-desktop\public\kelly\phases\277",MATCH,71.2,0.2883,"Curious Kelly in final pose in Chair - UI elements will go on the side rails - Copy.png",True
"C:\Users\user\UI-TARS-desktop\public\kelly\phases\277\q2.png","q2.png","C:\Users\user\UI-TARS-desktop\public\kelly\phases\277",MATCH,63.3,0.3668,"head and shoulders without chair.png",True
"C:\Users\user\UI-TARS-desktop\public\kelly\phases\277\q3.png","q3.png","C:\Users\user\UI-TARS-desktop\public\kelly\phases\277",MATCH,70.9,0.2911,"head and shoulders without chair.png",True
"C:\Users\user\UI-TARS-desktop\public\kelly\phases\277\wisdom.png","wisdom.png","C:\Users\user\UI-TARS-desktop\public\kelly\phases\277",MATCH,84.1,0.1587,"head and shoulders without chair.png",True
"C:\Users\user\UI-TARS-desktop\public\kelly\phases\278\hook.png","hook.png","C:\Users\user\UI-TARS-desktop\public\kelly\phases\278",MATCH,73.0,0.2702,"Curious Kelly in final pose in Chair - UI elements will go on the side rails - Copy.png",True
"C:\Users\user\UI-TARS-desktop\public\kelly\phases\278\q1.png","q1.png","C:\Users\user\UI-TARS-desktop\public\kelly\phases\278",MATCH,72.0,0.2801,"head and shoulders without chair.png",True
"C:\Users\user\UI-TARS-desktop\public\kelly\phases\278\q2.png","q2.png","C:\Users\user\UI-TARS-desktop\public\kelly\phases\278",MATCH,68.8,0.3123,"head and shoulders without chair.png",True
"C:\Users\user\UI-TARS-desktop\public\kelly\phases\278\q3.png","q3.png","C:\Users\user\UI-TARS-desktop\public\kelly\phases\278",MATCH,77.0,0.2297,"Curious Kelly in final pose in Chair - UI elements will go on the side rails - Copy.png",True
"C:\Users\user\UI-TARS-desktop\public\kelly\phases\278\wisdom.png","wisdom.png","C:\Users\user\UI-TARS-desktop\public\kelly\phases\278",MATCH,74.0,0.2602,"Curious Kelly in final pose in Chair - UI elements will go on the side rails - Copy.png",True
"C:\Users\user\UI-TARS-desktop\public\kelly\phases\279\hook.png","hook.png","C:\Users\user\UI-TARS-desktop\public\kelly\phases\279",MATCH,76.4,0.2365,"Curious Kelly in final pose in Chair - UI elements will go on the side rails - Copy.png",True
"C:\Users\user\UI-TARS-desktop\public\kelly\phases\279\q1.png","q1.png","C:\Users\user\UI-TARS-desktop\public\kelly\phases\279",MATCH,63.1,0.3687,"Curious Kelly in final pose in Chair - UI elements will go on the side rails - Copy.png",True
"C:\Users\user\UI-TARS-desktop\public\kelly\phases\279\q2.png","q2.png","C:\Users\user\UI-TARS-desktop\public\kelly\phases\279",MATCH,74.9,0.2514,"Curious Kelly in final pose in Chair - UI elements will go on the side rails - Copy.png",True
"C:\Users\user\UI-TARS-desktop\public\kelly\phases\279\q3.png","q3.png","C:\Users\user\UI-TARS-desktop\public\kelly\phases\279",MATCH,65.8,0.3417,"head and shoulders without chair.png",True
"C:\Users\user\UI-TARS-desktop\public\kelly\phases\279\wisdom.png","wisdom.png","C:\Users\user\UI-TARS-desktop\public\kelly\phases\279",MATCH,63.0,0.3696,"Curious Kelly in final pose in Chair - UI elements will go on the side rails - Copy.png",True
"C:\Users\user\UI-TARS-desktop\public\kelly\phases\280\hook.png","hook.png","C:\Users\user\UI-TARS-desktop\public\kelly\phases\280",MATCH,80.4,0.1957,"Curious Kelly in final pose in Chair - UI elements will go on the side rails - Copy.png",True
"C:\Users\user\UI-TARS-desktop\public\kelly\phases\280\q1.png","q1.png","C:\Users\user\UI-TARS-desktop\public\kelly\phases\280",MATCH,71.5,0.2846,"Curious Kelly in final pose in Chair - UI elements will go on the side rails - Copy.png",True
"C:\Users\user\UI-TARS-desktop\public\kelly\phases\280\q2.png","q2.png","C:\Users\user\UI-TARS-desktop\public\kelly\phases\280",MATCH,81.8,0.1823,"slightly turning her head.png",True
"C:\Users\user\UI-TARS-desktop\public\kelly\phases\280\q3.png","q3.png","C:\Users\user\UI-TARS-desktop\public\kelly\phases\280",MATCH,77.0,0.2298,"Curious Kelly in final pose in Chair - UI elements will go on the side rails - Copy.png",True
"C:\Users\user\UI-TARS-desktop\public\kelly\phases\280\wisdom.png","wisdom.png","C:\Users\user\UI-TARS-desktop\public\kelly\phases\280",MATCH,67.4,0.3264,"head and shoulders without chair.png",True
"C:\Users\user\UI-TARS-desktop\public\kelly\phases\281\hook.png","hook.png","C:\Users\user\UI-TARS-desktop\public\kelly\phases\281",MATCH,82.2,0.1781,"Curious Kelly in final pose in Chair - UI elements will go on the side rails - Copy.png",True
"C:\Users\user\UI-TARS-desktop\public\kelly\phases\281\q1.png","q1.png","C:\Users\user\UI-TARS-desktop\public\kelly\phases\281",MATCH,77.9,0.2206,"head and shoulders without chair.png",True
"C:\Users\user\UI-TARS-desktop\public\kelly\phases\281\q2.png","q2.png","C:\Users\user\UI-TARS-desktop\public\kelly\phases\281",MATCH,65.9,0.3408,"Curious Kelly in final pose in Chair - UI elements will go on the side rails - Copy.png",True
"C:\Users\user\UI-TARS-desktop\public\kelly\phases\281\q3.png","q3.png","C:\Users\user\UI-TARS-desktop\public\kelly\phases\281",MATCH,74.3,0.2568,"Curious Kelly in final pose in Chair - UI elements will go on the side rails - Copy.png",True
"C:\Users\user\UI-TARS-desktop\public\kelly\phases\281\wisdom.png","wisdom.png","C:\Users\user\UI-TARS-desktop\public\kelly\phases\281",MATCH,76.5,0.2348,"Curious Kelly in final pose in Chair - UI elements will go on the side rails - Copy.png",True
"C:\Users\user\UI-TARS-desktop\public\kelly\phases\282\hook.png","hook.png","C:\Users\user\UI-TARS-desktop\public\kelly\phases\282",MATCH,81.3,0.1873,"Curious Kelly in final pose in Chair - UI elements will go on the side rails - Copy.png",True
"C:\Users\user\UI-TARS-desktop\public\kelly\phases\282\q1.png","q1.png","C:\Users\user\UI-TARS-desktop\public\kelly\phases\282",SUSPICIOUS,49.1,0.5092,"neutral face with hair.png",True
"C:\Users\user\UI-TARS-desktop\public\kelly\phases\282\q2.png","q2.png","C:\Users\user\UI-TARS-desktop\public\kelly\phases\282",MATCH,66.4,0.3363,"slightly turning her head.png",True
"C:\Users\user\UI-TARS-desktop\public\kelly\phases\282\q3.png","q3.png","C:\Users\user\UI-TARS-desktop\public\kelly\phases\282",MATCH,80.2,0.1984,"Curious Kelly in final pose in Chair - UI elements will go on the side rails - Copy.png",True
"C:\Users\user\UI-TARS-desktop\public\kelly\phases\282\wisdom.png","wisdom.png","C:\Users\user\UI-TARS-desktop\public\kelly\phases\282",SUSPICIOUS,60.6,0.3939,"Curious Kelly in final pose in Chair - UI elements will go on the side rails - Copy.png",True
"C:\Users\user\UI-TARS-desktop\public\kelly\phases\283\hook.png","hook.png","C:\Users\user\UI-TARS-desktop\public\kelly\phases\283",MATCH,80.1,0.1989,"head and shoulders without chair.png",True
"C:\Users\user\UI-TARS-desktop\public\kelly\phases\283\q1.png","q1.png","C:\Users\user\UI-TARS-desktop\public\kelly\phases\283",MATCH,73.7,0.2634,"neutral face with hair.png",True
"C:\Users\user\UI-TARS-desktop\public\kelly\phases\283\q2.png","q2.png","C:\Users\user\UI-TARS-desktop\public\kelly\phases\283",MATCH,71.9,0.2812,"head and shoulders without chair.png",True
"C:\Users\user\UI-TARS-desktop\public\kelly\phases\283\q3.png","q3.png","C:\Users\user\UI-TARS-desktop\public\kelly\phases\283",MATCH,79.8,0.2017,"Curious Kelly in final pose in Chair - UI elements will go on the side rails - Copy.png",True
"C:\Users\user\UI-TARS-desktop\public\kelly\phases\283\wisdom.png","wisdom.png","C:\Users\user\UI-TARS-desktop\public\kelly\phases\283",MATCH,68.1,0.3195,"head and shoulders without chair.png",True
"C:\Users\user\UI-TARS-desktop\public\kelly\phases\284\hook.png","hook.png","C:\Users\user\UI-TARS-desktop\public\kelly\phases\284",MATCH,66.4,0.3356,"head and shoulders without chair.png",True
"C:\Users\user\UI-TARS-desktop\public\kelly\phases\284\q1.png","q1.png","C:\Users\user\UI-TARS-desktop\public\kelly\phases\284",SUSPICIOUS,54.5,0.4554,"head and shoulders without chair.png",True
"C:\Users\user\UI-TARS-desktop\public\kelly\phases\284\q2.png","q2.png","C:\Users\user\UI-TARS-desktop\public\kelly\phases\284",MATCH,76.6,0.2342,"Curious Kelly in final pose in Chair - UI elements will go on the side rails - Copy.png",True
"C:\Users\user\UI-TARS-desktop\public\kelly\phases\284\q3.png","q3.png","C:\Users\user\UI-TARS-desktop\public\kelly\phases\284",MATCH,72.8,0.2718,"head and shoulders without chair.png",True
"C:\Users\user\UI-TARS-desktop\public\kelly\phases\284\wisdom.png","wisdom.png","C:\Users\user\UI-TARS-desktop\public\kelly\phases\284",MATCH,65.4,0.3465,"Curious Kelly in final pose in Chair - UI elements will go on the side rails - Copy.png",True
"C:\Users\user\UI-TARS-desktop\public\kelly\phases\285\hook.png","hook.png","C:\Users\user\UI-TARS-desktop\public\kelly\phases\285",MATCH,69.7,0.3027,"Curious Kelly in final pose in Chair - UI elements will go on the side rails - Copy.png",True
"C:\Users\user\UI-TARS-desktop\public\kelly\phases\285\q1.png","q1.png","C:\Users\user\UI-TARS-desktop\public\kelly\phases\285",SUSPICIOUS,46.9,0.5309,"Curious Kelly in final pose in Chair - UI elements will go on the side rails - Copy.png",True
"C:\Users\user\UI-TARS-desktop\public\kelly\phases\285\q2.png","q2.png","C:\Users\user\UI-TARS-desktop\public\kelly\phases\285",MATCH,68.2,0.3175,"Curious Kelly in final pose in Chair - UI elements will go on the side rails - Copy.png",True
"C:\Users\user\UI-TARS-desktop\public\kelly\phases\285\q3.png","q3.png","C:\Users\user\UI-TARS-desktop\public\kelly\phases\285",MATCH,68.3,0.3167,"head and shoulders without chair.png",True
"C:\Users\user\UI-TARS-desktop\public\kelly\phases\285\wisdom.png","wisdom.png","C:\Users\user\UI-TARS-desktop\public\kelly\phases\285",MATCH,69.4,0.3064,"Curious Kelly in final pose in Chair - UI elements will go on the side rails - Copy.png",True
"C:\Users\user\UI-TARS-desktop\public\kelly\phases\286\hook.png","hook.png","C:\Users\user\UI-TARS-desktop\public\kelly\phases\286",MATCH,78.9,0.2108,"neutral face with hair.png",True
"C:\Users\user\UI-TARS-desktop\public\kelly\phases\286\q1.png","q1.png","C:\Users\user\UI-TARS-desktop\public\kelly\phases\286",MATCH,79.7,0.2027,"Curious Kelly in final pose in Chair - UI elements will go on the side rails - Copy.png",True
"C:\Users\user\UI-TARS-desktop\public\kelly\phases\286\q2.png","q2.png","C:\Users\user\UI-TARS-desktop\public\kelly\phases\286",MATCH,77.6,0.2237,"Curious Kelly in final pose in Chair - UI elements will go on the side rails - Copy.png",True
"C:\Users\user\UI-TARS-desktop\public\kelly\phases\286\q3.png","q3.png","C:\Users\user\UI-TARS-desktop\public\kelly\phases\286",SUSPICIOUS,56.7,0.4334,"slightly turning her head.png",True
"C:\Users\user\UI-TARS-desktop\public\kelly\phases\286\wisdom.png","wisdom.png","C:\Users\user\UI-TARS-desktop\public\kelly\phases\286",MATCH,72.9,0.2709,"Curious Kelly in final pose in Chair - UI elements will go on the side rails - Copy.png",True
"C:\Users\user\UI-TARS-desktop\public\kelly\phases\287\hook.png","hook.png","C:\Users\user\UI-TARS-desktop\public\kelly\phases\287",MATCH,74.0,0.2604,"neutral face with hair.png",True
"C:\Users\user\UI-TARS-desktop\public\kelly\phases\287\q1.png","q1.png","C:\Users\user\UI-TARS-desktop\public\kelly\phases\287",MATCH,73.8,0.2618,"neutral face with hair.png",True
"C:\Users\user\UI-TARS-desktop\public\kelly\phases\287\q2.png","q2.png","C:\Users\user\UI-TARS-desktop\public\kelly\phases\287",MATCH,74.4,0.2560,"neutral face with hair.png",True
"C:\Users\user\UI-TARS-desktop\public\kelly\phases\287\q3.png","q3.png","C:\Users\user\UI-TARS-desktop\public\kelly\phases\287",MATCH,77.2,0.2285,"Curious Kelly in final pose in Chair - UI elements will go on the side rails - Copy.png",True
"C:\Users\user\UI-TARS-desktop\public\kelly\phases\287\wisdom.png","wisdom.png","C:\Users\user\UI-TARS-desktop\public\kelly\phases\287",MATCH,82.2,0.1776,"Curious Kelly in final pose in Chair - UI elements will go on the side rails - Copy.png",True
"C:\Users\user\UI-TARS-desktop\public\kelly\phases\288\hook.png","hook.png","C:\Users\user\UI-TARS-desktop\public\kelly\phases\288",MATCH,74.9,0.2506,"head and shoulders without chair.png",True
"C:\Users\user\UI-TARS-desktop\public\kelly\phases\288\q1.png","q1.png","C:\Users\user\UI-TARS-desktop\public\kelly\phases\288",MATCH,64.2,0.3579,"facing to the left.png",True
"C:\Users\user\UI-TARS-desktop\public\kelly\phases\288\q2.png","q2.png","C:\Users\user\UI-TARS-desktop\public\kelly\phases\288",MATCH,77.2,0.2276,"Curious Kelly in final pose in Chair - UI elements will go on the side rails - Copy.png",True
"C:\Users\user\UI-TARS-desktop\public\kelly\phases\288\q3.png","q3.png","C:\Users\user\UI-TARS-desktop\public\kelly\phases\288",MATCH,80.8,0.1915,"Curious Kelly in final pose in Chair - UI elements will go on the side rails - Copy.png",True
"C:\Users\user\UI-TARS-desktop\public\kelly\phases\288\wisdom.png","wisdom.png","C:\Users\user\UI-TARS-desktop\public\kelly\phases\288",MATCH,81.0,0.1897,"Curious Kelly in final pose in Chair - UI elements will go on the side rails - Copy.png",True
"C:\Users\user\UI-TARS-desktop\public\kelly\phases\289\hook.png","hook.png","C:\Users\user\UI-TARS-desktop\public\kelly\phases\289",MATCH,74.3,0.2566,"Curious Kelly in final pose in Chair - UI elements will go on the side rails - Copy.png",True
"C:\Users\user\UI-TARS-desktop\public\kelly\phases\289\q1.png","q1.png","C:\Users\user\UI-TARS-desktop\public\kelly\phases\289",MATCH,72.7,0.2734,"Curious Kelly in final pose in Chair - UI elements will go on the side rails - Copy.png",True
"C:\Users\user\UI-TARS-desktop\public\kelly\phases\289\q2.png","q2.png","C:\Users\user\UI-TARS-desktop\public\kelly\phases\289",MATCH,63.9,0.3615,"Curious Kelly in final pose in Chair - UI elements will go on the side rails - Copy.png",True
"C:\Users\user\UI-TARS-desktop\public\kelly\phases\289\q3.png","q3.png","C:\Users\user\UI-TARS-desktop\public\kelly\phases\289",MATCH,69.6,0.3042,"head and shoulders without chair.png",True
"C:\Users\user\UI-TARS-desktop\public\kelly\phases\289\wisdom.png","wisdom.png","C:\Users\user\UI-TARS-desktop\public\kelly\phases\289",MATCH,69.1,0.3086,"head and shoulders without chair.png",True
"C:\Users\user\UI-TARS-desktop\public\kelly\phases\290\hook.png","hook.png","C:\Users\user\UI-TARS-desktop\public\kelly\phases\290",SUSPICIOUS,54.5,0.4553,"head and shoulders without chair.png",True
"C:\Users\user\UI-TARS-desktop\public\kelly\phases\290\q1.png","q1.png","C:\Users\user\UI-TARS-desktop\public\kelly\phases\290",MATCH,72.4,0.2763,"Curious Kelly in final pose in Chair - UI elements will go on the side rails - Copy.png",True
"C:\Users\user\UI-TARS-desktop\public\kelly\phases\290\q2.png","q2.png","C:\Users\user\UI-TARS-desktop\public\kelly\phases\290",MATCH,72.4,0.2756,"slightly turning her head.png",True
"C:\Users\user\UI-TARS-desktop\public\kelly\phases\290\q3.png","q3.png","C:\Users\user\UI-TARS-desktop\public\kelly\phases\290",MATCH,63.8,0.3618,"head and shoulders without chair.png",True
"C:\Users\user\UI-TARS-desktop\public\kelly\phases\290\wisdom.png","wisdom.png","C:\Users\user\UI-TARS-desktop\public\kelly\phases\290",MATCH,75.3,0.2473,"Curious Kelly in final pose in Chair - UI elements will go on the side rails - Copy.png",True
"C:\Users\user\UI-TARS-desktop\public\kelly\phases\291\hook.png","hook.png","C:\Users\user\UI-TARS-desktop\public\kelly\phases\291",MATCH,66.3,0.3371,"head and shoulders without chair.png",True
"C:\Users\user\UI-TARS-desktop\public\kelly\phases\291\q1.png","q1.png","C:\Users\user\UI-TARS-desktop\public\kelly\phases\291",MATCH,68.5,0.3150,"Curious Kelly in final pose in Chair - UI elements will go on the side rails - Copy.png",True
"C:\Users\user\UI-TARS-desktop\public\kelly\phases\291\q2.png","q2.png","C:\Users\user\UI-TARS-desktop\public\kelly\phases\291",MATCH,72.4,0.2761,"Curious Kelly in final pose in Chair - UI elements will go on the side rails - Copy.png",True
"C:\Users\user\UI-TARS-desktop\public\kelly\phases\291\q3.png","q3.png","C:\Users\user\UI-TARS-desktop\public\kelly\phases\291",MATCH,79.9,0.2010,"Curious Kelly in final pose in Chair - UI elements will go on the side rails - Copy.png",True
"C:\Users\user\UI-TARS-desktop\public\kelly\phases\291\wisdom.png","wisdom.png","C:\Users\user\UI-TARS-desktop\public\kelly\phases\291",MATCH,85.8,0.1424,"Curious Kelly in final pose in Chair - UI elements will go on the side rails - Copy.png",True
"C:\Users\user\UI-TARS-desktop\public\kelly\phases\292\hook.png","hook.png","C:\Users\user\UI-TARS-desktop\public\kelly\phases\292",MATCH,64.8,0.3520,"head and shoulders without chair.png",True
"C:\Users\user\UI-TARS-desktop\public\kelly\phases\292\q1.png","q1.png","C:\Users\user\UI-TARS-desktop\public\kelly\phases\292",MATCH,71.7,0.2826,"neutral face with hair.png",True
"C:\Users\user\UI-TARS-desktop\public\kelly\phases\292\q2.png","q2.png","C:\Users\user\UI-TARS-desktop\public\kelly\phases\292",MATCH,74.4,0.2562,"Curious Kelly in final pose in Chair - UI elements will go on the side rails - Copy.png",True
"C:\Users\user\UI-TARS-desktop\public\kelly\phases\292\q3.png","q3.png","C:\Users\user\UI-TARS-desktop\public\kelly\phases\292",MATCH,75.0,0.2497,"head and shoulders without chair.png",True
"C:\Users\user\UI-TARS-desktop\public\kelly\phases\292\wisdom.png","wisdom.png","C:\Users\user\UI-TARS-desktop\public\kelly\phases\292",MATCH,71.6,0.2842,"head and shoulders without chair.png",True
"C:\Users\user\UI-TARS-desktop\public\kelly\phases\293\hook.png","hook.png","C:\Users\user\UI-TARS-desktop\public\kelly\phases\293",MATCH,75.8,0.2423,"head and shoulders without chair.png",True
"C:\Users\user\UI-TARS-desktop\public\kelly\phases\293\q1.png","q1.png","C:\Users\user\UI-TARS-desktop\public\kelly\phases\293",MATCH,68.7,0.3129,"head and shoulders without chair.png",True
"C:\Users\user\UI-TARS-desktop\public\kelly\phases\293\q2.png","q2.png","C:\Users\user\UI-TARS-desktop\public\kelly\phases\293",MATCH,67.8,0.3217,"Curious Kelly in final pose in Chair - UI elements will go on the side rails - Copy.png",True
"C:\Users\user\UI-TARS-desktop\public\kelly\phases\293\q3.png","q3.png","C:\Users\user\UI-TARS-desktop\public\kelly\phases\293",MATCH,68.6,0.3139,"head and shoulders without chair.png",True
"C:\Users\user\UI-TARS-desktop\public\kelly\phases\293\wisdom.png","wisdom.png","C:\Users\user\UI-TARS-desktop\public\kelly\phases\293",MATCH,73.5,0.2651,"neutral face with hair.png",True
"C:\Users\user\UI-TARS-desktop\public\kelly\phases\294\hook.png","hook.png","C:\Users\user\UI-TARS-desktop\public\kelly\phases\294",MATCH,68.7,0.3133,"head and shoulders without chair.png",True
"C:\Users\user\UI-TARS-desktop\public\kelly\phases\294\q1.png","q1.png","C:\Users\user\UI-TARS-desktop\public\kelly\phases\294",SUSPICIOUS,54.5,0.4549,"neutral face with hair.png",True
"C:\Users\user\UI-TARS-desktop\public\kelly\phases\294\q2.png","q2.png","C:\Users\user\UI-TARS-desktop\public\kelly\phases\294",SUSPICIOUS,60.4,0.3963,"facing to the left.png",True
"C:\Users\user\UI-TARS-desktop\public\kelly\phases\294\q3.png","q3.png","C:\Users\user\UI-TARS-desktop\public\kelly\phases\294",MATCH,81.7,0.1830,"Curious Kelly in final pose in Chair - UI elements will go on the side rails - Copy.png",True
"C:\Users\user\UI-TARS-desktop\public\kelly\phases\294\wisdom.png","wisdom.png","C:\Users\user\UI-TARS-desktop\public\kelly\phases\294",MATCH,64.6,0.3541,"head and shoulders without chair.png",True
"C:\Users\user\UI-TARS-desktop\public\kelly\phases\295\hook.png","hook.png","C:\Users\user\UI-TARS-desktop\public\kelly\phases\295",MATCH,82.8,0.1722,"head and shoulders without chair.png",True
"C:\Users\user\UI-TARS-desktop\public\kelly\phases\295\q1.png","q1.png","C:\Users\user\UI-TARS-desktop\public\kelly\phases\295",SUSPICIOUS,52.2,0.4780,"neutral face with hair.png",True
"C:\Users\user\UI-TARS-desktop\public\kelly\phases\295\q2.png","q2.png","C:\Users\user\UI-TARS-desktop\public\kelly\phases\295",SUSPICIOUS,60.3,0.3970,"head and shoulders without chair.png",True
"C:\Users\user\UI-TARS-desktop\public\kelly\phases\295\q3.png","q3.png","C:\Users\user\UI-TARS-desktop\public\kelly\phases\295",MATCH,70.0,0.2996,"facing to the left.png",True
"C:\Users\user\UI-TARS-desktop\public\kelly\phases\295\wisdom.png","wisdom.png","C:\Users\user\UI-TARS-desktop\public\kelly\phases\295",MATCH,65.1,0.3485,"head and shoulders without chair.png",True
"C:\Users\user\UI-TARS-desktop\public\kelly\phases\296\hook.png","hook.png","C:\Users\user\UI-TARS-desktop\public\kelly\phases\296",MATCH,71.3,0.2870,"head and shoulders without chair.png",True
"C:\Users\user\UI-TARS-desktop\public\kelly\phases\296\q1.png","q1.png","C:\Users\user\UI-TARS-desktop\public\kelly\phases\296",MATCH,68.5,0.3147,"facing to the left.png",True
"C:\Users\user\UI-TARS-desktop\public\kelly\phases\296\q2.png","q2.png","C:\Users\user\UI-TARS-desktop\public\kelly\phases\296",MATCH,77.9,0.2207,"head and shoulders without chair.png",True
"C:\Users\user\UI-TARS-desktop\public\kelly\phases\296\q3.png","q3.png","C:\Users\user\UI-TARS-desktop\public\kelly\phases\296",MATCH,75.8,0.2424,"Curious Kelly in final pose in Chair - UI elements will go on the side rails - Copy.png",True
"C:\Users\user\UI-TARS-desktop\public\kelly\phases\296\wisdom.png","wisdom.png","C:\Users\user\UI-TARS-desktop\public\kelly\phases\296",MATCH,66.2,0.3384,"head and shoulders without chair.png",True
"C:\Users\user\UI-TARS-desktop\public\kelly\phases\297\hook.png","hook.png","C:\Users\user\UI-TARS-desktop\public\kelly\phases\297",SUSPICIOUS,58.7,0.4134,"neutral face with hair.png",True
"C:\Users\user\UI-TARS-desktop\public\kelly\phases\297\q1.png","q1.png","C:\Users\user\UI-TARS-desktop\public\kelly\phases\297",MATCH,64.1,0.3588,"head and shoulders without chair.png",True
"C:\Users\user\UI-TARS-desktop\public\kelly\phases\297\q2.png","q2.png","C:\Users\user\UI-TARS-desktop\public\kelly\phases\297",MATCH,71.7,0.2833,"Curious Kelly in final pose in Chair - UI elements will go on the side rails - Copy.png",True
"C:\Users\user\UI-TARS-desktop\public\kelly\phases\297\q3.png","q3.png","C:\Users\user\UI-TARS-desktop\public\kelly\phases\297",MATCH,71.4,0.2864,"neutral face with hair.png",True
"C:\Users\user\UI-TARS-desktop\public\kelly\phases\297\wisdom.png","wisdom.png","C:\Users\user\UI-TARS-desktop\public\kelly\phases\297",MATCH,75.5,0.2451,"head and shoulders without chair.png",True
"C:\Users\user\UI-TARS-desktop\public\kelly\phases\298\hook.png","hook.png","C:\Users\user\UI-TARS-desktop\public\kelly\phases\298",MATCH,70.5,0.2953,"head and shoulders without chair.png",True
"C:\Users\user\UI-TARS-desktop\public\kelly\phases\298\q1.png","q1.png","C:\Users\user\UI-TARS-desktop\public\kelly\phases\298",MATCH,75.0,0.2495,"Curious Kelly in final pose in Chair - UI elements will go on the side rails - Copy.png",True
"C:\Users\user\UI-TARS-desktop\public\kelly\phases\298\q2.png","q2.png","C:\Users\user\UI-TARS-desktop\public\kelly\phases\298",SUSPICIOUS,61.0,0.3895,"Curious Kelly in final pose in Chair - UI elements will go on the side rails - Copy.png",True
"C:\Users\user\UI-TARS-desktop\public\kelly\phases\298\q3.png","q3.png","C:\Users\user\UI-TARS-desktop\public\kelly\phases\298",MATCH,78.0,0.2201,"Curious Kelly in final pose in Chair - UI elements will go on the side rails - Copy.png",True
"C:\Users\user\UI-TARS-desktop\public\kelly\phases\298\wisdom.png","wisdom.png","C:\Users\user\UI-TARS-desktop\public\kelly\phases\298",MATCH,77.2,0.2282,"Curious Kelly in final pose in Chair - UI elements will go on the side rails - Copy.png",True
"C:\Users\user\UI-TARS-desktop\public\kelly\phases\299\hook.png","hook.png","C:\Users\user\UI-TARS-desktop\public\kelly\phases\299",MATCH,73.3,0.2666,"head and shoulders without chair.png",True
"C:\Users\user\UI-TARS-desktop\public\kelly\phases\299\q1.png","q1.png","C:\Users\user\UI-TARS-desktop\public\kelly\phases\299",MATCH,65.9,0.3410,"Curious Kelly in final pose in Chair - UI elements will go on the side rails - Copy.png",True
"C:\Users\user\UI-TARS-desktop\public\kelly\phases\299\q2.png","q2.png","C:\Users\user\UI-TARS-desktop\public\kelly\phases\299",SUSPICIOUS,60.1,0.3986,"neutral face with hair.png",True
"C:\Users\user\UI-TARS-desktop\public\kelly\phases\299\q3.png","q3.png","C:\Users\user\UI-TARS-desktop\public\kelly\phases\299",MATCH,80.1,0.1987,"Curious Kelly in final pose in Chair - UI elements will go on the side rails - Copy.png",True
"C:\Users\user\UI-TARS-desktop\public\kelly\phases\299\wisdom.png","wisdom.png","C:\Users\user\UI-TARS-desktop\public\kelly\phases\299",MATCH,75.1,0.2493,"head and shoulders without chair.png",True
"C:\Users\user\UI-TARS-desktop\public\kelly\phases\300\hook.png","hook.png","C:\Users\user\UI-TARS-desktop\public\kelly\phases\300",MATCH,73.3,0.2669,"Curious Kelly in final pose in Chair - UI elements will go on the side rails - Copy.png",True
"C:\Users\user\UI-TARS-desktop\public\kelly\phases\300\q1.png","q1.png","C:\Users\user\UI-TARS-desktop\public\kelly\phases\300",MATCH,79.4,0.2057,"Curious Kelly in final pose in Chair - UI elements will go on the side rails - Copy.png",True
"C:\Users\user\UI-TARS-desktop\public\kelly\phases\300\q2.png","q2.png","C:\Users\user\UI-TARS-desktop\public\kelly\phases\300",MATCH,72.2,0.2778,"slightly turning her head.png",True
"C:\Users\user\UI-TARS-desktop\public\kelly\phases\300\q3.png","q3.png","C:\Users\user\UI-TARS-desktop\public\kelly\phases\300",MATCH,70.5,0.2953,"Curious Kelly in final pose in Chair - UI elements will go on the side rails - Copy.png",True
"C:\Users\user\UI-TARS-desktop\public\kelly\phases\300\wisdom.png","wisdom.png","C:\Users\user\UI-TARS-desktop\public\kelly\phases\300",MATCH,73.9,0.2610,"head and shoulders without chair.png",True
"C:\Users\user\UI-TARS-desktop\public\kelly\phases\301\hook.png","hook.png","C:\Users\user\UI-TARS-desktop\public\kelly\phases\301",MATCH,87.6,0.1241,"Curious Kelly in final pose in Chair - UI elements will go on the side rails - Copy.png",True
"C:\Users\user\UI-TARS-desktop\public\kelly\phases\301\q1.png","q1.png","C:\Users\user\UI-TARS-desktop\public\kelly\phases\301",SUSPICIOUS,55.4,0.4464,"Curious Kelly in final pose in Chair - UI elements will go on the side rails - Copy.png",True
"C:\Users\user\UI-TARS-desktop\public\kelly\phases\301\q2.png","q2.png","C:\Users\user\UI-TARS-desktop\public\kelly\phases\301",MATCH,70.6,0.2938,"Curious Kelly in final pose in Chair - UI elements will go on the side rails - Copy.png",True
"C:\Users\user\UI-TARS-desktop\public\kelly\phases\301\q3.png","q3.png","C:\Users\user\UI-TARS-desktop\public\kelly\phases\301",MATCH,77.6,0.2241,"Curious Kelly in final pose in Chair - UI elements will go on the side rails - Copy.png",True
"C:\Users\user\UI-TARS-desktop\public\kelly\phases\301\wisdom.png","wisdom.png","C:\Users\user\UI-TARS-desktop\public\kelly\phases\301",MATCH,71.5,0.2849,"neutral face with hair.png",True
"C:\Users\user\UI-TARS-desktop\public\kelly\phases\302\hook.png","hook.png","C:\Users\user\UI-TARS-desktop\public\kelly\phases\302",MATCH,79.8,0.2019,"Curious Kelly in final pose in Chair - UI elements will go on the side rails - Copy.png",True
"C:\Users\user\UI-TARS-desktop\public\kelly\phases\302\q1.png","q1.png","C:\Users\user\UI-TARS-desktop\public\kelly\phases\302",MATCH,74.4,0.2561,"head and shoulders without chair.png",True
"C:\Users\user\UI-TARS-desktop\public\kelly\phases\302\q2.png","q2.png","C:\Users\user\UI-TARS-desktop\public\kelly\phases\302",MATCH,63.4,0.3657,"head and shoulders without chair.png",True
"C:\Users\user\UI-TARS-desktop\public\kelly\phases\302\q3.png","q3.png","C:\Users\user\UI-TARS-desktop\public\kelly\phases\302",MATCH,79.3,0.2071,"Curious Kelly in final pose in Chair - UI elements will go on the side rails - Copy.png",True
"C:\Users\user\UI-TARS-desktop\public\kelly\phases\302\wisdom.png","wisdom.png","C:\Users\user\UI-TARS-desktop\public\kelly\phases\302",MATCH,69.0,0.3105,"Curious Kelly in final pose in Chair - UI elements will go on the side rails - Copy.png",True
"C:\Users\user\UI-TARS-desktop\public\kelly\phases\303\hook.png","hook.png","C:\Users\user\UI-TARS-desktop\public\kelly\phases\303",MATCH,67.5,0.3254,"Curious Kelly in final pose in Chair - UI elements will go on the side rails - Copy.png",True
"C:\Users\user\UI-TARS-desktop\public\kelly\phases\303\q1.png","q1.png","C:\Users\user\UI-TARS-desktop\public\kelly\phases\303",SUSPICIOUS,55.3,0.4470,"neutral face with hair.png",True
"C:\Users\user\UI-TARS-desktop\public\kelly\phases\303\q2.png","q2.png","C:\Users\user\UI-TARS-desktop\public\kelly\phases\303",MATCH,73.8,0.2623,"Curious Kelly in final pose in Chair - UI elements will go on the side rails - Copy.png",True
"C:\Users\user\UI-TARS-desktop\public\kelly\phases\303\q3.png","q3.png","C:\Users\user\UI-TARS-desktop\public\kelly\phases\303",MATCH,77.8,0.2217,"head and shoulders without chair.png",True
"C:\Users\user\UI-TARS-desktop\public\kelly\phases\303\wisdom.png","wisdom.png","C:\Users\user\UI-TARS-desktop\public\kelly\phases\303",MATCH,70.6,0.2939,"head and shoulders without chair.png",True
"C:\Users\user\UI-TARS-desktop\public\kelly\phases\304\hook.png","hook.png","C:\Users\user\UI-TARS-desktop\public\kelly\phases\304",MATCH,74.0,0.2603,"head and shoulders without chair.png",True
"C:\Users\user\UI-TARS-desktop\public\kelly\phases\304\q1.png","q1.png","C:\Users\user\UI-TARS-desktop\public\kelly\phases\304",SUSPICIOUS,57.8,0.4218,"head and shoulders without chair.png",True
"C:\Users\user\UI-TARS-desktop\public\kelly\phases\304\q2.png","q2.png","C:\Users\user\UI-TARS-desktop\public\kelly\phases\304",MATCH,76.1,0.2386,"head and shoulders without chair.png",True
"C:\Users\user\UI-TARS-desktop\public\kelly\phases\304\q3.png","q3.png","C:\Users\user\UI-TARS-desktop\public\kelly\phases\304",MATCH,85.4,0.1457,"Curious Kelly in final pose in Chair - UI elements will go on the side rails - Copy.png",True
"C:\Users\user\UI-TARS-desktop\public\kelly\phases\304\wisdom.png","wisdom.png","C:\Users\user\UI-TARS-desktop\public\kelly\phases\304",MATCH,67.9,0.3208,"head and shoulders without chair.png",True
"C:\Users\user\UI-TARS-desktop\public\kelly\phases\305\hook.png","hook.png","C:\Users\user\UI-TARS-desktop\public\kelly\phases\305",MATCH,70.9,0.2910,"Curious Kelly in final pose in Chair - UI elements will go on the side rails - Copy.png",True
"C:\Users\user\UI-TARS-desktop\public\kelly\phases\305\q1.png","q1.png","C:\Users\user\UI-TARS-desktop\public\kelly\phases\305",MATCH,80.3,0.1970,"Curious Kelly in final pose in Chair - UI elements will go on the side rails - Copy.png",True
"C:\Users\user\UI-TARS-desktop\public\kelly\phases\305\q2.png","q2.png","C:\Users\user\UI-TARS-desktop\public\kelly\phases\305",MATCH,78.2,0.2181,"Curious Kelly in final pose in Chair - UI elements will go on the side rails - Copy.png",True
"C:\Users\user\UI-TARS-desktop\public\kelly\phases\305\q3.png","q3.png","C:\Users\user\UI-TARS-desktop\public\kelly\phases\305",MATCH,79.3,0.2074,"neutral face with hair.png",True
"C:\Users\user\UI-TARS-desktop\public\kelly\phases\305\wisdom.png","wisdom.png","C:\Users\user\UI-TARS-desktop\public\kelly\phases\305",MATCH,82.0,0.1801,"Curious Kelly in final pose in Chair - UI elements will go on the side rails - Copy.png",True
"C:\Users\user\UI-TARS-desktop\public\kelly\phases\306\hook.png","hook.png","C:\Users\user\UI-TARS-desktop\public\kelly\phases\306",MATCH,74.7,0.2528,"Curious Kelly in final pose in Chair - UI elements will go on the side rails - Copy.png",True
"C:\Users\user\UI-TARS-desktop\public\kelly\phases\306\q1.png","q1.png","C:\Users\user\UI-TARS-desktop\public\kelly\phases\306",SUSPICIOUS,48.1,0.5189,"Curious Kelly in final pose in Chair - UI elements will go on the side rails - Copy.png",True
"C:\Users\user\UI-TARS-desktop\public\kelly\phases\306\q2.png","q2.png","C:\Users\user\UI-TARS-desktop\public\kelly\phases\306",MATCH,69.0,0.3099,"head and shoulders without chair.png",True
"C:\Users\user\UI-TARS-desktop\public\kelly\phases\306\q3.png","q3.png","C:\Users\user\UI-TARS-desktop\public\kelly\phases\306",MATCH,71.9,0.2807,"head and shoulders without chair.png",True
"C:\Users\user\UI-TARS-desktop\public\kelly\phases\306\wisdom.png","wisdom.png","C:\Users\user\UI-TARS-desktop\public\kelly\phases\306",MATCH,76.9,0.2313,"Curious Kelly in final pose in Chair - UI elements will go on the side rails - Copy.png",True
"C:\Users\user\UI-TARS-desktop\public\kelly\phases\307\hook.png","hook.png","C:\Users\user\UI-TARS-desktop\public\kelly\phases\307",MATCH,64.5,0.3553,"head and shoulders without chair.png",True
"C:\Users\user\UI-TARS-desktop\public\kelly\phases\307\q1.png","q1.png","C:\Users\user\UI-TARS-desktop\public\kelly\phases\307",MATCH,74.5,0.2548,"head and shoulders without chair.png",True
"C:\Users\user\UI-TARS-desktop\public\kelly\phases\307\q2.png","q2.png","C:\Users\user\UI-TARS-desktop\public\kelly\phases\307",MATCH,68.7,0.3126,"Curious Kelly in final pose in Chair - UI elements will go on the side rails - Copy.png",True
"C:\Users\user\UI-TARS-desktop\public\kelly\phases\307\q3.png","q3.png","C:\Users\user\UI-TARS-desktop\public\kelly\phases\307",MATCH,66.7,0.3332,"head and shoulders without chair.png",True
"C:\Users\user\UI-TARS-desktop\public\kelly\phases\307\wisdom.png","wisdom.png","C:\Users\user\UI-TARS-desktop\public\kelly\phases\307",MATCH,73.5,0.2651,"neutral face with hair.png",True
"C:\Users\user\UI-TARS-desktop\public\kelly\phases\308\hook.png","hook.png","C:\Users\user\UI-TARS-desktop\public\kelly\phases\308",MATCH,71.9,0.2806,"Curious Kelly in final pose in Chair - UI elements will go on the side rails - Copy.png",True
"C:\Users\user\UI-TARS-desktop\public\kelly\phases\308\q1.png","q1.png","C:\Users\user\UI-TARS-desktop\public\kelly\phases\308",MATCH,69.8,0.3016,"neutral face with hair.png",True
"C:\Users\user\UI-TARS-desktop\public\kelly\phases\308\q2.png","q2.png","C:\Users\user\UI-TARS-desktop\public\kelly\phases\308",MATCH,70.4,0.2957,"head and shoulders without chair.png",True
"C:\Users\user\UI-TARS-desktop\public\kelly\phases\308\q3.png","q3.png","C:\Users\user\UI-TARS-desktop\public\kelly\phases\308",MATCH,66.7,0.3328,"head and shoulders without chair.png",True
"C:\Users\user\UI-TARS-desktop\public\kelly\phases\308\wisdom.png","wisdom.png","C:\Users\user\UI-TARS-desktop\public\kelly\phases\308",MATCH,72.9,0.2708,"Curious Kelly in final pose in Chair - UI elements will go on the side rails - Copy.png",True
"C:\Users\user\UI-TARS-desktop\public\kelly\phases\309\hook.png","hook.png","C:\Users\user\UI-TARS-desktop\public\kelly\phases\309",MATCH,62.2,0.3777,"neutral face with hair.png",True
"C:\Users\user\UI-TARS-desktop\public\kelly\phases\309\q1.png","q1.png","C:\Users\user\UI-TARS-desktop\public\kelly\phases\309",NO_MATCH,43.3,0.5674,"Curious Kelly in final pose in Chair - UI elements will go on the side rails - Copy.png",True
"C:\Users\user\UI-TARS-desktop\public\kelly\phases\309\q2.png","q2.png","C:\Users\user\UI-TARS-desktop\public\kelly\phases\309",MATCH,70.6,0.2935,"Curious Kelly in final pose in Chair - UI elements will go on the side rails - Copy.png",True
"C:\Users\user\UI-TARS-desktop\public\kelly\phases\309\q3.png","q3.png","C:\Users\user\UI-TARS-desktop\public\kelly\phases\309",MATCH,79.6,0.2041,"Curious Kelly in final pose in Chair - UI elements will go on the side rails - Copy.png",True
"C:\Users\user\UI-TARS-desktop\public\kelly\phases\309\wisdom.png","wisdom.png","C:\Users\user\UI-TARS-desktop\public\kelly\phases\309",MATCH,68.9,0.3109,"head and shoulders without chair.png",True
"C:\Users\user\UI-TARS-desktop\public\kelly\phases\310\hook.png","hook.png","C:\Users\user\UI-TARS-desktop\public\kelly\phases\310",MATCH,72.2,0.2782,"Curious Kelly in final pose in Chair - UI elements will go on the side rails - Copy.png",True
"C:\Users\user\UI-TARS-desktop\public\kelly\phases\310\q1.png","q1.png","C:\Users\user\UI-TARS-desktop\public\kelly\phases\310",MATCH,68.0,0.3199,"head and shoulders without chair.png",True
"C:\Users\user\UI-TARS-desktop\public\kelly\phases\310\q2.png","q2.png","C:\Users\user\UI-TARS-desktop\public\kelly\phases\310",MATCH,80.0,0.1998,"neutral face with hair.png",True
"C:\Users\user\UI-TARS-desktop\public\kelly\phases\310\q3.png","q3.png","C:\Users\user\UI-TARS-desktop\public\kelly\phases\310",MATCH,76.3,0.2374,"Curious Kelly in final pose in Chair - UI elements will go on the side rails - Copy.png",True
"C:\Users\user\UI-TARS-desktop\public\kelly\phases\310\wisdom.png","wisdom.png","C:\Users\user\UI-TARS-desktop\public\kelly\phases\310",MATCH,77.7,0.2229,"Curious Kelly in final pose in Chair - UI elements will go on the side rails - Copy.png",True
"C:\Users\user\UI-TARS-desktop\public\kelly\phases\311\hook.png","hook.png","C:\Users\user\UI-TARS-desktop\public\kelly\phases\311",MATCH,80.6,0.1943,"Curious Kelly in final pose in Chair - UI elements will go on the side rails - Copy.png",True
"C:\Users\user\UI-TARS-desktop\public\kelly\phases\311\q1.png","q1.png","C:\Users\user\UI-TARS-desktop\public\kelly\phases\311",MATCH,69.4,0.3061,"head and shoulders without chair.png",True
"C:\Users\user\UI-TARS-desktop\public\kelly\phases\311\q2.png","q2.png","C:\Users\user\UI-TARS-desktop\public\kelly\phases\311",MATCH,69.4,0.3055,"Curious Kelly in final pose in Chair - UI elements will go on the side rails - Copy.png",True
"C:\Users\user\UI-TARS-desktop\public\kelly\phases\311\q3.png","q3.png","C:\Users\user\UI-TARS-desktop\public\kelly\phases\311",MATCH,61.9,0.3805,"Curious Kelly in final pose in Chair - UI elements will go on the side rails - Copy.png",True
"C:\Users\user\UI-TARS-desktop\public\kelly\phases\311\wisdom.png","wisdom.png","C:\Users\user\UI-TARS-desktop\public\kelly\phases\311",MATCH,71.5,0.2850,"Curious Kelly in final pose in Chair - UI elements will go on the side rails - Copy.png",True
"C:\Users\user\UI-TARS-desktop\public\kelly\phases\312\hook.png","hook.png","C:\Users\user\UI-TARS-desktop\public\kelly\phases\312",MATCH,68.2,0.3177,"Curious Kelly in final pose in Chair - UI elements will go on the side rails - Copy.png",True
"C:\Users\user\UI-TARS-desktop\public\kelly\phases\312\q1.png","q1.png","C:\Users\user\UI-TARS-desktop\public\kelly\phases\312",SUSPICIOUS,57.7,0.4226,"Curious Kelly in final pose in Chair - UI elements will go on the side rails - Copy.png",True
"C:\Users\user\UI-TARS-desktop\public\kelly\phases\312\q2.png","q2.png","C:\Users\user\UI-TARS-desktop\public\kelly\phases\312",MATCH,68.9,0.3108,"head and shoulders without chair.png",True
"C:\Users\user\UI-TARS-desktop\public\kelly\phases\312\q3.png","q3.png","C:\Users\user\UI-TARS-desktop\public\kelly\phases\312",MATCH,78.5,0.2145,"head and shoulders without chair.png",True
"C:\Users\user\UI-TARS-desktop\public\kelly\phases\312\wisdom.png","wisdom.png","C:\Users\user\UI-TARS-desktop\public\kelly\phases\312",MATCH,75.8,0.2423,"Curious Kelly in final pose in Chair - UI elements will go on the side rails - Copy.png",True
"C:\Users\user\UI-TARS-desktop\public\kelly\phases\313\hook.png","hook.png","C:\Users\user\UI-TARS-desktop\public\kelly\phases\313",SUSPICIOUS,58.0,0.4199,"neutral face with hair.png",True
"C:\Users\user\UI-TARS-desktop\public\kelly\phases\313\q1.png","q1.png","C:\Users\user\UI-TARS-desktop\public\kelly\phases\313",SUSPICIOUS,60.8,0.3920,"head and shoulders without chair.png",True
"C:\Users\user\UI-TARS-desktop\public\kelly\phases\313\q2.png","q2.png","C:\Users\user\UI-TARS-desktop\public\kelly\phases\313",MATCH,65.7,0.3428,"head and shoulders without chair.png",True
"C:\Users\user\UI-TARS-desktop\public\kelly\phases\313\q3.png","q3.png","C:\Users\user\UI-TARS-desktop\public\kelly\phases\313",SUSPICIOUS,58.0,0.4204,"Curious Kelly in final pose in Chair - UI elements will go on the side rails - Copy.png",True
"C:\Users\user\UI-TARS-desktop\public\kelly\phases\313\wisdom.png","wisdom.png","C:\Users\user\UI-TARS-desktop\public\kelly\phases\313",MATCH,85.3,0.1471,"Curious Kelly in final pose in Chair - UI elements will go on the side rails - Copy.png",True
"C:\Users\user\UI-TARS-desktop\public\kelly\phases\314\hook.png","hook.png","C:\Users\user\UI-TARS-desktop\public\kelly\phases\314",MATCH,73.9,0.2608,"Curious Kelly in final pose in Chair - UI elements will go on the side rails - Copy.png",True
"C:\Users\user\UI-TARS-desktop\public\kelly\phases\314\q1.png","q1.png","C:\Users\user\UI-TARS-desktop\public\kelly\phases\314",MATCH,71.7,0.2834,"Curious Kelly in final pose in Chair - UI elements will go on the side rails - Copy.png",True
"C:\Users\user\UI-TARS-desktop\public\kelly\phases\314\q2.png","q2.png","C:\Users\user\UI-TARS-desktop\public\kelly\phases\314",SUSPICIOUS,47.3,0.5270,"neutral face with hair.png",True
"C:\Users\user\UI-TARS-desktop\public\kelly\phases\314\q3.png","q3.png","C:\Users\user\UI-TARS-desktop\public\kelly\phases\314",MATCH,83.8,0.1625,"Curious Kelly in final pose in Chair - UI elements will go on the side rails - Copy.png",True
"C:\Users\user\UI-TARS-desktop\public\kelly\phases\314\wisdom.png","wisdom.png","C:\Users\user\UI-TARS-desktop\public\kelly\phases\314",SUSPICIOUS,49.5,0.5049,"neutral face with hair.png",True
"C:\Users\user\UI-TARS-desktop\public\kelly\phases\315\hook.png","hook.png","C:\Users\user\UI-TARS-desktop\public\kelly\phases\315",MATCH,77.7,0.2232,"Curious Kelly in final pose in Chair - UI elements will go on the side rails - Copy.png",True
"C:\Users\user\UI-TARS-desktop\public\kelly\phases\315\q1.png","q1.png","C:\Users\user\UI-TARS-desktop\public\kelly\phases\315",MATCH,68.9,0.3113,"head and shoulders without chair.png",True
"C:\Users\user\UI-TARS-desktop\public\kelly\phases\315\q2.png","q2.png","C:\Users\user\UI-TARS-desktop\public\kelly\phases\315",MATCH,66.6,0.3335,"Curious Kelly in final pose in Chair - UI elements will go on the side rails - Copy.png",True
"C:\Users\user\UI-TARS-desktop\public\kelly\phases\315\q3.png","q3.png","C:\Users\user\UI-TARS-desktop\public\kelly\phases\315",MATCH,83.7,0.1633,"Curious Kelly in final pose in Chair - UI elements will go on the side rails - Copy.png",True
"C:\Users\user\UI-TARS-desktop\public\kelly\phases\315\wisdom.png","wisdom.png","C:\Users\user\UI-TARS-desktop\public\kelly\phases\315",MATCH,74.2,0.2585,"head and shoulders without chair.png",True
"C:\Users\user\UI-TARS-desktop\public\kelly\phases\316\hook.png","hook.png","C:\Users\user\UI-TARS-desktop\public\kelly\phases\316",SUSPICIOUS,60.8,0.3921,"Curious Kelly in final pose in Chair - UI elements will go on the side rails - Copy.png",True
"C:\Users\user\UI-TARS-desktop\public\kelly\phases\316\q1.png","q1.png","C:\Users\user\UI-TARS-desktop\public\kelly\phases\316",SUSPICIOUS,54.3,0.4570,"head and shoulders without chair.png",True
"C:\Users\user\UI-TARS-desktop\public\kelly\phases\316\q2.png","q2.png","C:\Users\user\UI-TARS-desktop\public\kelly\phases\316",MATCH,67.9,0.3206,"neutral face with hair.png",True
"C:\Users\user\UI-TARS-desktop\public\kelly\phases\316\q3.png","q3.png","C:\Users\user\UI-TARS-desktop\public\kelly\phases\316",MATCH,66.6,0.3339,"neutral face with hair.png",True
"C:\Users\user\UI-TARS-desktop\public\kelly\phases\316\wisdom.png","wisdom.png","C:\Users\user\UI-TARS-desktop\public\kelly\phases\316",MATCH,81.7,0.1832,"Curious Kelly in final pose in Chair - UI elements will go on the side rails - Copy.png",True
"C:\Users\user\UI-TARS-desktop\public\kelly\phases\317\hook.png","hook.png","C:\Users\user\UI-TARS-desktop\public\kelly\phases\317",MATCH,77.9,0.2205,"Curious Kelly in final pose in Chair - UI elements will go on the side rails - Copy.png",True
"C:\Users\user\UI-TARS-desktop\public\kelly\phases\317\q1.png","q1.png","C:\Users\user\UI-TARS-desktop\public\kelly\phases\317",MATCH,70.7,0.2931,"head and shoulders without chair.png",True
"C:\Users\user\UI-TARS-desktop\public\kelly\phases\317\q2.png","q2.png","C:\Users\user\UI-TARS-desktop\public\kelly\phases\317",MATCH,73.6,0.2641,"head and shoulders without chair.png",True
"C:\Users\user\UI-TARS-desktop\public\kelly\phases\317\q3.png","q3.png","C:\Users\user\UI-TARS-desktop\public\kelly\phases\317",MATCH,79.0,0.2100,"Curious Kelly in final pose in Chair - UI elements will go on the side rails - Copy.png",True
"C:\Users\user\UI-TARS-desktop\public\kelly\phases\317\wisdom.png","wisdom.png","C:\Users\user\UI-TARS-desktop\public\kelly\phases\317",MATCH,69.2,0.3081,"Curious Kelly in final pose in Chair - UI elements will go on the side rails - Copy.png",True
"C:\Users\user\UI-TARS-desktop\public\kelly\phases\318\hook.png","hook.png","C:\Users\user\UI-TARS-desktop\public\kelly\phases\318",MATCH,70.9,0.2908,"neutral face with hair.png",True
"C:\Users\user\UI-TARS-desktop\public\kelly\phases\318\q1.png","q1.png","C:\Users\user\UI-TARS-desktop\public\kelly\phases\318",MATCH,70.2,0.2985,"neutral face with hair.png",True
"C:\Users\user\UI-TARS-desktop\public\kelly\phases\318\q2.png","q2.png","C:\Users\user\UI-TARS-desktop\public\kelly\phases\318",MATCH,77.5,0.2251,"Curious Kelly in final pose in Chair - UI elements will go on the side rails - Copy.png",True
"C:\Users\user\UI-TARS-desktop\public\kelly\phases\318\q3.png","q3.png","C:\Users\user\UI-TARS-desktop\public\kelly\phases\318",MATCH,68.5,0.3152,"neutral face with hair.png",True
"C:\Users\user\UI-TARS-desktop\public\kelly\phases\318\wisdom.png","wisdom.png","C:\Users\user\UI-TARS-desktop\public\kelly\phases\318",MATCH,65.1,0.3492,"Curious Kelly in final pose in Chair - UI elements will go on the side rails - Copy.png",True
"C:\Users\user\UI-TARS-desktop\public\kelly\phases\319\hook.png","hook.png","C:\Users\user\UI-TARS-desktop\public\kelly\phases\319",MATCH,80.6,0.1938,"Curious Kelly in final pose in Chair - UI elements will go on the side rails - Copy.png",True
"C:\Users\user\UI-TARS-desktop\public\kelly\phases\319\q1.png","q1.png","C:\Users\user\UI-TARS-desktop\public\kelly\phases\319",NO_MATCH,40.1,0.5993,"profile of kelly.png",True
"C:\Users\user\UI-TARS-desktop\public\kelly\phases\319\q2.png","q2.png","C:\Users\user\UI-TARS-desktop\public\kelly\phases\319",MATCH,64.9,0.3507,"Curious Kelly in final pose in Chair - UI elements will go on the side rails - Copy.png",True
"C:\Users\user\UI-TARS-desktop\public\kelly\phases\319\q3.png","q3.png","C:\Users\user\UI-TARS-desktop\public\kelly\phases\319",MATCH,76.5,0.2349,"head and shoulders without chair.png",True
"C:\Users\user\UI-TARS-desktop\public\kelly\phases\319\wisdom.png","wisdom.png","C:\Users\user\UI-TARS-desktop\public\kelly\phases\319",MATCH,73.3,0.2672,"neutral face with hair.png",True
"C:\Users\user\UI-TARS-desktop\public\kelly\phases\320\hook.png","hook.png","C:\Users\user\UI-TARS-desktop\public\kelly\phases\320",MATCH,70.1,0.2985,"head and shoulders without chair.png",True
"C:\Users\user\UI-TARS-desktop\public\kelly\phases\320\q1.png","q1.png","C:\Users\user\UI-TARS-desktop\public\kelly\phases\320",MATCH,71.8,0.2821,"Curious Kelly in final pose in Chair - UI elements will go on the side rails - Copy.png",True
"C:\Users\user\UI-TARS-desktop\public\kelly\phases\320\q2.png","q2.png","C:\Users\user\UI-TARS-desktop\public\kelly\phases\320",MATCH,67.7,0.3228,"neutral face with hair.png",True
"C:\Users\user\UI-TARS-desktop\public\kelly\phases\320\q3.png","q3.png","C:\Users\user\UI-TARS-desktop\public\kelly\phases\320",SUSPICIOUS,58.6,0.4138,"head and shoulders without chair.png",True
"C:\Users\user\UI-TARS-desktop\public\kelly\phases\320\wisdom.png","wisdom.png","C:\Users\user\UI-TARS-desktop\public\kelly\phases\320",MATCH,76.4,0.2358,"Curious Kelly in final pose in Chair - UI elements will go on the side rails - Copy.png",True
"C:\Users\user\UI-TARS-desktop\public\kelly\phases\321\hook.png","hook.png","C:\Users\user\UI-TARS-desktop\public\kelly\phases\321",SUSPICIOUS,55.2,0.4481,"head and shoulders without chair.png",True
"C:\Users\user\UI-TARS-desktop\public\kelly\phases\321\q1.png","q1.png","C:\Users\user\UI-TARS-desktop\public\kelly\phases\321",MATCH,69.8,0.3023,"head and shoulders without chair.png",True
"C:\Users\user\UI-TARS-desktop\public\kelly\phases\321\q2.png","q2.png","C:\Users\user\UI-TARS-desktop\public\kelly\phases\321",MATCH,76.1,0.2385,"Curious Kelly in final pose in Chair - UI elements will go on the side rails - Copy.png",True
"C:\Users\user\UI-TARS-desktop\public\kelly\phases\321\q3.png","q3.png","C:\Users\user\UI-TARS-desktop\public\kelly\phases\321",MATCH,85.9,0.1414,"Curious Kelly in final pose in Chair - UI elements will go on the side rails - Copy.png",True
"C:\Users\user\UI-TARS-desktop\public\kelly\phases\321\wisdom.png","wisdom.png","C:\Users\user\UI-TARS-desktop\public\kelly\phases\321",MATCH,73.8,0.2624,"head and shoulders without chair.png",True
"C:\Users\user\UI-TARS-desktop\public\kelly\phases\322\hook.png","hook.png","C:\Users\user\UI-TARS-desktop\public\kelly\phases\322",MATCH,69.1,0.3086,"neutral face with hair.png",True
"C:\Users\user\UI-TARS-desktop\public\kelly\phases\322\q1.png","q1.png","C:\Users\user\UI-TARS-desktop\public\kelly\phases\322",MATCH,67.6,0.3241,"head and shoulders without chair.png",True
"C:\Users\user\UI-TARS-desktop\public\kelly\phases\322\q2.png","q2.png","C:\Users\user\UI-TARS-desktop\public\kelly\phases\322",MATCH,70.6,0.2936,"neutral face with hair.png",True
"C:\Users\user\UI-TARS-desktop\public\kelly\phases\322\q3.png","q3.png","C:\Users\user\UI-TARS-desktop\public\kelly\phases\322",MATCH,79.0,0.2103,"Curious Kelly in final pose in Chair - UI elements will go on the side rails - Copy.png",True
"C:\Users\user\UI-TARS-desktop\public\kelly\phases\322\wisdom.png","wisdom.png","C:\Users\user\UI-TARS-desktop\public\kelly\phases\322",MATCH,71.0,0.2904,"Curious Kelly in final pose in Chair - UI elements will go on the side rails - Copy.png",True
"C:\Users\user\UI-TARS-desktop\public\kelly\phases\323\hook.png","hook.png","C:\Users\user\UI-TARS-desktop\public\kelly\phases\323",MATCH,74.7,0.2528,"Curious Kelly in final pose in Chair - UI elements will go on the side rails - Copy.png",True
"C:\Users\user\UI-TARS-desktop\public\kelly\phases\323\q1.png","q1.png","C:\Users\user\UI-TARS-desktop\public\kelly\phases\323",MATCH,72.6,0.2740,"head and shoulders without chair.png",True
"C:\Users\user\UI-TARS-desktop\public\kelly\phases\323\q2.png","q2.png","C:\Users\user\UI-TARS-desktop\public\kelly\phases\323",MATCH,74.1,0.2587,"neutral face with hair.png",True
"C:\Users\user\UI-TARS-desktop\public\kelly\phases\323\q3.png","q3.png","C:\Users\user\UI-TARS-desktop\public\kelly\phases\323",MATCH,71.2,0.2875,"Curious Kelly in final pose in Chair - UI elements will go on the side rails - Copy.png",True
"C:\Users\user\UI-TARS-desktop\public\kelly\phases\323\wisdom.png","wisdom.png","C:\Users\user\UI-TARS-desktop\public\kelly\phases\323",MATCH,78.3,0.2173,"Curious Kelly in final pose in Chair - UI elements will go on the side rails - Copy.png",True
"C:\Users\user\UI-TARS-desktop\public\kelly\phases\324\hook.png","hook.png","C:\Users\user\UI-TARS-desktop\public\kelly\phases\324",MATCH,73.7,0.2628,"Curious Kelly in final pose in Chair - UI elements will go on the side rails - Copy.png",True
"C:\Users\user\UI-TARS-desktop\public\kelly\phases\324\q1.png","q1.png","C:\Users\user\UI-TARS-desktop\public\kelly\phases\324",SUSPICIOUS,56.1,0.4395,"head and shoulders without chair.png",True
"C:\Users\user\UI-TARS-desktop\public\kelly\phases\324\q2.png","q2.png","C:\Users\user\UI-TARS-desktop\public\kelly\phases\324",SUSPICIOUS,58.5,0.4152,"head and shoulders without chair.png",True
"C:\Users\user\UI-TARS-desktop\public\kelly\phases\324\q3.png","q3.png","C:\Users\user\UI-TARS-desktop\public\kelly\phases\324",SUSPICIOUS,60.2,0.3980,"Curious Kelly in final pose in Chair - UI elements will go on the side rails - Copy.png",True
"C:\Users\user\UI-TARS-desktop\public\kelly\phases\324\wisdom.png","wisdom.png","C:\Users\user\UI-TARS-desktop\public\kelly\phases\324",MATCH,68.1,0.3187,"Curious Kelly in final pose in Chair - UI elements will go on the side rails - Copy.png",True
"C:\Users\user\UI-TARS-desktop\public\kelly\phases\325\hook.png","hook.png","C:\Users\user\UI-TARS-desktop\public\kelly\phases\325",MATCH,80.9,0.1907,"Curious Kelly in final pose in Chair - UI elements will go on the side rails - Copy.png",True
"C:\Users\user\UI-TARS-desktop\public\kelly\phases\325\q1.png","q1.png","C:\Users\user\UI-TARS-desktop\public\kelly\phases\325",NO_MATCH,32.4,0.6760,"profile of kelly.png",True
"C:\Users\user\UI-TARS-desktop\public\kelly\phases\325\q2.png","q2.png","C:\Users\user\UI-TARS-desktop\public\kelly\phases\325",SUSPICIOUS,60.3,0.3975,"head and shoulders without chair.png",True
"C:\Users\user\UI-TARS-desktop\public\kelly\phases\325\q3.png","q3.png","C:\Users\user\UI-TARS-desktop\public\kelly\phases\325",MATCH,70.2,0.2979,"head and shoulders without chair.png",True
"C:\Users\user\UI-TARS-desktop\public\kelly\phases\325\wisdom.png","wisdom.png","C:\Users\user\UI-TARS-desktop\public\kelly\phases\325",MATCH,68.1,0.3190,"Curious Kelly in final pose in Chair - UI elements will go on the side rails - Copy.png",True
"C:\Users\user\UI-TARS-desktop\public\kelly\phases\326\hook.png","hook.png","C:\Users\user\UI-TARS-desktop\public\kelly\phases\326",MATCH,66.7,0.3326,"head and shoulders without chair.png",True
"C:\Users\user\UI-TARS-desktop\public\kelly\phases\326\q1.png","q1.png","C:\Users\user\UI-TARS-desktop\public\kelly\phases\326",MATCH,74.1,0.2586,"Curious Kelly in final pose in Chair - UI elements will go on the side rails - Copy.png",True
"C:\Users\user\UI-TARS-desktop\public\kelly\phases\326\q2.png","q2.png","C:\Users\user\UI-TARS-desktop\public\kelly\phases\326",MATCH,65.6,0.3442,"neutral face with hair.png",True
"C:\Users\user\UI-TARS-desktop\public\kelly\phases\326\q3.png","q3.png","C:\Users\user\UI-TARS-desktop\public\kelly\phases\326",MATCH,64.2,0.3575,"facing to the left.png",True
"C:\Users\user\UI-TARS-desktop\public\kelly\phases\326\wisdom.png","wisdom.png","C:\Users\user\UI-TARS-desktop\public\kelly\phases\326",MATCH,69.3,0.3072,"head and shoulders without chair.png",True
"C:\Users\user\UI-TARS-desktop\public\kelly\phases\327\hook.png","hook.png","C:\Users\user\UI-TARS-desktop\public\kelly\phases\327",MATCH,78.1,0.2194,"Curious Kelly in final pose in Chair - UI elements will go on the side rails - Copy.png",True
"C:\Users\user\UI-TARS-desktop\public\kelly\phases\327\q1.png","q1.png","C:\Users\user\UI-TARS-desktop\public\kelly\phases\327",MATCH,68.9,0.3108,"head and shoulders without chair.png",True
"C:\Users\user\UI-TARS-desktop\public\kelly\phases\327\q2.png","q2.png","C:\Users\user\UI-TARS-desktop\public\kelly\phases\327",MATCH,75.5,0.2449,"neutral face with hair.png",True
"C:\Users\user\UI-TARS-desktop\public\kelly\phases\327\q3.png","q3.png","C:\Users\user\UI-TARS-desktop\public\kelly\phases\327",MATCH,66.5,0.3349,"Curious Kelly in final pose in Chair - UI elements will go on the side rails - Copy.png",True
"C:\Users\user\UI-TARS-desktop\public\kelly\phases\327\wisdom.png","wisdom.png","C:\Users\user\UI-TARS-desktop\public\kelly\phases\327",MATCH,66.3,0.3366,"Curious Kelly in final pose in Chair - UI elements will go on the side rails - Copy.png",True
"C:\Users\user\UI-TARS-desktop\public\kelly\phases\328\hook.png","hook.png","C:\Users\user\UI-TARS-desktop\public\kelly\phases\328",MATCH,66.5,0.3353,"head and shoulders without chair.png",True
"C:\Users\user\UI-TARS-desktop\public\kelly\phases\328\q1.png","q1.png","C:\Users\user\UI-TARS-desktop\public\kelly\phases\328",MATCH,65.9,0.3412,"neutral face with hair.png",True
"C:\Users\user\UI-TARS-desktop\public\kelly\phases\328\q2.png","q2.png","C:\Users\user\UI-TARS-desktop\public\kelly\phases\328",MATCH,72.4,0.2761,"head and shoulders without chair.png",True
"C:\Users\user\UI-TARS-desktop\public\kelly\phases\328\q3.png","q3.png","C:\Users\user\UI-TARS-desktop\public\kelly\phases\328",MATCH,76.9,0.2306,"slightly turning her head.png",True
"C:\Users\user\UI-TARS-desktop\public\kelly\phases\328\wisdom.png","wisdom.png","C:\Users\user\UI-TARS-desktop\public\kelly\phases\328",MATCH,76.7,0.2329,"Curious Kelly in final pose in Chair - UI elements will go on the side rails - Copy.png",True
"C:\Users\user\UI-TARS-desktop\public\kelly\phases\329\hook.png","hook.png","C:\Users\user\UI-TARS-desktop\public\kelly\phases\329",MATCH,80.4,0.1956,"Curious Kelly in final pose in Chair - UI elements will go on the side rails - Copy.png",True
"C:\Users\user\UI-TARS-desktop\public\kelly\phases\329\q1.png","q1.png","C:\Users\user\UI-TARS-desktop\public\kelly\phases\329",MATCH,66.0,0.3399,"slightly turning her head.png",True
"C:\Users\user\UI-TARS-desktop\public\kelly\phases\329\q2.png","q2.png","C:\Users\user\UI-TARS-desktop\public\kelly\phases\329",MATCH,73.2,0.2678,"Curious Kelly in final pose in Chair - UI elements will go on the side rails - Copy.png",True
"C:\Users\user\UI-TARS-desktop\public\kelly\phases\329\q3.png","q3.png","C:\Users\user\UI-TARS-desktop\public\kelly\phases\329",MATCH,69.0,0.3097,"head and shoulders without chair.png",True
"C:\Users\user\UI-TARS-desktop\public\kelly\phases\329\wisdom.png","wisdom.png","C:\Users\user\UI-TARS-desktop\public\kelly\phases\329",MATCH,72.9,0.2706,"Curious Kelly in final pose in Chair - UI elements will go on the side rails - Copy.png",True
"C:\Users\user\UI-TARS-desktop\public\kelly\phases\330\hook.png","hook.png","C:\Users\user\UI-TARS-desktop\public\kelly\phases\330",MATCH,77.6,0.2242,"Curious Kelly in final pose in Chair - UI elements will go on the side rails - Copy.png",True
"C:\Users\user\UI-TARS-desktop\public\kelly\phases\330\q1.png","q1.png","C:\Users\user\UI-TARS-desktop\public\kelly\phases\330",MATCH,88.4,0.1155,"Curious Kelly in final pose in Chair - UI elements will go on the side rails - Copy.png",True
"C:\Users\user\UI-TARS-desktop\public\kelly\phases\330\q2.png","q2.png","C:\Users\user\UI-TARS-desktop\public\kelly\phases\330",MATCH,69.4,0.3056,"Curious Kelly in final pose in Chair - UI elements will go on the side rails - Copy.png",True
"C:\Users\user\UI-TARS-desktop\public\kelly\phases\330\q3.png","q3.png","C:\Users\user\UI-TARS-desktop\public\kelly\phases\330",MATCH,87.8,0.1219,"Curious Kelly in final pose in Chair - UI elements will go on the side rails - Copy.png",True
"C:\Users\user\UI-TARS-desktop\public\kelly\phases\330\wisdom.png","wisdom.png","C:\Users\user\UI-TARS-desktop\public\kelly\phases\330",MATCH,77.7,0.2225,"Curious Kelly in final pose in Chair - UI elements will go on the side rails - Copy.png",True
"C:\Users\user\UI-TARS-desktop\public\kelly\phases\331\hook.png","hook.png","C:\Users\user\UI-TARS-desktop\public\kelly\phases\331",MATCH,75.4,0.2464,"Curious Kelly in final pose in Chair - UI elements will go on the side rails - Copy.png",True
"C:\Users\user\UI-TARS-desktop\public\kelly\phases\331\q1.png","q1.png","C:\Users\user\UI-TARS-desktop\public\kelly\phases\331",MATCH,69.7,0.3034,"Curious Kelly in final pose in Chair - UI elements will go on the side rails - Copy.png",True
"C:\Users\user\UI-TARS-desktop\public\kelly\phases\331\q2.png","q2.png","C:\Users\user\UI-TARS-desktop\public\kelly\phases\331",SUSPICIOUS,56.2,0.4375,"slightly turning her head.png",True
"C:\Users\user\UI-TARS-desktop\public\kelly\phases\331\q3.png","q3.png","C:\Users\user\UI-TARS-desktop\public\kelly\phases\331",MATCH,74.3,0.2572,"head and shoulders without chair.png",True
"C:\Users\user\UI-TARS-desktop\public\kelly\phases\331\wisdom.png","wisdom.png","C:\Users\user\UI-TARS-desktop\public\kelly\phases\331",MATCH,76.9,0.2312,"head and shoulders without chair.png",True
"C:\Users\user\UI-TARS-desktop\public\kelly\phases\332\hook.png","hook.png","C:\Users\user\UI-TARS-desktop\public\kelly\phases\332",MATCH,63.5,0.3646,"Curious Kelly in final pose in Chair - UI elements will go on the side rails - Copy.png",True
"C:\Users\user\UI-TARS-desktop\public\kelly\phases\332\q1.png","q1.png","C:\Users\user\UI-TARS-desktop\public\kelly\phases\332",MATCH,77.5,0.2247,"Curious Kelly in final pose in Chair - UI elements will go on the side rails - Copy.png",True
"C:\Users\user\UI-TARS-desktop\public\kelly\phases\332\q2.png","q2.png","C:\Users\user\UI-TARS-desktop\public\kelly\phases\332",MATCH,70.5,0.2945,"head and shoulders without chair.png",True
"C:\Users\user\UI-TARS-desktop\public\kelly\phases\332\q3.png","q3.png","C:\Users\user\UI-TARS-desktop\public\kelly\phases\332",MATCH,82.9,0.1708,"Curious Kelly in final pose in Chair - UI elements will go on the side rails - Copy.png",True
"C:\Users\user\UI-TARS-desktop\public\kelly\phases\332\wisdom.png","wisdom.png","C:\Users\user\UI-TARS-desktop\public\kelly\phases\332",MATCH,72.9,0.2711,"Curious Kelly in final pose in Chair - UI elements will go on the side rails - Copy.png",True
"C:\Users\user\UI-TARS-desktop\public\kelly\phases\333\hook.png","hook.png","C:\Users\user\UI-TARS-desktop\public\kelly\phases\333",MATCH,76.6,0.2341,"Curious Kelly in final pose in Chair - UI elements will go on the side rails - Copy.png",True
"C:\Users\user\UI-TARS-desktop\public\kelly\phases\333\q1.png","q1.png","C:\Users\user\UI-TARS-desktop\public\kelly\phases\333",MATCH,68.9,0.3109,"Curious Kelly in final pose in Chair - UI elements will go on the side rails - Copy.png",True
"C:\Users\user\UI-TARS-desktop\public\kelly\phases\333\q2.png","q2.png","C:\Users\user\UI-TARS-desktop\public\kelly\phases\333",MATCH,64.1,0.3590,"Curious Kelly in final pose in Chair - UI elements will go on the side rails - Copy.png",True
"C:\Users\user\UI-TARS-desktop\public\kelly\phases\333\q3.png","q3.png","C:\Users\user\UI-TARS-desktop\public\kelly\phases\333",SUSPICIOUS,56.4,0.4358,"neutral face with hair.png",True
"C:\Users\user\UI-TARS-desktop\public\kelly\phases\333\wisdom.png","wisdom.png","C:\Users\user\UI-TARS-desktop\public\kelly\phases\333",MATCH,78.1,0.2187,"Curious Kelly in final pose in Chair - UI elements will go on the side rails - Copy.png",True
"C:\Users\user\UI-TARS-desktop\public\kelly\phases\334\hook.png","hook.png","C:\Users\user\UI-TARS-desktop\public\kelly\phases\334",MATCH,79.0,0.2099,"Curious Kelly in final pose in Chair - UI elements will go on the side rails - Copy.png",True
"C:\Users\user\UI-TARS-desktop\public\kelly\phases\334\q1.png","q1.png","C:\Users\user\UI-TARS-desktop\public\kelly\phases\334",MATCH,74.2,0.2583,"slightly turning her head.png",True
"C:\Users\user\UI-TARS-desktop\public\kelly\phases\334\q2.png","q2.png","C:\Users\user\UI-TARS-desktop\public\kelly\phases\334",MATCH,74.6,0.2540,"Curious Kelly in final pose in Chair - UI elements will go on the side rails - Copy.png",True
"C:\Users\user\UI-TARS-desktop\public\kelly\phases\334\q3.png","q3.png","C:\Users\user\UI-TARS-desktop\public\kelly\phases\334",MATCH,83.2,0.1684,"Curious Kelly in final pose in Chair - UI elements will go on the side rails - Copy.png",True
"C:\Users\user\UI-TARS-desktop\public\kelly\phases\334\wisdom.png","wisdom.png","C:\Users\user\UI-TARS-desktop\public\kelly\phases\334",SUSPICIOUS,56.8,0.4317,"Curious Kelly in final pose in Chair - UI elements will go on the side rails - Copy.png",True
"C:\Users\user\UI-TARS-desktop\public\kelly\phases\335\hook.png","hook.png","C:\Users\user\UI-TARS-desktop\public\kelly\phases\335",MATCH,65.0,0.3499,"Curious Kelly in final pose in Chair - UI elements will go on the side rails - Copy.png",True
"C:\Users\user\UI-TARS-desktop\public\kelly\phases\335\q1.png","q1.png","C:\Users\user\UI-TARS-desktop\public\kelly\phases\335",MATCH,68.9,0.3107,"Curious Kelly in final pose in Chair - UI elements will go on the side rails - Copy.png",True
"C:\Users\user\UI-TARS-desktop\public\kelly\phases\335\q2.png","q2.png","C:\Users\user\UI-TARS-desktop\public\kelly\phases\335",MATCH,64.1,0.3594,"slightly turning her head.png",True
"C:\Users\user\UI-TARS-desktop\public\kelly\phases\335\q3.png","q3.png","C:\Users\user\UI-TARS-desktop\public\kelly\phases\335",MATCH,82.4,0.1758,"Curious Kelly in final pose in Chair - UI elements will go on the side rails - Copy.png",True
"C:\Users\user\UI-TARS-desktop\public\kelly\phases\335\wisdom.png","wisdom.png","C:\Users\user\UI-TARS-desktop\public\kelly\phases\335",MATCH,62.6,0.3740,"head and shoulders without chair.png",True
"C:\Users\user\UI-TARS-desktop\public\kelly\phases\336\hook.png","hook.png","C:\Users\user\UI-TARS-desktop\public\kelly\phases\336",MATCH,88.3,0.1171,"Curious Kelly in final pose in Chair - UI elements will go on the side rails - Copy.png",True
"C:\Users\user\UI-TARS-desktop\public\kelly\phases\336\q1.png","q1.png","C:\Users\user\UI-TARS-desktop\public\kelly\phases\336",MATCH,69.0,0.3098,"neutral face with hair.png",True
"C:\Users\user\UI-TARS-desktop\public\kelly\phases\336\q2.png","q2.png","C:\Users\user\UI-TARS-desktop\public\kelly\phases\336",MATCH,79.3,0.2066,"Curious Kelly in final pose in Chair - UI elements will go on the side rails - Copy.png",True
"C:\Users\user\UI-TARS-desktop\public\kelly\phases\336\q3.png","q3.png","C:\Users\user\UI-TARS-desktop\public\kelly\phases\336",MATCH,83.3,0.1674,"Curious Kelly in final pose in Chair - UI elements will go on the side rails - Copy.png",True
"C:\Users\user\UI-TARS-desktop\public\kelly\phases\336\wisdom.png","wisdom.png","C:\Users\user\UI-TARS-desktop\public\kelly\phases\336",MATCH,66.9,0.3308,"Curious Kelly in final pose in Chair - UI elements will go on the side rails - Copy.png",True
"C:\Users\user\UI-TARS-desktop\public\kelly\phases\337\hook.png","hook.png","C:\Users\user\UI-TARS-desktop\public\kelly\phases\337",MATCH,77.1,0.2292,"Curious Kelly in final pose in Chair - UI elements will go on the side rails - Copy.png",True
"C:\Users\user\UI-TARS-desktop\public\kelly\phases\337\q1.png","q1.png","C:\Users\user\UI-TARS-desktop\public\kelly\phases\337",SUSPICIOUS,61.4,0.3863,"head and shoulders without chair.png",True
"C:\Users\user\UI-TARS-desktop\public\kelly\phases\337\q2.png","q2.png","C:\Users\user\UI-TARS-desktop\public\kelly\phases\337",MATCH,77.8,0.2221,"head and shoulders without chair.png",True
"C:\Users\user\UI-TARS-desktop\public\kelly\phases\337\q3.png","q3.png","C:\Users\user\UI-TARS-desktop\public\kelly\phases\337",MATCH,76.3,0.2372,"Curious Kelly in final pose in Chair - UI elements will go on the side rails - Copy.png",True
"C:\Users\user\UI-TARS-desktop\public\kelly\phases\337\wisdom.png","wisdom.png","C:\Users\user\UI-TARS-desktop\public\kelly\phases\337",MATCH,70.5,0.2953,"Curious Kelly in final pose in Chair - UI elements will go on the side rails - Copy.png",True
"C:\Users\user\UI-TARS-desktop\public\kelly\phases\338\hook.png","hook.png","C:\Users\user\UI-TARS-desktop\public\kelly\phases\338",MATCH,73.7,0.2627,"Curious Kelly in final pose in Chair - UI elements will go on the side rails - Copy.png",True
"C:\Users\user\UI-TARS-desktop\public\kelly\phases\338\q1.png","q1.png","C:\Users\user\UI-TARS-desktop\public\kelly\phases\338",MATCH,73.1,0.2687,"Curious Kelly in final pose in Chair - UI elements will go on the side rails - Copy.png",True
"C:\Users\user\UI-TARS-desktop\public\kelly\phases\338\q2.png","q2.png","C:\Users\user\UI-TARS-desktop\public\kelly\phases\338",MATCH,64.2,0.3582,"Curious Kelly in final pose in Chair - UI elements will go on the side rails - Copy.png",True
"C:\Users\user\UI-TARS-desktop\public\kelly\phases\338\q3.png","q3.png","C:\Users\user\UI-TARS-desktop\public\kelly\phases\338",MATCH,82.2,0.1777,"Curious Kelly in final pose in Chair - UI elements will go on the side rails - Copy.png",True
"C:\Users\user\UI-TARS-desktop\public\kelly\phases\338\wisdom.png","wisdom.png","C:\Users\user\UI-TARS-desktop\public\kelly\phases\338",MATCH,86.8,0.1323,"Curious Kelly in final pose in Chair - UI elements will go on the side rails - Copy.png",True
"C:\Users\user\UI-TARS-desktop\public\kelly\phases\339\hook.png","hook.png","C:\Users\user\UI-TARS-desktop\public\kelly\phases\339",MATCH,71.2,0.2884,"head and shoulders without chair.png",True
"C:\Users\user\UI-TARS-desktop\public\kelly\phases\339\q1.png","q1.png","C:\Users\user\UI-TARS-desktop\public\kelly\phases\339",MATCH,66.9,0.3306,"Curious Kelly in final pose in Chair - UI elements will go on the side rails - Copy.png",True
"C:\Users\user\UI-TARS-desktop\public\kelly\phases\339\q2.png","q2.png","C:\Users\user\UI-TARS-desktop\public\kelly\phases\339",MATCH,74.1,0.2590,"slightly turning her head.png",True
"C:\Users\user\UI-TARS-desktop\public\kelly\phases\339\q3.png","q3.png","C:\Users\user\UI-TARS-desktop\public\kelly\phases\339",MATCH,90.2,0.0981,"Curious Kelly in final pose in Chair - UI elements will go on the side rails - Copy.png",True
"C:\Users\user\UI-TARS-desktop\public\kelly\phases\339\wisdom.png","wisdom.png","C:\Users\user\UI-TARS-desktop\public\kelly\phases\339",MATCH,82.4,0.1761,"Curious Kelly in final pose in Chair - UI elements will go on the side rails - Copy.png",True
"C:\Users\user\UI-TARS-desktop\public\kelly\phases\340\hook.png","hook.png","C:\Users\user\UI-TARS-desktop\public\kelly\phases\340",MATCH,82.6,0.1740,"Curious Kelly in final pose in Chair - UI elements will go on the side rails - Copy.png",True
"C:\Users\user\UI-TARS-desktop\public\kelly\phases\340\q1.png","q1.png","C:\Users\user\UI-TARS-desktop\public\kelly\phases\340",MATCH,73.4,0.2661,"head and shoulders without chair.png",True
"C:\Users\user\UI-TARS-desktop\public\kelly\phases\340\q2.png","q2.png","C:\Users\user\UI-TARS-desktop\public\kelly\phases\340",MATCH,72.1,0.2789,"neutral face with hair.png",True
"C:\Users\user\UI-TARS-desktop\public\kelly\phases\340\q3.png","q3.png","C:\Users\user\UI-TARS-desktop\public\kelly\phases\340",MATCH,70.9,0.2906,"head and shoulders without chair.png",True
"C:\Users\user\UI-TARS-desktop\public\kelly\phases\340\wisdom.png","wisdom.png","C:\Users\user\UI-TARS-desktop\public\kelly\phases\340",MATCH,75.5,0.2454,"Curious Kelly in final pose in Chair - UI elements will go on the side rails - Copy.png",True
"C:\Users\user\UI-TARS-desktop\public\kelly\phases\341\hook.png","hook.png","C:\Users\user\UI-TARS-desktop\public\kelly\phases\341",MATCH,74.3,0.2573,"Curious Kelly in final pose in Chair - UI elements will go on the side rails - Copy.png",True
"C:\Users\user\UI-TARS-desktop\public\kelly\phases\341\q1.png","q1.png","C:\Users\user\UI-TARS-desktop\public\kelly\phases\341",MATCH,67.2,0.3284,"head and shoulders without chair.png",True
"C:\Users\user\UI-TARS-desktop\public\kelly\phases\341\q2.png","q2.png","C:\Users\user\UI-TARS-desktop\public\kelly\phases\341",MATCH,72.7,0.2725,"Curious Kelly in final pose in Chair - UI elements will go on the side rails - Copy.png",True
"C:\Users\user\UI-TARS-desktop\public\kelly\phases\341\q3.png","q3.png","C:\Users\user\UI-TARS-desktop\public\kelly\phases\341",MATCH,83.1,0.1685,"Curious Kelly in final pose in Chair - UI elements will go on the side rails - Copy.png",True
"C:\Users\user\UI-TARS-desktop\public\kelly\phases\341\wisdom.png","wisdom.png","C:\Users\user\UI-TARS-desktop\public\kelly\phases\341",MATCH,76.1,0.2394,"Curious Kelly in final pose in Chair - UI elements will go on the side rails - Copy.png",True
"C:\Users\user\UI-TARS-desktop\public\kelly\phases\342\hook.png","hook.png","C:\Users\user\UI-TARS-desktop\public\kelly\phases\342",MATCH,62.5,0.3753,"head and shoulders without chair.png",True
"C:\Users\user\UI-TARS-desktop\public\kelly\phases\342\q1.png","q1.png","C:\Users\user\UI-TARS-desktop\public\kelly\phases\342",MATCH,77.9,0.2211,"Curious Kelly in final pose in Chair - UI elements will go on the side rails - Copy.png",True
"C:\Users\user\UI-TARS-desktop\public\kelly\phases\342\q2.png","q2.png","C:\Users\user\UI-TARS-desktop\public\kelly\phases\342",MATCH,61.7,0.3829,"head and shoulders without chair.png",True
"C:\Users\user\UI-TARS-desktop\public\kelly\phases\342\q3.png","q3.png","C:\Users\user\UI-TARS-desktop\public\kelly\phases\342",MATCH,67.3,0.3270,"head and shoulders without chair.png",True
"C:\Users\user\UI-TARS-desktop\public\kelly\phases\342\wisdom.png","wisdom.png","C:\Users\user\UI-TARS-desktop\public\kelly\phases\342",MATCH,83.3,0.1671,"Curious Kelly in final pose in Chair - UI elements will go on the side rails - Copy.png",True
"C:\Users\user\UI-TARS-desktop\public\kelly\phases\343\hook.png","hook.png","C:\Users\user\UI-TARS-desktop\public\kelly\phases\343",MATCH,75.1,0.2491,"Curious Kelly in final pose in Chair - UI elements will go on the side rails - Copy.png",True
"C:\Users\user\UI-TARS-desktop\public\kelly\phases\343\q1.png","q1.png","C:\Users\user\UI-TARS-desktop\public\kelly\phases\343",MATCH,64.4,0.3555,"head and shoulders without chair.png",True
"C:\Users\user\UI-TARS-desktop\public\kelly\phases\343\q2.png","q2.png","C:\Users\user\UI-TARS-desktop\public\kelly\phases\343",MATCH,82.0,0.1800,"head and shoulders without chair.png",True
"C:\Users\user\UI-TARS-desktop\public\kelly\phases\343\q3.png","q3.png","C:\Users\user\UI-TARS-desktop\public\kelly\phases\343",MATCH,77.0,0.2304,"Curious Kelly in final pose in Chair - UI elements will go on the side rails - Copy.png",True
"C:\Users\user\UI-TARS-desktop\public\kelly\phases\343\wisdom.png","wisdom.png","C:\Users\user\UI-TARS-desktop\public\kelly\phases\343",SUSPICIOUS,58.4,0.4157,"head and shoulders without chair.png",True
"C:\Users\user\UI-TARS-desktop\public\kelly\phases\344\hook.png","hook.png","C:\Users\user\UI-TARS-desktop\public\kelly\phases\344",MATCH,88.0,0.1197,"Curious Kelly in final pose in Chair - UI elements will go on the side rails - Copy.png",True
"C:\Users\user\UI-TARS-desktop\public\kelly\phases\344\q1.png","q1.png","C:\Users\user\UI-TARS-desktop\public\kelly\phases\344",MATCH,66.1,0.3392,"head and shoulders without chair.png",True
"C:\Users\user\UI-TARS-desktop\public\kelly\phases\344\q2.png","q2.png","C:\Users\user\UI-TARS-desktop\public\kelly\phases\344",SUSPICIOUS,58.3,0.4172,"Curious Kelly in final pose in Chair - UI elements will go on the side rails - Copy.png",True
"C:\Users\user\UI-TARS-desktop\public\kelly\phases\344\q3.png","q3.png","C:\Users\user\UI-TARS-desktop\public\kelly\phases\344",MATCH,85.9,0.1406,"head and shoulders without chair.png",True
"C:\Users\user\UI-TARS-desktop\public\kelly\phases\344\wisdom.png","wisdom.png","C:\Users\user\UI-TARS-desktop\public\kelly\phases\344",MATCH,65.1,0.3487,"Curious Kelly in final pose in Chair - UI elements will go on the side rails - Copy.png",True
"C:\Users\user\UI-TARS-desktop\public\kelly\phases\345\hook.png","hook.png","C:\Users\user\UI-TARS-desktop\public\kelly\phases\345",MATCH,70.9,0.2906,"head and shoulders without chair.png",True
"C:\Users\user\UI-TARS-desktop\public\kelly\phases\345\q1.png","q1.png","C:\Users\user\UI-TARS-desktop\public\kelly\phases\345",MATCH,68.1,0.3189,"Curious Kelly in final pose in Chair - UI elements will go on the side rails - Copy.png",True
"C:\Users\user\UI-TARS-desktop\public\kelly\phases\345\q2.png","q2.png","C:\Users\user\UI-TARS-desktop\public\kelly\phases\345",MATCH,73.6,0.2642,"head and shoulders without chair.png",True
"C:\Users\user\UI-TARS-desktop\public\kelly\phases\345\q3.png","q3.png","C:\Users\user\UI-TARS-desktop\public\kelly\phases\345",MATCH,81.1,0.1894,"Curious Kelly in final pose in Chair - UI elements will go on the side rails - Copy.png",True
"C:\Users\user\UI-TARS-desktop\public\kelly\phases\345\wisdom.png","wisdom.png","C:\Users\user\UI-TARS-desktop\public\kelly\phases\345",MATCH,76.4,0.2362,"Curious Kelly in final pose in Chair - UI elements will go on the side rails - Copy.png",True
"C:\Users\user\UI-TARS-desktop\public\kelly\phases\346\hook.png","hook.png","C:\Users\user\UI-TARS-desktop\public\kelly\phases\346",MATCH,78.7,0.2133,"Curious Kelly in final pose in Chair - UI elements will go on the side rails - Copy.png",True
"C:\Users\user\UI-TARS-desktop\public\kelly\phases\346\q1.png","q1.png","C:\Users\user\UI-TARS-desktop\public\kelly\phases\346",MATCH,85.8,0.1418,"Curious Kelly in final pose in Chair - UI elements will go on the side rails - Copy.png",True
"C:\Users\user\UI-TARS-desktop\public\kelly\phases\346\q2.png","q2.png","C:\Users\user\UI-TARS-desktop\public\kelly\phases\346",MATCH,65.1,0.3495,"Curious Kelly in final pose in Chair - UI elements will go on the side rails - Copy.png",True
"C:\Users\user\UI-TARS-desktop\public\kelly\phases\346\q3.png","q3.png","C:\Users\user\UI-TARS-desktop\public\kelly\phases\346",MATCH,85.1,0.1488,"Curious Kelly in final pose in Chair - UI elements will go on the side rails - Copy.png",True
"C:\Users\user\UI-TARS-desktop\public\kelly\phases\346\wisdom.png","wisdom.png","C:\Users\user\UI-TARS-desktop\public\kelly\phases\346",MATCH,70.7,0.2928,"neutral face with hair.png",True
"C:\Users\user\UI-TARS-desktop\public\kelly\phases\347\hook.png","hook.png","C:\Users\user\UI-TARS-desktop\public\kelly\phases\347",MATCH,62.1,0.3794,"Curious Kelly in final pose in Chair - UI elements will go on the side rails - Copy.png",True
"C:\Users\user\UI-TARS-desktop\public\kelly\phases\347\q1.png","q1.png","C:\Users\user\UI-TARS-desktop\public\kelly\phases\347",MATCH,72.8,0.2721,"neutral face with hair.png",True
"C:\Users\user\UI-TARS-desktop\public\kelly\phases\347\q2.png","q2.png","C:\Users\user\UI-TARS-desktop\public\kelly\phases\347",MATCH,80.8,0.1923,"Curious Kelly in final pose in Chair - UI elements will go on the side rails - Copy.png",True
"C:\Users\user\UI-TARS-desktop\public\kelly\phases\347\q3.png","q3.png","C:\Users\user\UI-TARS-desktop\public\kelly\phases\347",MATCH,63.5,0.3645,"head and shoulders without chair.png",True
"C:\Users\user\UI-TARS-desktop\public\kelly\phases\347\wisdom.png","wisdom.png","C:\Users\user\UI-TARS-desktop\public\kelly\phases\347",MATCH,66.5,0.3354,"head and shoulders without chair.png",True
"C:\Users\user\UI-TARS-desktop\public\kelly\phases\348\hook.png","hook.png","C:\Users\user\UI-TARS-desktop\public\kelly\phases\348",MATCH,69.1,0.3091,"Curious Kelly in final pose in Chair - UI elements will go on the side rails - Copy.png",True
"C:\Users\user\UI-TARS-desktop\public\kelly\phases\348\q1.png","q1.png","C:\Users\user\UI-TARS-desktop\public\kelly\phases\348",MATCH,77.7,0.2228,"Curious Kelly in final pose in Chair - UI elements will go on the side rails - Copy.png",True
"C:\Users\user\UI-TARS-desktop\public\kelly\phases\348\q2.png","q2.png","C:\Users\user\UI-TARS-desktop\public\kelly\phases\348",MATCH,74.8,0.2519,"Curious Kelly in final pose in Chair - UI elements will go on the side rails - Copy.png",True
"C:\Users\user\UI-TARS-desktop\public\kelly\phases\348\q3.png","q3.png","C:\Users\user\UI-TARS-desktop\public\kelly\phases\348",MATCH,83.1,0.1694,"Curious Kelly in final pose in Chair - UI elements will go on the side rails - Copy.png",True
"C:\Users\user\UI-TARS-desktop\public\kelly\phases\348\wisdom.png","wisdom.png","C:\Users\user\UI-TARS-desktop\public\kelly\phases\348",MATCH,76.3,0.2368,"Curious Kelly in final pose in Chair - UI elements will go on the side rails - Copy.png",True
"C:\Users\user\UI-TARS-desktop\public\kelly\phases\349\hook.png","hook.png","C:\Users\user\UI-TARS-desktop\public\kelly\phases\349",MATCH,88.6,0.1142,"Curious Kelly in final pose in Chair - UI elements will go on the side rails - Copy.png",True
"C:\Users\user\UI-TARS-desktop\public\kelly\phases\349\q1.png","q1.png","C:\Users\user\UI-TARS-desktop\public\kelly\phases\349",MATCH,65.9,0.3410,"head and shoulders without chair.png",True
"C:\Users\user\UI-TARS-desktop\public\kelly\phases\349\q2.png","q2.png","C:\Users\user\UI-TARS-desktop\public\kelly\phases\349",MATCH,72.8,0.2719,"head and shoulders without chair.png",True
"C:\Users\user\UI-TARS-desktop\public\kelly\phases\349\q3.png","q3.png","C:\Users\user\UI-TARS-desktop\public\kelly\phases\349",MATCH,83.9,0.1609,"Curious Kelly in final pose in Chair - UI elements will go on the side rails - Copy.png",True
"C:\Users\user\UI-TARS-desktop\public\kelly\phases\349\wisdom.png","wisdom.png","C:\Users\user\UI-TARS-desktop\public\kelly\phases\349",MATCH,79.4,0.2064,"Curious Kelly in final pose in Chair - UI elements will go on the side rails - Copy.png",True
"C:\Users\user\UI-TARS-desktop\public\kelly\phases\350\hook.png","hook.png","C:\Users\user\UI-TARS-desktop\public\kelly\phases\350",MATCH,72.8,0.2721,"Curious Kelly in final pose in Chair - UI elements will go on the side rails - Copy.png",True
"C:\Users\user\UI-TARS-desktop\public\kelly\phases\350\q1.png","q1.png","C:\Users\user\UI-TARS-desktop\public\kelly\phases\350",SUSPICIOUS,59.8,0.4024,"head and shoulders without chair.png",True
"C:\Users\user\UI-TARS-desktop\public\kelly\phases\350\q2.png","q2.png","C:\Users\user\UI-TARS-desktop\public\kelly\phases\350",MATCH,79.4,0.2060,"neutral face with hair.png",True
"C:\Users\user\UI-TARS-desktop\public\kelly\phases\350\q3.png","q3.png","C:\Users\user\UI-TARS-desktop\public\kelly\phases\350",MATCH,80.2,0.1983,"Curious Kelly in final pose in Chair - UI elements will go on the side rails - Copy.png",True
"C:\Users\user\UI-TARS-desktop\public\kelly\phases\350\wisdom.png","wisdom.png","C:\Users\user\UI-TARS-desktop\public\kelly\phases\350",MATCH,68.1,0.3185,"head and shoulders without chair.png",True
"C:\Users\user\UI-TARS-desktop\public\kelly\phases\351\hook.png","hook.png","C:\Users\user\UI-TARS-desktop\public\kelly\phases\351",MATCH,76.5,0.2346,"Curious Kelly in final pose in Chair - UI elements will go on the side rails - Copy.png",True
"C:\Users\user\UI-TARS-desktop\public\kelly\phases\351\q1.png","q1.png","C:\Users\user\UI-TARS-desktop\public\kelly\phases\351",MATCH,66.3,0.3371,"Curious Kelly in final pose in Chair - UI elements will go on the side rails - Copy.png",True
"C:\Users\user\UI-TARS-desktop\public\kelly\phases\351\q2.png","q2.png","C:\Users\user\UI-TARS-desktop\public\kelly\phases\351",MATCH,69.8,0.3020,"Curious Kelly in final pose in Chair - UI elements will go on the side rails - Copy.png",True
"C:\Users\user\UI-TARS-desktop\public\kelly\phases\351\q3.png","q3.png","C:\Users\user\UI-TARS-desktop\public\kelly\phases\351",MATCH,71.5,0.2847,"head and shoulders without chair.png",True
"C:\Users\user\UI-TARS-desktop\public\kelly\phases\351\wisdom.png","wisdom.png","C:\Users\user\UI-TARS-desktop\public\kelly\phases\351",MATCH,71.2,0.2878,"head and shoulders without chair.png",True
"C:\Users\user\UI-TARS-desktop\public\kelly\phases\352\hook.png","hook.png","C:\Users\user\UI-TARS-desktop\public\kelly\phases\352",MATCH,75.1,0.2487,"Curious Kelly in final pose in Chair - UI elements will go on the side rails - Copy.png",True
"C:\Users\user\UI-TARS-desktop\public\kelly\phases\352\q1.png","q1.png","C:\Users\user\UI-TARS-desktop\public\kelly\phases\352",MATCH,70.6,0.2942,"Curious Kelly in final pose in Chair - UI elements will go on the side rails - Copy.png",True
"C:\Users\user\UI-TARS-desktop\public\kelly\phases\352\q2.png","q2.png","C:\Users\user\UI-TARS-desktop\public\kelly\phases\352",MATCH,63.6,0.3640,"head and shoulders without chair.png",True
"C:\Users\user\UI-TARS-desktop\public\kelly\phases\352\q3.png","q3.png","C:\Users\user\UI-TARS-desktop\public\kelly\phases\352",MATCH,75.8,0.2421,"Curious Kelly in final pose in Chair - UI elements will go on the side rails - Copy.png",True
"C:\Users\user\UI-TARS-desktop\public\kelly\phases\352\wisdom.png","wisdom.png","C:\Users\user\UI-TARS-desktop\public\kelly\phases\352",MATCH,74.3,0.2567,"Curious Kelly in final pose in Chair - UI elements will go on the side rails - Copy.png",True
"C:\Users\user\UI-TARS-desktop\public\kelly\phases\353\hook.png","hook.png","C:\Users\user\UI-TARS-desktop\public\kelly\phases\353",MATCH,74.5,0.2553,"Curious Kelly in final pose in Chair - UI elements will go on the side rails - Copy.png",True
"C:\Users\user\UI-TARS-desktop\public\kelly\phases\353\q1.png","q1.png","C:\Users\user\UI-TARS-desktop\public\kelly\phases\353",MATCH,64.0,0.3599,"head and shoulders without chair.png",True
"C:\Users\user\UI-TARS-desktop\public\kelly\phases\353\q2.png","q2.png","C:\Users\user\UI-TARS-desktop\public\kelly\phases\353",MATCH,72.0,0.2800,"slightly turning her head.png",True
"C:\Users\user\UI-TARS-desktop\public\kelly\phases\353\q3.png","q3.png","C:\Users\user\UI-TARS-desktop\public\kelly\phases\353",MATCH,78.4,0.2160,"Curious Kelly in final pose in Chair - UI elements will go on the side rails - Copy.png",True
"C:\Users\user\UI-TARS-desktop\public\kelly\phases\353\wisdom.png","wisdom.png","C:\Users\user\UI-TARS-desktop\public\kelly\phases\353",MATCH,80.4,0.1960,"Curious Kelly in final pose in Chair - UI elements will go on the side rails - Copy.png",True
"C:\Users\user\UI-TARS-desktop\public\kelly\phases\354\hook.png","hook.png","C:\Users\user\UI-TARS-desktop\public\kelly\phases\354",MATCH,73.3,0.2671,"Curious Kelly in final pose in Chair - UI elements will go on the side rails - Copy.png",True
"C:\Users\user\UI-TARS-desktop\public\kelly\phases\354\q1.png","q1.png","C:\Users\user\UI-TARS-desktop\public\kelly\phases\354",MATCH,67.0,0.3303,"head and shoulders without chair.png",True
"C:\Users\user\UI-TARS-desktop\public\kelly\phases\354\q2.png","q2.png","C:\Users\user\UI-TARS-desktop\public\kelly\phases\354",MATCH,69.0,0.3101,"head and shoulders without chair.png",True
"C:\Users\user\UI-TARS-desktop\public\kelly\phases\354\q3.png","q3.png","C:\Users\user\UI-TARS-desktop\public\kelly\phases\354",MATCH,85.1,0.1491,"Curious Kelly in final pose in Chair - UI elements will go on the side rails - Copy.png",True
"C:\Users\user\UI-TARS-desktop\public\kelly\phases\354\wisdom.png","wisdom.png","C:\Users\user\UI-TARS-desktop\public\kelly\phases\354",MATCH,65.6,0.3441,"head and shoulders without chair.png",True
"C:\Users\user\UI-TARS-desktop\public\kelly\phases\355\hook.png","hook.png","C:\Users\user\UI-TARS-desktop\public\kelly\phases\355",MATCH,77.1,0.2292,"Curious Kelly in final pose in Chair - UI elements will go on the side rails - Copy.png",True
"C:\Users\user\UI-TARS-desktop\public\kelly\phases\355\q1.png","q1.png","C:\Users\user\UI-TARS-desktop\public\kelly\phases\355",MATCH,82.0,0.1796,"slightly turning her head.png",True
"C:\Users\user\UI-TARS-desktop\public\kelly\phases\355\q2.png","q2.png","C:\Users\user\UI-TARS-desktop\public\kelly\phases\355",MATCH,71.3,0.2869,"Curious Kelly in final pose in Chair - UI elements will go on the side rails - Copy.png",True
"C:\Users\user\UI-TARS-desktop\public\kelly\phases\355\q3.png","q3.png","C:\Users\user\UI-TARS-desktop\public\kelly\phases\355",MATCH,75.3,0.2467,"slightly turning her head.png",True
"C:\Users\user\UI-TARS-desktop\public\kelly\phases\355\wisdom.png","wisdom.png","C:\Users\user\UI-TARS-desktop\public\kelly\phases\355",MATCH,78.9,0.2110,"Curious Kelly in final pose in Chair - UI elements will go on the side rails - Copy.png",True
"C:\Users\user\UI-TARS-desktop\public\kelly\phases\356\hook.png","hook.png","C:\Users\user\UI-TARS-desktop\public\kelly\phases\356",MATCH,74.6,0.2538,"head and shoulders without chair.png",True
"C:\Users\user\UI-TARS-desktop\public\kelly\phases\356\q1.png","q1.png","C:\Users\user\UI-TARS-desktop\public\kelly\phases\356",MATCH,64.8,0.3524,"Curious Kelly in final pose in Chair - UI elements will go on the side rails - Copy.png",True
"C:\Users\user\UI-TARS-desktop\public\kelly\phases\356\q2.png","q2.png","C:\Users\user\UI-TARS-desktop\public\kelly\phases\356",MATCH,76.6,0.2335,"Curious Kelly in final pose in Chair - UI elements will go on the side rails - Copy.png",True
"C:\Users\user\UI-TARS-desktop\public\kelly\phases\356\q3.png","q3.png","C:\Users\user\UI-TARS-desktop\public\kelly\phases\356",MATCH,70.0,0.3005,"head and shoulders without chair.png",True
"C:\Users\user\UI-TARS-desktop\public\kelly\phases\356\wisdom.png","wisdom.png","C:\Users\user\UI-TARS-desktop\public\kelly\phases\356",MATCH,74.7,0.2532,"head and shoulders without chair.png",True
"C:\Users\user\UI-TARS-desktop\public\kelly\phases\357\hook.png","hook.png","C:\Users\user\UI-TARS-desktop\public\kelly\phases\357",MATCH,73.3,0.2670,"head and shoulders without chair.png",True
"C:\Users\user\UI-TARS-desktop\public\kelly\phases\357\q1.png","q1.png","C:\Users\user\UI-TARS-desktop\public\kelly\phases\357",MATCH,75.0,0.2501,"Curious Kelly in final pose in Chair - UI elements will go on the side rails - Copy.png",True
"C:\Users\user\UI-TARS-desktop\public\kelly\phases\357\q2.png","q2.png","C:\Users\user\UI-TARS-desktop\public\kelly\phases\357",MATCH,68.0,0.3205,"head and shoulders without chair.png",True
"C:\Users\user\UI-TARS-desktop\public\kelly\phases\357\q3.png","q3.png","C:\Users\user\UI-TARS-desktop\public\kelly\phases\357",MATCH,75.7,0.2427,"Curious Kelly in final pose in Chair - UI elements will go on the side rails - Copy.png",True
"C:\Users\user\UI-TARS-desktop\public\kelly\phases\357\wisdom.png","wisdom.png","C:\Users\user\UI-TARS-desktop\public\kelly\phases\357",MATCH,71.0,0.2895,"Curious Kelly in final pose in Chair - UI elements will go on the side rails - Copy.png",True
"C:\Users\user\UI-TARS-desktop\public\kelly\phases\358\hook.png","hook.png","C:\Users\user\UI-TARS-desktop\public\kelly\phases\358",MATCH,77.1,0.2285,"head and shoulders without chair.png",True
"C:\Users\user\UI-TARS-desktop\public\kelly\phases\358\q1.png","q1.png","C:\Users\user\UI-TARS-desktop\public\kelly\phases\358",NO_MATCH,43.8,0.5622,"slightly turning her head.png",True
"C:\Users\user\UI-TARS-desktop\public\kelly\phases\358\q2.png","q2.png","C:\Users\user\UI-TARS-desktop\public\kelly\phases\358",MATCH,64.6,0.3539,"head and shoulders without chair.png",True
"C:\Users\user\UI-TARS-desktop\public\kelly\phases\358\q3.png","q3.png","C:\Users\user\UI-TARS-desktop\public\kelly\phases\358",MATCH,82.6,0.1736,"Curious Kelly in final pose in Chair - UI elements will go on the side rails - Copy.png",True
"C:\Users\user\UI-TARS-desktop\public\kelly\phases\358\wisdom.png","wisdom.png","C:\Users\user\UI-TARS-desktop\public\kelly\phases\358",MATCH,85.9,0.1406,"head and shoulders without chair.png",True
"C:\Users\user\UI-TARS-desktop\public\kelly\phases\359\hook.png","hook.png","C:\Users\user\UI-TARS-desktop\public\kelly\phases\359",MATCH,74.2,0.2576,"head and shoulders without chair.png",True
"C:\Users\user\UI-TARS-desktop\public\kelly\phases\359\q1.png","q1.png","C:\Users\user\UI-TARS-desktop\public\kelly\phases\359",MATCH,80.6,0.1935,"Curious Kelly in final pose in Chair - UI elements will go on the side rails - Copy.png",True
"C:\Users\user\UI-TARS-desktop\public\kelly\phases\359\q2.png","q2.png","C:\Users\user\UI-TARS-desktop\public\kelly\phases\359",MATCH,71.1,0.2895,"Curious Kelly in final pose in Chair - UI elements will go on the side rails - Copy.png",True
"C:\Users\user\UI-TARS-desktop\public\kelly\phases\359\q3.png","q3.png","C:\Users\user\UI-TARS-desktop\public\kelly\phases\359",MATCH,72.1,0.2795,"Curious Kelly in final pose in Chair - UI elements will go on the side rails - Copy.png",True
"C:\Users\user\UI-TARS-desktop\public\kelly\phases\359\wisdom.png","wisdom.png","C:\Users\user\UI-TARS-desktop\public\kelly\phases\359",MATCH,73.4,0.2657,"Curious Kelly in final pose in Chair - UI elements will go on the side rails - Copy.png",True
"C:\Users\user\UI-TARS-desktop\public\kelly\phases\360\hook.png","hook.png","C:\Users\user\UI-TARS-desktop\public\kelly\phases\360",MATCH,71.8,0.2816,"Curious Kelly in final pose in Chair - UI elements will go on the side rails - Copy.png",True
"C:\Users\user\UI-TARS-desktop\public\kelly\phases\360\q1.png","q1.png","C:\Users\user\UI-TARS-desktop\public\kelly\phases\360",MATCH,75.0,0.2505,"Curious Kelly in final pose in Chair - UI elements will go on the side rails - Copy.png",True
"C:\Users\user\UI-TARS-desktop\public\kelly\phases\360\q2.png","q2.png","C:\Users\user\UI-TARS-desktop\public\kelly\phases\360",MATCH,74.9,0.2506,"Curious Kelly in final pose in Chair - UI elements will go on the side rails - Copy.png",True
"C:\Users\user\UI-TARS-desktop\public\kelly\phases\360\q3.png","q3.png","C:\Users\user\UI-TARS-desktop\public\kelly\phases\360",MATCH,69.2,0.3081,"Curious Kelly in final pose in Chair - UI elements will go on the side rails - Copy.png",True
"C:\Users\user\UI-TARS-desktop\public\kelly\phases\360\wisdom.png","wisdom.png","C:\Users\user\UI-TARS-desktop\public\kelly\phases\360",MATCH,63.3,0.3669,"Curious Kelly in final pose in Chair - UI elements will go on the side rails - Copy.png",True
"C:\Users\user\UI-TARS-desktop\public\kelly\phases\361\hook.png","hook.png","C:\Users\user\UI-TARS-desktop\public\kelly\phases\361",MATCH,72.8,0.2717,"head and shoulders without chair.png",True
"C:\Users\user\UI-TARS-desktop\public\kelly\phases\361\q1.png","q1.png","C:\Users\user\UI-TARS-desktop\public\kelly\phases\361",SUSPICIOUS,55.2,0.4476,"Curious Kelly in final pose in Chair - UI elements will go on the side rails - Copy.png",True
"C:\Users\user\UI-TARS-desktop\public\kelly\phases\361\q2.png","q2.png","C:\Users\user\UI-TARS-desktop\public\kelly\phases\361",MATCH,63.0,0.3701,"head and shoulders without chair.png",True
"C:\Users\user\UI-TARS-desktop\public\kelly\phases\361\q3.png","q3.png","C:\Users\user\UI-TARS-desktop\public\kelly\phases\361",MATCH,71.9,0.2815,"Curious Kelly in final pose in Chair - UI elements will go on the side rails - Copy.png",True
"C:\Users\user\UI-TARS-desktop\public\kelly\phases\361\wisdom.png","wisdom.png","C:\Users\user\UI-TARS-desktop\public\kelly\phases\361",MATCH,85.4,0.1459,"Curious Kelly in final pose in Chair - UI elements will go on the side rails - Copy.png",True
"C:\Users\user\UI-TARS-desktop\public\kelly\phases\362\hook.png","hook.png","C:\Users\user\UI-TARS-desktop\public\kelly\phases\362",MATCH,86.5,0.1353,"Curious Kelly in final pose in Chair - UI elements will go on the side rails - Copy.png",True
"C:\Users\user\UI-TARS-desktop\public\kelly\phases\362\q1.png","q1.png","C:\Users\user\UI-TARS-desktop\public\kelly\phases\362",MATCH,74.3,0.2566,"Curious Kelly in final pose in Chair - UI elements will go on the side rails - Copy.png",True
"C:\Users\user\UI-TARS-desktop\public\kelly\phases\362\q2.png","q2.png","C:\Users\user\UI-TARS-desktop\public\kelly\phases\362",MATCH,73.1,0.2689,"neutral face with hair.png",True
"C:\Users\user\UI-TARS-desktop\public\kelly\phases\362\q3.png","q3.png","C:\Users\user\UI-TARS-desktop\public\kelly\phases\362",MATCH,74.1,0.2588,"Curious Kelly in final pose in Chair - UI elements will go on the side rails - Copy.png",True
"C:\Users\user\UI-TARS-desktop\public\kelly\phases\362\wisdom.png","wisdom.png","C:\Users\user\UI-TARS-desktop\public\kelly\phases\362",MATCH,71.4,0.2864,"Curious Kelly in final pose in Chair - UI elements will go on the side rails - Copy.png",True
"C:\Users\user\UI-TARS-desktop\public\kelly\phases\363\hook.png","hook.png","C:\Users\user\UI-TARS-desktop\public\kelly\phases\363",MATCH,69.9,0.3009,"head and shoulders without chair.png",True
"C:\Users\user\UI-TARS-desktop\public\kelly\phases\363\q1.png","q1.png","C:\Users\user\UI-TARS-desktop\public\kelly\phases\363",MATCH,74.0,0.2600,"Curious Kelly in final pose in Chair - UI elements will go on the side rails - Copy.png",True
"C:\Users\user\UI-TARS-desktop\public\kelly\phases\363\q2.png","q2.png","C:\Users\user\UI-TARS-desktop\public\kelly\phases\363",MATCH,67.3,0.3269,"Curious Kelly in final pose in Chair - UI elements will go on the side rails - Copy.png",True
"C:\Users\user\UI-TARS-desktop\public\kelly\phases\363\q3.png","q3.png","C:\Users\user\UI-TARS-desktop\public\kelly\phases\363",MATCH,82.9,0.1711,"Curious Kelly in final pose in Chair - UI elements will go on the side rails - Copy.png",True
"C:\Users\user\UI-TARS-desktop\public\kelly\phases\363\wisdom.png","wisdom.png","C:\Users\user\UI-TARS-desktop\public\kelly\phases\363",MATCH,67.4,0.3261,"head and shoulders without chair.png",True
"C:\Users\user\UI-TARS-desktop\public\kelly\phases\364\hook.png","hook.png","C:\Users\user\UI-TARS-desktop\public\kelly\phases\364",MATCH,81.9,0.1807,"Curious Kelly in final pose in Chair - UI elements will go on the side rails - Copy.png",True
"C:\Users\user\UI-TARS-desktop\public\kelly\phases\364\q1.png","q1.png","C:\Users\user\UI-TARS-desktop\public\kelly\phases\364",MATCH,67.9,0.3212,"Curious Kelly in final pose in Chair - UI elements will go on the side rails - Copy.png",True
"C:\Users\user\UI-TARS-desktop\public\kelly\phases\364\q2.png","q2.png","C:\Users\user\UI-TARS-desktop\public\kelly\phases\364",MATCH,64.1,0.3590,"head and shoulders without chair.png",True
"C:\Users\user\UI-TARS-desktop\public\kelly\phases\364\q3.png","q3.png","C:\Users\user\UI-TARS-desktop\public\kelly\phases\364",MATCH,75.5,0.2450,"slightly turning her head.png",True
"C:\Users\user\UI-TARS-desktop\public\kelly\phases\364\wisdom.png","wisdom.png","C:\Users\user\UI-TARS-desktop\public\kelly\phases\364",MATCH,72.3,0.2773,"head and shoulders without chair.png",True
"C:\Users\user\UI-TARS-desktop\public\kelly\phases\365\hook.png","hook.png","C:\Users\user\UI-TARS-desktop\public\kelly\phases\365",MATCH,69.6,0.3036,"head and shoulders without chair.png",True
"C:\Users\user\UI-TARS-desktop\public\kelly\phases\365\q1.png","q1.png","C:\Users\user\UI-TARS-desktop\public\kelly\phases\365",MATCH,73.3,0.2670,"head and shoulders without chair.png",True
"C:\Users\user\UI-TARS-desktop\public\kelly\phases\365\q2.png","q2.png","C:\Users\user\UI-TARS-desktop\public\kelly\phases\365",MATCH,77.0,0.2299,"Curious Kelly in final pose in Chair - UI elements will go on the side rails - Copy.png",True
"C:\Users\user\UI-TARS-desktop\public\kelly\phases\365\q3.png","q3.png","C:\Users\user\UI-TARS-desktop\public\kelly\phases\365",MATCH,77.8,0.2223,"Curious Kelly in final pose in Chair - UI elements will go on the side rails - Copy.png",True
"C:\Users\user\UI-TARS-desktop\public\kelly\phases\365\wisdom.png","wisdom.png","C:\Users\user\UI-TARS-desktop\public\kelly\phases\365",MATCH,73.7,0.2630,"Curious Kelly in final pose in Chair - UI elements will go on the side rails - Copy.png",True
"C:\Users\user\UI-TARS-desktop\public\kelly\poses\bot_right_index.png","bot_right_index.png","C:\Users\user\UI-TARS-desktop\public\kelly\poses",MATCH,70.2,0.2977,"head and shoulders without chair.png",True
"C:\Users\user\UI-TARS-desktop\public\kelly\poses\cam_right_index.png","cam_right_index.png","C:\Users\user\UI-TARS-desktop\public\kelly\poses",MATCH,72.8,0.2725,"Curious Kelly in final pose in Chair - UI elements will go on the side rails - Copy.png",True
"C:\Users\user\UI-TARS-desktop\public\kelly\poses\kelly_choice_left.png","kelly_choice_left.png","C:\Users\user\UI-TARS-desktop\public\kelly\poses",MATCH,84.5,0.1551,"Curious Kelly in final pose in Chair - UI elements will go on the side rails - Copy.png",True
"C:\Users\user\UI-TARS-desktop\public\kelly\poses\kelly_choice_right.png","kelly_choice_right.png","C:\Users\user\UI-TARS-desktop\public\kelly\poses",MATCH,82.0,0.1803,"Curious Kelly in final pose in Chair - UI elements will go on the side rails - Copy.png",True
"C:\Users\user\UI-TARS-desktop\public\kelly\poses\kelly_clasp.png","kelly_clasp.png","C:\Users\user\UI-TARS-desktop\public\kelly\poses",MATCH,66.2,0.3377,"head and shoulders without chair.png",True
"C:\Users\user\UI-TARS-desktop\public\kelly\poses\kelly_hint.png","kelly_hint.png","C:\Users\user\UI-TARS-desktop\public\kelly\poses",MATCH,62.9,0.3709,"neutral face with hair.png",True
"C:\Users\user\UI-TARS-desktop\public\kelly\poses\kelly_hint_flip.png","kelly_hint_flip.png","C:\Users\user\UI-TARS-desktop\public\kelly\poses",MATCH,64.5,0.3552,"Curious Kelly in final pose in Chair - UI elements will go on the side rails - Copy.png",True
"C:\Users\user\UI-TARS-desktop\public\kelly\poses\kelly_idle.png","kelly_idle.png","C:\Users\user\UI-TARS-desktop\public\kelly\poses",MATCH,65.0,0.3504,"Curious Kelly in final pose in Chair - UI elements will go on the side rails - Copy.png",True
"C:\Users\user\UI-TARS-desktop\public\kelly\poses\kelly_listening.png","kelly_listening.png","C:\Users\user\UI-TARS-desktop\public\kelly\poses",SUSPICIOUS,61.0,0.3902,"head and shoulders without chair.png",True
"C:\Users\user\UI-TARS-desktop\public\kelly\poses\kelly_welcome.png","kelly_welcome.png","C:\Users\user\UI-TARS-desktop\public\kelly\poses",MATCH,78.5,0.2148,"Curious Kelly in final pose in Chair - UI elements will go on the side rails - Copy.png",True
"C:\Users\user\UI-TARS-desktop\public\kelly\poses\rail_left_thumb.png","rail_left_thumb.png","C:\Users\user\UI-TARS-desktop\public\kelly\poses",MATCH,74.7,0.2534,"head and shoulders without chair.png",True
"C:\Users\user\UI-TARS-desktop\public\kelly\thumbnails\raw\lesson-001-starting-fresh.png","lesson-001-starting-fresh.png","C:\Users\user\UI-TARS-desktop\public\kelly\thumbnails\raw",NO_MATCH,42.1,0.5794,"slightly turning her head.png",True
"C:\Users\user\UI-TARS-desktop\public\kelly\thumbnails\raw\lesson-002-the-three-lives-of-water.png","lesson-002-the-three-lives-of-water.png","C:\Users\user\UI-TARS-desktop\public\kelly\thumbnails\raw",NO_MATCH,42.0,0.5800,"neutral face with hair.png",True
"C:\Users\user\UI-TARS-desktop\public\kelly\thumbnails\raw\lesson-003-where-clouds-come-from.png","lesson-003-where-clouds-come-from.png","C:\Users\user\UI-TARS-desktop\public\kelly\thumbnails\raw",NO_MATCH,31.9,0.6807,"neutral face with hair.png",True
"C:\Users\user\UI-TARS-desktop\public\kelly\thumbnails\raw\lesson-004-how-light-travels.png","lesson-004-how-light-travels.png","C:\Users\user\UI-TARS-desktop\public\kelly\thumbnails\raw",NO_MATCH,38.0,0.6199,"facing to the left.png",True
"C:\Users\user\UI-TARS-desktop\public\kelly\thumbnails\raw\lesson-005-how-sound-moves.png","lesson-005-how-sound-moves.png","C:\Users\user\UI-TARS-desktop\public\kelly\thumbnails\raw",NO_MATCH,41.9,0.5810,"neutral face with hair.png",True
"C:\Users\user\UI-TARS-desktop\public\kelly\thumbnails\raw\lesson-006-whats-inside-a-seed.png","lesson-006-whats-inside-a-seed.png","C:\Users\user\UI-TARS-desktop\public\kelly\thumbnails\raw",NO_MATCH,38.1,0.6192,"Curious Kelly in final pose in Chair - UI elements will go on the side rails - Copy.png",True
"C:\Users\user\UI-TARS-desktop\public\kelly\thumbnails\raw\lesson-007-what-stars-are-made-of.png","lesson-007-what-stars-are-made-of.png","C:\Users\user\UI-TARS-desktop\public\kelly\thumbnails\raw",NO_MATCH,40.1,0.5986,"facing to the left.png",True
"C:\Users\user\UI-TARS-desktop\public\kelly\thumbnails\raw\lesson-008-what-makes-a-real-friend.png","lesson-008-what-makes-a-real-friend.png","C:\Users\user\UI-TARS-desktop\public\kelly\thumbnails\raw",SUSPICIOUS,49.8,0.5022,"facing to the left.png",True
"C:\Users\user\UI-TARS-desktop\public\kelly\thumbnails\raw\lesson-009-how-kindness-spreads.png","lesson-009-how-kindness-spreads.png","C:\Users\user\UI-TARS-desktop\public\kelly\thumbnails\raw",SUSPICIOUS,58.0,0.4195,"neutral face with hair.png",True
"C:\Users\user\UI-TARS-desktop\public\kelly\thumbnails\raw\lesson-010-the-art-of-really-listening.png","lesson-010-the-art-of-really-listening.png","C:\Users\user\UI-TARS-desktop\public\kelly\thumbnails\raw",NO_MATCH,44.2,0.5577,"facing to the left.png",True
"C:\Users\user\UI-TARS-desktop\public\kelly\thumbnails\raw\lesson-011-why-patience-pays-off.png","lesson-011-why-patience-pays-off.png","C:\Users\user\UI-TARS-desktop\public\kelly\thumbnails\raw",NO_MATCH,39.3,0.6068,"profile of kelly.png",True
"C:\Users\user\UI-TARS-desktop\public\kelly\thumbnails\raw\lesson-012-how-gratitude-changes-you.png","lesson-012-how-gratitude-changes-you.png","C:\Users\user\UI-TARS-desktop\public\kelly\thumbnails\raw",NO_MATCH,41.4,0.5855,"neutral face with hair.png",True
"C:\Users\user\UI-TARS-desktop\public\kelly\thumbnails\raw\lesson-013-what-courage-really-means.png","lesson-013-what-courage-really-means.png","C:\Users\user\UI-TARS-desktop\public\kelly\thumbnails\raw",NO_MATCH,37.4,0.6262,"profile of kelly.png",True
"C:\Users\user\UI-TARS-desktop\public\kelly\thumbnails\raw\lesson-013-why-we-dream.png","lesson-013-why-we-dream.png","C:\Users\user\UI-TARS-desktop\public\kelly\thumbnails\raw",NO_MATCH,38.1,0.6192,"profile of kelly.png",True
"C:\Users\user\UI-TARS-desktop\public\kelly\thumbnails\raw\lesson-014-the-power-of-questions.png","lesson-014-the-power-of-questions.png","C:\Users\user\UI-TARS-desktop\public\kelly\thumbnails\raw",NO_MATCH,44.9,0.5511,"profile of kelly.png",True
"C:\Users\user\UI-TARS-desktop\public\kelly\thumbnails\raw\lesson-014-why-curious-people-learn-more.png","lesson-014-why-curious-people-learn-more.png","C:\Users\user\UI-TARS-desktop\public\kelly\thumbnails\raw",NO_MATCH,37.6,0.6237,"facing to the left.png",True
"C:\Users\user\UI-TARS-desktop\public\kelly\thumbnails\raw\lesson-015-how-your-body-stays-balanced.png","lesson-015-how-your-body-stays-balanced.png","C:\Users\user\UI-TARS-desktop\public\kelly\thumbnails\raw",NO_MATCH,42.4,0.5765,"neutral face with hair.png",True
"C:\Users\user\UI-TARS-desktop\public\kelly\thumbnails\raw\lesson-015-how-your-brain-learns.png","lesson-015-how-your-brain-learns.png","C:\Users\user\UI-TARS-desktop\public\kelly\thumbnails\raw",NO_MATCH,37.6,0.6243,"neutral face with hair.png",True
"C:\Users\user\UI-TARS-desktop\public\kelly\thumbnails\raw\lesson-016-what-makes-music-feel.png","lesson-016-what-makes-music-feel.png","C:\Users\user\UI-TARS-desktop\public\kelly\thumbnails\raw",NO_MATCH,33.8,0.6621,"facing to the left.png",True
"C:\Users\user\UI-TARS-desktop\public\kelly\thumbnails\raw\lesson-016-why-breathing-matters.png","lesson-016-why-breathing-matters.png","C:\Users\user\UI-TARS-desktop\public\kelly\thumbnails\raw",SUSPICIOUS,45.5,0.5452,"profile of kelly.png",True
"C:\Users\user\UI-TARS-desktop\public\kelly\thumbnails\raw\lesson-017-why-bodies-need-to-move.png","lesson-017-why-bodies-need-to-move.png","C:\Users\user\UI-TARS-desktop\public\kelly\thumbnails\raw",NO_MATCH,42.8,0.5716,"facing to the left.png",True
"C:\Users\user\UI-TARS-desktop\public\kelly\thumbnails\raw\lesson-017-why-mistakes-matter.png","lesson-017-why-mistakes-matter.png","C:\Users\user\UI-TARS-desktop\public\kelly\thumbnails\raw",NO_MATCH,43.2,0.5677,"facing to the left.png",True
"C:\Users\user\UI-TARS-desktop\public\kelly\thumbnails\raw\lesson-018-how-plants-eat-sunlight.png","lesson-018-how-plants-eat-sunlight.png","C:\Users\user\UI-TARS-desktop\public\kelly\thumbnails\raw",NO_MATCH,39.7,0.6031,"profile of kelly.png",True
"C:\Users\user\UI-TARS-desktop\public\kelly\thumbnails\raw\lesson-018-what-happens-when-you-rest.png","lesson-018-what-happens-when-you-rest.png","C:\Users\user\UI-TARS-desktop\public\kelly\thumbnails\raw",SUSPICIOUS,48.2,0.5177,"profile of kelly.png",True
"C:\Users\user\UI-TARS-desktop\public\kelly\thumbnails\raw\lesson-019-how-energy-changes-form.png","lesson-019-how-energy-changes-form.png","C:\Users\user\UI-TARS-desktop\public\kelly\thumbnails\raw",NO_MATCH,35.2,0.6482,"Curious Kelly in final pose in Chair - UI elements will go on the side rails - Copy.png",True
"C:\Users\user\UI-TARS-desktop\public\kelly\thumbnails\raw\lesson-019-the-story-in-your-blood.png","lesson-019-the-story-in-your-blood.png","C:\Users\user\UI-TARS-desktop\public\kelly\thumbnails\raw",NO_MATCH,36.2,0.6383,"slightly turning her head.png",True
"C:\Users\user\UI-TARS-desktop\public\kelly\thumbnails\raw\lesson-020-why-we-need-sleep.png","lesson-020-why-we-need-sleep.png","C:\Users\user\UI-TARS-desktop\public\kelly\thumbnails\raw",NO_MATCH,42.4,0.5761,"profile of kelly.png",True
"C:\Users\user\UI-TARS-desktop\public\kelly\thumbnails\raw\lesson-020-your-five-senses-and-more.png","lesson-020-your-five-senses-and-more.png","C:\Users\user\UI-TARS-desktop\public\kelly\thumbnails\raw",NO_MATCH,37.7,0.6232,"neutral face with hair.png",True
"C:\Users\user\UI-TARS-desktop\public\kelly\thumbnails\raw\lesson-021-how-to-disagree-well.png","lesson-021-how-to-disagree-well.png","C:\Users\user\UI-TARS-desktop\public\kelly\thumbnails\raw",NO_MATCH,43.8,0.5619,"profile of kelly.png",True
"C:\Users\user\UI-TARS-desktop\public\kelly\thumbnails\raw\lesson-021-what-makes-things-grow.png","lesson-021-what-makes-things-grow.png","C:\Users\user\UI-TARS-desktop\public\kelly\thumbnails\raw",SUSPICIOUS,48.3,0.5167,"slightly turning her head.png",True
"C:\Users\user\UI-TARS-desktop\public\kelly\thumbnails\raw\lesson-022-what-gravity-really-does.png","lesson-022-what-gravity-really-does.png","C:\Users\user\UI-TARS-desktop\public\kelly\thumbnails\raw",SUSPICIOUS,49.4,0.5058,"neutral face with hair.png",True
"C:\Users\user\UI-TARS-desktop\public\kelly\thumbnails\raw\lesson-022-why-we-see-colors.png","lesson-022-why-we-see-colors.png","C:\Users\user\UI-TARS-desktop\public\kelly\thumbnails\raw",NO_MATCH,43.3,0.5667,"profile of kelly.png",True
"C:\Users\user\UI-TARS-desktop\public\kelly\thumbnails\raw\lesson-023-patterns-are-everywhere.png","lesson-023-patterns-are-everywhere.png","C:\Users\user\UI-TARS-desktop\public\kelly\thumbnails\raw",NO_MATCH,38.7,0.6129,"close up of kellys eyes.png",True
"C:\Users\user\UI-TARS-desktop\public\kelly\thumbnails\raw\lesson-023-the-gift-of-boredom.png","lesson-023-the-gift-of-boredom.png","C:\Users\user\UI-TARS-desktop\public\kelly\thumbnails\raw",NO_MATCH,39.1,0.6093,"profile of kelly.png",True
"C:\Users\user\UI-TARS-desktop\public\kelly\thumbnails\raw\lesson-024-how-memory-works.png","lesson-024-how-memory-works.png","C:\Users\user\UI-TARS-desktop\public\kelly\thumbnails\raw",NO_MATCH,43.8,0.5615,"profile of kelly.png",True
"C:\Users\user\UI-TARS-desktop\public\kelly\thumbnails\raw\lesson-024-why-humans-tell-stories.png","lesson-024-why-humans-tell-stories.png","C:\Users\user\UI-TARS-desktop\public\kelly\thumbnails\raw",NO_MATCH,41.9,0.5810,"slightly turning her head.png",True
"C:\Users\user\UI-TARS-desktop\public\kelly\thumbnails\raw\lesson-025-why-music-moves-us.png","lesson-025-why-music-moves-us.png","C:\Users\user\UI-TARS-desktop\public\kelly\thumbnails\raw",NO_MATCH,41.0,0.5895,"neutral face with hair.png",True
"C:\Users\user\UI-TARS-desktop\public\kelly\thumbnails\raw\lesson-025-why-stories-change-us.png","lesson-025-why-stories-change-us.png","C:\Users\user\UI-TARS-desktop\public\kelly\thumbnails\raw",NO_MATCH,41.1,0.5892,"profile of kelly.png",True
"C:\Users\user\UI-TARS-desktop\public\kelly\thumbnails\raw\lesson-026-the-power-of-good-questions.png","lesson-026-the-power-of-good-questions.png","C:\Users\user\UI-TARS-desktop\public\kelly\thumbnails\raw",NO_MATCH,35.8,0.6421,"facing to the left.png",True
"C:\Users\user\UI-TARS-desktop\public\kelly\thumbnails\raw\lesson-026-the-science-of-smiling.png","lesson-026-the-science-of-smiling.png","C:\Users\user\UI-TARS-desktop\public\kelly\thumbnails\raw",SUSPICIOUS,49.0,0.5096,"facing to the left.png",True
"C:\Users\user\UI-TARS-desktop\public\kelly\thumbnails\raw\lesson-027-how-ice-shapes-land.png","lesson-027-how-ice-shapes-land.png","C:\Users\user\UI-TARS-desktop\public\kelly\thumbnails\raw",NO_MATCH,29.3,0.7067,"close up of kellys eyes.png",True
"C:\Users\user\UI-TARS-desktop\public\kelly\thumbnails\raw\lesson-027-how-imagination-works.png","lesson-027-how-imagination-works.png","C:\Users\user\UI-TARS-desktop\public\kelly\thumbnails\raw",NO_MATCH,36.5,0.6355,"facing to the left.png",True
"C:\Users\user\UI-TARS-desktop\public\kelly\thumbnails\raw\lesson-028-how-memories-are-made.png","lesson-028-how-memories-are-made.png","C:\Users\user\UI-TARS-desktop\public\kelly\thumbnails\raw",SUSPICIOUS,46.6,0.5343,"profile of kelly.png",True
"C:\Users\user\UI-TARS-desktop\public\kelly\thumbnails\raw\lesson-028-what-courage-really-means.png","lesson-028-what-courage-really-means.png","C:\Users\user\UI-TARS-desktop\public\kelly\thumbnails\raw",NO_MATCH,29.6,0.7043,"profile of kelly.png",True
"C:\Users\user\UI-TARS-desktop\public\kelly\thumbnails\raw\lesson-029-the-hidden-life-of-soil.png","lesson-029-the-hidden-life-of-soil.png","C:\Users\user\UI-TARS-desktop\public\kelly\thumbnails\raw",NO_MATCH,37.0,0.6299,"neutral face with hair.png",True
"C:\Users\user\UI-TARS-desktop\public\kelly\thumbnails\raw\lesson-029-why-time-feels-different.png","lesson-029-why-time-feels-different.png","C:\Users\user\UI-TARS-desktop\public\kelly\thumbnails\raw",SUSPICIOUS,46.9,0.5307,"neutral face with hair.png",True
"C:\Users\user\UI-TARS-desktop\public\kelly\thumbnails\raw\lesson-030-why-everything-changes.png","lesson-030-why-everything-changes.png","C:\Users\user\UI-TARS-desktop\public\kelly\thumbnails\raw",NO_MATCH,37.4,0.6255,"facing to the left.png",True
"C:\Users\user\UI-TARS-desktop\public\kelly\thumbnails\raw\lesson-030-why-we-help-strangers.png","lesson-030-why-we-help-strangers.png","C:\Users\user\UI-TARS-desktop\public\kelly\thumbnails\raw",SUSPICIOUS,54.6,0.4538,"neutral face with hair.png",True
"C:\Users\user\UI-TARS-desktop\public\kelly\thumbnails\raw\lesson-031-how-change-happens.png","lesson-031-how-change-happens.png","C:\Users\user\UI-TARS-desktop\public\kelly\thumbnails\raw",NO_MATCH,44.7,0.5529,"neutral face with hair.png",True
"C:\Users\user\UI-TARS-desktop\public\kelly\thumbnails\raw\lesson-031-how-the-sun-powers-earth.png","lesson-031-how-the-sun-powers-earth.png","C:\Users\user\UI-TARS-desktop\public\kelly\thumbnails\raw",NO_MATCH,39.9,0.6006,"close up of kellys eyes.png",True
"C:\Users\user\UI-TARS-desktop\public\kelly\thumbnails\raw\lesson-032-the-moon-and-the-tides.png","lesson-032-the-moon-and-the-tides.png","C:\Users\user\UI-TARS-desktop\public\kelly\thumbnails\raw",NO_MATCH,36.5,0.6351,"neutral face with hair.png",True
"C:\Users\user\UI-TARS-desktop\public\kelly\thumbnails\raw\lesson-033-what-gravity-actually-does.png","lesson-033-what-gravity-actually-does.png","C:\Users\user\UI-TARS-desktop\public\kelly\thumbnails\raw",NO_MATCH,41.5,0.5854,"neutral face with hair.png",True
"C:\Users\user\UI-TARS-desktop\public\kelly\thumbnails\raw\lesson-034-how-magnets-work.png","lesson-034-how-magnets-work.png","C:\Users\user\UI-TARS-desktop\public\kelly\thumbnails\raw",NO_MATCH,43.1,0.5687,"profile of kelly.png",True
"C:\Users\user\UI-TARS-desktop\public\kelly\thumbnails\raw\lesson-035-how-electricity-flows.png","lesson-035-how-electricity-flows.png","C:\Users\user\UI-TARS-desktop\public\kelly\thumbnails\raw",NO_MATCH,41.5,0.5855,"profile of kelly.png",True
"C:\Users\user\UI-TARS-desktop\public\kelly\thumbnails\raw\lesson-036-what-fire-really-is.png","lesson-036-what-fire-really-is.png","C:\Users\user\UI-TARS-desktop\public\kelly\thumbnails\raw",SUSPICIOUS,47.6,0.5238,"facing to the left.png",True
"C:\Users\user\UI-TARS-desktop\public\kelly\thumbnails\raw\lesson-037-why-ice-floats.png","lesson-037-why-ice-floats.png","C:\Users\user\UI-TARS-desktop\public\kelly\thumbnails\raw",NO_MATCH,29.9,0.7012,"neutral face with hair.png",True
"C:\Users\user\UI-TARS-desktop\public\kelly\thumbnails\raw\lesson-038-what-makes-wind-blow.png","lesson-038-what-makes-wind-blow.png","C:\Users\user\UI-TARS-desktop\public\kelly\thumbnails\raw",NO_MATCH,42.9,0.5706,"slightly turning her head.png",True
"C:\Users\user\UI-TARS-desktop\public\kelly\thumbnails\raw\lesson-039-where-rain-comes-from.png","lesson-039-where-rain-comes-from.png","C:\Users\user\UI-TARS-desktop\public\kelly\thumbnails\raw",NO_MATCH,29.5,0.7051,"profile of kelly.png",True
"C:\Users\user\UI-TARS-desktop\public\kelly\thumbnails\raw\lesson-040-what-causes-thunder.png","lesson-040-what-causes-thunder.png","C:\Users\user\UI-TARS-desktop\public\kelly\thumbnails\raw",NO_MATCH,39.7,0.6032,"profile of kelly.png",True
"C:\Users\user\UI-TARS-desktop\public\kelly\thumbnails\raw\lesson-041-how-rainbows-form.png","lesson-041-how-rainbows-form.png","C:\Users\user\UI-TARS-desktop\public\kelly\thumbnails\raw",NO_MATCH,29.1,0.7088,"facing to the left.png",True
"C:\Users\user\UI-TARS-desktop\public\kelly\thumbnails\raw\lesson-042-why-seasons-change.png","lesson-042-why-seasons-change.png","C:\Users\user\UI-TARS-desktop\public\kelly\thumbnails\raw",NO_MATCH,43.5,0.5649,"profile of kelly.png",True
"C:\Users\user\UI-TARS-desktop\public\kelly\thumbnails\raw\lesson-043-why-we-have-day-and-night.png","lesson-043-why-we-have-day-and-night.png","C:\Users\user\UI-TARS-desktop\public\kelly\thumbnails\raw",NO_MATCH,43.9,0.5612,"facing to the left.png",True
"C:\Users\user\UI-TARS-desktop\public\kelly\thumbnails\raw\lesson-044-how-shadows-work.png","lesson-044-how-shadows-work.png","C:\Users\user\UI-TARS-desktop\public\kelly\thumbnails\raw",NO_MATCH,44.1,0.5590,"slightly turning her head.png",True
"C:\Users\user\UI-TARS-desktop\public\kelly\thumbnails\raw\lesson-045-why-mirrors-reflect.png","lesson-045-why-mirrors-reflect.png","C:\Users\user\UI-TARS-desktop\public\kelly\thumbnails\raw",NO_MATCH,43.7,0.5633,"profile of kelly.png",True
"C:\Users\user\UI-TARS-desktop\public\kelly\thumbnails\raw\lesson-046-how-sound-bounces-back.png","lesson-046-how-sound-bounces-back.png","C:\Users\user\UI-TARS-desktop\public\kelly\thumbnails\raw",NO_MATCH,42.7,0.5727,"neutral face with hair.png",True
"C:\Users\user\UI-TARS-desktop\public\kelly\thumbnails\raw\lesson-047-how-waves-carry-energy.png","lesson-047-how-waves-carry-energy.png","C:\Users\user\UI-TARS-desktop\public\kelly\thumbnails\raw",NO_MATCH,42.2,0.5775,"profile of kelly.png",True
"C:\Users\user\UI-TARS-desktop\public\kelly\thumbnails\raw\lesson-048-the-science-of-bubbles.png","lesson-048-the-science-of-bubbles.png","C:\Users\user\UI-TARS-desktop\public\kelly\thumbnails\raw",NO_MATCH,43.7,0.5627,"facing to the left.png",True
"C:\Users\user\UI-TARS-desktop\public\kelly\thumbnails\raw\lesson-049-how-crystals-form.png","lesson-049-how-crystals-form.png","C:\Users\user\UI-TARS-desktop\public\kelly\thumbnails\raw",SUSPICIOUS,47.4,0.5260,"profile of kelly.png",True
"C:\Users\user\UI-TARS-desktop\public\kelly\thumbnails\raw\lesson-050-stories-trapped-in-stone.png","lesson-050-stories-trapped-in-stone.png","C:\Users\user\UI-TARS-desktop\public\kelly\thumbnails\raw",NO_MATCH,44.7,0.5527,"neutral face with hair.png",True
"C:\Users\user\UI-TARS-desktop\public\kelly\thumbnails\raw\lesson-051-when-dinosaurs-ruled.png","lesson-051-when-dinosaurs-ruled.png","C:\Users\user\UI-TARS-desktop\public\kelly\thumbnails\raw",NO_MATCH,37.6,0.6236,"slightly turning her head.png",True
"C:\Users\user\UI-TARS-desktop\public\kelly\thumbnails\raw\lesson-052-whats-inside-a-volcano.png","lesson-052-whats-inside-a-volcano.png","C:\Users\user\UI-TARS-desktop\public\kelly\thumbnails\raw",NO_MATCH,43.8,0.5622,"neutral face with hair.png",True
"C:\Users\user\UI-TARS-desktop\public\kelly\thumbnails\raw\lesson-053-why-the-ground-shakes.png","lesson-053-why-the-ground-shakes.png","C:\Users\user\UI-TARS-desktop\public\kelly\thumbnails\raw",SUSPICIOUS,46.6,0.5342,"profile of kelly.png",True
"C:\Users\user\UI-TARS-desktop\public\kelly\thumbnails\raw\lesson-054-how-mountains-are-made.png","lesson-054-how-mountains-are-made.png","C:\Users\user\UI-TARS-desktop\public\kelly\thumbnails\raw",NO_MATCH,44.4,0.5556,"profile of kelly.png",True
"C:\Users\user\UI-TARS-desktop\public\kelly\thumbnails\raw\lesson-055-the-deep-ocean-mystery.png","lesson-055-the-deep-ocean-mystery.png","C:\Users\user\UI-TARS-desktop\public\kelly\thumbnails\raw",NO_MATCH,35.1,0.6492,"profile of kelly.png",True
"C:\Users\user\UI-TARS-desktop\public\kelly\thumbnails\raw\lesson-056-how-rivers-shape-the-land.png","lesson-056-how-rivers-shape-the-land.png","C:\Users\user\UI-TARS-desktop\public\kelly\thumbnails\raw",SUSPICIOUS,46.5,0.5352,"profile of kelly.png",True
"C:\Users\user\UI-TARS-desktop\public\kelly\thumbnails\raw\lesson-057-where-lakes-come-from.png","lesson-057-where-lakes-come-from.png","C:\Users\user\UI-TARS-desktop\public\kelly\thumbnails\raw",SUSPICIOUS,45.6,0.5437,"facing to the left.png",True
"C:\Users\user\UI-TARS-desktop\public\kelly\thumbnails\raw\lesson-058-life-in-the-desert.png","lesson-058-life-in-the-desert.png","C:\Users\user\UI-TARS-desktop\public\kelly\thumbnails\raw",NO_MATCH,34.6,0.6542,"facing to the left.png",True
"C:\Users\user\UI-TARS-desktop\public\kelly\thumbnails\raw\lesson-059-the-secret-life-of-forests.png","lesson-059-the-secret-life-of-forests.png","C:\Users\user\UI-TARS-desktop\public\kelly\thumbnails\raw",SUSPICIOUS,56.7,0.4333,"neutral face with hair.png",True
"C:\Users\user\UI-TARS-desktop\public\kelly\thumbnails\raw\lesson-060-why-jungles-are-so-alive.png","lesson-060-why-jungles-are-so-alive.png","C:\Users\user\UI-TARS-desktop\public\kelly\thumbnails\raw",NO_MATCH,43.5,0.5653,"profile of kelly.png",True
"C:\Users\user\UI-TARS-desktop\public\kelly\thumbnails\raw\lesson-061-the-power-of-grass.png","lesson-061-the-power-of-grass.png","C:\Users\user\UI-TARS-desktop\public\kelly\thumbnails\raw",NO_MATCH,43.4,0.5656,"profile of kelly.png",True
"C:\Users\user\UI-TARS-desktop\public\kelly\thumbnails\raw\lesson-062-why-wetlands-matter.png","lesson-062-why-wetlands-matter.png","C:\Users\user\UI-TARS-desktop\public\kelly\thumbnails\raw",NO_MATCH,42.2,0.5778,"profile of kelly.png",True
"C:\Users\user\UI-TARS-desktop\public\kelly\thumbnails\raw\lesson-063-cities-under-the-sea.png","lesson-063-cities-under-the-sea.png","C:\Users\user\UI-TARS-desktop\public\kelly\thumbnails\raw",SUSPICIOUS,45.0,0.5500,"profile of kelly.png",True
"C:\Users\user\UI-TARS-desktop\public\kelly\thumbnails\raw\lesson-064-worlds-without-light.png","lesson-064-worlds-without-light.png","C:\Users\user\UI-TARS-desktop\public\kelly\thumbnails\raw",NO_MATCH,36.2,0.6381,"profile of kelly.png",True
"C:\Users\user\UI-TARS-desktop\public\kelly\thumbnails\raw\lesson-065-how-islands-are-born.png","lesson-065-how-islands-are-born.png","C:\Users\user\UI-TARS-desktop\public\kelly\thumbnails\raw",NO_MATCH,41.3,0.5867,"close up of kellys eyes.png",True
"C:\Users\user\UI-TARS-desktop\public\kelly\thumbnails\raw\lesson-066-whats-living-in-the-dirt.png","lesson-066-whats-living-in-the-dirt.png","C:\Users\user\UI-TARS-desktop\public\kelly\thumbnails\raw",SUSPICIOUS,46.4,0.5364,"profile of kelly.png",True
"C:\Users\user\UI-TARS-desktop\public\kelly\thumbnails\raw\lesson-067-the-stories-rocks-tell.png","lesson-067-the-stories-rocks-tell.png","C:\Users\user\UI-TARS-desktop\public\kelly\thumbnails\raw",NO_MATCH,39.7,0.6035,"profile of kelly.png",True
"C:\Users\user\UI-TARS-desktop\public\kelly\thumbnails\raw\lesson-068-earths-hidden-treasures.png","lesson-068-earths-hidden-treasures.png","C:\Users\user\UI-TARS-desktop\public\kelly\thumbnails\raw",NO_MATCH,37.3,0.6269,"neutral face with hair.png",True
"C:\Users\user\UI-TARS-desktop\public\kelly\thumbnails\raw\lesson-069-how-gems-are-made.png","lesson-069-how-gems-are-made.png","C:\Users\user\UI-TARS-desktop\public\kelly\thumbnails\raw",NO_MATCH,35.8,0.6415,"close up of kellys eyes.png",True
"C:\Users\user\UI-TARS-desktop\public\kelly\thumbnails\raw\lesson-070-where-metals-come-from.png","lesson-070-where-metals-come-from.png","C:\Users\user\UI-TARS-desktop\public\kelly\thumbnails\raw",SUSPICIOUS,45.7,0.5433,"profile of kelly.png",True
"C:\Users\user\UI-TARS-desktop\public\kelly\thumbnails\raw\lesson-071-whats-in-the-air-you-breathe.png","lesson-071-whats-in-the-air-you-breathe.png","C:\Users\user\UI-TARS-desktop\public\kelly\thumbnails\raw",SUSPICIOUS,46.0,0.5402,"profile of kelly.png",True
"C:\Users\user\UI-TARS-desktop\public\kelly\thumbnails\raw\lesson-072-why-we-need-oxygen.png","lesson-072-why-we-need-oxygen.png","C:\Users\user\UI-TARS-desktop\public\kelly\thumbnails\raw",NO_MATCH,43.7,0.5629,"profile of kelly.png",True
"C:\Users\user\UI-TARS-desktop\public\kelly\thumbnails\raw\lesson-073-carbon-is-everywhere.png","lesson-073-carbon-is-everywhere.png","C:\Users\user\UI-TARS-desktop\public\kelly\thumbnails\raw",NO_MATCH,40.5,0.5955,"profile of kelly.png",True
"C:\Users\user\UI-TARS-desktop\public\kelly\thumbnails\raw\lesson-074-the-gas-you-dont-notice.png","lesson-074-the-gas-you-dont-notice.png","C:\Users\user\UI-TARS-desktop\public\kelly\thumbnails\raw",SUSPICIOUS,51.1,0.4893,"neutral face with hair.png",True
"C:\Users\user\UI-TARS-desktop\public\kelly\thumbnails\raw\lesson-075-the-simplest-element.png","lesson-075-the-simplest-element.png","C:\Users\user\UI-TARS-desktop\public\kelly\thumbnails\raw",SUSPICIOUS,48.7,0.5126,"profile of kelly.png",True
"C:\Users\user\UI-TARS-desktop\public\kelly\thumbnails\raw\lesson-076-building-blocks-of-everything.png","lesson-076-building-blocks-of-everything.png","C:\Users\user\UI-TARS-desktop\public\kelly\thumbnails\raw",SUSPICIOUS,46.2,0.5378,"profile of kelly.png",True
"C:\Users\user\UI-TARS-desktop\public\kelly\thumbnails\raw\lesson-077-when-atoms-connect.png","lesson-077-when-atoms-connect.png","C:\Users\user\UI-TARS-desktop\public\kelly\thumbnails\raw",NO_MATCH,37.0,0.6304,"facing to the left.png",True
"C:\Users\user\UI-TARS-desktop\public\kelly\thumbnails\raw\lesson-078-the-tiny-units-of-life.png","lesson-078-the-tiny-units-of-life.png","C:\Users\user\UI-TARS-desktop\public\kelly\thumbnails\raw",NO_MATCH,35.1,0.6489,"profile of kelly.png",True
"C:\Users\user\UI-TARS-desktop\public\kelly\thumbnails\raw\lesson-079-your-bodys-instruction-manual.png","lesson-079-your-bodys-instruction-manual.png","C:\Users\user\UI-TARS-desktop\public\kelly\thumbnails\raw",SUSPICIOUS,46.3,0.5371,"profile of kelly.png",True
"C:\Users\user\UI-TARS-desktop\public\kelly\thumbnails\raw\lesson-080-what-blood-does-all-day.png","lesson-080-what-blood-does-all-day.png","C:\Users\user\UI-TARS-desktop\public\kelly\thumbnails\raw",NO_MATCH,43.6,0.5644,"profile of kelly.png",True
"C:\Users\user\UI-TARS-desktop\public\kelly\thumbnails\raw\lesson-081-how-taste-works.png","lesson-081-how-taste-works.png","C:\Users\user\UI-TARS-desktop\public\kelly\thumbnails\raw",NO_MATCH,43.6,0.5642,"profile of kelly.png",True
"C:\Users\user\UI-TARS-desktop\generated-poses-production\kelly_celebrating_raw.png","kelly_celebrating_raw.png","C:\Users\user\UI-TARS-desktop\generated-poses-production",NO_MATCH,41.5,0.5847,"Curious Kelly in final pose in Chair - UI elements will go on the side rails - Copy.png",True
"C:\Users\user\UI-TARS-desktop\generated-poses-production\kelly_encouraging_raw.png","kelly_encouraging_raw.png","C:\Users\user\UI-TARS-desktop\generated-poses-production",NO_MATCH,44.6,0.5543,"slightly turning her head.png",True
"C:\Users\user\UI-TARS-desktop\generated-poses-production\kelly_excited_raw.png","kelly_excited_raw.png","C:\Users\user\UI-TARS-desktop\generated-poses-production",MATCH,65.1,0.3494,"Curious Kelly in final pose in Chair - UI elements will go on the side rails - Copy.png",True
"C:\Users\user\UI-TARS-desktop\generated-poses-production\kelly_hint_raw.png","kelly_hint_raw.png","C:\Users\user\UI-TARS-desktop\generated-poses-production",SUSPICIOUS,58.1,0.4193,"Curious Kelly in final pose in Chair - UI elements will go on the side rails - Copy.png",True
"C:\Users\user\UI-TARS-desktop\generated-poses-production\kelly_idle_raw.png","kelly_idle_raw.png","C:\Users\user\UI-TARS-desktop\generated-poses-production",SUSPICIOUS,53.8,0.4618,"head and shoulders without chair.png",True
"C:\Users\user\UI-TARS-desktop\generated-poses-production\kelly_pointing_down_raw.png","kelly_pointing_down_raw.png","C:\Users\user\UI-TARS-desktop\generated-poses-production",NO_MATCH,39.0,0.6101,"neutral face with hair.png",True
"C:\Users\user\UI-TARS-desktop\generated-poses-production\kelly_pointing_left_raw.png","kelly_pointing_left_raw.png","C:\Users\user\UI-TARS-desktop\generated-poses-production",SUSPICIOUS,45.2,0.5484,"Curious Kelly in final pose in Chair - UI elements will go on the side rails - Copy.png",True
"C:\Users\user\UI-TARS-desktop\generated-poses-production\kelly_pointing_right_raw.png","kelly_pointing_right_raw.png","C:\Users\user\UI-TARS-desktop\generated-poses-production",NO_MATCH,36.4,0.6360,"facing to the left.png",True
"C:\Users\user\UI-TARS-desktop\generated-poses-production\kelly_pointing_up_raw.png","kelly_pointing_up_raw.png","C:\Users\user\UI-TARS-desktop\generated-poses-production",NO_MATCH,43.8,0.5617,"profile of kelly.png",True
"C:\Users\user\UI-TARS-desktop\generated-poses-production\kelly_proud_raw.png","kelly_proud_raw.png","C:\Users\user\UI-TARS-desktop\generated-poses-production",MATCH,66.1,0.3392,"slightly turning her head.png",True
"C:\Users\user\UI-TARS-desktop\generated-poses-production\kelly_supportive_raw.png","kelly_supportive_raw.png","C:\Users\user\UI-TARS-desktop\generated-poses-production",NO_MATCH,43.0,0.5697,"facing to the left.png",True
"C:\Users\user\UI-TARS-desktop\generated-poses-production\kelly_thinking_raw.png","kelly_thinking_raw.png","C:\Users\user\UI-TARS-desktop\generated-poses-production",SUSPICIOUS,45.4,0.5464,"facing to the left.png",True
"C:\Users\user\UI-TARS-desktop\generated-poses-presenter\kelly_complete_raw.png","kelly_complete_raw.png","C:\Users\user\UI-TARS-desktop\generated-poses-presenter",SUSPICIOUS,49.7,0.5035,"head and shoulders without chair.png",True
"C:\Users\user\UI-TARS-desktop\generated-poses-presenter\kelly_correct_raw.png","kelly_correct_raw.png","C:\Users\user\UI-TARS-desktop\generated-poses-presenter",MATCH,66.2,0.3377,"head and shoulders without chair.png",True
"C:\Users\user\UI-TARS-desktop\generated-poses-presenter\kelly_encourage_raw.png","kelly_encourage_raw.png","C:\Users\user\UI-TARS-desktop\generated-poses-presenter",SUSPICIOUS,52.8,0.4716,"Curious Kelly in final pose in Chair - UI elements will go on the side rails - Copy.png",True
"C:\Users\user\UI-TARS-desktop\generated-poses-presenter\kelly_hint_raw.png","kelly_hint_raw.png","C:\Users\user\UI-TARS-desktop\generated-poses-presenter",MATCH,62.9,0.3709,"neutral face with hair.png",True
"C:\Users\user\UI-TARS-desktop\generated-poses-presenter\kelly_idle_raw.png","kelly_idle_raw.png","C:\Users\user\UI-TARS-desktop\generated-poses-presenter",MATCH,69.1,0.3090,"head and shoulders without chair.png",True
"C:\Users\user\UI-TARS-desktop\generated-poses-presenter\kelly_listening_raw.png","kelly_listening_raw.png","C:\Users\user\UI-TARS-desktop\generated-poses-presenter",SUSPICIOUS,61.0,0.3902,"head and shoulders without chair.png",True
"C:\Users\user\UI-TARS-desktop\generated-poses-presenter\kelly_present_both_raw.png","kelly_present_both_raw.png","C:\Users\user\UI-TARS-desktop\generated-poses-presenter",SUSPICIOUS,58.8,0.4121,"neutral face with hair.png",True
"C:\Users\user\UI-TARS-desktop\generated-poses-presenter\kelly_present_bottom_raw.png","kelly_present_bottom_raw.png","C:\Users\user\UI-TARS-desktop\generated-poses-presenter",SUSPICIOUS,45.9,0.5405,"neutral face with hair.png",True
"C:\Users\user\UI-TARS-desktop\generated-poses-presenter\kelly_present_left_raw.png","kelly_present_left_raw.png","C:\Users\user\UI-TARS-desktop\generated-poses-presenter",MATCH,69.4,0.3063,"neutral face with hair.png",True
"C:\Users\user\UI-TARS-desktop\generated-poses-presenter\kelly_present_right_raw.png","kelly_present_right_raw.png","C:\Users\user\UI-TARS-desktop\generated-poses-presenter",SUSPICIOUS,59.0,0.4096,"slightly turning her head.png",True
"C:\Users\user\UI-TARS-desktop\generated-poses-presenter\kelly_present_top_raw.png","kelly_present_top_raw.png","C:\Users\user\UI-TARS-desktop\generated-poses-presenter",MATCH,68.2,0.3181,"neutral face with hair.png",True
"C:\Users\user\UI-TARS-desktop\generated-poses-presenter\kelly_thinking_raw.png","kelly_thinking_raw.png","C:\Users\user\UI-TARS-desktop\generated-poses-presenter",SUSPICIOUS,56.0,0.4405,"neutral face with hair.png",True
