{
  "splits_summary": {
    "total_samples": 873,
    "train_samples": 698,
    "val_samples": 87,
    "test_samples": 88,
    "train_percentage": 79.95418098510882,
    "val_percentage": 9.965635738831615,
    "test_percentage": 10.080183276059564
  },
  "splits_analysis": {
    "train": {
      "name": "train",
      "samples": 698,
      "text_length": {
        "mean": 209.90544412607449,
        "std": 121.0221872736555,
        "min": 41,
        "max": 375
      },
      "word_count": {
        "mean": 32.44555873925501,
        "std": 17.03336380163894,
        "min": 6,
        "max": 58
      },
      "questions_ratio": 4.7277936962750715,
      "exclamations_ratio": 27.507163323782237,
      "complexity_ratio": 64.18338108882521
    },
    "val": {
      "name": "val",
      "samples": 87,
      "text_length": {
        "mean": 208.0344827586207,
        "std": 119.55474062710938,
        "min": 44,
        "max": 361
      },
      "word_count": {
        "mean": 32.06896551724138,
        "std": 16.52678805261344,
        "min": 8,
        "max": 58
      },
      "questions_ratio": 4.597701149425287,
      "exclamations_ratio": 31.03448275862069,
      "complexity_ratio": 63.2183908045977
    },
    "test": {
      "name": "test",
      "samples": 88,
      "text_length": {
        "mean": 210.9659090909091,
        "std": 124.01255487643236,
        "min": 46,
        "max": 375
      },
      "word_count": {
        "mean": 32.31818181818182,
        "std": 17.758627791133904,
        "min": 6,
        "max": 58
      },
      "questions_ratio": 5.681818181818182,
      "exclamations_ratio": 30.681818181818183,
      "complexity_ratio": 60.22727272727273
    }
  },
  "files_created": {
    "train_metadata": "kelly25_training_data\\training_splits\\train_metadata.csv",
    "val_metadata": "kelly25_training_data\\training_splits\\val_metadata.csv",
    "test_metadata": "kelly25_training_data\\training_splits\\test_metadata.csv",
    "train_files": "kelly25_training_data\\training_splits\\train_files.txt",
    "val_files": "kelly25_training_data\\training_splits\\val_files.txt",
    "test_files": "kelly25_training_data\\training_splits\\test_files.txt"
  }
}